year_month,intersection_id,south_mean,south_observations,south_coverage,west_mean,west_observations,west_coverage,north_mean,north_observations,north_coverage,east_mean,east_observations,east_coverage
2018-10,1001,96.42852100247087,2833,0.9841435185185186,172.29216027874565,2870,0.9943287037037036,135.65191637630662,2870,0.9258101851851852,111.84634146341463,2870,0.9965277777777778
2018-10,1002,140.77682067345341,2554,0.8868055555555555,73.14056382145654,2554,0.8819444444444444,98.54937304075236,2552,0.8861111111111111,78.06700626959248,2552,0.8861111111111111
2018-10,1010,174.9675279329609,2864,0.9959490740740742,71.88394718554552,2878,0.996875,77.63863794301598,2878,0.9993055555555556,68.9694232105629,2878,0.4996527777777778
2018-10,1012,197.89402362751912,2878,0.9993055555555556,,0,,,0,,119.01014556682841,2267,0.7871527777777778
2018-10,1014,291.45416666666665,2880,1.0,181.88784722222223,2880,1.0,,0,0.0,,0,0.0
2018-10,1016,220.6528164116829,2876,0.6658564814814815,120.64618055555556,2880,0.9993923611111111,155.89479166666666,2880,1.0,65.40034722222222,2880,1.0
2018-10,1017,897.4900938477581,2877,0.9989583333333333,977.7508417508418,2079,0.7210069444444445,744.3475842891901,2877,0.9989583333333333,977.3983315954118,2877,0.9989583333333333
2018-10,1018,,0,,,0,,,0,,,0,
2018-10,1019,276.31988472622476,2776,0.9572916666666667,39.92615273775216,2776,0.9638888888888889,299.7315315315315,2775,0.9635416666666666,,0,
2018-10,1021,114.525,2880,1.0,138.5420138888889,2880,1.0,44.153125,2880,1.0,151.25694444444446,2880,1.0
2018-10,1028,,0,,37.150260869565216,2875,0.9972222222222222,204.2406956521739,2875,0.9982638888888888,200.6935652173913,2875,0.9982638888888888
2018-10,1029,,0,,281.10163592064043,2873,0.9975694444444444,45.26905673512008,2873,0.9973958333333334,245.3699965193178,2873,0.9975694444444444
2018-10,1031,114.97818499127399,2865,0.9858796296296297,142.36336805555555,2880,0.9980324074074075,217.0090277777778,2880,1.0,180.6795138888889,2880,1.0
2018-10,1032,113.15199345258972,2851,0.9832465277777778,258.02725035161745,2844,0.662962962962963,36.5136186770428,2570,0.8923611111111112,264.1328070175439,2850,0.9748842592592593
2018-10,1033,160.38973032877723,2707,0.9396990740740742,71.9165435745938,2708,0.9401041666666666,104.99593796159527,2708,0.9599537037037037,52.79958318860716,2879,0.9996527777777777
2018-10,1034,177.31805555555556,2880,0.9361979166666666,198.31979166666667,2880,1.0,139.22743055555554,2880,1.0,39.04236111111111,2880,1.0
2018-10,1035,217.93984700973576,2876,0.9986111111111111,72.73435326842838,2876,0.9975694444444444,172.90939130434782,2875,0.9959490740740742,178.4046956521739,2875,0.9981481481481481
2018-10,1036,290.2545138888889,2880,1.0,172.6496527777778,2880,1.0,256.8517361111111,2880,1.0,86.578125,2880,1.0
2018-10,1037,88.20840569642237,2879,0.9996527777777777,114.08058353594998,2879,0.9994212962962964,109.44043070510594,2879,0.9996527777777777,118.95831886071552,2879,0.9996527777777777
2018-10,1038,90.12008353637313,2873,0.9975694444444444,288.29110105580696,2873,0.7503472222222223,111.65402018795685,2873,0.9975694444444444,157.6776888270101,2873,0.9975694444444444
2018-10,1039,,0,,,0,,,0,,,0,
2018-10,1040,171.41979166666667,2880,1.0,179.36666666666667,2880,1.0,189.38888888888889,2880,1.0,51.19861111111111,2880,1.0
2018-10,1042,,0,,,0,,,0,,,0,
2018-10,1043,21.361479413817168,2866,0.9951388888888889,346.9637377963738,2868,0.9958333333333333,264.74965132496516,2868,0.9958333333333333,775.2676828053396,2868,0.9955729166666667
2018-10,1044,,0,,,0,,,0,,,0,
2018-10,1047,116.80590277777777,2880,1.0,193.38715277777777,2880,0.996875,121.53055555555555,2880,1.0,83.58576388888889,2880,1.0
2018-10,1048,,0,,268.9601436265709,2785,0.9670138888888888,68.4265709156194,2785,0.9670138888888888,160.28438061041294,2785,0.9670138888888888
2018-10,1051,133.09027777777777,2880,1.0,,0,,148.93055555555554,2880,1.0,87.85833333333333,2880,1.0
2018-10,1053,58.678760126805216,2839,0.9857638888888889,90.13067981683692,2839,0.9857638888888889,128.85135611130679,2839,0.9857638888888889,60.07185628742515,2839,0.9847222222222223
2018-10,1054,54.66319444444444,2880,1.0,157.8204861111111,2880,1.0,129.06076388888889,2880,1.0,115.93576388888889,2880,1.0
2018-10,1057,92.69444444444444,2880,1.0,219.36215277777777,2880,1.0,108.30590277777777,2880,1.0,204.87916666666666,2880,1.0
2018-10,1059,,0,,,0,,,0,,,0,
2018-10,1065,,0,,,0,,,0,,,0,
2018-10,1066,68.6872828353023,2878,0.9993055555555556,199.21716469770675,2878,0.9993055555555556,71.60111188325226,2878,0.9993055555555556,207.227936066713,2878,0.9993055555555556
2018-10,1067,58.15264465743699,2817,0.978125,415.2555910543131,2817,0.9769965277777778,276.71139510117143,2817,0.978125,161.11998580049698,2817,0.978125
2018-10,1068,,0,,221.32209867963863,2878,0.9993055555555556,122.95343988881167,2878,0.9831597222222223,259.2894371091035,2878,0.9993055555555556
2018-10,1069,,0,,,0,,,0,,,0,
2018-10,1070,133.49930507296733,2878,0.9993055555555556,157.09694232105628,2878,0.9980902777777778,229.82001389854065,2878,0.9993055555555556,160.09138290479498,2878,0.9993055555555556
2018-10,1071,239.74655445786073,2733,0.9485243055555556,76.51420904988413,2733,0.9462673611111111,275.38785217709477,2733,0.9489583333333333,61.63519941456275,2733,0.9489583333333333
2018-10,1072,347.98575498575497,2808,0.975,253.37001424501423,2808,0.9748263888888888,365.5575347345921,2807,0.9746527777777778,83.19736373352333,2807,0.9746527777777778
2018-10,1074,,0,,345.8442822384428,2877,0.9989583333333333,191.83889468196037,2877,0.9982638888888888,100.06777893639207,2877,0.9989583333333333
2018-10,1075,222.78816526610643,2856,0.9916666666666667,85.67436974789916,2856,0.9916666666666667,,0,,632.3785014005603,2856,0.9916666666666667
2018-10,1077,50.55362116991643,2872,0.9939236111111112,169.17628650904032,2876,0.9986111111111111,107.46905424200278,2876,0.9986111111111111,159.9874826147427,2876,0.9986111111111111
2018-10,1078,200.35347222222222,2880,1.0,166.52916666666667,2880,1.0,,0,,129.3173611111111,2880,1.0
2018-10,1079,88.56805555555556,2880,1.0,143.92604166666666,2880,1.0,,0,,253.4701388888889,2880,1.0
2018-10,1080,,0,,156.0576388888889,2880,0.9986111111111111,129.31076388888889,2880,1.0,341.86041666666665,2880,1.0
2018-10,1081,160.14767199444057,2878,0.9993055555555556,64.04239054899236,2878,0.9993055555555556,172.32974287699793,2878,0.9990740740740741,69.70152883947186,2878,0.9993055555555556
2018-10,1082,165.35649599442704,2871,0.9895833333333334,111.41092553931803,2874,0.9972222222222222,136.86180555555555,2880,1.0,78.93645833333333,2880,1.0
2018-10,1083,241.9975677553857,2878,0.9993055555555556,126.25469075747047,2878,0.9987847222222223,234.53787352328007,2878,0.9993055555555556,116.50972897845726,2878,0.9993055555555556
2018-10,1084,37.910186199342824,913,0.3170138888888889,208.09638554216866,913,0.3082465277777778,98.63526834611172,913,0.3170138888888889,199.95837897042716,913,0.3170138888888889
2018-10,1085,60.749652777777776,2880,1.0,204.46863425925923,2880,0.8917534722222222,85.44444444444444,2880,1.0,153.53090277777778,2880,1.0
2018-10,1086,136.7761286332715,1617,0.561574074074074,94.01669758812616,1617,0.5611111111111111,191.76856435643563,1616,0.5606481481481482,90.97084367245658,1612,0.5588541666666667
2018-10,1088,229.29481765834933,2605,0.9043981481481481,155.8001537279016,2602,0.9034722222222222,234.3574173712529,2602,0.9034722222222222,6.851538461538461,2600,0.9027777777777778
2018-10,1090,169.2552790346908,2652,0.9199074074074075,79.72134238310709,2652,0.9208333333333333,181.59389140271495,2652,0.9208333333333333,49.81108597285068,2652,0.9206597222222223
2018-10,1092,195.51284722222223,2880,1.0,142.61145833333333,2880,1.0,262.4315972222222,2880,1.0,155.5829861111111,2880,1.0
2018-10,1093,179.52256944444446,2880,0.9998842592592592,169.56770833333334,2880,1.0,172.875,2880,1.0,146.07777777777778,2880,1.0
2018-10,1094,204.97796432318992,2859,0.9927083333333333,195.7954861111111,2880,1.0,171.62847222222223,2880,1.0,243.2642361111111,2880,1.0
2018-10,1095,245.35886840432295,1573,0.5461805555555556,78.02417302798982,1572,0.5458333333333333,175.67367750159337,1569,0.5444444444444444,23.15634971282706,1567,0.5440972222222222
2018-10,1109,249.26569376882094,2878,0.9986111111111111,,0,,257.7851929092805,2877,0.9989583333333333,65.8557525199861,2877,0.9989583333333333
2018-10,1112,285.3390065995137,2879,0.999537037037037,,0,,271.3806877387982,2879,0.9996527777777777,76.70336922542549,2879,0.9996527777777777
2018-10,1113,245.92042097488923,2708,0.9400462962962963,158.8209010339734,2708,0.9402777777777778,63.76468415219801,2707,0.9399305555555556,183.01994828223124,2707,0.9399305555555556
2018-10,1115,257.6125,2880,1.0,,0,,229.4892361111111,2880,1.0,159.92361111111111,2880,1.0
2018-10,1116,221.94720389023968,2879,0.9996527777777777,229.41059027777777,2880,0.9998842592592592,174.95659722222223,2880,1.0,212.8423611111111,2880,1.0
2018-10,1117,89.27048611111111,2880,1.0,138.7590277777778,2880,1.0,,0,,221.37430555555557,2880,1.0
2018-10,1119,274.41631944444447,2880,1.0,120.71875,2880,0.9996527777777777,153.58802083333333,2880,0.9993055555555556,,0,
2018-10,1501,,0,,,0,,,0,,,0,
2018-10,1502,49.84216064538759,2851,0.9899305555555555,217.96457383374255,2851,0.9900462962962964,,0,,325.9084531743248,2851,0.9899305555555555
2018-10,1503,84.5,2879,0.9994212962962964,269.8027092740535,2879,0.99921875,,0,,392.7992358457798,2879,0.9996527777777777
2018-10,1504,,0,,,0,,,0,,,0,
2018-11,1001,101.26143320129637,2777,0.9643394697232835,167.21610931319668,2781,0.9661919648025934,135.04337006754355,2813,0.9738335070047469,115.93885531461073,2813,0.9770753733935394
2018-11,1002,144.91114982578398,2870,0.9968739145536645,68.90574912891987,2870,0.9895797151788815,96.92926829268292,2870,0.9968739145536645,74.82543554006969,2870,0.9968739145536645
2018-11,1010,168.25677101653184,2843,0.9884219057543128,70.27884952648193,2851,0.9881903438693991,75.77236057523676,2851,0.9902744008336228,68.14310768151526,2851,0.4951372004168114
2018-11,1012,191.6581970066133,2873,0.9979159430357764,,0,,,0,,117.0570831883049,2873,0.9979159430357764
2018-11,1014,285.5551688130874,2873,0.9979159430357764,178.33031674208144,2873,0.9979159430357764,,0,0.0,,0,0.0
2018-11,1016,222.35435540069687,2870,0.664582609702443,123.49651567944251,2870,0.9968739145536645,155.18257839721255,2870,0.9968739145536645,65.56376306620209,2870,0.9968739145536645
2018-11,1017,814.1983988861817,2873,0.9979159430357764,989.71319178559,2873,0.9979159430357764,706.4893839192482,2873,0.9979159430357764,808.6957883745214,2873,0.9979159430357764
2018-11,1018,,0,,,0,,,0,,,0,
2018-11,1019,287.68977127597816,2871,0.9968739145536645,39.123998606757226,2871,0.9972212573810351,305.14315569487985,2871,0.9972212573810351,,0,
2018-11,1021,113.38531152105813,2873,0.9977422716220911,161.1521058127393,2873,0.9979159430357764,43.634180299338674,2873,0.9979159430357764,149.29759832927255,2873,0.9979159430357764
2018-11,1028,,0,,37.29736379613357,2845,0.9866273011462313,204.20070298769772,2845,0.9881903438693991,194.87978910369068,2845,0.9881903438693991
2018-11,1029,,0,,282.4959118378955,2813,0.9770753733935394,43.895129754710275,2813,0.9749913164293157,246.2858158549591,2813,0.9770753733935394
2018-11,1031,114.25812146892656,2832,0.9759175639689707,141.2499128008371,2867,0.9932847053375014,213.32403208929193,2867,0.9958318860715526,179.69480292989186,2867,0.9958318860715526
2018-11,1032,111.42638357117995,2873,0.9902744008336228,254.77196359817992,2857,0.6638879240477017,36.45582047685834,2852,0.9906217436609934,265.17736309731424,2867,0.9920111149704759
2018-11,1033,152.80424939045628,2871,0.9964107907838369,68.78648554510623,2871,0.9972212573810351,102.8052943225357,2871,0.9972212573810351,56.85788923719958,2871,0.9972212573810351
2018-11,1034,172.0554588699385,2873,0.9935741576936437,189.6474068917508,2873,0.9979159430357764,134.87434737208494,2873,0.9979159430357764,41.25269752871563,2873,0.9979159430357764
2018-11,1035,210.74061074061075,2849,0.9895797151788815,73.48875614898103,2846,0.9852379298367488,137.8964850615114,2845,0.8996179228898923,161.96840996840996,2849,0.9895797151788815
2018-11,1036,288.8205933682373,2865,0.9951372004168114,165.12939742250086,2871,0.9966423526687508,250.3612948137835,2873,0.9979159430357764,202.00417681865645,2873,0.9979159430357764
2018-11,1037,86.66000753863551,2653,0.9215005210142411,111.95778364116094,2653,0.9206900544170429,105.6049754994346,2653,0.9215005210142411,115.1835657745948,2653,0.9215005210142411
2018-11,1038,89.67351200835364,2873,0.9979159430357764,281.8547395289477,2873,0.7448766932962835,109.96136442742778,2873,0.9979159430357764,156.03445875391577,2873,0.9979159430357764
2018-11,1039,,0,,,0,,,0,,,0,
2018-11,1040,168.41652143604043,2869,0.9965265717262939,176.46094839609484,2868,0.9961792288989232,182.413179916318,2868,0.9962950098413802,55.576011157601116,2868,0.9961792288989232
2018-11,1042,,0,,,0,,,0,,,0,
2018-11,1043,19.36993006993007,2860,0.9934004862799584,341.29339853300735,2863,0.9944425147620701,263.85225288159273,2863,0.9944425147620701,769.1644129534453,2863,0.9942688433483848
2018-11,1044,,0,,,0,,,0,,,0,
2018-11,1047,117.23807866341804,2873,0.9979159430357764,190.1580229725026,2873,0.9979159430357764,121.52975983292725,2873,0.9979159430357764,81.5972850678733,2873,0.9979159430357764
2018-11,1048,,0,,262.33275321963106,2873,0.9979159430357764,68.734772015315,2873,0.9979159430357764,157.70727462582667,2873,0.9979159430357764
2018-11,1051,129.3820655966504,2866,0.995484543244182,,0,,144.5258199581298,2866,0.995484543244182,86.81681786461968,2866,0.995484543244182
2018-11,1053,58.038340885325894,2869,0.9965265717262939,86.31997211571976,2869,0.9965265717262939,124.22342279539909,2869,0.9965265717262939,57.27187173231091,2869,0.9965265717262939
2018-11,1054,52.832331093031485,2827,0.981938172976728,153.24000707463742,2827,0.9814750492069005,128.73081004598515,2827,0.981938172976728,114.8461266360099,2827,0.981938172976728
2018-11,1057,90.289592760181,2873,0.9979159430357764,213.22798468499826,2873,0.9979159430357764,102.9088061260007,2873,0.9979159430357764,193.45562130177515,2873,0.9979159430357764
2018-11,1059,,0,,,0,,,0,,,0,
2018-11,1065,,0,,,0,,,0,,,0,
2018-11,1066,66.82875043508528,2873,0.9979159430357764,222.14061956143405,2873,0.9973949287947204,60.80960668290985,2873,0.9975686002084057,203.94744169857293,2873,0.9979159430357764
2018-11,1067,57.863113897596655,2871,0.9972212573810351,408.42993149889696,2871,0.984716915595693,223.5151515151515,2871,0.9972212573810351,146.2776036224312,2871,0.9972212573810351
2018-11,1068,,0,,214.97250261051167,2873,0.9978001620933193,121.51270449008005,2873,0.9812434873219869,257.82074486599373,2873,0.9979159430357764
2018-11,1069,,0,,,0,,,0,,,0,
2018-11,1070,128.20715532286212,2865,0.9947898575894408,153.38987783595113,2865,0.9951372004168114,223.67923211169284,2865,0.9951372004168114,162.648167539267,2865,0.9951372004168114
2018-11,1071,240.04363001745202,2865,0.9950503647099688,72.79453170447935,2865,0.9927058006252171,271.121815008726,2865,0.9951372004168114,59.147527632344385,2865,0.9948766932962835
2018-11,1072,334.8369759942673,2791,0.9694338311913859,241.48692225008958,2791,0.9694338311913859,353.3862414905052,2791,0.9694338311913859,79.75815120028663,2791,0.9694338311913859
2018-11,1074,,0,,346.2727114514445,2873,0.9976843811508627,183.0863209189001,2873,0.9976843811508627,98.0219282979464,2873,0.9979159430357764
2018-11,1075,220.10995927434283,2701,0.9381729767280306,85.24435394298408,2701,0.9381729767280306,,0,,621.8224731580896,2701,0.9380571957855737
2018-11,1077,50.0644823980481,2869,0.9932268148662731,165.45400696864112,2870,0.9968739145536645,107.26480836236934,2870,0.9968739145536645,161.1850174216028,2870,0.9968739145536645
2018-11,1078,197.45770942938083,2471,0.8582841264327892,165.72399838122217,2471,0.8582841264327892,,0,,111.67664912990692,2471,0.8582841264327892
2018-11,1079,86.38113470240167,2873,0.9979159430357764,145.99060215802297,2873,0.9979159430357764,,0,,248.44361294813783,2873,0.9976843811508627
2018-11,1080,,0,,149.36848822369186,2873,0.9955713789510247,127.09014966933519,2873,0.9979159430357764,335.1326139923425,2873,0.9979159430357764
2018-11,1081,158.926905673512,2873,0.997337038323492,63.39888618169161,2873,0.9979159430357764,170.62095370692657,2873,0.9979159430357764,66.95440306300034,2873,0.9979159430357764
2018-11,1082,164.25008701705534,2873,0.9972212573810351,111.7918552036199,2873,0.9979159430357764,133.35189697180647,2873,0.9979159430357764,77.95997215454229,2873,0.9979159430357764
2018-11,1083,332.2311320754717,2544,0.8836401528308441,171.59021526418786,2555,0.8855505383813824,276.47511312217193,2873,0.9606344795646636,469.41977027497387,2873,0.9979159430357764
2018-11,1084,37.203619909502265,2873,0.9956582146578673,205.65750087017057,2873,0.975425494963529,98.72293769578837,2873,0.9979159430357764,234.02714932126696,2873,0.9979159430357764
2018-11,1085,60.07796728158719,2873,0.9967002431399792,185.25861468847893,2873,0.9811566516151441,83.3832231117299,2873,0.9979159430357764,153.41837800208842,2873,0.9979159430357764
2018-11,1086,134.98102600140547,2846,0.9885376866967697,90.79515108924807,2846,0.9885376866967697,189.24771609276178,2846,0.9885376866967697,87.43359100491918,2846,0.9885376866967697
2018-11,1088,234.92123165055497,2793,0.9701285168461271,161.429441260745,2792,0.9696075026050712,239.02079598422372,2789,0.9687391455366446,6.592326998924346,2789,0.9687391455366446
2018-11,1090,166.9091253313139,2641,0.9162903786036818,78.16092389246498,2641,0.9171587356721084,178.4040136312003,2641,0.9173324070857937,47.62059825823552,2641,0.9173324070857937
2018-11,1092,192.7710003485535,2869,0.9965265717262939,134.0580341582433,2869,0.9961792288989232,260.47159288950854,2869,0.9965265717262939,144.20216103171836,2869,0.9965265717262939
2018-11,1093,174.90665273423895,2871,0.9972212573810351,165.18321142459072,2871,0.9972212573810351,167.44339951236503,2871,0.9972212573810351,142.08847091605713,2871,0.9972212573810351
2018-11,1094,250.8425,2800,0.9726756975801784,206.25296373779636,2868,0.9960634479564663,193.77271145144448,2873,0.9972212573810351,265.28541594152455,2873,0.9979159430357764
2018-11,1095,246.15381791483114,2724,0.9461618617575547,76.91336270190895,2724,0.9461618617575547,175.06020558002936,2724,0.9461618617575547,22.82892804698972,2724,0.9461618617575547
2018-11,1109,243.11733983286908,2872,0.9953108718304967,,0,,250.94568245125348,2872,0.9975686002084057,62.42931754874652,2872,0.9973949287947204
2018-11,1112,283.6108597285068,2873,0.9979159430357764,,0,,268.1834319526627,2873,0.9979159430357764,75.38183083884441,2873,0.9973949287947204
2018-11,1113,241.71998599929998,2857,0.9923584577978465,155.6888344417221,2857,0.9923584577978465,61.13370668533427,2857,0.9923584577978465,189.03045152257613,2857,0.9923584577978465
2018-11,1115,257.3198606271777,2870,0.9968739145536645,,0,,219.7602787456446,2870,0.9968739145536645,161.3254355400697,2870,0.9968739145536645
2018-11,1116,218.12112774103724,2873,0.9979159430357764,222.5948485903237,2873,0.9979159430357764,172.0048729550992,2873,0.9979159430357764,211.03237034458755,2873,0.9979159430357764
2018-11,1117,89.61159622773314,2863,0.9944425147620701,134.88368843870066,2863,0.9942688433483848,,0,,218.24528301886792,2862,0.9940951719346995
2018-11,1119,265.9242847173761,2866,0.9953108718304967,117.95828970331588,2865,0.9921268959129328,149.79895287958115,2865,0.9923584577978465,,0,
2018-11,1501,,0,,,0,,,0,,,0,
2018-11,1502,48.415153631284916,2864,0.9947898575894408,214.59322625698323,2864,0.9947898575894408,,0,,322.67213687150837,2864,0.9947898575894408
2018-11,1503,83.94361294813784,2873,0.9976843811508627,259.13574660633486,2873,0.9697811740187565,,0,,381.0278454577097,2873,0.9979159430357764
2018-11,1504,,0,,,0,,,0,,,0,
2018-12,1001,105.57563025210084,2975,0.9992156862745097,174.3331092436975,2975,1.0,139.77075630252102,2975,1.0,123.11428571428571,2975,1.0
2018-12,1002,151.18252100840337,2975,0.9997759103641457,69.36857142857143,2975,0.9928291316526611,99.21344537815126,2975,1.0,76.77310924369748,2975,1.0
2018-12,1010,172.27968696835657,2939,0.9918207282913165,70.46570275722932,2974,0.9989915966386554,76.14727639542703,2974,0.9996638655462184,68.1271015467384,2974,0.4998319327731092
2018-12,1012,195.07484828051247,2966,0.9969747899159664,,0,,,0,,122.24275118004046,2966,0.9968067226890757
2018-12,1014,293.6794483686512,2973,0.999327731092437,184.50689539186007,2973,0.999327731092437,,0,0.0,,0,0.0
2018-12,1016,227.61503531786076,2973,0.666218487394958,128.6125126135217,2973,0.999327731092437,158.8143289606458,2973,0.999327731092437,66.20955264043054,2973,0.999327731092437
2018-12,1017,729.8739495798319,2975,1.0,979.5391596638656,2975,0.9998319327731092,625.6429051782112,2974,0.9996638655462184,794.7252858103565,2974,0.9996638655462184
2018-12,1018,,0,,,0,,,0,,,0,
2018-12,1019,292.0590219224283,2965,0.9966386554621849,40.399797570850204,2964,0.9957983193277311,265.75607287449395,2964,0.9963025210084033,,0,
2018-12,1021,114.94453781512605,2975,1.0,157.07361344537816,2975,1.0,44.295897780766644,2974,0.9996638655462184,152.42400806993948,2974,0.9996638655462184
2018-12,1028,,0,,39.65534633490249,2974,0.9959663865546219,204.5100874243443,2974,0.9996638655462184,196.0443995963673,2973,0.999327731092437
2018-12,1029,,0,,286.9983187626093,2974,0.9996638655462184,45.83557498318763,2974,0.9981512605042017,249.5967036663303,2973,0.999327731092437
2018-12,1031,115.20055420852096,2887,0.9588795518207283,141.78658330517067,2959,0.9920448179271709,217.44711051030754,2959,0.9946218487394958,178.5255153768165,2959,0.9946218487394958
2018-12,1032,109.77527207449792,2971,0.9898319327731092,259.8865787694388,2958,0.6645378151260504,34.330496936691624,2938,0.987563025210084,265.4579107505071,2958,0.9920448179271709
2018-12,1033,222.21949579831931,2975,0.9988795518207283,68.7350369872226,2974,0.9996638655462184,104.26168853010427,2973,0.9991036414565827,58.8234106962664,2973,0.999327731092437
2018-12,1034,174.47084057971014,2875,0.9625210084033613,210.70459290187893,2874,0.9660504201680672,136.482254697286,2874,0.9660504201680672,40.50139178844815,2874,0.9660504201680672
2018-12,1035,218.0782122905028,2864,0.9625770308123249,86.63893743446347,2861,0.9605042016806723,166.05118798043327,2862,0.9611204481792718,178.33135267389025,2861,0.9617927170868348
2018-12,1036,297.6794612794613,2970,0.9983193277310924,168.55757575757576,2970,0.9965266106442576,261.4469518356349,2969,0.9979831932773109,280.7982485685416,2969,0.9979831932773109
2018-12,1037,89.03939393939395,2970,0.9983193277310924,115.14848484848486,2970,0.9963025210084033,108.54797979797979,2970,0.9978711484593837,118.34006734006734,2970,0.9983193277310924
2018-12,1038,91.3706693575513,2973,0.999327731092437,287.73106698081455,2971,0.7339495798319328,112.26236125126135,2973,0.999327731092437,160.9606458123108,2973,0.999327731092437
2018-12,1039,,0,,,0,,,0,,,0,
2018-12,1040,172.52998652291106,2968,0.9976470588235294,180.65532345013477,2968,0.9976470588235294,188.75572776280325,2968,0.9976470588235294,55.82142857142857,2968,0.9976470588235294
2018-12,1042,,0,,,0,,,0,,,0,
2018-12,1043,19.840054218908843,2951,0.9919327731092437,355.1583924349882,2961,0.9952941176470588,265.0064167510976,2961,0.9952941176470588,786.1856305740687,2958,0.9938235294117647
2018-12,1044,,0,,,0,,,0,,,0,
2018-12,1047,117.41297735721527,2959,0.9946218487394958,192.64109496451505,2959,0.9946218487394958,122.55964852990876,2959,0.9946218487394958,83.72862453531599,2959,0.9946218487394958
2018-12,1048,,0,,266.6222222222222,2970,0.9983193277310924,70.27003367003367,2970,0.9983193277310924,159.5493432132031,2969,0.9979831932773109
2018-12,1051,133.37651413189772,2972,0.9989915966386554,,0,,147.5750336473755,2972,0.9989915966386554,89.78761359811512,2971,0.998655462184874
2018-12,1053,60.36792780284623,2881,0.9684033613445379,90.36515098923985,2881,0.9680672268907563,127.98195071155848,2881,0.9684033613445379,56.621659146129815,2881,0.9684033613445379
2018-12,1054,53.49680457450387,2973,0.999327731092437,155.7901109989909,2973,0.9984313725490197,129.9007402422611,2972,0.9989915966386554,117.95020188425303,2972,0.9989915966386554
2018-12,1057,93.55529332434254,2966,0.9969747899159664,218.22690492245448,2966,0.9969747899159664,103.81995954147,2966,0.9969747899159664,196.96055293324343,2966,0.9969747899159664
2018-12,1058,,0,,,0,,,0,,,0,
2018-12,1059,,0,,,0,,,0,,,0,
2018-12,1065,,0,,,0,,,0,,,0,
2018-12,1066,67.84350758853289,2965,0.9966386554621849,207.1273749297358,2965,0.9963865546218488,71.08870151770658,2965,0.9966386554621849,210.09919028340082,2964,0.9963865546218488
2018-12,1067,55.50202156334232,2968,0.9976470588235294,414.2955974842767,2968,0.9949579831932773,245.58206943040108,2967,0.9973109243697479,145.33164812942366,2967,0.9973109243697479
2018-12,1068,,0,,212.17362748400134,2969,0.9978711484593837,121.46581340518694,2969,0.98,263.2493261455526,2968,0.9976470588235294
2018-12,1069,,0,,,0,,,0,,,0,
2018-12,1070,135.0904809956273,2973,0.9983193277310924,162.96199125462496,2973,0.999327731092437,236.63694481830416,2972,0.9989915966386554,167.29104979811575,2972,0.9989915966386554
2018-12,1071,245.93844601412715,2973,0.999327731092437,74.32290615539858,2973,0.9952100840336134,280.6310124453414,2973,0.999327731092437,59.12972306312366,2973,0.9984033613445378
2018-12,1072,337.12470588235294,2975,1.0,246.63226890756303,2975,1.0,359.2544537815126,2975,1.0,82.5418487394958,2975,1.0
2018-12,1074,,0,,352.7692566431214,2973,0.999327731092437,183.3761344537815,2975,0.9998879551820727,99.39408204438466,2974,0.9996638655462184
2018-12,1075,222.7041755130927,2826,0.9499159663865546,85.20382165605096,2826,0.9499159663865546,,0,,636.134465675867,2826,0.9499159663865546
2018-12,1077,52.85728710871761,2971,0.9907563025210084,165.35687857383115,2973,0.999327731092437,107.47779273216689,2972,0.9989915966386554,161.55047106325708,2972,0.9989915966386554
2018-12,1078,207.67363452461228,2966,0.9969747899159664,167.79224283305228,2965,0.9966386554621849,,0,,110.59224283305228,2965,0.9966386554621849
2018-12,1079,86.47731092436975,2975,1.0,149.48134453781512,2975,0.999327731092437,,0,,253.4172831203766,2974,0.9996638655462184
2018-12,1080,,0,,155.90734971731857,2889,0.9553781512605042,129.8269297334718,2889,0.9710924369747899,345.34267912772583,2889,0.9710924369747899
2018-12,1081,164.31932052161977,2914,0.9793837535014005,63.93445435827042,2914,0.9793837535014005,176.27360109852387,2913,0.9791596638655462,70.71438379677309,2913,0.9791596638655462
2018-12,1082,169.91346801346802,2970,0.9983193277310924,114.4053872053872,2970,0.9983193277310924,139.75555555555556,2970,0.9983193277310924,88.97441077441077,2970,0.9983193277310924
2018-12,1083,335.3321894303363,2914,0.9794957983193278,179.69766643788606,2914,0.979327731092437,314.6725025746653,2913,0.9791596638655462,538.9234466186062,2913,0.9791596638655462
2018-12,1084,38.66712422786548,2914,0.9788235294117648,208.6507609566312,2913,0.9447058823529412,102.68280123583934,2913,0.9790476190476189,245.68992447648472,2913,0.97909243697479
2018-12,1085,65.0754975978037,2914,0.9773109243697479,177.14950812171128,2914,0.9589075630252101,87.19595058339053,2914,0.9794957983193278,152.8977350720659,2914,0.9794957983193278
2018-12,1086,139.5740611961057,2876,0.9663865546218487,94.33147826086956,2875,0.9657142857142857,193.6511304347826,2875,0.9663865546218487,90.88939130434782,2875,0.9663865546218487
2018-12,1088,240.46018776077887,2876,0.9663865546218487,150.20536959553695,2868,0.9615126050420169,216.40815615196934,2869,0.9635294117647059,19.540983606557376,2867,0.9636974789915966
2018-12,1090,168.08265993265994,2970,0.9956302521008403,78.21986531986532,2970,0.9983193277310924,182.6104377104377,2970,0.9983193277310924,48.07373737373737,2970,0.9983193277310924
2018-12,1092,200.7297266643983,2939,0.9873949579831933,132.53596202993793,2739,0.9207843137254903,267.73179033356024,2938,0.987563025210084,142.18277739959157,2938,0.987563025210084
2018-12,1093,174.2950488379926,2969,0.9733333333333333,165.06556825823807,2974,0.9997759103641457,158.48184263618023,2974,0.9996638655462184,141.02151983860122,2974,0.9996638655462184
2018-12,1094,252.06125258086718,2906,0.9768067226890756,201.60121049092132,2974,0.9997759103641457,185.65904505716207,2974,0.9996638655462184,259.3433086751849,2974,0.9996638655462184
2018-12,1095,257.1056966369252,2914,0.9794957983193278,78.16026080988333,2914,0.9794957983193278,179.1527634740817,2913,0.9791596638655462,22.729831788534156,2913,0.9791596638655462
2018-12,1109,251.97026814764948,2971,0.9972268907563026,,0,,259.18243015819587,2971,0.998655462184874,67.21676203298553,2971,0.998655462184874
2018-12,1112,286.6874368474234,2969,0.9979831932773109,,0,,273.60411051212935,2968,0.9977591036414566,76.68429919137466,2968,0.9973109243697479
2018-12,1113,247.40525960890088,2966,0.9969747899159664,160.41888701517706,2965,0.9967507002801121,63.5787521079258,2965,0.9966386554621849,188.42259696458686,2965,0.9966386554621849
2018-12,1115,267.5906491759166,2973,0.999327731092437,,0,,229.7362933064245,2973,0.9992156862745097,164.22981157469718,2972,0.9989915966386554
2018-12,1116,227.75354969574036,2958,0.9942857142857143,225.41630030436252,2957,0.99406162464986,174.60263780858978,2957,0.9939495798319328,216.38586405140344,2957,0.9939495798319328
2018-12,1117,90.94749242679232,2971,0.998655462184874,140.45270952541233,2971,0.998655462184874,,0,,225.26489397509255,2971,0.998655462184874
2018-12,1119,273.1606601549343,2969,0.9979831932773109,121.14584035028629,2969,0.9977591036414566,154.78925202156333,2968,0.9971988795518206,,0,
2018-12,1501,,0,,,0,,,0,,,0,
2018-12,1502,49.323181049069376,2955,0.9932773109243698,215.2035532994924,2955,0.9930532212885155,,0,,318.4630758807588,2952,0.9922689075630252
2018-12,1503,84.75563783237968,2971,0.9984313725490197,261.30851302785265,2968,0.9678991596638655,,0,,374.92048517520215,2968,0.9976470588235294
2018-12,1504,,0,,,0,,,0,,,0,
2019-01,1001,105.96353988360151,2921,0.9810644257703081,174.6792194453954,2921,0.9818487394957983,137.36169120164328,2921,0.9817366946778711,125.21499486477234,2921,0.9818487394957983
2019-01,1002,152.0510272819131,2969,0.9463305322128852,67.85750507099391,2958,0.9880112044817928,97.92489053553385,2969,0.9979831932773109,75.53789154597507,2969,0.9979831932773109
2019-01,1010,172.75741239892184,2968,0.9979831932773109,68.81965006729475,2972,0.9971428571428571,74.67698519515478,2972,0.9989915966386554,68.371467025572,2972,0.4994957983193277
2019-01,1012,189.83484695593677,2973,0.999327731092437,,0,,,0,,124.47662293979145,2973,0.999327731092437
2019-01,1014,467.15507002801115,2975,0.9958823529411764,182.73680672268907,2975,1.0,,0,0.0,,0,0.0
2019-01,1016,231.15534633490248,2974,0.6664425770308122,126.66577000672496,2974,0.9990756302521009,156.87420114362595,2973,0.9994397759103641,66.2058526740666,2973,0.999327731092437
2019-01,1017,469.8873949579832,2975,1.0,907.9979831932773,2975,1.0,419.34252100840337,2975,1.0,708.3173109243697,2975,1.0
2019-01,1018,,0,,,0,,,0,,,0,
2019-01,1019,282.34365881032545,2970,0.9981512605042017,40.49629629629629,2970,0.9983193277310924,135.23400673400673,2970,0.9983193277310924,,0,
2019-01,1021,115.25781512605042,2975,0.9998319327731092,153.58352941176472,2975,1.0,44.570756302521005,2975,1.0,151.4564705882353,2975,1.0
2019-01,1028,,0,,40.20255720053836,2972,0.9919327731092437,203.20087483176312,2972,0.9989915966386554,194.00370121130553,2972,0.9989915966386554
2019-01,1029,,0,,284.1405042016807,2975,1.0,46.14857142857143,2975,0.9984873949579832,246.47663865546218,2975,1.0
2019-01,1031,116.08424283765348,2932,0.9773669467787114,141.73922558922558,2970,0.9964145658263306,210.74208754208755,2970,0.9983193277310924,172.1925925925926,2970,0.9983193277310924
2019-01,1032,107.66442124172,2969,0.9905882352941177,249.56424957841483,2965,0.6678991596638656,34.554054054054056,2960,0.9949579831932773,258.9930719837783,2959,0.9911484593837534
2019-01,1033,191.97023208879918,2973,0.9927170868347339,69.68943472409153,2972,0.9989915966386554,105.22762449528936,2972,0.9987675070028011,55.89098250336474,2972,0.9989915966386554
2019-01,1034,175.05239537753843,2971,0.9949579831932773,208.08616627398183,2971,0.998655462184874,138.94917536183104,2971,0.998655462184874,37.63682261864692,2971,0.998655462184874
2019-01,1035,213.03932773109244,2975,1.0,80.1418487394958,2975,1.0,164.22823529411764,2975,1.0,176.18319327731092,2975,1.0
2019-01,1036,302.7085062240664,2892,0.9721008403361344,166.9033540802213,2892,0.9695238095238096,265.64315352697093,2892,0.9721008403361344,285.2679806362379,2892,0.9721008403361344
2019-01,1037,87.85584064821067,2962,0.9956302521008403,113.93838622552329,2962,0.9948459383753501,109.0025320729237,2962,0.995406162464986,119.38284942606347,2962,0.9956302521008403
2019-01,1038,91.61696398519017,2971,0.998655462184874,288.2119376192079,2971,0.7485714285714286,114.31975765735443,2971,0.998655462184874,162.55334904072703,2971,0.998655462184874
2019-01,1039,,0,,,0,,,0,,,0,
2019-01,1040,173.5031932773109,2975,1.0,179.18252100840337,2975,1.0,189.17848739495798,2975,1.0,54.64806722689076,2975,1.0
2019-01,1042,,0,,,0,,,0,,,0,
2019-01,1043,19.268086544962813,2958,0.9942857142857143,349.6470786896319,2961,0.9952941176470588,266.03478554542386,2961,0.9952941176470588,780.3425001206156,2961,0.995
2019-01,1044,,0,,,0,,,0,,,0,
2019-01,1047,115.41579831932773,2975,1.0,193.92470588235295,2975,1.0,120.80201680672269,2975,1.0,83.90420168067227,2975,1.0
2019-01,1048,,0,,267.551445864156,2974,0.9996638655462184,70.66644250168123,2974,0.9996638655462184,158.87088096839273,2974,0.9996638655462184
2019-01,1051,135.6542213252607,2973,0.999327731092437,,0,,146.38546922300705,2973,0.999327731092437,90.9054826774302,2973,0.999327731092437
2019-01,1053,60.6709243697479,2975,1.0,90.40336134453781,2975,1.0,128.5455462184874,2975,1.0,54.05613445378151,2975,1.0
2019-01,1054,53.318991596638654,2975,1.0,155.7658823529412,2975,0.9995518207282913,129.64336134453782,2975,1.0,118.41310924369748,2975,1.0
2019-01,1057,94.59253028263795,2972,0.9989915966386554,219.10598923283985,2972,0.9989915966386554,104.28768506056528,2972,0.9989915966386554,201.06292059219382,2972,0.9989915966386554
2019-01,1058,,0,,,0,,,0,,,0,
2019-01,1059,,0,,,0,,,0,,,0,
2019-01,1065,,0,,,0,,,0,,,0,
2019-01,1066,67.8030303030303,2970,0.9983193277310924,233.66992143658808,2970,0.9982352941176471,71.59326599326599,2970,0.9983193277310924,207.9144781144781,2970,0.9983193277310924
2019-01,1067,55.61049445005045,2973,0.9991596638655462,404.14687745262927,2973,0.9642016806722689,188.8899730820996,2972,0.9989915966386554,144.67507568113018,2973,0.999327731092437
2019-01,1068,,0,,214.4509243697479,2975,0.9998879551820727,118.04537815126051,2975,0.9825210084033613,254.19327731092437,2975,1.0
2019-01,1069,,0,,,0,,,0,,,0,
2019-01,1070,134.42773109243697,2975,0.9979831932773109,159.02621848739497,2975,0.9952941176470588,234.67821116341628,2974,0.9997759103641457,168.89374579690653,2974,0.9996638655462184
2019-01,1071,246.1744537815126,2975,0.9996638655462184,73.26532212885154,2975,0.9950420168067227,281.6783193277311,2975,1.0,58.837086834733896,2975,0.9994117647058823
2019-01,1072,329.09488559892327,2972,0.9989915966386554,242.18808882907132,2972,0.9989915966386554,354.28028263795426,2972,0.9989915966386554,81.62987886944818,2972,0.9989915966386554
2019-01,1074,,0,,352.48470588235296,2975,1.0,181.80302521008403,2975,1.0,98.12403361344538,2975,1.0
2019-01,1075,221.19137466307276,2968,0.9976470588235294,85.07414897202561,2967,0.9973109243697479,,0,,632.7319514661274,2967,0.9639215686274509
2019-01,1077,53.396954314720816,2955,0.9878991596638655,165.41283783783783,2960,0.9949579831932773,108.17466216216216,2960,0.9949579831932773,57.230743243243246,2960,0.9613445378151261
2019-01,1078,206.3401680672269,2975,1.0,166.53210084033614,2975,1.0,,0,,110.12840336134454,2975,1.0
2019-01,1079,85.27413909520594,2962,0.9956302521008403,152.03241053342336,2962,0.9895798319327731,,0,,249.15462525320729,2962,0.9956302521008403
2019-01,1080,,0,,154.32996632996634,2970,0.9401680672268907,129.6851851851852,2970,0.9983193277310924,343.4040404040404,2970,0.9983193277310924
2019-01,1081,159.78302521008402,2975,0.9994397759103641,63.96773109243698,2975,1.0,174.25865546218486,2975,0.9996638655462184,69.3526050420168,2975,1.0
2019-01,1082,169.0073949579832,2975,1.0,113.98890756302521,2975,1.0,137.3233613445378,2975,1.0,93.19966386554621,2975,1.0
2019-01,1083,327.86728395061726,1944,0.6545658263305322,193.323155216285,2751,0.9218487394957983,301.05529411764707,2975,0.9732212885154062,518.4410084033614,2975,1.0
2019-01,1084,37.49512605042017,2975,0.999327731092437,207.68481792717088,2975,0.9634453781512605,102.4527731092437,2975,1.0,234.5401680672269,2975,1.0
2019-01,1085,64.23865546218488,2975,1.0,171.89344537815126,2975,0.9677310924369747,86.43899159663866,2975,1.0,152.51394957983194,2975,1.0
2019-01,1086,138.83361344537815,2975,1.0,93.88067226890756,2975,0.9996638655462184,193.8073949579832,2975,1.0,89.27697478991597,2975,1.0
2019-01,1088,245.43327731092438,2975,1.0,156.65378151260504,2975,1.0,230.3650420168067,2975,1.0,6.929075630252101,2975,1.0
2019-01,1090,167.34361158432708,2935,0.9838655462184874,76.14548551959115,2935,0.9865546218487395,178.1095773687798,2934,0.9861064425770307,45.4188820722563,2934,0.986218487394958
2019-01,1092,,0,0.0,,0,0.0,,0,0.0,,0,0.0
2019-01,1093,171.62630691399661,2965,0.9193277310924369,158.95911843876178,2972,0.9919327731092437,132.1727731092437,2975,1.0,121.83495798319328,2975,1.0
2019-01,1094,253.33858676827157,2887,0.9701960784313726,216.54064080944352,2965,0.9971988795518206,199.361512605042,2975,0.9994397759103641,275.51529411764704,2975,1.0
2019-01,1095,253.2758678800135,2967,0.9969747899159664,77.79878665318503,2967,0.9973109243697479,174.39197842938995,2967,0.9973109243697479,22.66464442197506,2967,0.9973109243697479
2019-01,1109,248.86283086585914,2972,0.9969747899159664,,0,,257.6342530282638,2972,0.9989915966386554,66.42866756393002,2972,0.9989915966386554
2019-01,1112,285.48100840336133,2975,1.0,,0,,272.8295798319328,2975,1.0,78.12100840336134,2975,0.9996638655462184
2019-01,1113,242.1039354187689,2973,0.999327731092437,157.31920618903465,2973,0.999327731092437,62.134207870837535,2973,0.999327731092437,189.9273461150353,2973,0.999327731092437
2019-01,1115,267.62205783456625,2974,0.9996638655462184,,0,,220.68560860793545,2974,0.9996638655462184,163.6051126807938,2973,0.999327731092437
2019-01,1116,226.87676767676768,2970,0.9983193277310924,224.6675630252101,2975,1.0,174.78084033613445,2975,1.0,214.23697478991596,2975,1.0
2019-01,1117,90.19932773109244,2975,1.0,138.53781512605042,2975,1.0,,0,,225.42252100840335,2975,1.0
2019-01,1119,271.09411764705885,2975,1.0,121.47138047138047,2970,0.9591036414565827,152.37545191612438,2766,0.952156862745098,,0,
2019-01,1501,,0,,,0,,,0,,,0,
2019-01,1502,49.504428044280445,2710,0.9102521008403361,212.32013323464102,2702,0.9085714285714286,,0,,304.5788888888889,2700,0.9078991596638656
2019-01,1503,84.53434343434344,2970,0.9974229691876751,259.28316498316497,2970,0.9969747899159664,,0,,358.01313131313134,2970,0.9983193277310924
2019-01,1504,,0,,,0,,,0,,,0,
2019-02,1001,106.92497200447929,2679,0.9962783773725344,171.6181410974244,2679,0.9970227018980276,138.44307577454273,2679,0.9970227018980276,127.81448301605076,2679,0.9970227018980276
2019-02,1002,156.99255675474507,2687,0.9998759459124178,67.63743016759777,2685,0.9940454037960551,99.30442873092669,2687,1.0,78.42165984369186,2687,1.0
2019-02,1010,178.9243273542601,2676,0.9960302691973701,71.74990668159761,2679,0.9921845924823223,76.10265024262785,2679,0.9970227018980276,67.44531541620007,2679,0.4985113509490138
2019-02,1012,193.80081906180195,2686,0.9996278377372534,,0,,,0,,127.3108711839166,2686,0.9996278377372534
2019-02,1014,295.71370067014146,2686,0.9996278377372534,184.61243484735667,2686,0.9996278377372534,,0,0.0,,0,0.0
2019-02,1016,232.65072571641235,2687,0.6666666666666666,128.29611710705868,2687,0.9997208783029401,158.8321548195013,2687,1.0,66.70785262374395,2687,1.0
2019-02,1017,501.5029821073559,2515,0.9358640367200098,903.5371196754564,2465,0.916914774841831,397.0531237564664,2513,0.935243766282099,701.616394747314,2513,0.935243766282099
2019-02,1018,,0,,,0,,,0,,,0,
2019-02,1019,290.86155563825827,2687,0.9995347971715668,41.00074432452549,2687,1.0,141.23967249720877,2687,1.0,,0,
2019-02,1021,116.94117647058823,2686,0.9996278377372534,135.3343261355175,2686,0.9996278377372534,44.837304542069994,2686,0.9996278377372534,150.39352196574833,2686,0.9996278377372534
2019-02,1028,,0,,41.53015636634401,2686,0.9940454037960551,209.27736411020103,2686,0.9996278377372534,196.70215934475056,2686,0.9996278377372534
2019-02,1029,,0,,296.2926284437826,2686,0.9996278377372534,47.95532390171258,2686,0.9986974320803871,259.7163067758749,2686,0.9996278377372534
2019-02,1031,115.65339400834281,2637,0.9734524252574122,138.5258749069248,2686,0.9971467559856098,212.1510978786751,2687,1.0,162.57647934499442,2687,1.0
2019-02,1032,106.00707108299218,2687,0.9916263490882025,249.69690182904068,2679,0.6670388289294132,35.56032872618603,2677,0.9962783773725344,260.0134028294862,2686,0.998015134598685
2019-02,1033,164.11838180462343,2682,0.9867262126287062,71.18791946308725,2682,0.9981391886862672,104.73527218493662,2682,0.9977670264235207,55.58911260253542,2682,0.9981391886862672
2019-02,1034,175.8386855862584,2678,0.9891142538146632,220.3404255319149,2679,0.9970227018980276,143.57633445315417,2679,0.9970227018980276,39.67973124300112,2679,0.9970227018980276
2019-02,1035,219.85850111856823,2682,0.9981391886862672,72.88408497950056,2683,0.9951618905842947,168.7137532612747,2683,0.9985113509490138,174.99888184867686,2683,0.9985113509490138
2019-02,1036,297.9085820895522,2680,0.9970227018980276,165.2803651266766,2684,0.995285944671877,258.20305514157974,2684,0.9988835132117603,279.2649031296572,2684,0.9988835132117603
2019-02,1037,85.65785554728221,2686,0.9996278377372534,114.86299329858525,2686,0.9978910805111029,114.06682799702159,2686,0.9992556754745069,124.84065524944155,2686,0.9995037836496712
2019-02,1038,92.07951070336391,2616,0.9735764793449945,291.81269113149847,2616,0.7292519538518795,117.93119266055047,2616,0.9735764793449945,169.3769113149847,2616,0.9735764793449945
2019-02,1039,,0,,,0,,,0,,,0,
2019-02,1040,173.6378861183476,2687,1.0,178.66096017863788,2687,1.0,185.91812430219576,2687,1.0,53.98511350949014,2687,1.0
2019-02,1042,,0,,,0,,,0,,,0,
2019-02,1043,19.556550951847704,2679,0.9970227018980276,354.4058889303019,2683,0.9985113509490138,270.73276183376817,2683,0.9985113509490138,803.5597457476651,2682,0.9981391886862672
2019-02,1044,,0,,,0,,,0,,,0,
2019-02,1047,106.87979158913286,2687,1.0,198.48567175288426,2687,1.0,115.50390770375884,2687,1.0,91.89877186453293,2687,1.0
2019-02,1048,,0,,263.43627262225647,2597,0.9665053963528099,65.56719291490181,2597,0.9665053963528099,152.5625721986908,2597,0.9665053963528099
2019-02,1051,141.90149253731343,2680,0.997394864160774,,0,,152.27089552238806,2680,0.997394864160774,91.25708955223881,2680,0.997394864160774
2019-02,1053,63.134128166915055,2684,0.9988835132117603,94.7328614008942,2684,0.9988835132117603,129.26974664679582,2684,0.9988835132117603,52.645546030562805,2683,0.9985113509490138
2019-02,1054,56.85581222056632,2684,0.9988835132117603,159.37779433681072,2684,0.9981391886862672,129.9612518628912,2684,0.9988835132117603,118.92213114754098,2684,0.9988835132117603
2019-02,1057,95.59359880908076,2687,1.0,222.7353926311872,2687,1.0,104.41942687011537,2687,0.9998139188686267,206.89653889095646,2687,1.0
2019-02,1058,,0,,,0,,,0,,,0,
2019-02,1059,,0,,,0,,,0,,,0,
2019-02,1065,,0,,,0,,,0,,,0,
2019-02,1066,67.75764354958986,2682,0.9981391886862672,244.5422570221228,2682,0.997953107554894,71.52087994034302,2682,0.9981391886862672,210.51901565995524,2682,0.9981391886862672
2019-02,1067,57.77069351230425,2682,0.9981391886862672,405.975764354959,2682,0.9765537774469669,240.32997762863533,2682,0.9981391886862672,150.1875466070097,2682,0.9981391886862672
2019-02,1068,,0,,216.66170450316338,2687,1.0,118.39858578340156,2687,0.9813918868626721,254.71194640863416,2687,1.0
2019-02,1069,,0,,,0,,,0,,,0,
2019-02,1070,137.0417132216015,2685,0.9987594591241781,148.4826815642458,2685,0.9988835132117603,234.41042830540036,2685,0.9992556754745069,166.22234636871508,2685,0.9992556754745069
2019-02,1071,253.902617541248,2687,0.9998139188686267,72.37166604639623,2687,0.9955340528470413,276.6858950502419,2687,1.0,58.21126411115246,2687,0.9998139188686267
2019-02,1072,336.6922218087086,2687,1.0,249.14291030889467,2687,0.9998139188686267,364.3792333457387,2687,0.9998139188686267,83.94117647058823,2686,0.9996278377372534
2019-02,1074,,0,,361.21845924823225,2687,1.0,185.3851879419427,2687,1.0,97.10122813546707,2687,1.0
2019-02,1075,216.77468547464736,2623,0.9761816151842203,84.22150209683568,2623,0.9761816151842203,,0,,636.2005337399924,2623,0.9761816151842203
2019-02,1077,54.4149377593361,2651,0.9832526981764049,169.07466063348417,2652,0.9869743208038705,110.38725490196079,2652,0.9869743208038705,162.0739064856712,2652,0.9704131001116487
2019-02,1078,215.19910681056942,2687,1.0,170.71901749162635,2687,1.0,,0,,114.05805731298847,2687,1.0
2019-02,1079,85.67697466467958,2684,0.9988835132117603,149.06996650539637,2687,0.9994417566058802,,0,,252.49869743208038,2687,1.0
2019-02,1080,,0,,155.1328367473619,2685,0.9980461481205806,130.3508379888268,2685,0.9992556754745069,342.5240223463687,2685,0.9990695943431336
2019-02,1081,161.8905842947525,2687,0.9995037836496712,63.553777446966876,2687,0.9998759459124178,175.19799032378117,2687,1.0,69.61220692221809,2687,1.0
2019-02,1082,170.43745346239763,2686,0.9996278377372534,114.78629932985852,2686,0.9996278377372534,136.83767684288907,2686,0.9996278377372534,89.3410275502606,2686,0.9996278377372534
2019-02,1083,,0,0.0,253.09862299962785,2687,1.0,406.6308150353554,2687,0.9968986478104453,680.5935988090807,2687,1.0
2019-02,1084,38.63081503535542,2687,0.9970227018980276,206.35839225902492,2687,0.9666914774841832,102.30070710829922,2687,1.0,169.4946036471902,2687,1.0
2019-02,1085,64.53033122441384,2687,0.9988835132117603,174.9461605259893,2687,0.9766468180126535,86.35132117603276,2687,1.0,152.63602530703386,2687,1.0
2019-02,1086,138.40518575851394,2584,0.9616672869371046,92.44930340557275,2584,0.9616672869371046,191.05572755417955,2584,0.9616672869371046,88.56849845201238,2584,0.9616672869371046
2019-02,1088,251.70327624720775,2686,0.9996278377372534,156.6969471332837,2686,0.9996278377372534,232.63402829486225,2686,0.9996278377372534,7.438198064035741,2686,0.9996278377372534
2019-02,1090,164.30633147113593,2685,0.9959062151097878,76.48417132216015,2685,0.9992556754745069,172.05176908752327,2685,0.9988835132117603,44.62383612662942,2685,0.9992556754745069
2019-02,1092,205.09760479041915,1670,0.621510978786751,137.89730538922154,1670,0.6212628706115866,273.8161676646707,1670,0.621510978786751,159.11204313960457,1669,0.6212318570896911
2019-02,1093,175.78965003723007,2686,0.9993797295620891,169.96798212956068,2686,0.9996278377372534,169.69731943410275,2686,0.9996278377372534,145.42367833209232,2686,0.9994417566058802
2019-02,1094,253.23423423423424,2664,0.991316213869247,223.27123695976155,2684,0.9987594591241781,201.67572598659717,2686,0.9992556754745069,286.79292364990687,2685,0.9993487160401935
2019-02,1095,247.77026507875527,2603,0.9687383699292892,75.59239339223973,2603,0.9687383699292892,173.68190549366116,2603,0.9687383699292892,22.18824433346139,2603,0.9687383699292892
2019-02,1109,249.6907510862818,2685,0.9973018235950875,,0,,256.70837988826815,2685,0.9992556754745069,68.56126629422718,2685,0.9992556754745069
2019-02,1112,287.9121697059918,2687,1.0,,0,,276.3360625232601,2687,1.0,76.3662076665426,2687,1.0
2019-02,1113,251.9992556754745,2687,1.0,160.74767398585783,2687,1.0,63.78935615928545,2687,0.9998139188686267,194.87681429103088,2687,1.0
2019-02,1115,259.61392405063293,2686,0.9996278377372534,,0,,244.40208488458674,2686,0.9996278377372534,167.5517498138496,2686,0.9996278377372534
2019-02,1116,225.1190919240789,2687,1.0,230.56568663937477,2687,1.0,162.21027167845182,2687,1.0,212.08448083364348,2687,1.0
2019-02,1117,83.70040937848903,2687,1.0,130.33680684778562,2687,1.0,,0,,217.94864160774097,2687,1.0
2019-02,1119,269.4436174171939,2687,1.0,119.79196129512468,2687,0.9996278377372534,152.05824339411984,2687,0.9995037836496712,,0,
2019-02,1501,,0,,,0,,,0,,,0,
2019-02,1502,50.02352472089314,2508,0.9330107927056196,212.18301435406698,2508,0.9333829549683662,,0,,311.88277511961724,2508,0.9331348467932019
2019-02,1503,84.3748594979393,2669,0.9930529710953977,257.7579617834395,2669,0.9921845924823223,,0,,371.8327713250905,2669,0.9931149981391887
2019-02,1504,,0,,,0,,,0,,,0,
2019-03,1001,107.53643724696356,2964,0.9969707169303265,166.48097002357696,2969,0.999326825984517,144.48770629841698,2969,0.999326825984517,114.09531828898619,2969,0.999326825984517
2019-03,1002,152.96260107816713,2968,0.9976438909458095,66.66262217728345,2967,0.9928194771681813,97.53265993265994,2970,0.9996634129922585,77.45925925925926,2970,0.9996634129922585
2019-03,1010,177.24486704813194,2971,0.9997756086615057,73.81790642881185,2971,0.9949511948838775,76.84516997643891,2971,1.0,65.96634129922585,2971,0.5
2019-03,1012,189.18377650622685,2971,1.0,,0,,,0,,123.653651969034,2971,1.0
2019-03,1014,289.47524418996295,2969,0.999326825984517,184.1988885146514,2969,0.9992146303152698,,0,0.0,,0,0.0
2019-03,1016,225.69608504893688,2963,0.664871535958712,124.57880526493419,2963,0.9970548636822618,150.88930138373271,2963,0.997307303938068,65.58386770165373,2963,0.997307303938068
2019-03,1017,824.7062789717656,2373,0.7987209693705823,983.6097766540245,2373,0.7987209693705823,519.8339654445849,2373,0.7987209693705823,765.6529006882989,2373,0.7986368226186469
2019-03,1018,,0,,,0,,,0,,,0,
2019-03,1019,290.4583333333333,2960,0.9949511948838775,38.39594594594595,2960,0.9951194883877482,134.3337837837838,2960,0.9962975429148435,,0,
2019-03,1021,116.30932346011444,2971,0.9996634129922585,134.17233254796363,2971,1.0,44.29821608885897,2971,1.0,155.67519353752945,2971,1.0
2019-03,1028,,0,,38.22996632996633,2970,0.9900706832716257,206.19959609559072,2971,1.0,195.78256479299898,2971,1.0
2019-03,1029,,0,,292.4015483002356,2971,0.9997756086615057,47.250420733759675,2971,0.9974755974419387,253.832043083137,2971,1.0
2019-03,1031,115.30102040816327,2940,0.9778974531583081,129.54819683181665,2967,0.991921911814204,208.16728374284753,2971,1.0,164.53248064624705,2971,1.0
2019-03,1032,98.19783197831977,2706,0.9030629417704477,245.24872727272728,2750,0.6181981375518905,34.85854903390448,2743,0.9232581622349377,251.02397384671266,2753,0.9246045102659037
2019-03,1033,177.74318411309324,2971,0.9915853248064624,72.02423426455739,2971,1.0,101.7307303938068,2971,0.9988780433075283,51.93367003367003,2970,0.9996634129922585
2019-03,1034,170.62627622573768,2971,0.9920902053180747,217.34399192191182,2971,1.0,137.35139683608213,2971,1.0,36.05789296533154,2971,1.0
2019-03,1035,208.4488387748233,2971,0.9997756086615057,80.85796028273309,2971,0.9996634129922585,171.45388757993942,2971,0.9998878043307527,170.59104678559407,2971,1.0
2019-03,1036,297.07219973009444,2964,0.9976438909458095,168.1005398110661,2964,0.9967463255918322,254.16531713900136,2964,0.9976438909458095,272.1029014844804,2964,0.9976438909458095
2019-03,1037,88.47589952477936,2946,0.9915853248064624,111.42388718994223,2943,0.9890048244137777,109.04039375424304,2946,0.9914731291372153,118.26238968092329,2946,0.9915853248064624
2019-03,1038,93.4543617379589,2969,0.999326825984517,286.3633097563714,2969,0.7484853584651633,111.0983496126642,2969,0.999326825984517,201.24284270798248,2969,0.999326825984517
2019-03,1039,,0,,,0,,,0,,,0,
2019-03,1040,168.46429774334794,2969,0.9992146303152698,176.9006399461098,2969,0.999326825984517,186.6096328730212,2969,0.999326825984517,53.35904344897272,2969,0.999326825984517
2019-03,1042,,0,,,0,,,0,,,0,
2019-03,1043,19.189578333904695,2917,0.981824301581959,356.1173469387755,2940,0.9895658027600135,261.6857142857143,2940,0.9895658027600135,801.5229661346827,2936,0.9881773813530798
2019-03,1044,,0,,,0,,,0,,,0,
2019-03,1047,111.13452461227241,2966,0.9983170649612925,199.20667565745111,2966,0.9983170649612925,115.57720836142954,2966,0.9983170649612925,87.15104517869185,2966,0.9983170649612925
2019-03,1048,,0,,256.81094017094017,2925,0.9843487041400202,61.22879616963064,2924,0.9841804106361495,142.95383036935704,2924,0.9840121171322787
2019-03,1051,129.5126220127903,2971,1.0,,0,,146.61124200605857,2971,1.0,88.23291820935712,2971,1.0
2019-03,1053,60.74301111485349,2969,0.999326825984517,90.98955525606469,2968,0.998653651969034,130.21495956873315,2968,0.9989902389767755,54.86725067385445,2968,0.9989902389767755
2019-03,1054,57.53248064624705,2971,1.0,156.44278020868396,2971,0.9994390216537642,125.66072029619657,2971,1.0,115.10400538539213,2971,1.0
2019-03,1057,93.0573883161512,2910,0.9407606866374958,223.36907216494845,2910,0.9794681925277684,102.82268041237113,2910,0.979131605520027,200.5837057408044,2909,0.979131605520027
2019-03,1058,,0,,,0,,,0,,,0,
2019-03,1059,,0,,,0,,,0,,,0,
2019-03,1065,,0,,,0,,,0,,,0,
2019-03,1066,67.11040053853921,2971,0.9994951194883878,232.22854257825648,2971,0.9999158532480646,68.39885560417368,2971,1.0,207.29653315382026,2971,1.0
2019-03,1067,68.49467170849088,2909,0.979131605520027,395.0332302051106,2909,0.9687815550319757,194.15744242007563,2909,0.979131605520027,148.46613956686147,2909,0.979131605520027
2019-03,1068,,0,,215.98716216216215,2960,0.9962975429148435,115.27939189189189,2960,0.9755974419387412,253.78716216216216,2960,0.9962975429148435
2019-03,1069,,0,,,0,,,0,,,0,
2019-03,1070,134.31309041835357,2964,0.9955121732301133,150.37504227257355,2957,0.9942780208683945,223.3311403508772,2964,0.9970829125995737,162.57321187584344,2964,0.9976438909458095
2019-03,1071,246.06283967391303,2944,0.9904914170313026,74.06770833333334,2944,0.9861999326825984,262.7313179347826,2944,0.9907438572871087,58.37376826367652,2943,0.990575563783238
2019-03,1072,326.8631436314363,2952,0.9936048468529115,243.7869241192412,2952,0.9936048468529115,347.89464769647697,2952,0.9936048468529115,78.27269647696477,2952,0.9936048468529115
2019-03,1074,,0,,351.59656218402426,2967,0.998653651969034,186.6617795753286,2967,0.9983170649612925,96.53185035389282,2967,0.998653651969034
2019-03,1075,217.0608875128999,2907,0.9784584315045439,82.05536451169189,2908,0.9782901380006732,,0,,614.7905056759546,2907,0.9784584315045439
2019-03,1077,50.46684709066306,2956,0.9895658027600135,168.28335579514825,2968,0.9989902389767755,109.71327493261455,2968,0.9989902389767755,164.802897574124,2968,0.9989902389767755
2019-03,1078,204.81386738471895,2971,1.0,169.7566475934029,2971,1.0,,0,,114.73241332884551,2971,1.0
2019-03,1079,90.16335466487033,2969,0.9983170649612925,147.83832940383968,2969,0.9984853584651633,,0,,255.76524082182553,2969,0.9989902389767755
2019-03,1080,,0,,143.5610905419051,2971,0.9964658364187142,126.03029283069674,2971,1.0,332.96970716930326,2971,1.0
2019-03,1081,152.88346244526775,2969,0.9964097385840907,64.12057931963624,2969,0.999326825984517,168.86072751768273,2969,0.9992146303152698,63.973054900639944,2969,0.999326825984517
2019-03,1082,165.61326152810503,2971,0.9997756086615057,110.38337260181757,2971,1.0,131.46533153820263,2971,0.9998878043307527,82.57960282733086,2971,1.0
2019-03,1083,0.0,2,0.0006731740154830024,238.49612403100775,2967,0.998653651969034,376.04651162790697,2967,0.9934926511836643,601.4526457701381,2967,0.998653651969034
2019-03,1084,37.779366700715016,2937,0.9867048131942107,207.2894796637128,2934,0.9606193200942443,97.93015332197615,2935,0.987882867721306,159.9918200408998,2934,0.987680915516661
2019-03,1085,58.990238976775494,2971,0.9991585324806462,178.26680130146974,2971,0.9588522383036014,85.6876472568159,2971,1.0,154.99461460787614,2971,1.0
2019-03,1086,133.0678110129164,2942,0.9896779984292606,88.84942216179469,2942,0.989902389767755,184.2100611828688,2942,0.9902389767754964,85.7464309993202,2942,0.9900706832716257
2019-03,1088,241.8507915122937,2969,0.999326825984517,155.56584708656112,2969,0.9991585324806462,237.04479622768608,2969,0.999326825984517,6.57999326372516,2969,0.999326825984517
2019-03,1090,155.34550084889642,2945,0.9866487153595872,76.65094979647219,2948,0.9801413665432515,164.106512890095,2948,0.9922584988219455,44.743894165535956,2948,0.9922584988219455
2019-03,1092,187.28385504319536,2971,0.9994109727364524,133.21962302255133,2971,0.9486143834847975,253.92760942760944,2970,0.9996634129922585,150.43535353535353,2970,0.9996634129922585
2019-03,1093,171.27465499831706,2971,0.9371704252215864,168.25345001682936,2971,1.0,165.42308986873107,2971,1.0,140.05553685627734,2971,1.0
2019-03,1094,234.15675675675675,2960,0.9962975429148435,205.7079107505071,2958,0.9960731515763492,192.63152576625126,2969,0.9985414562997867,264.52778713371504,2969,0.999326825984517
2019-03,1095,242.25393835616438,2920,0.9819364972512061,73.06815068493151,2920,0.9819925950858297,167.23424657534247,2920,0.9828340626051835,22.14109589041096,2920,0.9828340626051835
2019-03,1109,236.68790023592854,2967,0.9960451026590373,,0,,243.74199528142904,2967,0.9984292606305397,59.34007414897203,2967,0.998653651969034
2019-03,1112,275.703519510329,2614,0.879838438236284,,0,,268.06694720734504,2614,0.879838438236284,72.8362662586075,2614,0.8791652642208011
2019-03,1113,240.01953519703605,2969,0.999326825984517,139.13304142809028,2969,0.999326825984517,57.91007073088582,2969,0.999326825984517,197.79151229370157,2969,0.999326825984517
2019-03,1115,240.05332433344583,2963,0.997307303938068,,0,,250.99291258859265,2963,0.997307303938068,158.31893351333107,2963,0.9755413441041176
2019-03,1116,216.3325326012354,2914,0.9808145405587344,222.6540837336994,2914,0.9808145405587344,160.13417982155113,2914,0.9808145405587344,208.5274536719286,2914,0.9808145405587344
2019-03,1117,83.63648603163918,2971,0.9994951194883878,126.20733759676877,2971,1.0,,0,,204.94311679569168,2971,1.0
2019-03,1119,251.35812857623696,2971,1.0,117.5673174015483,2971,0.9995512173230113,142.92325816223493,2971,0.9984292606305397,,0,
2019-03,1501,,0,,,0,,,0,,,0,
2019-03,1502,50.29709141274238,2888,0.971053517334231,214.19078947368422,2888,0.9720632783574554,,0,,317.65373961218836,2888,0.9720632783574554
2019-03,1503,83.37164487267722,2906,0.9776730618198137,261.95675613672864,2906,0.976691349713901,,0,,363.6888123924268,2905,0.9778694042409963
2019-03,1504,,0,,,0,,,0,,,0,
2019-04,1001,102.38828289936664,2842,0.9855273821928912,167.59204505455824,2841,0.9868009725599166,134.93840197113693,2841,0.9868009725599166,112.22879267863428,2841,0.9868009725599166
2019-04,1002,145.404,2875,0.9979159430357764,66.723208072373,2874,0.9917795530855622,95.28069565217392,2875,0.9986106286905175,72.43130434782609,2875,0.9986106286905175
2019-04,1010,182.3273706147968,2879,0.9983790668056038,74.34109065647795,2879,0.9904480722473081,76.78464744703022,2879,0.9995368762301725,66.57867315039944,2879,0.5
2019-04,1012,191.02639805488016,2879,1.0,,0,,,0,,120.75790204932268,2879,1.0
2019-04,1014,299.9273399014778,2436,0.8838138242445294,180.1859331476323,2872,0.9972212573810351,,0,0.0,,0,0.0
2019-04,1016,230.28781512605042,2856,0.6613407433136506,122.91456582633053,2856,0.9918374435567906,153.9002100840336,2856,0.9920111149704759,65.60539215686275,2856,0.9920111149704759
2019-04,1017,828.1727493917275,2877,0.9993053143452588,980.0486618004866,2877,0.9989579715178881,490.05804657629477,2877,0.9993053143452588,770.2672923183873,2877,0.9993053143452588
2019-04,1018,,0,,,0,,,0,,,0,
2019-04,1019,247.37158469945356,671,0.23211184439041332,30.622388059701493,670,0.23150399444251477,92.19076005961251,671,0.23306703716568253,,0,
2019-04,1021,112.95970823202501,2879,1.0,150.9218478638416,2879,1.0,43.833970128516846,2879,1.0,155.7280305661688,2879,1.0
2019-04,1028,,0,,38.11948593261549,2879,0.9927058006252171,202.85411601250433,2879,1.0,201.4609239319208,2879,1.0
2019-04,1029,,0,,288.41869353717857,2878,0.9994210952877157,45.53266157053509,2878,0.9979159430357764,252.6014593467686,2878,0.9996526571726294
2019-04,1031,114.38462879051934,2869,0.9885376866967697,129.2723152022315,2868,0.9915479912006483,201.8227936066713,2878,0.9996526571726294,165.18485059068797,2878,0.9996526571726294
2019-04,1032,102.69487863769221,2623,0.9112539076068079,242.1042538354254,2868,0.666319323839296,35.02721563154222,2866,0.995484543244182,251.30572026508545,2867,0.9888850295241404
2019-04,1033,173.7092740534908,2879,0.992821581567674,71.09065647794372,2879,1.0,102.06807919416464,2879,0.9998842190575431,53.635984716915594,2879,1.0
2019-04,1034,172.7125159198796,2879,0.9590135463702675,213.922195206669,2879,1.0,137.38624522403612,2879,1.0,36.23549843695728,2879,1.0
2019-04,1035,211.16081972907259,2879,1.0,80.8037513025356,2879,1.0,173.74261896491836,2879,1.0,177.66828759986106,2879,1.0
2019-04,1036,293.6203542896839,2879,1.0,175.4918374435568,2879,0.9987264096329744,248.90552275095519,2879,1.0,282.49670024313997,2879,1.0
2019-04,1037,84.25507246376812,2760,0.9584925321292115,111.1413043478261,2760,0.9575083941183281,107.66213768115942,2760,0.9584346416579832,116.71231884057971,2760,0.9586662035428969
2019-04,1038,89.13372698853769,2879,1.0,281.4385782100266,2879,0.7355852726641194,107.7589440778048,2879,1.0,169.93435220562696,2879,1.0
2019-04,1039,,0,,,0,,,0,,,0,
2019-04,1040,168.00903091351162,2879,1.0,173.71205279610976,2879,1.0,188.3654046543939,2879,1.0,51.805488016672456,2879,1.0
2019-04,1042,,0,,,0,,,0,,,0,
2019-04,1043,19.398611111111112,2160,0.7502605071205279,354.96357768556936,2169,0.7533865925668635,262.7307514983863,2169,0.7533865925668635,793.1145229309436,2168,0.7528221604723863
2019-04,1044,,0,,,0,,,0,,,0,
2019-04,1047,117.11501042390549,2878,0.9996526571726294,193.13029881862406,2878,0.9996526571726294,124.06045865184156,2878,0.9996526571726294,86.6038915913829,2878,0.9996526571726294
2019-04,1048,,0,,277.2047436344611,2867,0.9958318860715526,67.25252877572375,2867,0.9958318860715526,160.1056853854203,2867,0.9958318860715526
2019-04,1051,138.65265717262938,2879,1.0,,0,,148.57485237929836,2879,0.9998263285863147,88.97777005904828,2879,1.0
2019-04,1053,61.4261383385471,2877,0.9993053143452588,91.53771289537713,2877,0.9993053143452588,133.5349322210636,2877,0.9993053143452588,57.55543969412582,2877,0.9993053143452588
2019-04,1054,57.77858880778589,2877,0.9993053143452588,152.85679527285367,2877,0.9993053143452588,125.7497393117831,2877,0.9993053143452588,112.33194299617658,2877,0.9993053143452588
2019-04,1057,90.90795415074679,2879,0.7915943035776312,210.42862104897534,2879,1.0,102.44633553317124,2879,1.0,195.21118443904135,2879,1.0
2019-04,1058,,0,,,0,,,0,,,0,
2019-04,1059,,0,,,0,,,0,,,0,
2019-04,1065,,0,,,0,,,0,,,0,
2019-04,1066,67.90229485396384,2876,0.9987843001042028,223.13908205841446,2876,0.9989579715178881,68.97392211404728,2876,0.9989579715178881,204.74434782608697,2875,0.9986974643973602
2019-04,1067,85.92869565217391,2875,0.9986106286905175,379.31768115942026,2875,0.9965265717262939,200.00660869565218,2875,0.9986106286905175,153.8306086956522,2875,0.9986106286905175
2019-04,1068,,0,,210.34352205626953,2879,1.0,110.07259465092046,2879,0.9807224730809309,244.7481764501563,2879,1.0
2019-04,1069,,0,,,0,,,0,,,0,
2019-04,1070,140.8746092393192,2879,0.9987264096329744,164.6207016325113,2879,1.0,246.11392844737756,2879,1.0,160.7884682181313,2879,1.0
2019-04,1071,234.0513043478261,2300,0.798888502952414,78.17014492753624,2300,0.7955887460923932,261.9778260869565,2300,0.798888502952414,107.76521739130435,2300,0.798888502952414
2019-04,1072,338.4442119944212,2868,0.9960402917679749,242.5997210599721,2868,0.9961792288989232,350.1506276150628,2868,0.9961792288989232,76.76673640167364,2868,0.9961792288989232
2019-04,1074,,0,,355.0272664119486,2879,0.9998842190575431,187.30166724557137,2879,0.9998842190575431,96.57068426536992,2879,1.0
2019-04,1075,216.03398738612475,2854,0.9913164293157346,83.60336370007008,2854,0.9911427579020493,,0,,621.9775753328662,2854,0.9913164293157346
2019-04,1077,50.72531293463143,2876,0.9928794720389024,166.35637374088225,2879,1.0,107.58596734977422,2879,1.0,159.7363667940257,2879,1.0
2019-04,1078,201.18999652657172,2879,1.0,165.65751997221258,2879,1.0,,0,,109.81521361583883,2879,1.0
2019-04,1079,92.27405349079541,2879,1.0,146.04758596734976,2879,1.0,,0,,244.77023271969435,2879,0.9997684381150863
2019-04,1080,,0,,144.23221476510068,2235,0.7738798193817298,125.62281879194632,2235,0.776311219173324,337.47829977628635,2235,0.776311219173324
2019-04,1081,157.64501563042722,2879,0.9995368762301725,62.106113233761725,2879,0.9997684381150863,171.714136853074,2879,1.0,65.96734977422716,2879,1.0
2019-04,1082,164.7862104897534,2879,0.9972212573810351,109.99340048627995,2879,1.0,133.1184439041334,2879,1.0,80.72073636679403,2879,1.0
2019-04,1083,186.78093403948003,2077,0.72131527150631,123.80062521708926,2879,1.0,231.47012851684613,2879,0.9788120875303925,222.80791941646405,2879,1.0
2019-04,1084,35.314043754410726,2834,0.9829802014588399,213.85736160188458,2830,0.953108718304967,102.53848870056497,2832,0.983790668056038,166.4647899752912,2833,0.9838138242445293
2019-04,1085,60.79638637943016,2878,0.9979159430357764,170.64292332638405,2878,0.9896665508857242,86.29742876997915,2878,0.9996526571726294,154.5972897845726,2878,0.9996526571726294
2019-04,1086,131.7780332507959,2827,0.9817066110918143,91.85107888220729,2827,0.980201458839875,185.86664308454192,2827,0.981938172976728,86.53307392996109,2827,0.981938172976728
2019-04,1088,237.3369225425495,2879,1.0,159.5922195206669,2879,1.0,242.82320250086835,2879,1.0,7.0673845085099,2879,1.0
2019-04,1090,161.16608695652175,2875,0.993747829107329,79.27478260869565,2875,0.9986106286905175,169.74052173913043,2875,0.9986106286905175,46.932869565217395,2875,0.9986106286905175
2019-04,1092,189.71124232951254,2879,0.9996526571726294,142.90204932268148,2879,1.0,257.3431747134422,2879,1.0,156.55053838138244,2879,1.0
2019-04,1093,170.5473781048758,2174,0.8359384045386129,173.83954703832754,2870,0.9965265717262939,158.16973913043478,2875,0.9986106286905175,132.52139130434782,2875,0.9986106286905175
2019-04,1094,222.8700605197579,2809,0.975686002084057,195.46717610281348,2879,1.0,184.38555053838138,2879,1.0,239.83153872872526,2879,1.0
2019-04,1095,240.88536409516942,2774,0.9632974412411718,74.27829848594088,2774,0.9635290031260855,167.68240807498196,2774,0.9635290031260855,22.001081470800287,2774,0.9635290031260855
2019-04,1109,243.0311450735209,2879,0.9967870788468218,,0,,248.45171934699547,2879,0.9998842190575431,62.716915595692946,2879,1.0
2019-04,1112,283.97384937238496,2868,0.9961792288989232,,0,,270.3817991631799,2868,0.9960634479564663,75.52615062761507,2868,0.9953108718304967
2019-04,1113,246.72758860319666,2878,0.9996526571726294,154.023106323836,2878,0.9994210952877157,61.97359277275886,2878,0.9996526571726294,184.909659485754,2878,0.9996526571726294
2019-04,1115,240.5125173852573,2876,0.9989579715178881,,0,,264.1199582753825,2876,0.9989579715178881,161.52746870653687,2876,0.9989579715178881
2019-04,1116,228.3805140673845,2879,0.9997684381150863,224.15908301493573,2879,1.0,167.22716220910038,2879,1.0,211.33865925668636,2879,1.0
2019-04,1117,85.10559221952067,2879,1.0,131.04063911080237,2879,1.0,,0,,225.29142063216395,2879,1.0
2019-04,1119,264.06573776348694,2799,0.9722125738103509,117.99178277956413,2799,0.9717494500405233,145.7809932118614,2799,0.9718652309829802,,0,
2019-04,1501,,0,,,0,,,0,,,0,
2019-04,1502,49.50890471950134,2246,0.7801319902744008,206.26313446126446,2246,0.7801319902744008,,0,,318.3723830734967,2245,0.7799004283894871
2019-04,1503,82.80540069686411,2870,0.9967581336112076,252.8780487804878,2870,0.993487321986801,,0,,334.7788617886179,2870,0.9967870788468218
2019-04,1504,,0,,,0,,,0,,,0,
2019-05,1001,100.65160744500847,2955,0.9990981850975088,171.55194585448393,2955,0.9993236388231316,132.24365482233503,2955,0.9993236388231316,101.5560067681895,2955,0.9993236388231316
2019-05,1002,134.9007104194858,2956,0.999436365685943,69.52198917456022,2956,0.9949272911734867,94.33897158322057,2956,0.9996618194115657,70.99120433017592,2956,0.9996618194115657
2019-05,1010,175.5066056910569,2952,0.8584150603088716,76.77710027100271,2952,0.9971254649983091,81.24661246612466,2952,0.9981963701950174,73.78116531165311,2952,0.49915454852891444
2019-05,1012,193.23441734417344,2952,0.9983090970578289,,0,,,0,,126.00880758807588,2952,0.9983090970578289
2019-05,1014,446.00452488687785,2431,0.6610585052417991,166.53294836956522,2944,0.9956036523503551,66.64861878453038,905,0.3060534325329726,227.26160337552741,474,0.16356667793935295
2019-05,1016,232.33333333333334,2943,0.6635103145079473,123.35653650254669,2945,0.9959418329387894,157.24855687606112,2945,0.9959418329387894,66.53005093378607,2945,0.9959418329387894
2019-05,1017,682.3240866035183,2956,0.9996618194115657,769.4304239963916,2956,0.9994927291173487,521.2611637347767,2956,0.9996618194115657,767.4705683355886,2956,0.9996618194115657
2019-05,1018,,0,,,0,,,0,,,0,
2019-05,1019,,0,0.0,,0,0.0,,0,0.0,,0,
2019-05,1021,113.92461799660441,2945,0.9959418329387894,150.58404074702887,2945,0.9959418329387894,44.903225806451616,2945,0.9959418329387894,160.74057724957555,2945,0.9959418329387894
2019-05,1028,,0,,37.62893934259573,2951,0.9957727426445722,202.43442900711622,2951,0.9979709164693946,203.86885801423247,2951,0.9979709164693946
2019-05,1029,,0,,285.4553299492386,2955,0.9992109119603201,46.843993231810494,2955,0.9981400067636118,243.9160744500846,2955,0.9993236388231316
2019-05,1031,114.40129781420765,2928,0.9821891556757976,125.94524053224156,2931,0.9881636794048022,225.24837939269875,2931,0.9912073047007102,174.67007847151143,2931,0.9912073047007102
2019-05,1032,102.46449530516432,2272,0.7751099086912411,192.6073407202216,2888,0.6655393980385526,38.422697927285085,2943,0.9952654717619208,255.50946905647615,2957,0.9602074174275731
2019-05,1033,162.12760150119414,2931,0.9880509525419907,71.62231320368475,2931,0.9912073047007102,104.77175025588537,2931,0.9912073047007102,56.22995564653702,2931,0.9912073047007102
2019-05,1034,176.6671181848967,2953,0.9945891105850524,213.6789705384355,2953,0.998478187352046,142.3806298679309,2953,0.9986472776462632,36.40162546562817,2953,0.9986472776462632
2019-05,1035,219.19857433808554,2946,0.9962800135272235,74.5040733197556,2946,0.9950963814677037,168.07586558044807,2946,0.9916582121519558,176.48947725729803,2946,0.9962800135272235
2019-05,1036,296.6679066621576,2957,0.9998309097057829,171.7478863713223,2957,0.9966181941156578,240.57253973621914,2957,0.9998872731371885,134.3072370645925,2957,0.9998872731371885
2019-05,1037,79.32228610077782,2957,0.9989854582346973,114.55258708150153,2957,0.9993236388231316,107.28982076428812,2957,1.0,118.67906662157593,2957,1.0
2019-05,1038,89.77815353398715,2957,1.0,288.7843535114418,2957,0.7496618194115657,107.4673655732161,2957,1.0,157.82651335813324,2957,1.0
2019-05,1039,,0,,,0,,,0,,,0,
2019-05,1040,167.86111111111111,2952,0.9983090970578289,178.54437669376694,2952,0.9983090970578289,190.3539972899729,2952,0.9983090970578289,52.820460704607044,2952,0.9983090970578289
2019-05,1042,,0,,,0,,,0,,,0,
2019-05,1043,21.701968771215206,2946,0.9962800135272235,367.55025380710657,2955,0.9993236388231316,270.7394247038917,2955,0.9993236388231316,825.3722504230118,2955,0.9993236388231316
2019-05,1044,,0,,,0,,,0,,,0,
2019-05,1047,122.8478187352046,2957,1.0,197.58775786269868,2957,1.0,126.99391274940818,2957,1.0,86.68075752451809,2957,1.0
2019-05,1048,,0,,281.03275332650975,2931,0.9912073047007102,73.08938928693279,2931,0.9912073047007102,163.7969976117366,2931,0.9912073047007102
2019-05,1051,142.33795669824087,2956,0.9996618194115657,,0,,150.68504736129904,2956,0.9996618194115657,87.29736129905277,2956,0.9996618194115657
2019-05,1053,61.06123139377537,2956,0.9996618194115657,96.57408660351827,2956,0.9950963814677037,138.88464140730719,2956,0.9996618194115657,63.081190798376184,2956,0.9996618194115657
2019-05,1054,60.2053450608931,2956,0.9996618194115657,161.51759133964816,2956,0.9992109119603201,126.26116373477673,2956,0.9996618194115657,113.85893098782138,2956,0.9996618194115657
2019-05,1057,93.12533875338754,2952,0.9983090970578289,224.43631436314362,2952,0.9976327358809605,107.20562330623306,2952,0.9981400067636118,201.96612466124662,2952,0.9983090970578289
2019-05,1058,,0,,,0,,,0,,,0,
2019-05,1059,,0,,,0,,,0,,,0,
2019-05,1065,,0,,,0,,,0,,,0,
2019-05,1066,69.45306675703152,2951,0.9979709164693946,220.48198350841523,2951,0.9978863713222861,68.63300576075906,2951,0.9979709164693946,206.86241951880717,2951,0.9979709164693946
2019-05,1067,115.01863143631437,2952,0.9983090970578289,383.4138437217706,2952,0.9604328711531958,182.00677506775068,2952,0.9983090970578289,170.80724932249322,2952,0.9983090970578289
2019-05,1068,,0,,216.6948865560447,2953,0.9986472776462632,107.90585844903488,2953,0.9824146094014203,249.2549949204199,2953,0.9986472776462632
2019-05,1069,,0,,,0,,,0,,,0,
2019-05,1070,147.55008460236886,2955,0.9992109119603201,172.30456852791878,2955,0.9993236388231316,257.7079526226734,2955,0.9993236388231316,161.02301184433165,2955,0.9993236388231316
2019-05,1071,233.49983079526226,2955,0.9993236388231316,115.38567399887198,2955,0.9968718295569834,236.0890016920474,2955,0.9993236388231316,383.83248730964465,2955,0.9993236388231316
2019-05,1072,351.033479878255,2957,0.9966858302333446,257.83970240108215,2957,1.0,365.8853567805208,2957,1.0,81.76116373477673,2956,0.9996618194115657
2019-05,1074,,0,,358.18261751775447,2957,0.9996618194115657,191.0515725397362,2957,0.9996618194115657,98.17010483598241,2957,1.0
2019-05,1075,218.0839590443686,2930,0.9908691241122759,83.16996587030717,2930,0.9905309435238417,,0,,627.560409556314,2930,0.9908691241122759
2019-05,1077,50.13084745762712,2950,0.9912073047007102,170.8496953283683,2954,0.9989854582346973,107.51895734597156,2954,0.9989854582346973,163.17535545023696,2954,0.9989854582346973
2019-05,1078,195.03572655444864,2911,0.9782437154773982,169.165922363449,2911,0.9844436929320257,,0,,111.8272071453109,2911,0.9844436929320257
2019-05,1079,99.02440677966102,2950,0.9976327358809605,143.42610169491525,2950,0.9976327358809605,,0,,250.21372881355933,2950,0.997520009018149
2019-05,1080,,0,,,0,0.0,,0,0.0,,0,0.0
2019-05,1081,159.68413933040245,2957,1.0,61.0483598241461,2957,0.9996618194115657,171.66080486980047,2957,1.0,63.57084883327697,2957,1.0
2019-05,1082,167.9320257017247,2957,1.0,113.04058167061211,2957,1.0,137.66655393980386,2957,1.0,90.20764288129861,2957,1.0
2019-05,1083,187.23368278660806,2957,1.0,87.12715590125127,2957,1.0,191.75701724721,2957,0.8216661030323525,97.98038552587082,2957,1.0
2019-05,1084,35.218876860622466,2956,0.9981400067636118,216.3961221959193,2957,0.9753973621914103,103.02029083530606,2957,1.0,211.4494420020291,2957,1.0
2019-05,1085,64.73114643219479,2957,0.9991545485289144,160.4276048714479,2956,0.9864727764626311,89.57625972269192,2957,1.0,159.15049036185323,2957,1.0
2019-05,1086,130.13318245125348,2872,0.9710291962574682,91.09888579387187,2872,0.9663510314507947,190.58461002785515,2872,0.9710291962574682,88.39310584958217,2872,0.9710855596888739
2019-05,1088,247.47074737910043,2957,1.0,157.4477510990869,2957,1.0,238.97159283057152,2957,1.0,7.414609401420359,2957,1.0
2019-05,1090,168.3124788637132,2957,0.9983090970578289,81.97835644234021,2957,1.0,175.39871491376394,2957,1.0,49.89651673993913,2957,1.0
2019-05,1092,189.58759742460182,2951,0.9979709164693946,147.06946797695696,2951,0.9979709164693946,264.50491358861404,2951,0.9979709164693946,159.25245679430702,2951,0.9979709164693946
2019-05,1093,152.36219141021306,2957,0.9976327358809605,166.02637808589787,2957,0.994476383722241,117.45214744673656,2957,1.0,86.23266824484274,2957,1.0
2019-05,1094,203.14720812182742,2955,0.9993236388231316,198.10490693739425,2955,0.9993236388231316,178.41167512690356,2955,0.9992109119603201,248.3171970209885,2954,0.9990700033818058
2019-05,1095,245.68642647674906,2387,0.8068988840040582,78.25755033557047,2384,0.8040243490023673,174.35422801851072,2377,0.8025025363544133,23.037193575655113,2366,0.8001352722353737
2019-05,1109,247.7881154499151,2945,0.9934054785255326,,0,,254.61358234295415,2945,0.9959418329387894,62.48522920203735,2945,0.9959418329387894
2019-05,1112,285.1972696245734,2930,0.9908691241122759,,0,,275.9795221843003,2930,0.9908691241122759,77.70511945392491,2930,0.9905309435238417
2019-05,1113,243.9250593421499,2949,0.9972945552925262,156.0386571719227,2949,0.9972945552925262,64.87182095625636,2949,0.9972945552925262,189.91658189216685,2949,0.9972945552925262
2019-05,1115,244.74949221394718,2954,0.9989854582346973,,0,,274.74069058903183,2954,0.9989854582346973,162.51421800947867,2954,0.9989854582346973
2019-05,1116,233.50929996618194,2957,1.0,234.14812309773419,2957,1.0,169.86709502874535,2957,1.0,216.15049036185323,2957,1.0
2019-05,1117,87.7825498816368,2957,1.0,136.04091985120053,2957,1.0,,0,,229.60128508623606,2957,1.0
2019-05,1119,270.5207100591716,2704,0.9142712208319242,120.24315321983715,2702,0.9137639499492729,146.73908216136195,2702,0.9136512230864614,,0,
2019-05,1501,,0,,,0,,,0,,,0,
2019-05,1502,50.839080459770116,2871,0.9709164693946567,213.04597701149424,2871,0.9709164693946567,,0,,326.34808362369336,2870,0.9705782888062225
2019-05,1503,98.27967257844475,2932,0.9913200315635217,254.51830377444293,2932,0.9905309435238417,,0,,364.51841746248294,2932,0.9915454852891444
2019-05,1504,,0,,,0,,,0,,,0,
2019-06,1001,98.608324625566,2871,0.9967581336112076,165.69940787182168,2871,0.9972212573810351,129.34900731452456,2871,0.9972212573810351,95.12225705329153,2871,0.9972212573810351
2019-06,1002,131.14290681502086,2876,0.9989579715178881,67.53633518776078,2876,0.9943267338196132,93.49652294853963,2876,0.9989579715178881,69.62030598052851,2876,0.9989579715178881
2019-06,1010,206.6443209447725,2879,0.9241634826907491,77.6571726293852,2879,0.9986106286905175,81.90517540812782,2879,1.0,74.62730114623133,2879,0.5
2019-06,1012,195.2451321279555,2876,0.9989579715178881,,0,,,0,,124.1029207232267,2876,0.9989579715178881
2019-06,1014,508.20782679171003,2879,0.7510420284821119,167.69885376866966,2879,1.0,60.500173671413684,2879,1.0,285.60230179028133,391,0.1572305198564316
2019-06,1016,228.75505857294993,2817,0.6526571726293852,116.47383309759547,2828,0.9820250086835707,153.04810753448885,2827,0.9820539539191849,62.51114255394411,2827,0.981938172976728
2019-06,1017,497.29102920723227,2876,0.9990737524603451,39.23888683659648,2707,0.8956234803751303,444.53231410701875,2878,0.9996526571726294,785.2387074357192,2878,0.9996526571726294
2019-06,1018,,0,,,0,,,0,,,0,
2019-06,1019,,0,0.0,,0,0.0,,0,0.0,,0,
2019-06,1021,111.848,2875,0.9986106286905175,141.36382608695652,2875,0.9984369572768322,42.84069565217391,2875,0.9986106286905175,162.08591304347826,2875,0.9986106286905175
2019-06,1028,,0,,36.71398674572724,2867,0.9946161861757554,211.00697593303104,2867,0.9958318860715526,210.2929891873038,2867,0.9958318860715526
2019-06,1029,,0,,293.8759986106287,2879,1.0,44.86314692601598,2879,0.9989579715178881,254.01215699895798,2879,1.0
2019-06,1031,105.93061366806137,2868,0.9821697348616417,128.04339491111887,2869,0.9938636100497859,238.46485734168405,2874,0.9982632858631469,216.8535142658316,2874,0.9982632858631469
2019-06,1032,101.76632047477744,2696,0.9376519624869747,264.20716783216784,2860,0.8692833159661919,39.9385203195554,2879,1.0,206.10837096213965,2879,0.9938636100497859
2019-06,1033,153.14379993053143,2879,0.9983790668056038,73.16498784300104,2879,1.0,103.15352552969782,2879,0.9997684381150863,55.6866967697117,2879,1.0
2019-06,1034,172.70973717726062,2879,0.9907954150746787,207.82667592914206,2879,1.0,143.80896144494616,2879,1.0,35.81903438693991,2879,1.0
2019-06,1035,220.6705020920502,2868,0.9961792288989232,72.49058577405857,2868,0.9961792288989232,167.94785490059294,2867,0.9957161051290957,173.3920474363446,2867,0.9958318860715526
2019-06,1036,293.7531337047354,2872,0.9975686002084057,183.55954038997214,2872,0.997337038323492,232.43976323119776,2872,0.9975686002084057,119.86176880222841,2872,0.9975686002084057
2019-06,1037,78.44537230340988,2874,0.9975686002084057,111.79958246346555,2874,0.9972212573810351,107.31210855949895,2874,0.9982632858631469,117.03897007654837,2874,0.9982632858631469
2019-06,1038,87.61404728789987,2876,0.9989579715178881,281.8840982846546,2876,0.7492184786384161,106.07093184979138,2876,0.9989579715178881,144.80111265646732,2876,0.9989579715178881
2019-06,1039,,0,,,0,,,0,,,0,
2019-06,1040,165.03855505383814,2879,1.0,172.79923584577978,2879,1.0,194.05418548106982,2879,1.0,52.56721083709621,2879,1.0
2019-06,1042,,0,,,0,,,0,,,0,
2019-06,1043,21.896695652173914,2875,0.9986106286905175,365.8313630041725,2876,0.9989579715178881,267.6189151599444,2876,0.9989579715178881,826.910242400159,2876,0.9986106286905175
2019-06,1044,,0,,,0,,,0,,,0,
2019-06,1047,123.53142458100558,2864,0.9947898575894408,199.05935754189943,2864,0.9947898575894408,127.14210893854748,2864,0.9947898575894408,86.24022346368714,2864,0.9947898575894408
2019-06,1048,,0,,280.89541547277935,2792,0.9697811740187565,69.1525787965616,2792,0.9697811740187565,162.9208452722063,2792,0.9697811740187565
2019-06,1051,141.48104347826086,2875,0.9986106286905175,,0,,151.75965217391305,2875,0.9986106286905175,87.81391304347827,2875,0.9986106286905175
2019-06,1053,62.40857142857143,2800,0.9725599166377215,93.88678571428571,2800,0.9725599166377215,139.28892857142858,2800,0.9725599166377215,62.33,2800,0.9708232025008684
2019-06,1054,58.549320320669224,2869,0.9965265717262939,155.9599163471593,2869,0.9962950098413802,123.80585569884977,2869,0.9965265717262939,110.76324965132497,2868,0.9961792288989232
2019-06,1057,87.69885376866968,2879,1.0,238.01042028482112,2879,1.0,103.17992358457798,2879,1.0,201.24313997915942,2879,1.0
2019-06,1058,,0,,,0,,,0,,,0,
2019-06,1059,,0,,,0,,,0,,,0,
2019-06,1065,,0,,,0,,,0,,,0,
2019-06,1066,67.44521981856245,2866,0.995484543244182,199.67829727843684,2866,0.9953977075373394,66.10013956734124,2866,0.995484543244182,205.16573621772505,2866,0.995484543244182
2019-06,1067,107.18311327310633,2878,0.9996526571726294,389.86159369932824,2878,0.9732546022924626,196.46803335649756,2878,0.9996526571726294,174.8525017373176,2878,0.9995368762301725
2019-06,1068,,0,,218.1288641889545,2879,1.0,107.40395970823202,2879,0.9793331017714484,248.782563390066,2879,1.0
2019-06,1069,,0,,,0,,,0,,,0,
2019-06,1070,147.20844923504868,2876,0.9988421905754312,169.778859527121,2876,0.9989579715178881,252.4412378303199,2876,0.9989579715178881,160.0260778859527,2876,0.9989579715178881
2019-06,1071,240.46613407433136,2879,1.0,111.62741692717378,2879,0.9987843001042028,227.36262591177493,2879,1.0,411.7526919069121,2879,1.0
2019-06,1072,351.0039820951052,2867,0.9576936436262591,258.2669225401256,2866,0.995484543244182,362.9483600837404,2866,0.995484543244182,79.28890439637125,2866,0.995484543244182
2019-06,1074,,0,,368.7330447330447,2079,0.7221257381035081,193.97041847041848,2079,0.7220099571610512,98.54834054834055,2079,0.7221257381035081
2019-06,1075,222.6039638386648,2876,0.9989579715178881,85.92906815020862,2876,0.9987843001042028,,0,,631.7945062586926,2876,0.9989579715178881
2019-06,1077,47.64141765114663,2878,0.9982632858631469,174.6394581451893,2879,1.0,105.1559569294894,2879,1.0,166.13025356026398,2879,1.0
2019-06,1078,202.84371736860425,2873,0.6682875998610629,171.95196658545075,2873,0.9979159430357764,,0,,114.83988861816916,2873,0.9979159430357764
2019-06,1079,96.36256448047163,2714,0.9426884334838486,142.9108327192336,2714,0.9426884334838486,,0,,252.10224760501106,2714,0.9425726525413917
2019-06,1080,,0,,,0,0.0,,0,0.0,,0,0.0
2019-06,1081,167.29489406043766,2879,1.0,61.679749913164294,2879,1.0,172.1547412295936,2879,0.9993053143452588,64.57415769364363,2879,1.0
2019-06,1082,165.83987495658215,2879,1.0,112.85620006946857,2879,1.0,134.8343174713442,2879,1.0,78.17297672803056,2879,1.0
2019-06,1083,192.53983994432846,2874,0.9980317239782333,83.54627696590119,2874,0.9982632858631469,204.71398747390396,2874,0.7172629385203195,92.6134307585247,2874,0.9980896144494616
2019-06,1084,36.320597429663074,2879,0.9996526571726294,216.92578441588515,2879,0.9772490448072247,102.95380340395971,2879,1.0,243.37547759638764,2879,1.0
2019-06,1085,64.07745745050364,2879,0.9982632858631469,160.99536876230172,2879,0.9907954150746787,91.31226120180618,2879,1.0,161.65022577283779,2879,1.0
2019-06,1086,129.5122307411464,2739,0.951372004168114,90.6210295728368,2739,0.951372004168114,187.7466228550566,2739,0.951372004168114,87.09273457466229,2739,0.951372004168114
2019-06,1088,248.92393192080584,2879,1.0,158.6724557137895,2879,1.0,243.53143452587705,2879,1.0,7.076415422021535,2879,1.0
2019-06,1090,163.34143799930533,2879,0.9989579715178881,82.69781174018756,2879,1.0,168.74748176450157,2879,1.0,29.739145536644667,2879,1.0
2019-06,1092,185.77742946708463,2871,0.9972212573810351,146.9007314524556,2871,0.9972212573810351,263.30407523510974,2871,0.9972212573810351,155.4966910484152,2871,0.9972212573810351
2019-06,1093,149.2599861062869,2879,0.995484543244182,163.11660285415942,2873,0.9953687623017251,112.91594303577631,2879,1.0,81.38832928100035,2879,1.0
2019-06,1094,194.6134074331365,2879,1.0,195.95345606113233,2879,1.0,172.41437999305313,2879,1.0,245.72108370962138,2879,1.0
2019-06,1095,,0,0.0,,0,0.0,,0,0.0,,0,0.0
2019-06,1109,244.34411969380653,2874,0.9967002431399792,,0,,252.35386221294362,2874,0.9982632858631469,59.87473903966597,2874,0.9982632858631469
2019-06,1112,284.21778395276135,2879,1.0,,0,,280.71361583883294,2879,0.9995368762301725,76.69329628343175,2879,1.0
2019-06,1113,244.4692601597777,2879,1.0,149.7777005904828,2879,1.0,61.84265369920111,2879,1.0,192.49704758596735,2879,1.0
2019-06,1115,245.31330323028828,2879,1.0,,0,,273.98853768669676,2879,1.0,160.14032650225772,2879,1.0
2019-06,1116,227.71473354231975,2871,0.9972212573810351,231.51166840822015,2871,0.9972212573810351,160.92615813305468,2871,0.9968739145536645,214.33368164402648,2871,0.9972212573810351
2019-06,1117,87.96665508857242,2879,1.0,134.56477943730462,2879,0.9991316429315734,,0,,223.78047933310177,2879,1.0
2019-06,1119,268.2372351510941,2879,1.0,118.66759291420632,2879,0.9997684381150863,147.45067731851339,2879,0.9994210952877157,,0,
2019-06,1501,,0,,,0,,,0,,,0,
2019-06,1502,49.92575322812051,2788,0.968391802709274,209.20803443328552,2788,0.9524140326502257,,0,,334.70936490850374,2787,0.9680444598819035
2019-06,1503,216.019123783032,2876,0.9989579715178881,251.81235512285582,2876,0.9982632858631469,,0,,350.68984700973573,2876,0.9989579715178881
2019-06,1504,,0,,,0,,,0,,,0,
2019-07,1001,104.7218018018018,2775,0.9326610644257702,171.84864864864866,2775,0.9327731092436975,135.5827027027027,2775,0.9327731092436975,91.29153153153153,2775,0.9327731092436975
2019-07,1002,143.20450723175244,2973,0.999327731092437,70.77497477295661,2973,0.9946218487394958,99.40396905482677,2973,0.999327731092437,74.45745038681467,2973,0.999327731092437
2019-07,1010,229.3495544893763,2918,0.9806162464985995,78.54629629629629,2916,0.9771428571428571,84.18585582507687,2927,0.9829691876750701,75.07687051588657,2927,0.4919327731092437
2019-07,1012,201.6749663526245,2972,0.9989915966386554,,0,,,0,,128.23519515477793,2972,0.9989915966386554
2019-07,1014,589.2717086834733,2975,0.7502521008403361,169.77781512605043,2975,1.0,63.105210084033615,2975,1.0,0.35,90,0.05400560224089636
2019-07,1016,223.55466621253407,2936,0.8844817927170869,125.74626194491287,2965,0.9942857142857143,167.06644182124788,2965,0.9966386554621849,66.55345699831366,2965,0.9966386554621849
2019-07,1017,492.3322113766409,2971,0.998655462184874,8.769417475728156,2472,0.740672268907563,445.821608885897,2971,0.998655462184874,811.8700774150118,2971,0.998655462184874
2019-07,1018,,0,,,0,,,0,,,0,
2019-07,1019,,0,0.0,,0,0.0,,0,0.0,,0,
2019-07,1021,117.04168067226891,2975,1.0,141.04235294117646,2975,0.9998319327731092,44.721008403361346,2975,1.0,162.18050420168066,2975,1.0
2019-07,1028,,0,,39.462445267766924,2969,0.9968067226890757,211.96194004715392,2969,0.9979831932773109,213.12832603570226,2969,0.9979831932773109
2019-07,1029,,0,,294.24667221297835,2404,0.8030252100840336,46.03119800332779,2404,0.8077310924369748,252.77995008319468,2404,0.8080672268907563
2019-07,1031,111.45155300472653,2962,0.9821848739495799,132.54620573355817,2965,0.9958543417366946,248.3977770293028,2969,0.9979831932773109,193.32468844728865,2969,0.9979831932773109
2019-07,1032,109.10565826330532,2975,0.9960504201680672,295.3468907563025,2975,0.999327731092437,41.35596638655462,2975,1.0,248.47663865546218,2975,1.0
2019-07,1033,151.05904183535762,2964,0.9949579831932773,74.85155195681511,2964,0.9963025210084033,104.48987854251013,2964,0.9959663865546219,57.96862348178138,2964,0.9963025210084033
2019-07,1034,180.17942664418212,2965,0.9948739495798319,212.85160202360876,2965,0.9966386554621849,147.78947368421052,2964,0.9963025210084033,38.21727395411606,2964,0.9963025210084033
2019-07,1035,227.11451667228022,2969,0.9979831932773109,72.32670932974065,2969,0.9979831932773109,172.3108790838666,2969,0.996078431372549,178.87504210171775,2969,0.9979831932773109
2019-07,1036,308.4554355165429,2962,0.9956302521008403,197.37643484132343,2962,0.995406162464986,219.28831870357865,2962,0.9956302521008403,129.31397704253882,2962,0.9956302521008403
2019-07,1037,85.6570178391114,2971,0.9981512605042017,117.7295523392797,2971,0.9984313725490197,113.70683271625715,2971,0.998655462184874,120.82800403904409,2971,0.998655462184874
2019-07,1038,91.48906828119745,2973,0.999327731092437,293.61666106065707,2973,0.7494957983193278,111.66666666666667,2973,0.999327731092437,150.56542213252607,2973,0.999327731092437
2019-07,1039,,0,,,0,,,0,,,0,
2019-07,1040,171.14338606529788,2971,0.998655462184874,177.6869740828004,2971,0.998655462184874,200.98182430158195,2971,0.998655462184874,53.836755301245375,2971,0.998655462184874
2019-07,1042,,0,,,0,,,0,,,0,
2019-07,1043,22.332548755884332,2974,0.9996638655462184,374.9294117647059,2975,1.0,276.9236974789916,2975,1.0,856.6725570228092,2975,0.9999159663865547
2019-07,1044,,0,,,0,,,0,,,0,
2019-07,1047,120.50531161473087,2824,0.9489075630252101,213.43408929836994,2822,0.9299159663865546,125.84544487770295,2821,0.9477310924369748,87.46560283687943,2820,0.9299159663865546
2019-07,1048,,0,,284.7219015280136,2945,0.9899159663865547,72.81052631578947,2945,0.9894117647058823,166.38858695652175,2944,0.9895798319327731
2019-07,1051,147.758356545961,2872,0.9653781512605042,,0,,156.9662726008345,2876,0.9660504201680672,90.4921630094044,2871,0.9650420168067226
2019-07,1053,63.38823529411765,2975,1.0,97.16605042016806,2975,1.0,143.2231932773109,2975,1.0,61.6309243697479,2975,1.0
2019-07,1054,58.91717171717172,2970,0.9983193277310924,164.67760942760944,2970,0.9978711484593837,127.48686868686869,2970,0.9983193277310924,118.27306397306397,2970,0.9983193277310924
2019-07,1057,91.4527731092437,2975,1.0,268.22319327731094,2975,1.0,106.51932773109243,2975,1.0,215.9744537815126,2975,1.0
2019-07,1058,,0,,,0,,,0,,,0,
2019-07,1059,,0,,,0,,,0,,,0,
2019-07,1065,,0,,,0,,,0,,,0,
2019-07,1066,68.25423155044008,2954,0.9929411764705882,201.583615436696,2954,0.9927731092436974,69.17603249830738,2954,0.9929411764705882,216.03554502369667,2954,0.9929411764705882
2019-07,1067,111.78842919609822,2973,0.999327731092437,411.560376723848,2973,0.9921848739495799,146.93541876892027,2973,0.999327731092437,181.07332660612175,2973,0.999327731092437
2019-07,1068,,0,,222.7989898989899,2970,0.9983193277310924,111.08619528619529,2970,0.9843697478991597,262.2141414141414,2970,0.9983193277310924
2019-07,1069,,0,,,0,,,0,,,0,
2019-07,1070,149.42640619737284,2969,0.9979831932773109,171.16537554732233,2969,0.9979831932773109,254.1586392724823,2969,0.9979831932773109,165.6008757157292,2969,0.9979831932773109
2019-07,1071,244.829243697479,2975,1.0,114.03025210084034,2975,0.9998319327731092,232.1126050420168,2975,1.0,415.2685714285714,2975,1.0
2019-07,1072,368.71036250457706,2731,0.9179831932773109,269.4525814719883,2731,0.9179831932773109,378.0995972171366,2731,0.9179831932773109,83.3127059685097,2731,0.9179831932773109
2019-07,1074,,0,,364.53522076171214,2967,0.9973109243697479,192.8237276710482,2967,0.9973109243697479,102.38591169531513,2967,0.9973109243697479
2019-07,1075,228.637314439946,2964,0.9963025210084033,86.82456140350877,2964,0.9963025210084033,,0,,662.9342105263158,2964,0.9963025210084033
2019-07,1077,50.72840336134454,2975,0.9976470588235294,169.5435294117647,2975,1.0,103.45109243697479,2975,1.0,178.66117647058823,2975,1.0
2019-07,1078,213.55721979131604,2971,0.666218487394958,172.79683821056173,2973,0.999327731092437,,0,,124.92869155734948,2973,0.999327731092437
2019-07,1079,97.96886632825719,2955,0.9932773109243698,144.9475465313029,2955,0.9932773109243698,,0,,259.08020304568527,2955,0.9932773109243698
2019-07,1080,,0,,,0,0.0,,0,0.0,,0,0.0
2019-07,1081,176.88517148621386,2974,0.9994397759103641,63.1906523201076,2974,0.9996638655462184,179.4899125756557,2974,0.9996638655462184,70.16543375924681,2974,0.9996638655462184
2019-07,1082,173.369243697479,2975,0.9995518207282913,118.76235294117647,2975,1.0,144.31193277310925,2975,1.0,81.40773109243698,2975,1.0
2019-07,1083,186.5043771043771,2970,0.9979831932773109,91.60815363881402,2968,0.9974789915966387,179.92074198988195,2965,0.9968627450980392,103.19615773508595,2967,0.9971428571428571
2019-07,1084,39.15529411764706,2975,0.9996638655462184,225.586106442577,2975,0.9882352941176471,109.09008403361345,2975,1.0,256.0490756302521,2975,1.0
2019-07,1085,66.95784148397976,2965,0.9952941176470588,166.83394999439398,2973,0.9912605042016807,92.18028927009755,2973,0.999327731092437,164.77161116717122,2973,0.999327731092437
2019-07,1086,136.82990212622343,2963,0.9959663865546219,96.95882551468107,2963,0.9957983193277311,198.11711103611205,2963,0.9959663865546219,92.50961862976713,2963,0.9959663865546219
2019-07,1088,251.30059419783294,2861,0.9616806722689075,159.41698706745893,2861,0.9616806722689075,244.85914016078294,2861,0.9616806722689075,7.777001048584411,2861,0.9616806722689075
2019-07,1090,168.5972409152086,2972,0.9982072829131652,85.89872139973082,2972,0.998655462184874,173.92095526404304,2973,0.999327731092437,15.91422805247225,2973,0.999327731092437
2019-07,1092,194.58140056022407,2975,0.9996638655462184,148.24100840336135,2975,1.0,276.3398319327731,2975,1.0,157.91563025210084,2975,1.0
2019-07,1093,148.49714285714285,2975,0.9957422969187676,152.79680134680135,2970,0.9967507002801121,122.99293880295897,2974,0.9983193277310924,79.71948752528658,2966,0.9922689075630252
2019-07,1094,200.42384667571235,2948,0.9918207282913165,202.18655462184873,2975,0.9964145658263306,177.51731092436975,2975,1.0,249.57579831932773,2975,1.0
2019-07,1095,,0,0.0,,0,0.0,,0,0.0,,0,0.0
2019-07,1109,261.72218445501926,2942,0.9885714285714285,,0,,267.01223657375937,2942,0.9889075630252101,66.43813732154996,2942,0.9889075630252101
2019-07,1112,295.35865546218486,2975,1.0,,0,,290.3055462184874,2975,1.0,79.2618487394958,2975,1.0
2019-07,1113,249.6143147896879,2948,0.9909243697478992,158.58649932157394,2948,0.9909243697478992,65.64145183175035,2948,0.9909243697478992,196.28062436375976,2947,0.9905882352941177
2019-07,1115,253.87932773109245,2975,1.0,,0,,281.54285714285714,2975,1.0,166.16605042016806,2975,1.0
2019-07,1116,237.45173225697948,2973,0.999327731092437,247.4342415068954,2973,0.999327731092437,166.2576522031618,2973,0.999327731092437,218.7013118062563,2973,0.999327731092437
2019-07,1117,88.31561238223419,2972,0.9989915966386554,136.0763795423957,2972,0.998655462184874,,0,,240.5605652759085,2972,0.9989915966386554
2019-07,1119,280.32268907563025,2975,1.0,123.23025210084033,2975,1.0,155.0383193277311,2975,1.0,,0,
2019-07,1501,,0,,,0,,,0,,,0,
2019-07,1502,51.29993252361673,2964,0.9963025210084033,206.92763157894737,2964,0.9098039215686274,,0,,333.1679041511981,2963,0.9958543417366946
2019-07,1503,241.61512605042017,2975,1.0,258.20358543417365,2975,0.9998319327731092,,0,,368.632268907563,2975,1.0
2019-07,1504,,0,,,0,,,0,,,0,
2019-08,1001,102.23654104979812,2972,0.9984313725490197,165.628532974428,2972,0.9989915966386554,131.74327052489906,2972,0.9989915966386554,88.77422611036339,2972,0.9989915966386554
2019-08,1002,140.97441077441079,2970,0.9983193277310924,68.36885521885522,2970,0.9923809523809525,97.60909090909091,2970,0.9983193277310924,72.15420875420875,2970,0.9983193277310924
2019-08,1010,230.28890023833844,2937,0.9871148459383753,76.64237057220708,2936,0.980672268907563,76.97683923705722,2936,0.986890756302521,63.71934604904632,2936,0.4934453781512605
2019-08,1012,197.74764468371467,2972,0.9988235294117647,,0,,,0,,127.57368775235531,2972,0.9989915966386554
2019-08,1014,651.4143417366947,2975,0.7509243697478991,175.48840336134452,2975,1.0,72.59966386554622,2975,1.0,14.311764705882354,340,0.13859943977591035
2019-08,1016,210.46276954177898,2968,0.8274509803921568,124.21731805929919,2968,0.9976470588235294,168.41307277628033,2968,0.9976470588235294,66.28571428571429,2968,0.9976470588235294
2019-08,1017,515.2914285714286,2975,1.0,65.16860324376664,2754,0.8916806722689076,401.42957983193276,2975,1.0,850.0621848739496,2975,1.0
2019-08,1018,,0,,,0,,,0,,,0,
2019-08,1019,,0,0.0,,0,0.0,,0,0.0,,0,
2019-08,1021,115.3529411764706,2975,1.0,141.7233613445378,2975,0.9998319327731092,43.16627318718381,2965,0.9966386554621849,161.48638655462184,2975,0.9998319327731092
2019-08,1028,,0,,37.94952893674294,2972,0.9981512605042017,212.81022880215343,2972,0.9989915966386554,215.12954239569314,2972,0.9989915966386554
2019-08,1029,,0,,296.77122641509436,2968,0.9971988795518206,44.828504043126685,2968,0.9969747899159664,255.52122641509433,2968,0.9976470588235294
2019-08,1031,111.7997642303806,2969,0.9846498599439777,133.8154701718908,2967,0.9948459383753501,240.82339063026626,2967,0.9973109243697479,184.4031007751938,2967,0.9973109243697479
2019-08,1032,112.01874856222682,2898,0.9690756302521009,285.385955831608,2898,0.9740056022408963,39.20634920634921,2898,0.9741176470588235,172.1311249137336,2898,0.9741176470588235
2019-08,1033,145.98605042016806,2975,0.9983193277310924,74.74689075630252,2975,1.0,103.77176470588235,2975,1.0,60.77075630252101,2975,1.0
2019-08,1034,174.15887955182075,2975,0.999327731092437,209.15764705882353,2975,1.0,143.61310924369747,2975,1.0,36.20739495798319,2975,1.0
2019-08,1035,225.9228772710419,2697,0.9065546218487395,73.18655462184874,2975,0.999327731092437,161.22924369747898,2975,0.9887955182072828,166.97579831932774,2975,1.0
2019-08,1036,299.3495798319328,2975,1.0,183.9710924369748,2975,0.9996638655462184,212.11932773109243,2975,1.0,128.33411764705883,2975,1.0
2019-08,1037,85.85848739495799,2975,1.0,112.82554621848739,2975,0.9995518207282913,109.20268907563025,2975,1.0,118.05747899159664,2975,1.0
2019-08,1038,89.16840336134453,2975,1.0,286.03282913165265,2975,0.7502521008403361,106.78621848739496,2975,1.0,149.76302521008404,2975,1.0
2019-08,1039,,0,,,0,,,0,,,0,
2019-08,1040,166.12185886402753,2905,0.9763585434173669,200.20175740868368,2902,0.7147338935574229,194.99638305201515,2903,0.9759103641456583,51.758003442340794,2905,0.9761344537815126
2019-08,1042,,0,,,0,,,0,,,0,
2019-08,1043,21.8382949932341,2956,0.9936134453781512,369.59370771312587,2956,0.9936134453781512,276.0575101488498,2956,0.9936134453781512,810.0587280108255,2956,0.9934873949579832
2019-08,1044,,0,,,0,,,0,,,0,
2019-08,1047,119.47126436781609,2871,0.9635294117647059,204.35040055729712,2871,0.9650420168067226,123.81678857540926,2871,0.9650420168067226,92.85823754789271,2871,0.9650420168067226
2019-08,1048,,0,,286.1368067226891,2975,1.0,67.13176470588235,2975,1.0,164.35731092436976,2975,1.0
2019-08,1051,139.89915966386553,2975,1.0,,0,,153.0675630252101,2975,1.0,87.45445378151261,2975,1.0
2019-08,1053,62.97612642905178,2974,0.9996638655462184,94.68997982515131,2974,0.9996638655462184,142.50134498991258,2974,0.9996638655462184,57.27067921990585,2974,0.9926050420168068
2019-08,1054,58.11126050420168,2975,1.0,162.00890756302522,2975,0.9995518207282913,125.9818487394958,2975,1.0,114.30521008403362,2975,1.0
2019-08,1057,89.75942126514131,2972,0.9989915966386554,291.3169582772544,2972,0.9989915966386554,105.88156123822341,2972,0.9989915966386554,214.23082099596232,2972,0.9989915966386554
2019-08,1058,,0,,,0,,,0,,,0,
2019-08,1059,,0,,,0,,,0,,,0,
2019-08,1065,,0,,,0,,,0,,,0,
2019-08,1066,68.36952124072825,2966,0.9969747899159664,197.07754551584625,2966,0.9969747899159664,68.26500337154417,2966,0.9969747899159664,211.0,2966,0.9969747899159664
2019-08,1067,109.25193407332661,2973,0.999327731092437,401.0568449377733,2973,0.999327731092437,111.016818028927,2973,0.999327731092437,180.34207870837537,2973,0.999327731092437
2019-08,1068,,0,,221.25118163403107,2962,0.9956302521008403,109.78089128966914,2962,0.9783193277310924,258.9952702702703,2960,0.9951820728291316
2019-08,1069,,0,,,0,,,0,,,0,
2019-08,1070,150.2346218487395,2975,1.0,168.2981512605042,2975,1.0,248.71529411764706,2975,1.0,163.89042016806724,2975,1.0
2019-08,1071,240.74476704929103,2962,0.9956302521008403,113.70549178483007,2962,0.9947899159663866,231.34537474679271,2962,0.9956302521008403,407.229912221472,2962,0.9956302521008403
2019-08,1072,364.71362994350284,2832,0.9519327731092437,266.5321327683616,2832,0.9519327731092437,373.833686440678,2832,0.9519327731092437,82.04908192090396,2832,0.9519327731092437
2019-08,1074,,0,,363.521650879567,2956,0.9932773109243698,189.48012129380055,2968,0.9970868347338936,101.81233153638814,2968,0.9976470588235294
2019-08,1075,224.99697071693032,2971,0.998655462184874,85.28441602154157,2971,0.998655462184874,,0,,659.3601480982834,2971,0.998655462184874
2019-08,1077,49.15794802564968,2963,0.9926050420168068,165.83232323232323,2970,0.9983193277310924,101.96936026936027,2970,0.9983193277310924,175.3892255892256,2970,0.9983193277310924
2019-08,1078,213.759742460183,2951,0.6624089635854341,172.25786802030456,2955,0.9932773109243698,,0,,149.253807106599,2955,0.993109243697479
2019-08,1079,90.9398319327731,2975,1.0,148.31159663865546,2975,1.0,,0,,262.17915966386556,2975,1.0
2019-08,1080,,0,,154.55947207468213,2071,0.6950420168067227,128.62337035248672,2071,0.6961344537815126,355.62723322066637,2071,0.6961344537815126
2019-08,1081,171.88892628744532,2971,0.998655462184874,62.242760942760945,2970,0.9983193277310924,174.62895622895624,2970,0.9983193277310924,68.37508417508417,2970,0.9983193277310924
2019-08,1082,168.54336134453783,2975,0.9882352941176471,115.62890756302521,2975,0.9988235294117647,137.67176470588234,2975,0.9998879551820727,78.60067226890756,2975,1.0
2019-08,1083,182.92561638111158,2393,0.8043697478991597,88.8269954032595,2393,0.8043697478991597,175.63252508361205,2392,0.8040336134453782,97.78971571906355,2392,0.8040336134453782
2019-08,1084,42.1509243697479,2975,1.0,216.49915966386556,2975,0.988655462184874,103.78218487394957,2975,1.0,256.86252100840335,2975,1.0
2019-08,1085,62.38823529411765,2975,1.0,173.2280112044818,2975,0.992436974789916,92.31798319327731,2975,1.0,161.25042016806722,2975,1.0
2019-08,1086,133.52582962709545,2923,0.9825210084033613,93.34348272322956,2923,0.9823529411764705,190.59151556619912,2923,0.9825210084033613,90.12521382141635,2923,0.9825210084033613
2019-08,1088,238.65546218487395,2975,1.0,156.8020168067227,2975,0.9921008403361344,249.98386554621848,2975,1.0,7.74890756302521,2975,1.0
2019-08,1090,167.21731092436974,2975,0.9989915966386554,81.01915966386555,2975,1.0,173.7455462184874,2975,1.0,46.17378151260504,2975,1.0
2019-08,1092,188.70857142857142,2975,1.0,147.72941176470587,2975,1.0,264.2904201680672,2975,1.0,155.6218487394958,2975,1.0
2019-08,1093,148.00386944818305,2972,0.990140056022409,142.76756023074313,2947,0.9903641456582634,119.62184449680242,2971,0.9910364145658264,82.83282051282052,2925,0.9741176470588235
2019-08,1094,200.99402460456943,2845,0.9611204481792718,198.0543771043771,2970,0.987563025210084,171.57864600875715,2969,0.9980952380952381,250.81245791245792,2970,0.9983193277310924
2019-08,1095,,0,0.0,,0,0.0,,0,0.0,,0,0.0
2019-08,1109,256.3100280112045,2975,0.9989075630252101,,0,,259.74050420168066,2975,1.0,61.68773109243698,2975,1.0
2019-08,1112,290.0870891223314,2951,0.9919327731092437,,0,,286.6080080753701,2972,0.9989915966386554,77.3206594885599,2972,0.9989915966386554
2019-08,1113,245.52893674293406,2972,0.9989915966386554,152.63896366083446,2972,0.9989915966386554,62.143337819650064,2972,0.9989915966386554,199.7378869448183,2972,0.9989915966386554
2019-08,1115,247.58944182918628,2974,0.9996638655462184,,0,,295.07296570275724,2974,0.9996638655462184,163.6086079354405,2974,0.9996638655462184
2019-08,1116,227.98010788941335,2966,0.9969747899159664,240.08664868509777,2966,0.9969747899159664,162.72218476062037,2966,0.9969747899159664,214.6888064733648,2966,0.9969747899159664
2019-08,1117,84.1272298889263,2971,0.998655462184874,132.84584315045439,2971,0.998655462184874,,0,,234.7923258162235,2971,0.998655462184874
2019-08,1119,274.35058823529414,2975,1.0,119.89310924369748,2975,1.0,150.22067226890755,2975,0.9996638655462184,,0,
2019-08,1501,,0,,,0,,,0,,,0,
2019-08,1502,51.80249831195138,2962,0.9952941176470588,221.16019581363943,2962,0.9941736694677871,,0,,282.5286968264686,2962,0.9956302521008403
2019-08,1503,197.61890346451395,2973,0.999327731092437,259.0256755241619,2973,0.9985714285714286,,0,,372.45475950218633,2973,0.999327731092437
2019-08,1504,,0,,,0,,,0,,,0,
2019-09,1001,101.58504347826087,2875,0.996993872123945,165.99408901251738,2876,0.997571973638571,131.4242002781641,2876,0.9971094924268701,89.76747826086957,2875,0.9972251127297953
2019-09,1002,139.16235207100593,2704,0.9377962770262458,67.62708102108768,2703,0.9345589085443404,95.77071005917159,2704,0.937911897329171,72.34541420118343,2704,0.937911897329171
2019-09,1010,218.1803676725633,2883,1.0,74.25979882067291,2883,0.9972251127297953,114.82656954561222,2883,1.0,352.6139438085328,2883,0.9774540409295872
2019-09,1012,191.69777931991672,2882,0.9996531390912244,,0,,,0,,127.58848022206801,2882,0.9996531390912244
2019-09,1014,608.1803676725633,2883,0.75,177.95629552549428,2883,1.0,75.7443635102324,2883,1.0,3.3133333333333335,375,0.14498785986819285
2019-09,1016,212.03591352859135,2868,0.7561567811307666,120.92259414225941,2868,0.9947103711411724,164.05788005578802,2868,0.9947970863683663,65.27719665271967,2868,0.9947970863683663
2019-09,1017,522.7601527247483,2881,0.9993062781824489,728.4831655675113,2881,0.9993062781824489,457.1818812912183,2881,0.9993062781824489,804.543908365151,2881,0.9993062781824489
2019-09,1018,,0,,,0,,,0,,,0,
2019-09,1019,,0,0.0,,0,0.0,,0,0.0,,0,
2019-09,1021,110.81026708289976,2883,0.9998265695456122,139.39091224419008,2883,0.9996531390912244,42.73777315296566,2883,1.0,155.62157474852583,2883,1.0
2019-09,1028,,0,,33.61498439125911,2883,0.9963579604578564,214.27020464793617,2883,1.0,198.5924384321887,2883,1.0
2019-09,1029,,0,,283.5687022900763,2882,0.9996531390912244,45.9882026370576,2882,0.9987859868192854,240.6145038167939,2882,0.9996531390912244
2019-09,1031,107.47711015736766,2796,0.9535206382240722,130.9618962432916,2795,0.9668169730604694,217.39778016469745,2793,0.9687825182101977,182.0234598853868,2792,0.9684356573014221
2019-09,1032,106.57661103384329,2876,0.9930627818244884,280.21018776077887,2876,0.9972251127297953,40.73678720445063,2876,0.997571973638571,198.42246175243395,2876,0.997571973638571
2019-09,1033,144.6,2880,0.9971094924268701,74.86354166666666,2880,0.9989594172736732,104.76215277777777,2880,0.9989594172736732,60.71423611111111,2880,0.9989594172736732
2019-09,1034,179.05256454787542,2879,0.9973985431841832,196.0722473080931,2879,0.7509538674991328,144.95102466134074,2879,0.9986125563648977,34.64744703021883,2879,0.9986125563648977
2019-09,1035,230.2704861111111,2880,0.9989594172736732,69.84131944444445,2880,0.9984391259105099,169.44305555555556,2880,0.9989594172736732,170.63506944444444,2880,0.9989594172736732
2019-09,1036,294.54857737682164,2882,0.9996531390912244,176.29285218598196,2882,0.9981500751531969,230.40041637751563,2882,0.9996531390912244,126.28209576682859,2882,0.9996531390912244
2019-09,1037,84.0461054837583,2863,0.9901144640998959,113.97659797415298,2863,0.9920221990981616,110.27698218651764,2863,0.9930627818244884,117.31784841075795,2863,0.9930627818244884
2019-09,1038,89.25251474158863,2883,1.0,281.695571742398,2883,0.749913284772806,107.6236559139785,2883,1.0,161.17308359347902,2883,1.0
2019-09,1039,,0,,,0,,,0,,,0,
2019-09,1040,163.9487491313412,2878,0.9976875939414962,196.9506710192238,2757,0.7049369869349057,189.12930135557872,2877,0.9974563533356456,45.26868265554397,2877,0.9972251127297953
2019-09,1041,175.17016129032257,1860,0.8625989753143922,86.66075268817204,1860,0.8658593386120168,179.18010752688173,1860,0.8663251047973917,17.340860215053763,1860,0.8663251047973917
2019-09,1042,,0,,,0,,,0,,,0,
2019-09,1043,24.023263888888888,2880,0.9989594172736732,362.4880332986472,2883,1.0,273.7703780783906,2883,1.0,597.4040929587236,2883,1.0
2019-09,1044,,0,,,0,,,0,,,0,
2019-09,1047,114.50329517863337,2883,1.0,199.6860908775581,2883,1.0,118.96704821366632,2883,1.0,91.98924731182795,2883,1.0
2019-09,1048,,0,,269.5199445022546,2883,1.0,65.57856399583767,2883,1.0,160.4432882414152,2883,1.0
2019-09,1051,138.03023983315953,2877,0.9979188345473465,,0,,151.9683698296837,2877,0.9979188345473465,87.47653806047967,2877,0.9979188345473465
2019-09,1053,62.39861111111111,2880,0.9989594172736732,92.47395833333333,2880,0.9986125563648977,142.35104166666667,2880,0.9987859868192854,61.89270833333333,2880,0.9980922650017343
2019-09,1054,58.33923611111111,2880,0.9989594172736732,159.9545138888889,2880,0.9989594172736732,123.69027777777778,2880,0.9989594172736732,113.14131944444445,2880,0.9989594172736732
2019-09,1057,92.57063519611246,2881,0.9993062781824489,293.77507809788267,2881,0.9993062781824489,109.36792780284624,2881,0.9993062781824489,213.88719194724055,2881,0.9993062781824489
2019-09,1058,,0,,,0,,,0,,,0,
2019-09,1059,,0,,,0,,,0,,,0,
2019-09,1064,137.80596175478064,1778,0.9528403001071811,79.21653543307086,1778,0.9528403001071811,101.27165354330708,1778,0.9528403001071811,122.21878515185603,1778,0.9528403001071811
2019-09,1065,,0,,,0,,,0,,,0,
2019-09,1066,68.1578217134929,2883,1.0,195.1023239680888,2883,1.0,68.77870274020118,2883,1.0,209.24523066250433,2883,1.0
2019-09,1067,60.46860908775581,2883,1.0,404.88634524222454,2883,0.9998265695456122,146.894901144641,2883,1.0,176.84009712105447,2883,1.0
2019-09,1068,,0,,220.80905306971906,2883,0.9997687593941497,107.33749566423865,2883,0.9835241068331599,253.29760665972944,2883,1.0
2019-09,1069,,0,,,0,,,0,,,0,
2019-09,1070,147.5438779049601,2883,1.0,165.04994797086368,2883,1.0,244.0738813735692,2883,1.0,160.85154353104406,2883,1.0
2019-09,1071,232.91490345704705,2883,0.9998265695456122,118.71037114117239,2883,0.9986992715920916,232.53035032951786,2883,1.0,403.7839056538328,2883,1.0
2019-09,1072,351.56439790575917,2865,0.9937565036420395,256.95532286212915,2865,0.9937565036420395,355.02059336823737,2865,0.9937565036420395,79.52006980802793,2865,0.9937565036420395
2019-09,1074,,0,,351.0670371656825,2879,0.9986125563648977,178.5616533518583,2879,0.9986125563648977,96.56234803751302,2879,0.9986125563648977
2019-09,1075,221.89376523859283,2871,0.9958376690946931,82.9972135144549,2871,0.9958376690946931,,0,,660.5461511668408,2871,0.9958376690946931
2019-09,1077,51.19007977800902,2883,0.9986125563648977,164.51543531044052,2883,1.0,103.94901144640998,2883,1.0,170.20499479708636,2883,1.0
2019-09,1078,220.56629642485248,2881,0.6664354260608163,160.46685178757375,2881,0.9991328477280611,,0,,176.0024297119056,2881,0.9993062781824489
2019-09,1079,86.99930531434526,2879,0.9986125563648977,147.91524835012157,2879,0.9986125563648977,,0,,263.81243487321984,2879,0.9986125563648977
2019-09,1080,,0,,151.58882720333102,2882,0.9993062781824489,128.01873698820265,2882,0.9996531390912244,347.30187369882026,2882,0.9996531390912244
2019-09,1081,164.25809896760413,2809,0.974332292750607,61.37913848344606,2809,0.9735229506301306,171.53418803418805,2808,0.9739854318418314,68.04309116809117,2808,0.9739854318418314
2019-09,1082,166.76604231703087,2883,0.9720198866921032,111.30315643426985,2883,1.0,134.64689559486646,2883,1.0,76.60874089490115,2883,1.0
2019-09,1083,,0,0.0,,0,0.0,,0,0.0,,0,0.0
2019-09,1084,49.13298611111111,2880,0.9989594172736732,208.1946759259259,2880,0.9913284772806105,101.16319444444444,2880,0.9989594172736732,245.38993055555557,2880,0.9989594172736732
2019-09,1085,60.792158223455935,2882,0.974332292750607,168.8496414526949,2882,0.9928026361429066,90.25711311589174,2882,0.9996531390912244,159.57078417765442,2882,0.9996531390912244
2019-09,1086,129.845960502693,2785,0.9658920106370679,91.18563734290844,2785,0.9660076309399931,186.1475763016158,2785,0.9660076309399931,89.09658886894076,2785,0.9660076309399931
2019-09,1088,235.55293300937174,2881,0.9993062781824489,153.11176674765707,2881,0.9993062781824489,241.23741756334607,2881,0.9993062781824489,7.456438736549809,2881,0.9993062781824489
2019-09,1090,167.92346407497396,2881,0.9972251127297953,79.35925026032628,2881,0.9993062781824489,170.76049982644915,2881,0.9993062781824489,50.13120444290177,2881,0.9993062781824489
2019-09,1092,186.29840388619016,2882,0.9994797086368367,142.22831367106176,2882,0.9996531390912244,256.9590562109646,2882,0.9996531390912244,151.02151283830673,2882,0.9996531390912244
2019-09,1093,146.31319444444443,2880,0.9893629321308822,134.79301833568405,2836,0.9812695109261186,116.67888155609586,2879,0.9871661463753035,73.93007491972887,2803,0.956989247311828
2019-09,1094,199.1009365244537,2883,1.0,195.7603191120361,2883,1.0,174.09191814082553,2883,1.0,252.23413111342353,2883,1.0
2019-09,1095,,0,0.0,,0,0.0,,0,0.0,,0,0.0
2019-09,1109,248.12232628049483,2883,0.9987859868192854,,0,,253.1845300034686,2883,1.0,65.44051335414498,2883,1.0
2019-09,1112,279.6763787721124,2883,1.0,,0,,274.53416579951437,2883,1.0,75.2386403052376,2883,1.0
2019-09,1113,232.59013452914797,2230,0.7839056538328131,153.0284425945196,2883,1.0,63.21817551161984,2883,1.0,191.45577523413112,2883,1.0
2019-09,1115,239.02396616541353,2128,0.7376575326627355,,0,,281.794711203897,2874,0.9968782518210197,157.294711203897,2874,0.9968782518210197
2019-09,1116,223.5681581685744,2883,1.0,236.61671869580297,2883,1.0,161.91397849462365,2883,1.0,212.48456468955948,2883,1.0
2019-09,1117,83.05757891085675,2883,1.0,128.55359001040583,2883,1.0,,0,,228.25910509885537,2883,1.0
2019-09,1119,264.2310093652445,2883,1.0,117.1007630939993,2883,0.9996531390912244,146.37166146375304,2883,0.9990750375765985,,0,
2019-09,1501,,0,,,0,,,0,,,0,
2019-09,1502,53.9986125563649,2883,0.9996531390912244,225.31148109608048,2883,0.9998843796970748,,0,,233.40097121054458,2883,1.0
2019-09,1503,85.44027777777778,2880,0.9986125563648977,260.0122685185185,2880,0.9973118279569892,,0,,371.4711805555556,2880,0.9989594172736732
2019-09,1504,,0,,,0,,,0,,,0,
2019-10,1001,100.627500847745,2949,0.9910364145658264,169.61003730077994,2949,0.9912605042016807,134.4092912851814,2949,0.9912605042016807,114.21702271956596,2949,0.9912605042016807
2019-10,1002,139.78650740242261,2972,0.9985434173669467,66.33647375504711,2972,0.99406162464986,95.54374158815612,2972,0.9989915966386554,71.43304172274563,2972,0.9989915966386554
2019-10,1010,210.40188488724334,2971,0.9985434173669467,70.13569023569023,2970,0.9969747899159664,107.51279461279461,2970,0.9983193277310924,340.18148148148146,2970,0.9983193277310924
2019-10,1012,188.30104271779348,2973,0.999327731092437,,0,,,0,,126.52236797847293,2973,0.999327731092437
2019-10,1014,519.8973063973064,2970,0.7512605042016807,172.7016835016835,2970,0.9983193277310924,77.48080808080807,2970,0.9983193277310924,44.140776699029125,412,0.16358543417366944
2019-10,1016,192.69440700808624,2968,0.9976470588235294,122.34433962264151,2968,0.9976470588235294,188.87095687331535,2968,0.9976470588235294,66.24730458221025,2968,0.9976470588235294
2019-10,1017,796.5467698519516,2972,0.9989915966386554,967.9350605652759,2972,0.9989915966386554,703.456594885599,2972,0.9989915966386554,871.6352624495289,2972,0.9989915966386554
2019-10,1018,,0,,,0,,,0,,,0,
2019-10,1019,,0,0.0,,0,0.0,,0,0.0,,0,
2019-10,1021,113.66689075630252,2975,1.0,139.30991596638654,2975,0.9959663865546219,42.70689075630252,2975,1.0,153.58050420168067,2975,1.0
2019-10,1028,,0,,34.57282206525395,2973,0.9979831932773109,211.5731584258325,2973,0.999327731092437,194.84729229734276,2973,0.999327731092437
2019-10,1029,,0,,281.60033613445376,2975,1.0,44.96638655462185,2975,0.9994957983193278,237.93781512605042,2975,1.0
2019-10,1031,111.6158631415241,2572,0.8550140056022408,136.4243306169965,2577,0.865546218487395,198.5,2934,0.986218487394958,163.43319700068167,2934,0.986218487394958
2019-10,1032,119.26404305415406,2973,0.9947058823529412,287.2189707366297,2973,0.999327731092437,38.74571140262361,2973,0.999327731092437,223.90649175916582,2973,0.999327731092437
2019-10,1033,144.32552258934592,2966,0.9885714285714285,71.15070802427512,2966,0.9969747899159664,104.39123102866779,2965,0.9967507002801121,55.702866779089376,2965,0.9966386554621849
2019-10,1034,174.02324797843667,2968,0.9963865546218488,159.0164983164983,2970,0.9110924369747899,146.6409090909091,2970,0.9978711484593837,35.48215488215488,2970,0.9983193277310924
2019-10,1035,224.87126050420167,2975,1.0,70.6709243697479,2975,0.9989915966386554,165.0033613445378,2975,0.9997759103641457,169.49949579831932,2975,1.0
2019-10,1036,286.13042016806725,2975,1.0,174.87193277310925,2975,0.9995518207282913,229.2766386554622,2975,1.0,127.61647058823529,2975,1.0
2019-10,1037,60.13751868460388,1338,0.3815126050420168,113.41113490364026,934,0.38375350140056025,120.02890792291221,934,0.5183193277310925,116.02141327623126,934,0.3139495798319328
2019-10,1038,89.16756393001346,2972,0.9989915966386554,278.78671603276115,2971,0.7489075630252101,105.91753618310334,2971,0.998655462184874,155.64422753281724,2971,0.998655462184874
2019-10,1039,,0,,,0,,,0,,,0,
2019-10,1040,163.98586334567486,2971,0.998655462184874,177.59744193874116,2971,0.998655462184874,188.31504543924603,2971,0.998655462184874,39.52002692696062,2971,0.998655462184874
2019-10,1041,177.79663865546217,2975,1.0,84.60302521008403,2975,1.0,175.7378151260504,2975,1.0,72.25411764705882,2975,1.0
2019-10,1042,,0,,,0,,,0,,,0,
2019-10,1043,23.118638355240986,2967,0.9973109243697479,335.9187457855698,2966,0.9970868347338936,255.4497639919083,2966,0.9969747899159664,801.6351025912725,2966,0.9969327731092437
2019-10,1044,,0,,,0,,,0,,,0,
2019-10,1047,114.38505553685627,2971,0.998655462184874,194.14338606529788,2971,0.998655462184874,119.33153820262538,2971,0.998655462184874,87.51060249074386,2971,0.998655462184874
2019-10,1048,,0,,274.24638655462184,2975,1.0,67.45680672268908,2975,0.9996638655462184,160.42319327731093,2975,1.0
2019-10,1051,135.15798319327732,2975,1.0,,0,,145.91159663865545,2975,1.0,88.23899159663866,2975,1.0
2019-10,1053,58.14131534569983,2965,0.9966386554621849,88.79629005059022,2965,0.9966386554621849,131.10590219224284,2965,0.9966386554621849,59.26205733558179,2965,0.9966386554621849
2019-10,1054,57.42890756302521,2975,1.0,153.77042016806723,2975,1.0,121.27697478991597,2975,1.0,109.73915966386555,2975,1.0
2019-10,1057,93.03202966958867,2966,0.9969747899159664,283.0215778826703,2966,0.9969747899159664,106.35502360080918,2966,0.9969747899159664,200.02427511800406,2966,0.9969747899159664
2019-10,1058,,0,,,0,,,0,,,0,
2019-10,1059,,0,,,0,,,0,,,0,
2019-10,1064,135.53483689085783,2483,0.8273949579831933,75.34031413612566,2483,0.8346218487394959,95.14585012087026,2482,0.8342857142857143,112.73307543520309,2585,0.8689075630252101
2019-10,1065,,0,,,0,,,0,,,0,
2019-10,1066,62.72638655462185,2975,1.0,190.72067226890755,2975,1.0,64.78689075630253,2975,1.0,215.57915966386554,2975,1.0
2019-10,1067,59.24377942165434,2974,0.9996638655462184,387.2339161622955,2974,0.9987394957983193,138.77370544720915,2974,0.9996638655462184,159.56523201075993,2974,0.9996638655462184
2019-10,1068,,0,,216.2090756302521,2975,1.0,107.33983193277311,2975,0.9766386554621849,258.21613445378154,2975,1.0
2019-10,1069,,0,,,0,,,0,,,0,
2019-10,1070,137.8872268907563,2975,0.9996638655462184,158.87529411764706,2975,1.0,234.5872268907563,2975,1.0,161.6457142857143,2975,1.0
2019-10,1071,225.44201680672268,2975,1.0,130.37176470588236,2975,0.9988235294117647,233.73176470588234,2975,1.0,399.15764705882356,2975,1.0
2019-10,1072,342.33569979716026,2958,0.9942857142857143,253.56761325219742,2958,0.9942857142857143,355.79851250845167,2958,0.9942857142857143,80.84144692359702,2958,0.9942857142857143
2019-10,1074,,0,,352.30158195893637,2971,0.9957422969187676,179.4729047458768,2971,0.998655462184874,100.01817569841805,2971,0.998655462184874
2019-10,1075,218.1064690026954,2968,0.9976470588235294,81.5377358490566,2968,0.9976470588235294,,0,,642.9538409703504,2968,0.9976470588235294
2019-10,1077,49.64413050790447,2973,0.9976470588235294,156.85344537815126,2975,1.0,102.22420168067227,2975,1.0,170.00201680672268,2975,1.0
2019-10,1078,245.82857142857142,2975,0.6666666666666666,151.95025210084034,2975,1.0,,0,,143.44100840336134,2975,1.0
2019-10,1079,84.93781512605042,2975,1.0,147.71394957983193,2975,1.0,,0,,255.5966386554622,2975,1.0
2019-10,1080,,0,,151.5637034474807,2891,0.9711764705882353,129.43721895537877,2891,0.971764705882353,346.429263230716,2891,0.971764705882353
2019-10,1081,163.39714285714285,2975,0.9998879551820727,62.500672268907564,2975,0.9996638655462184,173.43058823529412,2975,0.9995518207282913,68.58924369747899,2975,1.0
2019-10,1082,165.18621848739497,2975,1.0,110.04,2975,1.0,134.04268907563025,2975,1.0,75.76100840336134,2975,1.0
2019-10,1083,,0,0.0,,0,0.0,,0,0.0,,0,0.0
2019-10,1084,47.94676549865229,2968,0.9971428571428571,209.4719694416358,2967,0.9857142857142858,100.56420626895854,2967,0.9973109243697479,245.44556791371755,2967,0.9973109243697479
2019-10,1085,62.425210084033615,2975,0.9858823529411764,169.421512605042,2975,0.9913445378151261,90.31058823529412,2975,1.0,154.09579831932774,2975,1.0
2019-10,1086,127.95247148288973,2630,0.8840336134453781,89.3083650190114,2630,0.8838655462184873,179.5249144161278,2629,0.8836974789915967,86.6690756941803,2629,0.8835294117647059
2019-10,1088,236.74857142857144,2975,1.0,156.45008403361345,2975,0.9700840336134454,236.8053781512605,2975,1.0,7.408067226890756,2975,1.0
2019-10,1090,160.69699019276294,2957,0.9920448179271709,80.28204261075415,2957,0.9939495798319328,171.40378762259047,2957,0.9939495798319328,47.00304362529591,2957,0.9939495798319328
2019-10,1092,189.32985877605918,2974,0.9996638655462184,143.64492266308002,2974,0.9996638655462184,255.1210490921318,2974,0.9996638655462184,155.69300605245462,2974,0.9996638655462184
2019-10,1093,147.1801561945332,2817,0.9418487394957983,139.5364768683274,2810,0.940392156862745,115.73642172523962,2817,0.9407282913165266,66.45070422535211,2769,0.9115966386554621
2019-10,1094,215.80457025920873,2932,0.985546218487395,197.6165032127156,2957,0.99406162464986,181.49075630252102,2975,0.9980952380952381,243.1875630252101,2975,1.0
2019-10,1095,,0,0.0,,0,0.0,,0,0.0,,0,0.0
2019-10,1109,248.49759103641458,2975,0.9994957983193278,,0,,254.20067226890757,2975,1.0,64.81714285714285,2975,1.0
2019-10,1112,282.01714285714286,2975,1.0,,0,,272.31025210084033,2975,1.0,75.08806722689076,2975,0.9996638655462184
2019-10,1113,242.5013698630137,730,0.2453781512605042,156.50991596638656,2975,1.0,61.66151260504202,2975,1.0,175.78117647058824,2975,1.0
2019-10,1115,217.07192405987587,2739,0.920672268907563,,0,,283.7374789915966,2975,0.9996638655462184,158.72941176470587,2975,1.0
2019-10,1116,224.74957983193278,2975,1.0,230.3946218487395,2975,1.0,161.93781512605042,2975,1.0,211.60436974789917,2975,1.0
2019-10,1117,84.39294117647059,2975,1.0,130.22252100840336,2975,1.0,,0,,224.88941176470587,2975,1.0
2019-10,1119,267.5995284607612,2969,0.9979831932773109,116.33748736948468,2969,0.9979831932773109,148.4035028629168,2969,0.9969747899159664,,0,
2019-10,1501,,0,,,0,,,0,,,0,
2019-10,1502,66.96629592180653,2967,0.9947899159663866,238.58173238961913,2967,0.9689635854341736,,0,,288.8432760364004,2967,0.9973109243697479
2019-10,1503,83.13870208473436,2974,0.9989915966386554,256.93353508182025,2974,0.9974789915966387,,0,,346.7518493611298,2974,0.9996638655462184
2019-10,1504,,0,,,0,,,0,,,0,
2019-11,1001,99.86861313868613,2877,0.9991895334028018,164.8161279110184,2877,0.9993053143452588,133.4680222453945,2877,0.9991895334028018,111.73757386166146,2877,0.9993053143452588
2019-11,1002,140.8792983674887,2879,0.9995368762301725,66.26780131990274,2879,0.99814750492069,95.93226814866273,2879,1.0,72.55227509551928,2879,1.0
2019-11,1010,203.6845238095238,1512,0.5247192312145421,68.00594844679445,1513,0.5227509551927753,102.24214659685863,1528,0.5296978117401876,317.09751308900525,1528,0.5307398402222994
2019-11,1012,183.43348384855852,2879,1.0,,0,,,0,,124.09899270580063,2879,1.0
2019-11,1014,370.9613291652194,2879,0.7513893713094825,169.7860368183397,2879,0.9995368762301725,79.44494616186175,2879,1.0,642.7986784140969,1135,0.40164408938288754
2019-11,1016,180.41279688053882,2821,0.9460460808150978,113.92555831265508,2821,0.9798541160125044,172.85466146756468,2821,0.9798541160125044,59.85253456221198,2821,0.9798541160125044
2019-11,1017,784.0523690773067,1604,0.5571378951024661,993.7138403990025,1604,0.5571378951024661,653.6963840399003,1604,0.5571378951024661,871.8765586034913,1604,0.5571378951024661
2019-11,1018,,0,,,0,,,0,,,0,
2019-11,1019,,0,0.0,,0,0.0,,0,0.0,,0,
2019-11,1021,115.69885376866968,2879,0.9998263285863147,132.0284821118444,2879,0.9986106286905175,42.732198680097255,2879,1.0,149.36366794025705,2879,1.0
2019-11,1028,,0,,36.2367374005305,1508,0.5222299409517194,212.1286472148541,1508,0.5234456408475165,192.71352785145888,1508,0.5237929836748871
2019-11,1029,,0,,267.7367141368531,2879,1.0,43.28238971865231,2879,0.9998263285863147,225.96144494616186,2879,1.0
2019-11,1031,108.34634317862167,2844,0.9783489637605649,125.18414634146342,2870,0.9960634479564663,60.570733402850195,2877,0.9993053143452588,164.75495307612096,2877,0.9993053143452588
2019-11,1032,110.5599582898853,2877,0.9930531434525877,277.760514424748,2877,0.9993053143452588,38.33124782759819,2877,0.9993053143452588,232.42196732707683,2877,0.9993053143452588
2019-11,1033,144.2,2875,0.9943267338196132,68.56695652173913,2875,0.9986106286905175,101.22713043478261,2875,0.9982632858631469,57.24973913043478,2875,0.9986106286905175
2019-11,1034,169.19779710144928,2875,0.9967002431399792,155.3464347826087,2875,0.9986106286905175,139.38991304347826,2875,0.9986106286905175,35.24486956521739,2875,0.9986106286905175
2019-11,1035,214.82319660537482,2828,0.9822855158040986,72.04031117397454,2828,0.9808961444946162,165.11350777934936,2828,0.9822855158040986,163.83380480905234,2828,0.9822855158040986
2019-11,1036,272.84254431699685,2877,0.9975686002084057,164.77596387634594,2879,0.9968739145536645,175.44841959013547,2879,1.0,120.40708579367836,2879,1.0
2019-11,1037,84.17097415506959,1509,0.5236193122612018,110.16710787557909,1511,0.5243718883871715,107.78160158835209,1511,0.5248350121569989,113.02514890800794,1511,0.5248350121569989
2019-11,1038,88.88735177865613,1518,0.5272664119485932,277.43691024797016,1519,0.39093435220562694,103.78167641325535,1539,0.5345606113233762,153.69330734243016,1539,0.5345606113233762
2019-11,1039,,0,,,0,,,0,,,0,
2019-11,1040,164.66889632107024,1495,0.5192775269190691,177.80535117056857,1495,0.5192775269190691,185.94113712374582,1495,0.5192775269190691,52.79665551839465,1495,0.5192775269190691
2019-11,1041,170.78804608737397,2083,0.7244413569526456,83.5837343599615,2078,0.7025008683570684,166.92953861584755,1994,0.6932962834317471,72.45685785536159,2005,0.6818339701285169
2019-11,1042,,0,,,0,,,0,,,0,
2019-11,1043,22.172459893048128,1496,0.5196248697464397,335.0934579439252,1498,0.5203195554011809,255.47196261682242,1498,0.5203195554011809,792.7590120160214,1498,0.5203195554011809
2019-11,1044,,0,,,0,,,0,,,0,
2019-11,1047,111.49617790132037,2878,0.9996526571726294,189.32314107018763,2878,0.9996526571726294,115.15705350938151,2878,0.9996526571726294,85.80229325920779,2878,0.9996526571726294
2019-11,1048,,0,,256.91284403669727,2834,0.9841959013546371,64.22406492589978,2834,0.9835012156998958,152.42942836979535,2834,0.9843695727683224
2019-11,1051,129.6488364015283,2879,1.0,,0,,139.41611670718999,2879,1.0,87.72872525182355,2879,1.0
2019-11,1053,59.08780487804878,2870,0.9968739145536645,84.995818815331,2870,0.9968739145536645,133.7390243902439,2870,0.9968739145536645,53.34146341463415,2870,0.9967002431399792
2019-11,1054,54.73491879350348,1724,0.59881903438694,147.1022661243463,1721,0.5975454440199143,117.23928157589803,1726,0.5989927058006252,106.6460023174971,1726,0.5995137200416811
2019-11,1057,93.66238277179576,2879,1.0,231.94407780479332,2879,1.0,106.10559221952067,2879,1.0,191.96109760333448,2879,1.0
2019-11,1058,,0,,,0,,,0,,,0,
2019-11,1059,,0,,,0,,,0,,,0,
2019-11,1064,132.81681514476614,1796,0.6234803751302536,72.33055091819699,1797,0.6236540465439389,92.39549961861175,2622,0.7634595345606113,112.36613272311213,2622,0.910732893365752
2019-11,1065,,0,,,0,,,0,,,0,
2019-11,1066,61.99548454324418,2879,1.0,187.9870325344448,2879,0.9995658214657868,64.67106634248003,2879,1.0,212.72038902396665,2879,1.0
2019-11,1067,67.83984116479152,1511,0.5248350121569989,379.04235605559234,1511,0.5241403265022577,117.69821310390469,1511,0.5248350121569989,149.91462607544673,1511,0.5248350121569989
2019-11,1068,,0,,212.84153543307087,1524,0.6279958318860716,136.38617549668874,2416,0.6701979854116012,255.38677685950412,2420,0.8399907375246035
2019-11,1069,,0,,,0,,,0,,,0,
2019-11,1070,131.44533333333334,1500,0.5207826791710084,156.172,1500,0.5194511983327544,226.015,1500,0.5200879935162672,156.86190793862576,1499,0.5206668982285516
2019-11,1071,230.19079386257505,1499,0.5206668982285516,130.6446519902157,1499,0.520059048280653,233.03068712474985,1499,0.5206668982285516,401.5083388925951,1499,0.5206668982285516
2019-11,1072,333.60026560424967,1506,0.5230982980201458,244.40770252324037,1506,0.5230982980201458,352.6746347941567,1506,0.5230982980201458,80.55710491367861,1506,0.5230982980201458
2019-11,1074,,0,,350.9008592200925,1513,0.5255296978117402,179.2746199603437,1513,0.5254139168692833,99.86781229345671,1513,0.5255296978117402
2019-11,1075,225.25977653631284,716,0.2486974643973602,81.63966480446928,716,0.2486974643973602,,0,,661.5628491620112,716,0.2486974643973602
2019-11,1077,49.612443517553004,2877,0.9949635290031261,152.19833275442863,2879,1.0,101.99478985758944,2879,1.0,162.2018061827023,2879,1.0
2019-11,1078,207.34612712747483,2879,0.6674771332638647,148.39979159430357,2879,0.9998263285863147,,0,,122.39770753733936,2879,1.0
2019-11,1079,82.17468619246861,2868,0.995484543244182,143.0842618384401,2872,0.9968739145536645,,0,,243.59416261292563,2878,0.9996526571726294
2019-11,1080,,0,,146.87128366561734,2859,0.9910559221952067,124.17471988795518,2856,0.9920111149704759,333.4402230742419,2869,0.9965265717262939
2019-11,1081,161.4610820244328,2865,0.9945582957045271,61.81256544502618,2865,0.9949056385318977,162.8020942408377,2865,0.9951372004168114,64.77731239092496,2865,0.9951372004168114
2019-11,1082,160.36109179415854,2876,0.9988421905754312,106.99826147426982,2876,0.9989579715178881,131.42628650904032,2876,0.9989579715178881,73.1595966620306,2876,0.9989579715178881
2019-11,1083,,0,0.0,,0,0.0,,0,0.0,,0,0.0
2019-11,1084,93.12183754993342,1502,0.5204932268148663,206.37705281846425,1502,0.511028134769017,99.19174434087883,1502,0.5217089267106634,242.19973368841545,1502,0.5217089267106634
2019-11,1085,61.4870603848706,1507,0.5224036123654047,167.42335766423358,1507,0.5165856200069469,88.00995355009954,1507,0.5234456408475165,149.13934970139348,1507,0.5234456408475165
2019-11,1086,131.06915807560136,2328,0.8086141021187913,91.65191233347657,2327,0.8082667592914207,183.1327889987108,2327,0.8082667592914207,87.73614095401805,2327,0.8082667592914207
2019-11,1088,236.37040748162994,1497,0.5200879935162672,152.45630420280187,1499,0.5206668982285516,232.86457638425617,1499,0.5206668982285516,6.995330220146765,1499,0.5206668982285516
2019-11,1090,153.62734864300626,2874,0.9974528192659488,81.68858733472513,2874,0.9982632858631469,162.12282533054974,2874,0.9982632858631469,34.1750173973556,2874,0.9982632858631469
2019-11,1092,179.5509632224168,2855,0.991229593608892,132.5661996497373,2855,0.9902744008336228,245.81961471103327,2855,0.9916637721431052,143.8584938704028,2855,0.9916637721431052
2019-11,1093,149.2872340425532,1504,0.5206668982285516,139.97144754316068,1506,0.5220562695380341,115.67328042328042,1512,0.5241403265022577,63.15435795076514,1503,0.5057311566516152
2019-11,1094,225.2032142857143,2800,0.9726756975801784,202.65816148199931,2861,0.9938636100497859,182.70041681139284,2879,0.9980317239782333,255.7579020493227,2879,1.0
2019-11,1095,,0,0.0,,0,0.0,,0,0.0,,0,0.0
2019-11,1109,247.92045319022063,2795,0.9644841959013546,,0,,254.40963419051067,2761,0.959476670140095,62.54483255311487,2777,0.957624175060785
2019-11,1112,273.69327291739285,2869,0.9965265717262939,,0,,266.47507842453814,2869,0.9965265717262939,71.91077030324155,2869,0.9965265717262939
2019-11,1113,241.50874125874125,2860,0.9934004862799584,146.95524475524476,2860,0.9934004862799584,60.17377622377622,2860,0.9934004862799584,165.9020979020979,2860,0.9934004862799584
2019-11,1115,215.11517976031956,1502,0.5217089267106634,,0,,290.83621837549936,1502,0.5217089267106634,162.0965379494008,1502,0.5217089267106634
2019-11,1116,214.13893713094825,2879,1.0,219.70718999652658,2879,1.0,156.94390413337965,2879,0.9995368762301725,207.2292462660646,2879,1.0
2019-11,1117,79.04897533865926,2879,1.0,124.69676971170546,2879,1.0,,0,,207.0910038207711,2879,1.0
2019-11,1119,256.39933333333335,1500,0.5191038555053838,112.78933333333333,1500,0.5199722125738103,142.84310459693538,1501,0.521130021998379,,0,
2019-11,1501,,0,,,0,,,0,,,0,
2019-11,1502,50.81782178217822,1515,0.5262243834664814,228.6904290429043,1515,0.4681023503531319,,0,,286.596699669967,1515,0.5262243834664814
2019-11,1503,78.4034843205575,2870,0.9966423526687508,242.8213704994193,2870,0.9942688433483848,,0,,359.1595818815331,2870,0.9968739145536645
2019-11,1504,,0,,,0,,,0,,,0,
2019-12,1001,98.38992088063296,2907,0.9962290023997258,170.30099759201926,2907,0.9965718203633871,134.7172342621259,2907,0.9965718203633871,113.99793601651187,2907,0.9965718203633871
2019-12,1002,139.3496911461908,2914,0.9989715461090161,65.61238846945778,2914,0.9958861844360645,94.66231983527797,2914,0.9989715461090161,69.34694577899793,2914,0.9989715461090161
2019-12,1010,209.53385416666666,768,0.2640841046737516,80.55572065378901,673,0.23054508056222145,49.959308807134896,1794,0.4880585075991315,0.0,1794,0.6150154268083647
2019-12,1012,179.73310463121783,2915,0.9993143640726774,,0,,,0,,126.69022298456261,2915,0.9993143640726774
2019-12,1014,351.53193920694775,2917,0.75,180.977716832362,2917,1.0,100.97463147068906,2917,1.0,786.8323732718894,1736,0.5957033481887785
2019-12,1016,205.9404598490048,2914,0.9721174722888812,128.29169526424158,2914,0.9989715461090161,180.60466712422786,2914,0.9989715461090161,65.47426218256692,2914,0.9989715461090161
2019-12,1017,,0,0.0,,0,0.0,,0,0.0,,0,0.0
2019-12,1018,,0,,,0,,,0,,,0,
2019-12,1019,,0,0.0,,0,0.0,,0,0.0,,0,
2019-12,1021,114.55231560891939,2915,0.9993143640726774,136.3114922813036,2915,0.9979430922180322,41.99348198970841,2915,0.9993143640726774,151.99931389365352,2915,0.9993143640726774
2019-12,1028,,0,,,0,0.0,,0,0.0,,0,0.0
2019-12,1029,,0,,271.67123757284884,2917,1.0,44.45217689406925,2917,0.9998285910181693,229.10661638669868,2917,1.0
2019-12,1031,108.20981023988543,2793,0.9508627585418808,125.77879858657244,2830,0.9690321106159295,60.450883392226146,2830,0.9700605645069135,165.3594909862142,2829,0.9699462918523598
2019-12,1032,109.52896811792938,2917,0.9916009598902983,277.1576962632842,2917,1.0,39.71854645183408,2917,1.0,240.67535138841276,2917,1.0
2019-12,1033,137.1220431950634,2917,0.9994286367272313,67.91738087075763,2917,1.0,104.61415838189922,2917,0.9995429093817849,57.68974974288653,2917,1.0
2019-12,1034,169.17186607244886,2917,0.9930579362358588,157.96194720603359,2917,1.0,139.88549880013713,2917,1.0,36.55227973945835,2917,1.0
2019-12,1035,209.71332863187587,2836,0.9721174722888812,77.35774647887324,2840,0.9718889269797737,168.28098591549295,2840,0.9818306479259513,166.75042852245457,2917,1.0
2019-12,1036,280.19163524168664,2917,1.0,171.2958519026397,2917,0.9986287281453549,219.340075419952,2917,1.0,124.08399040109701,2917,1.0
2019-12,1037,,0,0.0,,0,0.0,,0,0.0,,0,0.0
2019-12,1038,,0,0.0,,0,0.0,,0,0.0,,0,0.0
2019-12,1039,,0,,,0,,,0,,,0,
2019-12,1040,,0,0.0,,0,0.0,,0,0.0,,0,0.0
2019-12,1041,173.02024708304737,2914,0.9989715461090161,85.4598490048044,2914,0.9989715461090161,169.69389155799587,2914,0.9989715461090161,73.49862731640357,2914,0.9989715461090161
2019-12,1042,,0,,,0,,,0,,,0,
2019-12,1043,,0,0.0,,0,0.0,,0,0.0,,0,0.0
2019-12,1044,,0,,,0,,,0,,,0,
2019-12,1047,116.56927297668038,2916,0.9996571820363387,189.67352537722908,2916,0.9996571820363387,117.61556927297669,2916,0.9996571820363387,84.93895747599451,2916,0.9996571820363387
2019-12,1048,,0,,252.11644782308224,2894,0.9916009598902983,70.04906703524533,2894,0.9921151868357901,165.4751209398756,2894,0.9921151868357901
2019-12,1051,132.7404868015084,2917,1.0,,0,,139.68940692492288,2917,1.0,88.95989029825162,2917,1.0
2019-12,1053,60.04022000687522,2909,0.9972574562907096,84.23960123753868,2909,0.9972574562907096,133.03093846682708,2909,0.997086047308879,54.24510140941904,2909,0.9972574562907096
2019-12,1054,,0,0.0,,0,0.0,,0,0.0,,0,0.0
2019-12,1057,94.23140212547138,2917,1.0,223.52553993829278,2917,1.0,106.29688035653068,2917,1.0,193.0219403496743,2917,1.0
2019-12,1058,,0,,,0,,,0,,,0,
2019-12,1059,,0,,,0,,,0,,,0,
2019-12,1064,124.55570791909496,2917,0.9989715461090161,74.0274254370929,2917,1.0,90.84470346246144,2917,0.9989715461090161,113.78676722660268,2917,1.0
2019-12,1065,,0,,,0,,,0,,,0,
2019-12,1066,61.46124828532236,2916,0.9996571820363387,188.0294924554184,2916,0.9996571820363387,65.26303155006859,2916,0.9996571820363387,215.36899862825788,2916,0.9996571820363387
2019-12,1067,,0,0.0,,0,0.0,,0,0.0,,0,0.0
2019-12,1068,,0,,281.35228758169933,2295,0.5947891669523483,186.69955311103473,2909,0.49948577305450803,255.13883161512027,2910,0.9973717289452635
2019-12,1069,,0,,,0,,,0,,,0,
2019-12,1070,,0,0.0,,0,0.0,,0,0.0,,0,0.0
2019-12,1071,,0,0.0,,0,0.0,,0,0.0,,0,0.0
2019-12,1072,,0,0.0,,0,0.0,,0,0.0,,0,0.0
2019-12,1074,,0,,,0,0.0,,0,0.0,,0,0.0
2019-12,1075,181.6343023255814,1720,0.5896468974974288,60.51104651162791,1720,0.5896468974974288,,0,,504.20581395348836,1720,0.5896468974974288
2019-12,1077,50.02232142857143,2912,0.9931436407267741,155.59067535138843,2917,1.0,101.32156324991429,2917,1.0,163.91429550908467,2917,1.0
2019-12,1078,207.41755227973945,2917,0.6666666666666666,154.22283167637985,2917,1.0,,0,,113.49571477545423,2917,1.0
2019-12,1079,81.49896121883657,2888,0.9888584161810079,103.40927419354838,496,0.15872471717517997,,0,,247.79066575154428,2914,0.9989715461090161
2019-12,1080,,0,,150.8595589075534,2917,0.9977716832362016,125.58210490229688,2917,1.0,336.60713061364413,2917,1.0
2019-12,1081,147.5390365448505,1204,0.4127528282482002,59.607142857142854,1204,0.4127528282482002,158.37707641196013,1204,0.4127528282482002,63.3936877076412,1204,0.4127528282482002
2019-12,1082,160.69489201234146,2917,1.0,108.21906067877957,2917,1.0,133.43263627014056,2917,1.0,74.6023311621529,2917,1.0
2019-12,1083,,0,0.0,,0,0.0,,0,0.0,,0,0.0
2019-12,1084,37.69434628975265,1132,0.38789852588275625,197.88594164456234,1131,0.3794137812821392,93.17360496014172,1129,0.387041480973603,224.34100974313552,1129,0.387041480973603
2019-12,1085,,0,0.0,,0,0.0,,0,0.0,,0,0.0
2019-12,1086,129.9904593639576,2830,0.9700605645069135,91.67302933898904,2829,0.9698320191978059,182.78614351360906,2829,0.9698320191978059,88.8837044892188,2829,0.9698320191978059
2019-12,1088,,0,0.0,,0,0.0,,0,0.0,,0,0.0
2019-12,1090,152.81110730202263,2917,0.9986287281453549,80.6102159753171,2917,1.0,163.45457661981487,2917,1.0,33.46623243057936,2917,1.0
2019-12,1092,,0,0.0,,0,0.0,,0,0.0,,0,0.0
2019-12,1093,165.99313501144164,874,0.2993943549308651,178.44565217391303,874,0.20191978059650326,164.37986270022884,874,0.29962290023997257,139.58830146231722,889,0.3021940349674323
2019-12,1094,231.0097829953753,2811,0.9635470231973489,202.0707681365576,2812,0.9642326591246714,172.42046623243058,2917,0.9882299165809622,248.08364758313337,2917,1.0
2019-12,1095,,0,0.0,,0,0.0,,0,0.0,,0,0.0
2019-12,1109,259.63458588957053,2608,0.881213575591361,,0,,273.5099088386841,2523,0.8683579019540624,67.05218068535825,2568,0.860301679808022
2019-12,1112,274.5991763898421,2914,0.9989715461090161,,0,,265.86221688400826,2914,0.9988572734544623,74.18400274630964,2913,0.9972574562907096
2019-12,1113,242.48248626373626,2912,0.9982859101816935,146.59855769230768,2912,0.9981716375271397,57.75815870834764,2911,0.9979430922180322,180.72002748196496,2911,0.9979430922180322
2019-12,1115,,0,0.0,,0,,,0,0.0,,0,0.0
2019-12,1116,218.96155166495024,2913,0.9986287281453549,222.37796086508754,2913,0.9986287281453549,162.80123583934088,2913,0.9986287281453549,209.67902506007553,2913,0.998514455490801
2019-12,1117,84.56985925163062,2913,0.9986287281453549,135.22760041194644,2913,0.9986287281453549,,0,,221.62306900102988,2913,0.9986287281453549
2019-12,1119,,0,0.0,,0,0.0,,0,0.0,,0,
2019-12,1501,,0,,,0,,,0,,,0,
2019-12,1502,,0,0.0,,0,0.0,,0,,,0,0.0
2019-12,1503,81.7599451303155,2916,0.9996571820363387,250.76177411979882,2916,0.9942577991086733,,0,,367.86758147512865,2915,0.9993143640726774
2019-12,1504,,0,,,0,,,0,,,0,
2020-01,1001,96.54180714767364,2966,0.9976454759502187,171.4072825354012,2966,0.9976454759502187,133.24713418745785,2966,0.9976454759502187,114.444032366824,2966,0.9976454759502187
2020-01,1002,140.07373737373737,2970,0.998766677878686,64.002020882452,2969,0.9942818701648167,93.90771303469181,2969,0.9986545576858392,67.61569552037723,2969,0.9986545576858392
2020-01,1010,212.48181818181817,2970,0.9989909182643795,85.0929292929293,2970,0.9989909182643795,124.76195286195286,2970,0.9989909182643795,0.0,2970,0.9989909182643795
2020-01,1012,178.03161789438278,2973,1.0,,0,,,0,,126.40497813656239,2973,1.0
2020-01,1014,287.95694584594685,2973,1.0,177.3565422132526,2973,1.0,0.0,9,0.0030272452068617556,0.0,1865,0.6273124789774639
2020-01,1016,215.85502859064917,2973,0.9998878798071532,127.11839892364615,2973,1.0,165.4870501177262,2973,1.0,65.72351160443996,2973,1.0
2020-01,1017,0.0,1,0.0003363605785401951,0.0,1,0.0003363605785401951,0.0,1,0.0003363605785401951,0.0,1,0.0003363605785401951
2020-01,1018,,0,,,0,,,0,,,0,
2020-01,1019,0.0,1,0.0003363605785401951,0.0,1,0.0003363605785401951,0.0,1,0.0003363605785401951,,0,
2020-01,1021,114.52491582491582,2970,0.9175916582576522,139.80006731740156,2971,0.968886646485032,42.07272727272727,2970,0.9989909182643795,152.49377314035678,2971,0.9991590985536495
2020-01,1028,,0,,0.0,1,0.0003363605785401951,0.0,1,0.0003363605785401951,0.0,1,0.0003363605785401951
2020-01,1029,,0,,268.52879757494105,2969,0.9986545576858392,44.650724149545304,2969,0.9969727547931383,227.8996295048838,2969,0.9986545576858392
2020-01,1031,99.70329105245115,2917,0.9691669469671488,115.03569023569024,2970,0.9936091490077363,101.13084426505213,2973,1.0,163.8481331987891,2973,0.9997757596143065
2020-01,1032,100.18129835183316,2973,0.9870501177262024,278.46518668012106,2973,1.0,32.32626976118399,2973,1.0,251.69525731584258,2973,1.0
2020-01,1033,140.9669959586888,2227,0.7488507680233211,69.2025145936237,2227,0.7490750084090144,108.91333632689717,2227,0.7490750084090144,53.42568477772789,2227,0.7490750084090144
2020-01,1034,185.83260455207983,2973,0.9956273124789775,147.13017154389505,2973,1.0,146.67070299360915,2973,1.0,36.32996972754793,2973,1.0
2020-01,1035,219.8451699764389,2971,0.9993272788429196,75.50891955570515,2971,0.9991590985536495,181.28340626051835,2971,0.9993272788429196,172.61460787613598,2971,0.9993272788429196
2020-01,1036,291.83316515304404,2973,1.0,163.83366969391187,2973,0.997869716335912,194.94786411032626,2973,1.0,122.14968045745039,2973,1.0
2020-01,1037,0.0,1,0.0003363605785401951,0.0,1,0.0003363605785401951,0.0,1,0.0003363605785401951,0.0,1,0.0003363605785401951
2020-01,1038,0.0,1,0.0003363605785401951,0.0,1,0.0003363605785401951,0.0,1,0.0003363605785401951,0.0,1,0.0003363605785401951
2020-01,1039,,0,,,0,,,0,,,0,
2020-01,1040,0.0,1,0.0003363605785401951,0.0,1,0.0003363605785401951,0.0,1,0.0003363605785401951,0.0,1,0.0003363605785401951
2020-01,1041,173.50489038785835,2965,0.9973091153716784,85.53086003372681,2965,0.9969727547931383,170.80202360876896,2965,0.9973091153716784,74.60236087689714,2965,0.9973091153716784
2020-01,1042,,0,,,0,,,0,,,0,
2020-01,1043,0.0,1,0.0003363605785401951,0.0,1,0.0003363605785401951,0.0,1,0.0003363605785401951,0.0,1,0.0003363605785401951
2020-01,1044,,0,,,0,,,0,,,0,
2020-01,1047,120.17653631284917,2685,0.9031281533804238,187.06777267913873,2833,0.9529095190043727,119.4680550653018,2833,0.9527413387151026,78.48676314860572,2833,0.9283551967709385
2020-01,1048,,0,,254.83232118758434,2964,0.9969727547931383,68.7523616734143,2964,0.9969727547931383,167.0978407557355,2964,0.9969727547931383
2020-01,1051,134.30828615542976,1943,0.653548604103599,,0,,138.85280494081317,1943,0.653548604103599,87.8471435923829,1943,0.653548604103599
2020-01,1053,61.1130171543895,2973,1.0,83.4702320887992,2973,0.9996636394214599,132.71745711402625,2973,1.0,52.9280188361924,2973,1.0
2020-01,1054,0.0,1,0.0003363605785401951,0.0,1,0.0003363605785401951,0.0,1,0.0003363605785401951,0.0,1,0.0003363605785401951
2020-01,1057,96.22267070299361,2973,1.0,222.10763538513285,2973,1.0,107.35385132862429,2973,1.0,192.0437268752102,2973,1.0
2020-01,1058,,0,,,0,,,0,,,0,
2020-01,1059,,0,,,0,,,0,,,0,
2020-01,1064,120.12231525300328,2747,0.9122098890010091,72.37859483072442,2747,0.9238143289606459,91.8856518572469,2746,0.9234779683821056,112.36284153005464,2745,0.9231416078035655
2020-01,1065,,0,,,0,,,0,,,0,
2020-01,1066,60.871534820824884,2958,0.9949545913218971,187.8793103448276,2958,0.9949545913218971,63.17342799188641,2958,0.9949545913218971,214.38810006761327,2958,0.9949545913218971
2020-01,1067,0.0,1,0.0003363605785401951,0.0,1,0.0003363605785401951,0.0,1,0.0003363605785401951,0.0,1,0.0003363605785401951
2020-01,1068,,0,,278.29589087234757,2969,0.6678999887879806,189.62175816773325,2969,0.5057181298351833,255.43819467834288,2969,0.9986545576858392
2020-01,1069,,0,,,0,,,0,,,0,
2020-01,1070,0.0,1,0.0003363605785401951,0.0,1,0.0003363605785401951,0.0,1,0.0003363605785401951,0.0,1,0.0003363605785401951
2020-01,1071,0.0,1,0.0003363605785401951,0.0,1,0.0003363605785401951,0.0,1,0.0003363605785401951,0.0,1,0.0003363605785401951
2020-01,1072,0.0,1,0.0003363605785401951,0.0,1,0.0003363605785401951,0.0,1,0.0003363605785401951,0.0,1,0.0003363605785401951
2020-01,1074,,0,,0.0,1,0.0003363605785401951,0.0,1,0.0003363605785401951,0.0,1,0.0003363605785401951
2020-01,1075,231.48732394366198,2840,0.955095862764884,95.650228953857,2839,0.536158762193071,,0,,627.9108136667841,2839,0.9547595021863438
2020-01,1077,50.745117845117846,2970,0.9944500504540867,154.29835183316516,2973,1.0,104.03834510595358,2973,1.0,165.18634376051128,2973,1.0
2020-01,1078,214.20887991927347,2973,0.6667787868595134,155.89808274470232,2973,0.9996636394214599,,0,,111.55163134880593,2973,1.0
2020-01,1079,83.17970330411329,2966,0.9976454759502187,0.09090909090909091,22,0.004877228388832829,,0,,243.0030343897505,2966,0.9976454759502187
2020-01,1080,,0,,148.46092977250248,1348,0.4520686175580222,124.3162583518931,1347,0.4530776992936428,203.35979228486647,1348,0.453414059872183
2020-01,1081,145.94847020933977,621,0.20887991927346114,59.72302737520129,621,0.20887991927346114,157.57890499194846,621,0.2086556788877677,93.10466988727859,621,0.20887991927346114
2020-01,1082,163.23074335687858,2973,0.9998878798071532,108.35015136226035,2973,1.0,131.9498822737975,2973,1.0,73.37605112680794,2973,1.0
2020-01,1083,0.0,1,0.0003363605785401951,0.0,1,0.0003363605785401951,0.0,1,0.0003363605785401951,0.0,1,0.0003363605785401951
2020-01,1084,35.423956931359356,2972,0.9988227379751093,200.3807601749075,2973,0.9713252606794484,93.55802219979819,2973,1.0,225.371467025572,2972,0.9995290951900437
2020-01,1085,0.0,1,0.0003363605785401951,0.0,1,0.0003363605785401951,0.0,1,0.0003363605785401951,0.0,1,0.0003363605785401951
2020-01,1086,128.39645625692137,2709,0.9112008072653885,89.99114064230344,2709,0.9110326269761184,179.85192023633678,2708,0.9108644466868483,87.05282600664943,2707,0.9105280861083082
2020-01,1088,0.0,1,0.0003363605785401951,0.0,1,0.0003363605785401951,0.0,1,0.0003363605785401951,0.0,1,0.0003363605785401951
2020-01,1090,159.59804910864446,2973,0.9996636394214599,72.95358224016145,2973,1.0,153.14766229397915,2973,1.0,41.81466532122435,2973,1.0
2020-01,1092,185.82386107352278,1478,0.4967204843592331,129.96684709066307,1478,0.49691669469671484,252.71786197564276,1478,0.49714093508240836,149.2767253044655,1478,0.49714093508240836
2020-01,1093,169.5095862764884,2973,0.9956273124789775,182.94954591321897,2973,0.8454983742572036,165.15153044063237,2973,0.9996636394214599,135.60847628657922,2973,1.0
2020-01,1094,217.10598735589437,2689,0.9041372351160444,205.3064740689175,2873,0.9664760623388273,156.81516986209218,2973,0.9889001009081736,237.23646148671375,2973,0.9998318197107299
2020-01,1095,253.3846625766871,815,0.27390963112456557,73.82944785276074,815,0.274133871510259,165.3680981595092,815,0.274133871510259,21.94233128834356,815,0.274133871510259
2020-01,1109,257.52433919387636,2787,0.9254961318533468,,0,,263.0913107511046,2716,0.9152371342078708,66.85225618631732,2748,0.9061553985872856
2020-01,1112,273.40785340314136,1910,0.6424487050117726,,0,,264.9068062827225,1910,0.6424487050117726,74.15968586387434,1910,0.6422805247225025
2020-01,1113,240.5582884097035,2968,0.9983181971072991,145.8817385444744,2968,0.9982060769144523,56.75235849056604,2968,0.9983181971072991,179.6799191374663,2968,0.9983181971072991
2020-01,1115,0.0,1,0.0003363605785401951,,0,,0.0,1,0.0003363605785401951,0.0,1,0.0003363605785401951
2020-01,1116,216.6450201884253,2972,0.9996636394214599,221.4448183041723,2972,0.9996636394214599,163.9372476446837,2972,0.9995515192286131,208.157133243607,2972,0.9996636394214599
2020-01,1117,83.53582240161452,2973,1.0,133.25,2972,0.9996636394214599,,0,,223.414199192463,2972,0.9996636394214599
2020-01,1119,0.0,1,0.0003363605785401951,0.0,1,0.0003363605785401951,0.0,1,0.0003363605785401951,,0,
2020-01,1501,,0,,,0,,,0,,,0,
2020-01,1502,0.0,1,0.0003363605785401951,0.0,1,0.0003363605785401951,,0,,0.0,1,0.0003363605785401951
2020-01,1503,80.91375291375292,429,0.1442986881937437,220.53719008264463,121,0.04053144971409351,,0,,357.3100233100233,429,0.1442986881937437
2020-01,1504,,0,,,0,,,0,,,0,
2020-02,1001,99.95168295331162,2763,0.9925739609534077,169.54180238870794,2763,0.9928135106000718,134.22837495475932,2763,0.9925739609534077,115.38450398262128,2762,0.9925739609534077
2020-02,1002,146.40273282991728,2781,0.999161576236675,64.44012944983818,2781,0.9936519343633968,95.7259978425027,2781,0.9992813510600072,70.65156418554477,2781,0.9992813510600072
2020-02,1010,214.0755124056095,2781,0.9992813510600072,85.60589715929521,2781,0.9992813510600072,127.66379000359584,2781,0.9992813510600072,0.0,2781,0.9992813510600072
2020-02,1012,178.55933429811867,2764,0.9931728350700683,,0,,,0,,127.19247467438495,2764,0.9931728350700683
2020-02,1014,287.49622437971954,2781,0.9992813510600072,176.49892125134843,2781,0.999161576236675,,0,0.0,,0,0.0
2020-02,1016,220.02578068264341,2754,0.9895795903701042,128.8514887436456,2754,0.989399928135106,166.50563022157647,2753,0.9892202659001078,65.95168906647294,2753,0.9892202659001078
2020-02,1017,,0,0.0,,0,0.0,,0,0.0,,0,0.0
2020-02,1018,,0,,,0,,,0,,,0,
2020-02,1019,,0,0.0,,0,0.0,,0,0.0,,0,
2020-02,1021,114.61029147175243,2779,0.9983830398850162,138.11335012594458,2779,0.9766439094502336,41.40842029507017,2779,0.9985627021200144,153.07700611730837,2779,0.9985627021200144
2020-02,1028,,0,,,0,0.0,,0,0.0,,0,0.0
2020-02,1029,,0,,253.94965839626033,2781,0.977961432506887,46.13484358144552,2781,0.9965864175350342,236.53002517080188,2781,0.9992813510600072
2020-02,1031,104.02218114602587,2705,0.9579590370104204,124.77573131094258,2769,0.9936519343633968,221.73501805054153,2770,0.995448556713379,151.6845904005774,2771,0.9956881063600431
2020-02,1032,104.16408965599904,2781,0.9854473589651456,270.7189859762675,2781,0.999161576236675,32.176555195972675,2781,0.9992813510600072,239.26069759079468,2781,0.9992813510600072
2020-02,1033,139.59928057553958,2780,0.9984429272966822,61.53021582733813,2780,0.9989220265900107,104.81978417266187,2780,0.9989220265900107,58.73273381294964,2780,0.9989220265900107
2020-02,1034,180.02636941148268,2781,0.9940711462450593,142.98849334771666,2781,0.9992813510600072,141.43905070118663,2781,0.9992813510600072,35.67170082704063,2781,0.9992813510600072
2020-02,1035,215.0950323974082,2778,0.998203377650018,85.3701836514224,2777,0.9967660797700323,182.06805905653582,2777,0.9978440531800216,161.8862081382787,2777,0.9978440531800216
2020-02,1036,286.29147175242895,2779,0.9985627021200144,162.77339812814975,2778,0.996406755300036,212.28869690424767,2778,0.998203377650018,123.98164146868251,2778,0.998203377650018
2020-02,1037,,0,0.0,,0,0.0,,0,0.0,,0,0.0
2020-02,1038,,0,0.0,,0,0.0,,0,0.0,,0,0.0
2020-02,1039,,0,,,0,,,0,,,0,
2020-02,1040,,0,0.0,,0,0.0,,0,0.0,,0,0.0
2020-02,1041,171.15918958031838,2764,0.9931728350700683,86.7513552584026,2767,0.9937118217750629,173.31152873147815,2767,0.9941310336567253,76.17804261466233,2769,0.9949694574200503
2020-02,1042,,0,,,0,,,0,,,0,
2020-02,1043,,0,0.0,,0,0.0,,0,0.0,,0,0.0
2020-02,1044,,0,,,0,,,0,,,0,
2020-02,1047,123.23225552050474,2536,0.9112468559108875,178.7850971922246,2778,0.998203377650018,122.87508999280058,2778,0.9978440531800216,102.5565154787617,2778,0.9563420768954366
2020-02,1048,,0,,256.06317689530687,2770,0.9953287818900467,66.96245487364621,2770,0.9951491196550485,166.1054532322138,2769,0.9949694574200503
2020-02,1051,134.08629989212514,2781,0.9992813510600072,,0,,139.15354189140598,2781,0.9992813510600072,89.09852571017619,2781,0.9992813510600072
2020-02,1053,60.15334773218142,2778,0.998203377650018,85.09143268538517,2778,0.998203377650018,130.55183585313176,2778,0.998203377650018,53.104391648668106,2778,0.9978440531800216
2020-02,1054,,0,0.0,,0,0.0,,0,0.0,,0,0.0
2020-02,1057,94.88709097446961,2781,0.9992813510600072,233.33800791082345,2781,0.9992813510600072,106.5735346997483,2781,0.9992813510600072,201.7188061848256,2781,0.9992813510600072
2020-02,1058,,0,,,0,,,0,,,0,
2020-02,1059,,0,,,0,,,0,,,0,
2020-02,1064,112.40504504504504,2775,0.9144807761408552,75.68457101658255,2774,0.9967660797700323,87.1986301369863,2774,0.9926338483650736,113.12328767123287,2774,0.9967660797700323
2020-02,1065,,0,,,0,,,0,,,0,
2020-02,1066,61.22813961856783,2779,0.9985627021200144,190.40244780417567,2778,0.998203377650018,63.882649388048954,2778,0.998203377650018,216.5089992800576,2778,0.998203377650018
2020-02,1067,,0,0.0,,0,0.0,,0,0.0,,0,0.0
2020-02,1068,,0,,278.3505395683453,2780,0.6676248652533238,187.10107913669066,2780,0.5037729069349622,254.84640287769784,2780,0.9988022517666786
2020-02,1069,,0,,,0,,,0,,,0,
2020-02,1070,,0,0.0,,0,0.0,,0,0.0,,0,0.0
2020-02,1071,,0,0.0,,0,0.0,,0,0.0,,0,0.0
2020-02,1072,,0,0.0,,0,0.0,,0,0.0,,0,0.0
2020-02,1074,,0,,,0,0.0,,0,0.0,,0,0.0
2020-02,1075,222.4029520295203,2710,0.9735896514552641,87.1698741672835,2702,0.7806324110671937,,0,,638.7579453067258,2706,0.9722122409869445
2020-02,1077,51.68419157364062,2777,0.9919151994250809,153.17422606191505,2778,0.998203377650018,104.66918646508279,2778,0.998203377650018,168.877969762419,2778,0.998203377650018
2020-02,1078,228.08773516642546,2764,0.667025991136663,154.51555716353113,2764,0.9931728350700683,,0,,107.76736613603474,2764,0.9931728350700683
2020-02,1079,82.37900035958289,2781,0.9992813510600072,0.0,13,0.0035932446999640674,,0,,250.0945702984538,2781,0.9992813510600072
2020-02,1080,,0,,147.59271245355387,2781,0.9966762486525332,122.14023732470335,2781,0.9992813510600072,105.82704063286587,2781,0.9992813510600072
2020-02,1081,145.70032397408207,2778,0.9977242783566894,59.251799856011516,2778,0.9974847287100251,104.19283593170007,2694,0.9414301113905857,93.51386388188693,2777,0.9978440531800216
2020-02,1082,161.4570765661253,2586,0.9292130794107079,107.77958236658932,2586,0.9292130794107079,130.169373549884,2586,0.9292130794107079,72.35460170146945,2586,0.9292130794107079
2020-02,1083,,0,0.0,,0,0.0,,0,0.0,,0,0.0
2020-02,1084,38.63132259273136,2669,0.9586776859504132,195.65043087298614,2669,0.9341537908731584,95.19295616335707,2669,0.9590370104204097,226.15404797601198,2668,0.9587495508444125
2020-02,1085,,0,0.0,,0,0.0,,0,0.0,,0,0.0
2020-02,1086,128.2681871804955,2543,0.9137621272008624,89.39009044435706,2543,0.9137621272008624,180.07491152182462,2543,0.9136423523775302,85.5,2542,0.9134028027308659
2020-02,1088,,0,0.0,,0,0.0,,0,0.0,,0,0.0
2020-02,1090,158.56094929881337,2781,0.997245179063361,73.11218985976268,2781,0.9992813510600072,167.42934196332254,2781,0.9992813510600072,44.96943545487235,2781,0.9992813510600072
2020-02,1092,192.50424242424242,825,0.2956342076895437,129.7769696969697,825,0.2964426877470356,259.5830303030303,825,0.2964426877470356,151.59636363636363,825,0.2964426877470356
2020-02,1093,169.72689679971234,2781,0.9947299077733861,183.59834591873428,2781,0.9992813510600072,167.34609852571018,2781,0.9989220265900107,134.28874505573535,2781,0.9992813510600072
2020-02,1094,237.83584661783715,2321,0.83399209486166,195.4904538904899,2776,0.9971254042400287,170.09010791366907,2780,0.9979638280033537,233.5273381294964,2780,0.9989220265900107
2020-02,1095,266.3381818181818,825,0.2962031381003713,76.99878787878788,825,0.2964426877470356,175.5430303030303,825,0.2964426877470356,21.606060606060606,825,0.2964426877470356
2020-02,1109,245.44106881405563,2732,0.9769134028027309,,0,,250.7595238095238,2730,0.9803569289735298,62.17074954296161,2735,0.9766439094502336
2020-02,1112,270.8568860122258,2781,0.9992813510600072,,0,,261.73570658036675,2781,0.9992813510600072,73.95325422509889,2781,0.9992813510600072
2020-02,1113,238.52750809061487,2781,0.9992813510600072,145.80133045667026,2781,0.9989220265900107,57.59510967277958,2781,0.9992813510600072,181.39266450916935,2781,0.9992813510600072
2020-02,1115,,0,0.0,,0,,,0,0.0,,0,0.0
2020-02,1116,217.30564545127652,2781,0.9989220265900107,218.68176914778857,2781,0.9992813510600072,164.10463861920172,2781,0.9992813510600072,207.79180151024812,2781,0.9992813510600072
2020-02,1117,85.7608773822366,2781,0.9992813510600072,130.44444444444446,2781,0.9992813510600072,,0,,228.3423229054297,2781,0.9992813510600072
2020-02,1119,,0,0.0,,0,0.0,,0,0.0,,0,
2020-02,1501,,0,,,0,,,0,,,0,
2020-02,1502,,0,0.0,,0,0.0,,0,,,0,0.0
2020-02,1503,,0,0.0,,0,0.0,,0,,,0,0.0
2020-02,1504,,0,,,0,,,0,,,0,
2020-03,1001,63.904834347532116,2958,0.9917003140421714,130.34247728037698,2971,0.9993270524899058,90.23729384045775,2971,0.9974203678779723,81.56782228205991,2971,0.9996635262449529
2020-03,1002,83.12800541821876,2953,0.9904665769403319,52.11050847457627,2950,0.9834006280843427,67.44377104377105,2970,0.9993270524899058,48.79057239057239,2970,0.9993270524899058
2020-03,1010,160.26144022703087,2819,0.9485195154777928,67.08691025186236,2819,0.9481830417227456,93.39364220493744,2957,0.9796994167788246,0.0,2957,0.9949528936742934
2020-03,1012,137.51717171717172,2970,0.9991588156123823,,0,,,0,,90.98585858585858,2970,0.9993270524899058
2020-03,1014,219.93483624943923,2972,0.9992429340511441,122.09337146702558,2972,0.9989905787348586,,0,0.0,,0,0.0
2020-03,1016,165.85329744279946,2972,0.9996635262449529,102.54463885150292,2972,0.9989905787348586,129.32335127860026,2972,1.0,53.915545087483174,2972,1.0
2020-03,1017,,0,0.0,,0,0.0,,0,0.0,,0,0.0
2020-03,1018,,0,,,0,,,0,,,0,
2020-03,1019,,0,0.0,,0,0.0,,0,0.0,,0,
2020-03,1021,80.76524082182553,2969,0.9964670255720054,140.41663859885483,2969,0.9811574697173621,29.264914054600606,2967,0.9983176312247645,124.91040754462782,2969,0.9989905787348586
2020-03,1028,,0,,,0,0.0,,0,0.0,,0,0.0
2020-03,1029,,0,,183.72975708502025,2964,0.9045536114849709,37.26095751854349,2966,0.9934387617765814,175.05570514978123,2971,0.9988784208165096
2020-03,1031,89.16780587833219,2926,0.9641094661283087,92.00827143821742,2962,0.9912516823687753,150.08109017496636,2972,1.0,116.93472409152086,2972,1.0
2020-03,1032,72.80520312700244,2601,0.8605316285329744,175.54374158815614,2972,0.999775684163302,27.807873485868104,2972,1.0,129.54123190844834,2971,0.999775684163302
2020-03,1033,109.47810710676995,2969,0.9984297891431135,49.98518019535197,2969,0.9981493943472409,77.79437521050859,2969,0.9966352624495289,37.99562142135399,2969,0.9989905787348586
2020-03,1034,125.9561846983485,2967,0.986456931359354,103.45209176788124,2964,0.9962987886944819,90.86998989558774,2969,0.9989905787348586,20.87975749410576,2969,0.9989905787348586
2020-03,1035,159.13969594594596,2960,0.9951772095109914,67.46335697399527,2961,0.9962987886944819,139.39395474501856,2961,0.9956258411843876,112.80344478216819,2961,0.9962987886944819
2020-03,1036,195.42328398384927,2972,0.9998317631224765,112.52119784656797,2972,0.9952893674293405,133.21601615074024,2972,1.0,90.43876177658143,2972,1.0
2020-03,1037,,0,0.0,,0,0.0,,0,0.0,,0,0.0
2020-03,1038,,0,0.0,,0,0.0,,0,0.0,,0,0.0
2020-03,1039,,0,,,0,,,0,,,0,
2020-03,1040,,0,0.0,,0,0.0,,0,0.0,,0,0.0
2020-03,1041,126.39635806671205,2938,0.9885598923283984,56.79714091218516,2938,0.9855316285329744,127.36662129976182,2939,0.9887842081650964,49.03810820006805,2939,0.9888963660834454
2020-03,1042,,0,,,0,,,0,,,0,
2020-03,1043,14.37620578778135,1244,0.4185733512786003,212.41594996090697,1279,0.4302377747869,160.0992963252541,1279,0.430349932705249,477.7332737629845,1279,0.4291722745625841
2020-03,1044,,0,,,0,,,0,,,0,
2020-03,1047,112.08512786002692,2972,0.9994952893674294,132.16049798115748,2972,1.0,108.88963660834455,2972,0.9998317631224765,103.6450201884253,2972,1.0
2020-03,1048,,0,,187.10094212651413,2972,1.0,52.812247644683715,2972,0.9981493943472409,128.53263795423956,2972,0.9998317631224765
2020-03,1051,106.4904214559387,1305,0.43909825033647376,,0,,117.42758620689655,1305,0.43909825033647376,72.31570881226054,1305,0.43909825033647376
2020-03,1053,43.86305518169583,2972,1.0,58.828398384925976,2972,0.9957940780619112,99.45524899057874,2972,0.9993270524899058,50.514468371467025,2972,1.0
2020-03,1054,,0,0.0,,0,0.0,,0,0.0,,0,0.0
2020-03,1057,68.85257489060922,2971,0.998485868102288,190.58498821945471,2971,0.9987662628981606,83.29340511440108,2972,0.9983176312247645,146.41554508748317,2972,1.0
2020-03,1058,,0,,,0,,,0,,,0,
2020-03,1059,,0,,,0,,,0,,,0,
2020-03,1064,71.444819439757,2963,0.8140982503364738,57.21862348178138,2964,0.9959623149394348,59.54671163575042,2965,0.9959623149394348,90.60910623946037,2965,0.9976446837146703
2020-03,1065,,0,,,0,,,0,,,0,
2020-03,1066,52.29076819407008,2968,0.996971736204576,137.2399057873486,2972,0.9988223418573351,59.32637954239569,2972,1.0,147.69683714670256,2972,1.0
2020-03,1067,,0,0.0,,0,0.0,,0,0.0,,0,0.0
2020-03,1068,,0,,220.21181022880216,2972,0.6666666666666666,133.1003367003367,2970,0.4996635262449529,183.21668909825033,2972,1.0
2020-03,1069,,0,,,0,,,0,,,0,
2020-03,1070,,0,0.0,,0,0.0,,0,0.0,,0,0.0
2020-03,1071,134.05937291527684,1499,0.5,86.97598398932622,1499,0.49554172274562586,143.60840560373583,1499,0.5043741588156124,22.075383589059374,1499,0.5043741588156124
2020-03,1072,,0,0.0,,0,0.0,,0,0.0,,0,0.0
2020-03,1074,,0,,,0,0.0,,0,0.0,,0,0.0
2020-03,1075,158.86604361370718,2889,0.9719044414535666,56.15003465003465,2886,0.9675302826379543,,0,,451.0415512465374,2888,0.971736204576043
2020-03,1077,30.29730651210365,2933,0.9700538358008075,121.2486541049798,2972,1.0,76.20053835800807,2972,0.9993270524899058,126.70962314939435,2972,1.0
2020-03,1078,158.18004045853002,2966,0.6680125616868551,127.09286675639301,2972,1.0,,0,,82.33310901749664,2972,1.0
2020-03,1079,67.57186132615281,2971,0.9978129205921938,23.333333333333332,3,0.001009421265141319,,0,,181.38543068640647,2972,0.9988784208165096
2020-03,1080,,0,,89.20084157852837,2931,0.9765309555854643,81.56232970027249,2936,0.9878869448183042,200.56130790190736,2936,0.9878869448183042
2020-03,1081,94.61346801346801,2970,0.9917003140421714,45.82822499157966,2969,0.993719156572454,65.5097610232245,2971,0.9986541049798116,60.45641198249748,2971,0.9996635262449529
2020-03,1082,110.24116459104678,2971,0.9992148945715567,73.60935397039032,2972,0.9981493943472409,82.48435397039032,2972,0.9991027366532078,46.64199192462988,2972,1.0
2020-03,1083,,0,0.0,,0,0.0,,0,0.0,,0,0.0
2020-03,1084,28.433930381885773,2959,0.9900740242261103,152.74966352624494,2972,0.9564266487213997,70.90511440107672,2972,1.0,169.63189771197847,2972,1.0
2020-03,1085,,0,0.0,,0,0.0,,0,0.0,,0,0.0
2020-03,1086,88.03566256335988,2762,0.9254149842978915,61.94534925805284,2763,0.9276581426648721,126.39507959479016,2764,0.9300134589502019,60.38784370477569,2764,0.9296769851951547
2020-03,1088,,0,0.0,,0,0.0,,0,0.0,,0,0.0
2020-03,1090,120.23054755043228,2082,0.695939883355765,61.8742802303263,2084,0.7008748317631225,117.91746641074856,2084,0.7010991475998205,39.15547024952016,2084,0.7012113055181696
2020-03,1092,,0,0.0,,0,0.0,,0,0.0,,0,0.0
2020-03,1093,124.5425925925926,2970,0.996971736204576,120.75707070707071,2970,0.9988784208165096,116.80786099865047,2964,0.9367429340511441,103.88080808080808,2970,0.9986541049798116
2020-03,1094,193.64552108748694,2869,0.965343203230148,148.27918600499822,2801,0.942911619560341,157.7513458950202,2972,0.9814939434724091,200.42462987886944,2972,1.0
2020-03,1095,,0,0.0,,0,0.0,,0,0.0,,0,0.0
2020-03,1109,158.88577178030303,2816,0.9388458950201884,,0,,171.99643366619117,2804,0.943360251233737,33.73622467116957,2813,0.9422947510094213
2020-03,1112,173.673174015483,2971,0.9986541049798116,,0,,172.54358801750251,2971,0.9978689995513683,49.23157186132615,2971,0.9978129205921938
2020-03,1113,148.25067294751008,2972,0.9913638402871243,86.18310333221137,2971,0.9978689995513683,37.312584118438764,2972,0.998485868102288,124.92395693135936,2972,1.0
2020-03,1115,,0,0.0,,0,,,0,0.0,,0,0.0
2020-03,1116,156.55944762546312,2969,0.996971736204576,146.37664307381192,2967,0.996971736204576,122.53300774671607,2969,0.9986541049798116,153.33479285954866,2969,0.9989905787348586
2020-03,1117,70.70629841697541,2969,0.9976446837146703,100.95486695857191,2969,0.9988223418573351,,0,,154.12024250589425,2969,0.9986541049798116
2020-03,1119,,0,0.0,,0,0.0,,0,0.0,,0,
2020-03,1501,,0,,,0,,,0,,,0,
2020-03,1502,,0,0.0,,0,0.0,,0,,,0,0.0
2020-03,1503,,0,0.0,,0,0.0,,0,,,0,0.0
2020-03,1504,,0,,,0,,,0,,,0,
2020-04,1001,64.45457709711103,2873,0.9957146166319203,133.93534932221064,2877,0.9989576094510076,89.84984358706987,2877,0.9984943247625665,83.48713490959666,2876,0.9993050729673384
2020-04,1002,83.844,2875,0.9961779013203613,52.745644599303134,2870,0.9872596710678713,70.30785267546908,2878,1.0,48.148714384989574,2878,1.0
2020-04,1010,166.58423250957188,2873,0.9980310400741256,72.30107901148625,2873,0.9975677553856845,97.31917855899756,2873,0.998262682418346,26.352593108249216,2873,0.998262682418346
2020-04,1012,144.87965217391303,2875,0.9989576094510076,,0,,,0,,90.77565217391304,2875,0.9989576094510076
2020-04,1014,231.9208666434944,2877,0.9993919388464211,133.39659367396592,2877,0.9986101459346769,,0,0.0,,0,0.0
2020-04,1016,176.29005908932916,2877,0.9994208941394488,105.91495771057814,2877,0.9986101459346769,139.06534584636773,2877,0.9996525364836693,55.61383385470977,2877,0.9996525364836693
2020-04,1017,,0,0.0,,0,0.0,,0,0.0,,0,0.0
2020-04,1018,,0,,,0,,,0,,,0,
2020-04,1019,,0,0.0,,0,0.0,,0,0.0,,0,
2020-04,1021,84.83495482974288,2878,0.9993050729673384,145.32904794996526,2878,0.9867963863794301,31.35222531293463,2876,0.9993050729673384,130.01042390548992,2878,1.0
2020-04,1028,,0,,,0,0.0,,0,0.0,,0,0.0
2020-04,1029,,0,,208.8257253384913,2585,0.8969191568218671,35.957043343653254,2584,0.8917651146629604,173.3644100580271,2585,0.8981931897150799
2020-04,1030,,0,,,0,,,0,,,0,
2020-04,1031,90.00316567006683,2843,0.972550382209868,97.47648083623693,2870,0.995135510771369,163.73940236275192,2878,1.0,125.99166087560806,2878,1.0
2020-04,1032,66.93546129077419,2381,0.814367616400278,194.44614315496872,2878,0.9987259671067872,36.35093815149409,2878,1.0,164.51320361362056,2878,1.0
2020-04,1033,124.32099409106708,2877,0.9967570071809126,53.45255474452555,2877,0.9989576094510076,82.91136600625651,2877,0.9965253648366922,39.570733402850195,2877,0.9996525364836693
2020-04,1034,131.69354651836403,2877,0.9877519110493398,106.36648122392211,2876,0.9989576094510076,98.00938477580813,2877,0.9996525364836693,24.53806047966632,2877,0.9996525364836693
2020-04,1035,164.34568545581072,2874,0.9965253648366922,63.7708913649025,2872,0.996004169562196,143.8197633959638,2874,0.9981468612462358,124.96729297146834,2874,0.9986101459346769
2020-04,1036,215.4808895066018,2878,0.999131341209173,123.96575104311543,2876,0.9928190873291638,143.38603196664351,2878,1.0,102.00277970813065,2878,1.0
2020-04,1037,,0,0.0,,0,0.0,,0,0.0,,0,0.0
2020-04,1038,,0,0.0,,0,0.0,,0,0.0,,0,0.0
2020-04,1039,,0,,,0,,,0,,,0,
2020-04,1040,,0,0.0,,0,0.0,,0,0.0,,0,0.0
2020-04,1041,135.2175836860331,2599,0.9028260365994905,59.42516352443248,2599,0.9006254343293955,133.4451923076923,2600,0.9352559647903637,47.7538247566064,2876,0.9993050729673384
2020-04,1042,,0,,,0,,,0,,,0,
2020-04,1043,18.16984463276836,2832,0.9840166782487839,277.48018934081347,2852,0.9909659485753995,204.95827489481067,2852,0.9907922168172342,620.098781527353,2849,0.9892286309937457
2020-04,1044,,0,,,0,,,0,,,0,
2020-04,1047,119.27513043478261,2875,0.9987838776928423,141.73426086956522,2875,0.9987838776928423,113.58852173913043,2875,0.9989576094510076,170.7919276270007,2874,0.9984364141765114
2020-04,1048,,0,,199.07008368200837,2868,0.9965253648366922,59.231520223152025,2868,0.9940931202223766,135.9058577405858,2868,0.9965253648366922
2020-04,1051,120.32778076303063,1861,0.6466296038915914,,0,,124.00752283718431,1861,0.6466296038915914,78.84739387426114,1861,0.6466296038915914
2020-04,1053,47.06627136379491,2867,0.9961779013203613,62.79497907949791,2868,0.996004169562196,108.18612757058209,2869,0.9965253648366922,51.158940397350996,2869,0.9963516330785267
2020-04,1054,,0,0.0,,0,0.0,,0,0.0,,0,0.0
2020-04,1057,71.82551268682656,2877,0.9986101459346769,186.11661452902328,2877,0.9989576094510076,87.00694927032661,2878,0.9994788047255038,151.8373870743572,2878,1.0
2020-04,1058,,0,,,0,,,0,,,0,
2020-04,1059,,0,,,0,,,0,,,0,
2020-04,1064,77.92434814542784,2723,0.48697011813759555,59.38376790304811,2723,0.9457956914523975,64.20785897906721,2723,0.893328700486449,94.80426000734484,2723,0.9461431549687283
2020-04,1065,,0,,,0,,,0,,,0,
2020-04,1066,53.842673163940134,2873,0.997394023627519,189.3520963632152,2878,0.9990444753300903,68.75330090340515,2878,1.0,154.10215427380126,2878,1.0
2020-04,1067,,0,0.0,,0,0.0,,0,0.0,,0,0.0
2020-04,1068,,0,,228.3188784395681,2871,0.6660875608061153,137.55760529063696,2873,0.5005211952744962,188.90236275191106,2878,1.0
2020-04,1069,,0,,,0,,,0,,,0,
2020-04,1070,,0,0.0,,0,0.0,,0,0.0,,0,0.0
2020-04,1071,169.1714252553389,2872,0.9964384989576095,105.66968430826368,2872,0.9934850590687978,185.62291086350976,2872,0.9979152189020153,24.66399721448468,2872,0.9979152189020153
2020-04,1072,,0,0.0,,0,0.0,,0,0.0,,0,0.0
2020-04,1074,,0,,,0,0.0,,0,0.0,,0,0.0
2020-04,1075,159.65498748659277,2797,0.9713342599027102,56.73703041144902,2795,0.967685892981237,,0,,462.10404004290314,2797,0.9718554551772064
2020-04,1077,32.18238993710692,2862,0.98453787352328,125.818276580959,2878,1.0,80.10875608061154,2878,1.0,130.20465601111883,2878,1.0
2020-04,1078,167.9384561891516,2876,0.6664350243224462,130.47255038220987,2878,0.9996525364836693,,0,,85.4513551077137,2878,1.0
2020-04,1079,66.14464534075104,2876,0.9956567060458652,133.93160577740016,2354,0.8170604586518415,,0,,184.08501390820584,2876,0.9981468612462358
2020-04,1080,,0,,97.71948807446189,2865,0.985145934676859,87.9019539427774,2866,0.9958304378040306,236.45619546247818,2865,0.9954829742876998
2020-04,1081,100.71888038942977,2876,0.9938614778781562,54.691570881226056,2871,0.7180912670836228,70.19909659485754,2878,0.9989576094510076,64.02744961779013,2878,1.0
2020-04,1082,120.6724018074383,2877,0.9995367153115589,79.40271021542738,2878,0.9989576094510076,90.62109103544128,2878,0.9997683576557795,51.831132731063235,2878,1.0
2020-04,1083,,0,0.0,,0,0.0,,0,0.0,,0,0.0
2020-04,1084,27.338782608695652,2875,0.9937456567060459,162.68357655779477,2878,0.947359277275886,76.09763724808894,2878,1.0,177.59416261292563,2878,1.0
2020-04,1085,,0,0.0,,0,0.0,,0,0.0,,0,0.0
2020-04,1086,91.6694433926543,2641,0.9144081538105165,64.39023467070402,2642,0.9153926337734538,137.16130253691784,2641,0.9176511466296039,62.964407421431275,2641,0.9176511466296039
2020-04,1088,,0,0.0,,0,0.0,,0,0.0,,0,0.0
2020-04,1090,123.34214031971581,2252,0.7753069261060922,63.869005328596806,2252,0.7816191799861014,122.43339253996447,2252,0.7823720176048181,40.502220248667854,2252,0.7824878387769284
2020-04,1092,185.42857142857142,140,0.048644892286309936,144.06428571428572,140,0.048644892286309936,201.2357142857143,140,0.048644892286309936,158.9857142857143,140,0.048644892286309936
2020-04,1093,134.66649011299435,2832,0.9789205466759324,133.1763250883392,2830,0.9828584665276812,135.48952042628775,2815,0.7887421820708825,111.25494350282486,2832,0.9836692147324531
2020-04,1094,170.15278783490226,2762,0.9595784109335186,155.07676203768318,2866,0.9950196895992587,137.12317581653926,2878,0.9974519342135741,195.60597637248088,2878,1.0
2020-04,1095,,0,0.0,,0,0.0,,0,0.0,,0,0.0
2020-04,1109,169.83733611787912,2873,0.9894023627519111,,0,,181.9481558803062,2874,0.9979152189020153,36.90953375086987,2874,0.9986101459346769
2020-04,1112,186.43995823181345,2873,0.9967570071809126,,0,,185.51688130873652,2873,0.9965253648366922,53.55586494953011,2873,0.9975677553856845
2020-04,1113,155.16347493036213,2872,0.9921241602965023,91.54874651810584,2872,0.9961779013203613,39.33495821727019,2872,0.9961779013203613,131.4632532218739,2871,0.9975677553856845
2020-04,1115,,0,0.0,,0,,,0,0.0,,0,0.0
2020-04,1116,172.8453787352328,2878,0.997799397729905,160.3589298123697,2878,0.9988417882788974,133.272063933287,2878,0.9997683576557795,163.30090340514246,2878,1.0
2020-04,1117,77.09381514940931,2878,0.9977414871438499,106.2765809589993,2878,0.9994788047255038,,0,,168.1198749131341,2878,1.0
2020-04,1119,,0,0.0,,0,0.0,,0,0.0,,0,
2020-04,1501,,0,,,0,,,0,,,0,
2020-04,1502,,0,0.0,,0,0.0,,0,,,0,0.0
2020-04,1503,76.6819184123484,907,0.31503358813991195,233.9518559353179,907,0.31471507991660874,,0,,346.7530319735391,907,0.31514940931202223
2020-04,1504,,0,,,0,,,0,,,0,
2020-05,1001,80.45867346938776,2940,0.9989802855200544,159.76190476190476,2940,0.9993201903467029,107.62942176870749,2940,0.9988669839111715,101.70374149659864,2940,0.9993201903467029
2020-05,1002,106.58803535010198,2942,0.9997733967822343,64.00713800135962,2942,0.9939950147292093,83.49252209381373,2942,1.0,61.95547246770904,2942,1.0
2020-05,1010,200.24881033310672,2942,1.0,86.675050985724,2942,1.0,116.75730795377294,2942,1.0,334.481645139361,2942,1.0
2020-05,1012,178.6597552685248,2942,1.0,,0,,,0,,113.27804214819851,2942,1.0
2020-05,1014,293.64115646258506,2940,0.9993201903467029,173.5156462585034,2940,0.9993201903467029,,0,0.0,,0,0.0
2020-05,1016,197.80428488708745,1727,0.5870156356220259,121.77591198610307,1727,0.5870156356220259,163.95657209033004,1727,0.5870156356220259,64.495657209033,1727,0.5870156356220259
2020-05,1017,,0,0.0,,0,0.0,,0,0.0,,0,0.0
2020-05,1018,,0,,,0,,,0,,,0,
2020-05,1019,,0,0.0,,0,0.0,,0,0.0,,0,
2020-05,1021,104.42798774259448,2937,0.9983004758667573,155.89070480081716,2937,0.9909925220938137,38.302349336057205,2937,0.9983004758667573,160.23323118828736,2937,0.9983004758667573
2020-05,1028,,0,,,0,0.0,,0,0.0,,0,0.0
2020-05,1029,,0,,274.0599520383693,2919,0.9921821889870837,42.23980815347722,2919,0.9898028552005439,170.51444291609354,2908,0.877067754362112
2020-05,1030,,0,,,0,,,0,,,0,
2020-05,1031,114.51040600477653,2931,0.9877634262406526,122.275,2940,0.9993201903467029,214.32596872875595,2942,1.0,160.55574439157036,2942,1.0
2020-05,1032,95.4368180218233,2841,0.9604860639021074,237.77570738440303,2898,0.9814185361432133,33.296736913664176,2942,1.0,220.54743284597075,2941,0.9996600951733514
2020-05,1033,276.77724795640324,2936,0.9979605710401088,63.096730245231605,2936,0.9979605710401088,101.19567438692098,2936,0.9972807613868117,49.40940054495913,2936,0.9979605710401088
2020-05,1034,177.18937329700273,2936,0.9910774983004759,131.44516348773843,2936,0.9979605710401088,127.91587193460491,2936,0.9979605710401088,30.12534059945504,2936,0.9979605710401088
2020-05,1035,201.1184389911384,2934,0.9960344436891004,64.92100783112019,2937,0.9977906186267845,170.32260810350698,2937,0.9972807613868117,166.14027919645898,2937,0.9983004758667573
2020-05,1036,279.989239046887,2602,0.8844323589394969,158.11765834932822,2605,0.8772943575798776,172.45868055555556,2880,0.9789259007477906,119.16979166666667,2880,0.9789259007477906
2020-05,1037,,0,0.0,,0,0.0,,0,0.0,,0,0.0
2020-05,1038,82.75752364574376,1163,0.3953093133922502,272.0699340785325,1163,0.2962270564242012,99.5932932072227,1163,0.3953093133922502,133.36629406706794,1163,0.3953093133922502
2020-05,1039,,0,,,0,,,0,,,0,
2020-05,1040,,0,0.0,,0,0.0,,0,0.0,,0,0.0
2020-05,1041,165.6140231449966,2938,0.9986403806934059,71.84683458134785,2938,0.9986403806934059,164.28182437031995,2938,0.9986403806934059,64.25085091899251,2938,0.9986403806934059
2020-05,1042,,0,,,0,,,0,,,0,
2020-05,1043,22.215050051777702,2897,0.9847042828008158,334.93409247757074,2898,0.9851574892363472,252.88750862663906,2898,0.9848742352141401,786.5426303854874,2898,0.9845343303874915
2020-05,1044,,0,,,0,,,0,,,0,
2020-05,1047,135.43881713120325,2942,1.0,180.4326988443236,2942,1.0,132.67743031951053,2942,1.0,165.65227736233854,2942,1.0
2020-05,1048,,0,,254.88470749230243,2923,0.9933718558803535,73.64146424905918,2923,0.9935418082936778,173.1977420458433,2923,0.9935418082936778
2020-05,1051,133.4977883633889,2939,0.9989802855200544,,0,,137.583531813542,2939,0.9989802855200544,86.34943858455257,2939,0.9989802855200544
2020-05,1053,60.03772943575799,2942,1.0,79.07715839564922,2942,1.0,139.71753908905507,2942,1.0,59.18388851121686,2942,1.0
2020-05,1054,59.41706813489333,1453,0.4938817131203263,39.421875,32,0.04022207115341038,123.61046111493462,1453,0.4938817131203263,104.20027529249828,1453,0.4938817131203263
2020-05,1057,86.8156462585034,2940,0.9993201903467029,239.58333333333334,2940,0.9993201903467029,105.32142857142857,2940,0.9993201903467029,190.9574829931973,2940,0.99920688873782
2020-05,1058,,0,,,0,,,0,,,0,
2020-05,1059,,0,,,0,,,0,,,0,
2020-05,1064,90.02794819359237,2934,0.4988103331067301,71.52028639618139,2933,0.9969408565601632,88.88441868394136,2933,0.9969408565601632,116.14387998636208,2933,0.9969408565601632
2020-05,1065,,0,,,0,,,0,,,0,
2020-05,1066,59.385315879339785,1757,0.597212780421482,216.41206602162777,1757,0.597212780421482,66.72225384177575,1757,0.597212780421482,93.17017643710871,1757,0.597212780421482
2020-05,1067,,0,0.0,,0,0.0,,0,0.0,,0,0.0
2020-05,1068,,0,,209.55165359699967,2933,0.9322456378880579,99.90828503239004,2933,0.9435757987763427,231.98261166041596,2933,0.9969408565601632
2020-05,1069,,0,,,0,,,0,,,0,
2020-05,1070,,0,0.0,,0,0.0,,0,0.0,,0,0.0
2020-05,1071,219.77305687740767,2942,0.9991502379333786,126.74167233174711,2942,0.9988103331067301,228.01461590754587,2942,1.0,28.82358939496941,2942,1.0
2020-05,1072,,0,0.0,,0,0.0,,0,0.0,,0,0.0
2020-05,1074,,0,,,0,0.0,,0,0.0,,0,0.0
2020-05,1075,202.78781656399727,2922,0.9932019034670292,75.4996577686516,2922,0.9932019034670292,,0,,595.2156057494866,2922,0.9932019034670292
2020-05,1077,39.712925170068026,2940,0.995581237253569,151.00645819170632,2942,1.0,100.17743031951053,2942,1.0,159.38953093133924,2942,1.0
2020-05,1078,211.12882392929978,2942,0.6666666666666666,155.35146159075458,2942,1.0,,0,,107.21617946974847,2942,1.0
2020-05,1079,84.5863371095091,2913,0.989292997960571,145.43602058319038,2915,0.9896329027872196,,0,,230.39911534535557,2939,0.9990935871289373
2020-05,1080,,0,,131.24968488598603,2909,0.9877634262406526,110.07184599518735,2909,0.9887831407205983,305.9154348573393,2909,0.9887831407205983
2020-05,1081,136.20649218218898,2942,0.9996600951733514,56.83390061266167,2938,0.6663267618400182,84.92607070020394,2942,0.9988669839111715,85.85146159075458,2942,1.0
2020-05,1082,152.16848196051737,2938,0.9986403806934059,101.53744043567052,2938,0.9986403806934059,116.5282505105514,2938,0.9986403806934059,68.8505786249149,2938,0.9986403806934059
2020-05,1083,,0,0.0,,0,0.0,,0,0.0,,0,0.0
2020-05,1084,34.2100611828688,2942,1.0,197.0012463176977,2942,0.9681339225016995,90.19000679809653,2942,1.0,220.42760027192386,2942,1.0
2020-05,1085,,0,0.0,,0,0.0,,0,0.0,,0,0.0
2020-05,1086,117.00073991860896,2703,0.9187627464309993,80.89156180606957,2702,0.9184228416043508,169.93856402664693,2702,0.9184228416043508,78.63471502590673,2702,0.9184228416043508
2020-05,1088,,0,0.0,,0,0.0,,0,0.0,,0,0.0
2020-05,1090,150.52516150969058,2941,0.9958078404713346,74.19931972789115,2940,0.9993201903467029,156.38877551020408,2940,0.9993201903467029,46.57599455967358,2941,0.9994901427600272
2020-05,1092,171.83563535911603,2172,0.7382732834806254,140.78222836095765,2172,0.7381599818717425,192.7005988023952,2171,0.7379333786539769,147.10870566559188,2171,0.7379333786539769
2020-05,1093,151.74688473520249,642,0.4688420575572173,189.3537224746592,2861,0.9724677090414684,164.13771408598393,2861,0.9724677090414684,168.20202726319468,2861,0.9722977566281441
2020-05,1094,197.10204081632654,2842,0.9657829141173805,201.78144119646498,2942,1.0,173.4656696125085,2942,1.0,264.3837525492862,2942,1.0
2020-05,1095,,0,0.0,,0,0.0,,0,0.0,,0,0.0
2020-05,1109,220.95883224997146,2923,0.9906526172671652,,0,,231.93294560383168,2923,0.9935418082936778,50.82586383852207,2923,0.9935418082936778
2020-05,1112,251.4677090414684,2942,1.0,,0,,243.11726716519374,2942,1.0,70.80965329707682,2942,1.0
2020-05,1113,218.64513936097893,2942,0.9998866983911171,126.41102415787682,2939,0.9983004758667573,52.27328348062542,2942,0.9991502379333786,173.45547246770903,2942,1.0
2020-05,1115,,0,0.0,,0,,,0,0.0,,0,0.0
2020-05,1116,233.44459551325627,2942,1.0,198.8653976886472,2942,1.0,171.82902787219578,2942,1.0,185.89734874235214,2942,1.0
2020-05,1117,91.46193065941536,2942,1.0,132.1696125084976,2942,1.0,,0,,219.2073419442556,2942,1.0
2020-05,1119,,0,0.0,,0,0.0,,0,0.0,,0,
2020-05,1501,,0,,,0,,,0,,,0,
2020-05,1502,,0,0.0,,0,0.0,,0,,,0,0.0
2020-05,1503,75.18970189701896,738,0.25084976206662135,231.19376693766938,738,0.25084976206662135,,0,,345.5989159891599,738,0.25084976206662135
2020-05,1504,,0,,,0,,,0,,,0,
2020-06,1001,85.28358992302309,2858,0.9927032661570535,165.1499300209937,2858,0.992934908501274,114.73792862141357,2858,0.992471623812833,106.7333799860042,2858,0.9930507296733843
2020-06,1002,113.30038220986796,2878,0.9997683576557795,66.25034746351633,2878,0.9950196895992587,88.35615010423905,2878,1.0,65.90792216817235,2878,1.0
2020-06,1010,206.48973913043477,2875,0.9988417882788974,91.87860869565218,2875,0.9989576094510076,123.91130434782609,2875,0.9989576094510076,327.3930434782609,2875,0.9989576094510076
2020-06,1012,187.56034782608697,2875,0.9989576094510076,,0,,,0,,119.4608695652174,2875,0.9987838776928423
2020-06,1014,517.2478811099501,2871,0.9970465601111883,180.74747474747474,2871,0.9975677553856845,,0,0.0,,0,0.0
2020-06,1016,195.7157748436414,2878,1.0,127.56590224693075,2878,0.9603891591382905,168.73314801945796,2878,1.0,67.50208478109799,2878,1.0
2020-06,1017,0.0,1,0.00034746351633078526,0.0,1,0.00034746351633078526,0.0,1,0.00034746351633078526,0.0,1,0.00034746351633078526
2020-06,1018,,0,,,0,,,0,,,0,
2020-06,1019,0.0,1,0.00034746351633078526,0.0,1,0.00034746351633078526,0.0,1,0.00034746351633078526,,0,
2020-06,1021,104.71194705677465,2871,0.9975677553856845,144.3650296064089,2871,0.9930507296733843,38.05990943921979,2871,0.9975677553856845,160.61755485893417,2871,0.9975677553856845
2020-06,1028,,0,,0.0,1,0.00034746351633078526,0.0,1,0.00034746351633078526,0.0,1,0.00034746351633078526
2020-06,1029,,0,,287.8778705636743,2874,0.9986101459346769,43.63361169102296,2874,0.9977414871438499,87.13166996047431,2024,0.5678712068566134
2020-06,1030,,0,,,0,,,0,,,0,
2020-06,1031,107.93739130434783,2875,0.9937456567060459,125.3993710691824,2862,0.9957146166319203,226.34155663655315,2878,1.0,167.47706740792216,2878,1.0
2020-06,1032,102.07244862417276,2871,0.9936587908269632,251.0929464906185,2878,0.9994208941394488,33.39645587213342,2878,1.0,239.70708825573314,2878,1.0
2020-06,1033,309.69282979463975,2873,0.9962937224924717,64.23459798120432,2873,0.998262682418346,102.95927601809954,2873,0.997799397729905,52.690915419422204,2873,0.998262682418346
2020-06,1034,193.2337858220211,2873,0.9940062543432939,137.0024364775496,2873,0.998262682418346,140.17821092934216,2873,0.998262682418346,32.4027149321267,2873,0.998262682418346
2020-06,1035,222.0816067653277,2365,0.8217512161223072,67.96913319238901,2365,0.8215774843641418,179.57040169133194,2365,0.8210562890896456,172.86807610993657,2365,0.8217512161223072
2020-06,1036,304.6121739130435,2875,0.9989576094510076,133.46100278551532,2872,0.6662033819782256,25.572869565217392,2875,0.9989576094510076,134.52939130434783,2875,0.9989576094510076
2020-06,1037,0.0,1,0.00034746351633078526,0.0,1,0.00034746351633078526,0.0,1,0.00034746351633078526,0.0,1,0.00034746351633078526
2020-06,1038,83.7098679638638,2878,1.0,271.0225988700565,2360,0.6147498262682418,103.78144544822794,2878,1.0,140.07609451007644,2878,1.0
2020-06,1039,,0,,,0,,,0,,,0,
2020-06,1040,0.0,1,0.00034746351633078526,0.0,1,0.00034746351633078526,0.0,1,0.00034746351633078526,0.0,1,0.00034746351633078526
2020-06,1041,170.84016678248784,2878,1.0,77.36448922863099,2878,0.9996525364836693,170.14819318971507,2878,0.9998841788278897,69.28248783877693,2878,1.0
2020-06,1042,,0,,,0,,,0,,,0,
2020-06,1043,22.74573913043478,2875,0.9989576094510076,350.79457768508865,2877,0.9996525364836693,263.93048314216196,2877,0.9996525364836693,816.0857043547346,2877,0.9994788047255038
2020-06,1044,,0,,,0,,,0,,,0,
2020-06,1047,131.30750521195276,2878,1.0,183.48436414176513,2878,0.9998262682418346,130.06184850590688,2878,1.0,148.27380125086867,2878,0.9998262682418346
2020-06,1048,,0,,258.50052465897164,2859,0.9933981931897151,72.6610703043022,2859,0.9932244614315496,173.07764952780693,2859,0.9933981931897151
2020-06,1051,136.85684503127172,2878,1.0,,0,,143.18797776233495,2878,0.9998262682418346,87.78630993745656,2878,1.0
2020-06,1053,61.069193324061196,2876,0.9993050729673384,83.48817802503477,2876,0.9989576094510076,143.37273991655076,2876,0.9993050729673384,58.81467315716272,2876,0.9993050729673384
2020-06,1054,57.375652173913046,2875,0.9989576094510076,89.96875,16,0.3353022932592078,123.21773913043478,2875,0.9989576094510076,103.30886956521739,2875,0.9989576094510076
2020-06,1057,89.08721334259903,2878,1.0,235.08964558721334,2878,0.9998841788278897,107.2314107018763,2878,1.0,197.8950660180681,2878,1.0
2020-06,1058,,0,,,0,,,0,,,0,
2020-06,1059,,0,,,0,,,0,,,0,
2020-06,1064,94.26864111498257,2870,0.5012161223071577,74.75296167247387,2870,0.9970465601111883,95.77038327526132,2870,0.9970465601111883,120.36550522648083,2870,0.9972202918693537
2020-06,1065,,0,,,0,,,0,,,0,
2020-06,1066,0.0,1,0.00034746351633078526,0.0,1,0.00034746351633078526,0.0,1,0.00034746351633078526,0.0,1,0.00034746351633078526
2020-06,1067,0.0,1,0.00034746351633078526,0.0,1,0.00034746351633078526,0.0,1,0.00034746351633078526,0.0,1,0.00034746351633078526
2020-06,1068,,0,,199.4141660851361,2866,0.9123233727125318,101.26796929518493,2866,0.9642112578179292,240.3927076064201,2866,0.9957146166319203
2020-06,1069,,0,,,0,,,0,,,0,
2020-06,1070,0.0,1,0.00034746351633078526,0.0,1,0.00034746351633078526,0.0,1,0.00034746351633078526,0.0,1,0.00034746351633078526
2020-06,1071,229.52729384436702,2870,0.997133425990271,126.38002322880372,2870,0.9964384989576095,227.63588850174216,2870,0.9972202918693537,29.6801393728223,2870,0.9972202918693537
2020-06,1072,0.0,1,0.00034746351633078526,0.0,1,0.00034746351633078526,0.0,1,0.00034746351633078526,0.0,1,0.00034746351633078526
2020-06,1074,,0,,0.0,1,0.00034746351633078526,0.0,1,0.00034746351633078526,0.0,1,0.00034746351633078526
2020-06,1075,212.651269393512,2836,0.985406532314107,78.24709199859007,2837,0.9857539958304378,,0,,615.2317941487487,2837,0.9856960852443827
2020-06,1077,39.73349548297429,2878,0.9968728283530229,157.5215427380125,2878,1.0,102.88082001389854,2878,1.0,163.89437109103545,2878,1.0
2020-06,1078,220.23079750091878,2721,0.6488302061616863,162.67755385684504,2878,0.9996525364836693,,0,,110.75139082058415,2876,0.999131341209173
2020-06,1079,86.02850191171359,2877,0.9996525364836693,129.60410149461245,2877,0.9506601806810285,,0,,241.02832811956898,2877,0.9995367153115589
2020-06,1080,,0,,144.10229645093946,2874,0.9957435719249479,118.12178148921365,2874,0.9986101459346769,341.1207796728159,2873,0.9983495482974287
2020-06,1081,150.14468159552135,2858,0.9928190873291638,59.13935574229692,2856,0.6620338197822562,92.53656403079076,2858,0.8765346305304609,93.45451364590623,2858,0.9930507296733843
2020-06,1082,160.25017373175817,2878,1.0,107.7505211952745,2878,1.0,125.7986448922863,2878,0.9998841788278897,74.39263377345378,2878,1.0
2020-06,1083,0.0,1,0.00034746351633078526,0.0,1,0.00034746351633078526,0.0,1,0.00034746351633078526,0.0,1,0.00034746351633078526
2020-06,1084,35.8950660180681,2878,0.9998262682418346,204.48946027333795,2878,0.9739402362751911,125.72654621264768,2878,1.0,233.72724113968033,2878,1.0
2020-06,1085,0.0,1,0.00034746351633078526,0.0,1,0.00034746351633078526,0.0,1,0.00034746351633078526,0.0,1,0.00034746351633078526
2020-06,1086,127.05680600214362,2799,0.972550382209868,87.41336191496963,2799,0.972550382209868,183.78635226866737,2799,0.972550382209868,84.77670596641657,2799,0.972550382209868
2020-06,1088,0.0,1,0.00034746351633078526,0.0,1,0.00034746351633078526,0.0,1,0.00034746351633078526,0.0,1,0.00034746351633078526
2020-06,1090,158.784269271015,2867,0.9933981931897151,75.81792814788977,2867,0.9961779013203613,165.35960934775025,2867,0.9961779013203613,49.1792814788978,2867,0.9961779013203613
2020-06,1092,182.54770194986074,2872,0.9978283530229326,143.19533426183844,2872,0.9979152189020153,204.0100974930362,2872,0.9979152189020153,150.51845403899722,2872,0.9979152189020153
2020-06,1093,0.0,1,0.3329858698170025,192.00382209867965,2878,1.0,165.37630298818624,2878,1.0,165.81653926337734,2878,1.0
2020-06,1094,185.47174447174447,2849,0.9899235580264072,207.26476719944407,2878,1.0,180.99652536483669,2878,1.0,271.16122307157747,2878,1.0
2020-06,1095,0.0,1,0.00034746351633078526,0.0,1,0.00034746351633078526,0.0,1,0.00034746351633078526,0.0,1,0.00034746351633078526
2020-06,1109,233.59522953374088,2781,0.964819318971508,,0,,245.3824586628325,2782,0.9665276812601343,57.66594750089896,2781,0.9662960389159139
2020-06,1112,271.35048678720443,2876,0.9993050729673384,,0,,262.0711057023644,2876,0.9991892517952281,74.51965217391304,2875,0.9989576094510076
2020-06,1113,225.80754520166897,2876,0.9990734306231179,139.36665507649514,2876,0.9989576094510076,56.30504347826087,2875,0.9989576094510076,178.06121739130435,2875,0.9989576094510076
2020-06,1115,0.0,1,0.00034746351633078526,,0,,0.0,1,0.00034746351633078526,0.0,1,0.00034746351633078526
2020-06,1116,222.4,2875,0.9988417882788974,206.9488695652174,2875,0.9989576094510076,163.6737391304348,2875,0.9988417882788974,188.19652173913045,2875,0.9989576094510076
2020-06,1117,91.752,2875,0.9989576094510076,141.36069565217392,2875,0.9989576094510076,,0,,216.65495652173914,2875,0.9989576094510076
2020-06,1119,0.0,1,0.00034746351633078526,0.0,1,0.00034746351633078526,0.0,1,0.00034746351633078526,,0,
2020-06,1501,,0,,,0,,,0,,,0,
2020-06,1502,0.0,1,0.00034746351633078526,0.0,1,0.00034746351633078526,,0,,0.0,1,0.00034746351633078526
2020-06,1503,0.0,1,0.00034746351633078526,0.0,1,0.00034746351633078526,,0,,0.0,1,0.00034746351633078526
2020-06,1504,,0,,,0,,,0,,,0,
2020-07,1001,85.36226034308778,2973,0.9996636394214599,164.84661957618567,2973,1.0,116.31516986209216,2973,0.9998878798071532,107.40060544904138,2973,1.0
2020-07,1002,114.11026936026936,2970,0.9985424374929924,66.85197036039071,2969,0.9950667115147439,88.32592592592593,2970,0.9989909182643795,66.43063973063973,2970,0.9989909182643795
2020-07,1010,201.79317336938155,2959,0.9952909519004373,91.63737749239608,2959,0.9952909519004373,122.15106454883407,2959,0.9951788317075905,358.58026360256844,2959,0.9952909519004373
2020-07,1012,190.15612382234187,2972,0.9996636394214599,,0,,,0,,116.08647375504711,2972,0.9994954591321897
2020-07,1014,626.5516661056884,2971,0.9994954591321897,178.17940087512622,2971,0.9994393990357664,,0,0.0,,0,0.0
2020-07,1016,201.1221088435374,2940,0.989124341293867,128.21738151525386,2961,0.9927682475613858,163.9466396487673,2961,0.9959636730575177,68.2387706855792,2961,0.9959636730575177
2020-07,1017,0.0,1,0.0003363605785401951,0.0,1,0.0003363605785401951,0.0,1,0.0003363605785401951,0.0,1,0.0003363605785401951
2020-07,1018,,0,,,0,,,0,,,0,
2020-07,1019,0.0,1,0.0003363605785401951,0.0,1,0.0003363605785401951,0.0,1,0.0003363605785401951,,0,
2020-07,1021,104.16172506738545,2968,0.9979818365287588,169.40801886792454,2968,0.9974772956609486,37.37769541778976,2968,0.9983181971072991,162.86927223719675,2968,0.9983181971072991
2020-07,1028,,0,,0.0,1,0.0003363605785401951,0.0,1,0.0003363605785401951,0.0,1,0.0003363605785401951
2020-07,1029,,0,,285.60303541315346,2965,0.9973091153716784,42.91163575042159,2965,0.9964682139253279,0.0,12,0.33445453526180063
2020-07,1030,,0,,,0,,,0,,,0,
2020-07,1031,109.62031091584996,2959,0.9905819038008745,127.26095751854349,2966,0.9975333557573719,231.45788409703505,2968,0.9983181971072991,168.60141509433961,2968,0.9983181971072991
2020-07,1032,102.90150494159928,2968,0.9951227716111671,262.0599730458221,2968,0.9983181971072991,33.46495956873316,2968,0.9983181971072991,238.55390835579516,2968,0.9983181971072991
2020-07,1033,342.1192398250925,2973,0.9997757596143065,64.28187016481668,2973,1.0,103.2373023881601,2973,0.9996636394214599,51.36057854019509,2973,1.0
2020-07,1034,195.76806980308928,2827,0.9463504877228389,136.26848249027236,2827,0.9507231752438614,142.11500353857042,2826,0.9505549949545913,33.2862703467799,2826,0.9505549949545913
2020-07,1035,222.14064152273528,2837,0.9542549613185335,69.86117059243398,2802,0.9409687184661958,181.0553401480437,2837,0.9493216728332773,170.3937257666549,2837,0.9542549613185335
2020-07,1036,306.3619528619529,2970,0.9989909182643795,132.57373737373737,2970,0.666106065702433,25.11986531986532,2970,0.9989909182643795,132.76498316498316,2970,0.9989909182643795
2020-07,1037,0.0,1,0.0003363605785401951,0.0,1,0.0003363605785401951,0.0,1,0.0003363605785401951,0.0,1,0.0003363605785401951
2020-07,1038,81.79757494105759,2969,0.9986545576858392,0.0,9,0.0016818028927009755,107.2027618726844,2969,0.9986545576858392,122.8969349949478,2969,0.9986545576858392
2020-07,1039,,0,,,0,,,0,,,0,
2020-07,1040,0.0,1,0.0003363605785401951,0.0,1,0.0003363605785401951,0.0,1,0.0003363605785401951,0.0,1,0.0003363605785401951
2020-07,1041,171.3932906271072,2966,0.8744253840116605,77.1662731871838,2965,0.996636394214598,169.58566610455313,2965,0.9971969951788316,68.46745362563237,2965,0.9973091153716784
2020-07,1042,,0,,,0,,,0,,,0,
2020-07,1043,23.26192098092643,2936,0.9875546585940128,352.1561008861622,2934,0.9869940576297792,266.2045687009888,2933,0.9865455768583922,825.5654497896054,2931,0.9852421796165489
2020-07,1044,,0,,,0,,,0,,,0,
2020-07,1047,132.17771794008752,2971,0.9993272788429196,185.80578929653316,2971,0.9993272788429196,129.12453719286435,2971,0.9993272788429196,120.92595085829687,2971,0.9989909182643795
2020-07,1048,,0,,241.42462482946794,2932,0.9587958291288261,74.26666666666667,2775,0.9320551631348806,172.71856074100464,2807,0.9376051126807938
2020-07,1051,135.716835016835,2970,0.9989909182643795,,0,,141.93400673400674,2970,0.9989909182643795,86.43265993265993,2970,0.9989909182643795
2020-07,1053,60.392532795156406,2973,1.0,84.06626303397242,2973,1.0,142.51564076690212,2973,1.0,60.3773965691221,2973,0.9973091153716784
2020-07,1054,59.13614864864865,2960,0.9956273124789775,80.09375,16,0.33456665545464737,121.31554054054054,2960,0.9952909519004373,97.17027027027027,2960,0.9956273124789775
2020-07,1057,87.47292297342752,2973,1.0,227.7272115708039,2973,0.9998878798071532,104.52001345442314,2973,0.9998318197107299,197.76387487386478,2973,1.0
2020-07,1058,,0,,,0,,,0,,,0,
2020-07,1059,,0,,,0,,,0,,,0,
2020-07,1064,93.62454611474219,2754,0.4636730575176589,74.42768895348837,2752,0.9251597712748066,95.78480552526354,2751,0.9249915909855365,118.57703488372093,2752,0.9254961318533468
2020-07,1065,,0,,,0,,,0,,,0,
2020-07,1066,0.0,1,0.0003363605785401951,0.0,1,0.0003363605785401951,0.0,1,0.0003363605785401951,0.0,1,0.0003363605785401951
2020-07,1067,0.0,1,0.0003363605785401951,0.0,1,0.0003363605785401951,0.0,1,0.0003363605785401951,0.0,1,0.0003363605785401951
2020-07,1068,,0,,190.87001352265045,2958,0.9451732256979481,99.35813324315184,2957,0.9690548267743021,240.69834291511668,2957,0.9946182307433569
2020-07,1069,,0,,,0,,,0,,,0,
2020-07,1070,0.0,1,0.0003363605785401951,0.0,1,0.0003363605785401951,0.0,1,0.0003363605785401951,0.0,1,0.0003363605785401951
2020-07,1071,226.21024258760107,2968,0.998234106962664,126.28908355795149,2968,0.9971409350824083,232.38645552560646,2968,0.9983181971072991,29.622304582210244,2968,0.9983181971072991
2020-07,1072,0.0,1,0.0003363605785401951,0.0,1,0.0003363605785401951,0.0,1,0.0003363605785401951,0.0,1,0.0003363605785401951
2020-07,1074,,0,,0.0,1,0.0003363605785401951,0.0,1,0.0003363605785401951,0.0,1,0.0003363605785401951
2020-07,1075,212.40236486486486,2960,0.9956273124789775,76.5429054054054,2960,0.9956273124789775,,0,,620.8400675675676,2960,0.9955151922861307
2020-07,1077,38.84822389666308,2787,0.9339051463168516,157.28561176892717,2787,0.9372687521022536,99.60660445082556,2786,0.9371005718129836,159.8445800430725,2786,0.9369323915237134
2020-07,1078,51.523809523809526,21,0.2818701648166835,170.1557315233786,2652,0.86209216279852,,0,,109.32783018867924,2968,0.9964682139253279
2020-07,1079,81.98278771515356,2963,0.996636394214598,149.76949038137025,2963,0.5541540531449715,,0,,240.0128248396895,2963,0.996636394214598
2020-07,1080,,0,,144.22908186341022,2948,0.989656912209889,120.52511880515954,2946,0.9909182643794148,348.6042090970808,2946,0.9909182643794148
2020-07,1081,148.77867473932056,2973,0.9998878798071532,59.543771043771045,2970,0.6681242291736742,167.10800807537012,2972,0.9993272788429196,93.54508748317632,2972,0.9996636394214599
2020-07,1082,162.01011122345804,2967,0.9979818365287588,111.48702392989551,2967,0.9725866128489741,126.45096056622852,2967,0.997869716335912,75.42433434445567,2967,0.9979818365287588
2020-07,1083,0.0,1,0.0003363605785401951,0.0,1,0.0003363605785401951,0.0,1,0.0003363605785401951,0.0,1,0.0003363605785401951
2020-07,1084,36.96602758156744,2973,0.9988227379751093,203.08554770714207,2973,0.984359233097881,104.40867810292633,2973,1.0,206.2468886646485,2973,1.0
2020-07,1085,0.0,1,0.0003363605785401951,0.0,1,0.0003363605785401951,0.0,1,0.0003363605785401951,0.0,1,0.0003363605785401951
2020-07,1086,127.17043048694426,2834,0.9534701199686063,86.74038800705468,2835,0.9532458795829128,186.03899082568807,2834,0.9530216391972195,84.37133780444758,2833,0.9529095190043727
2020-07,1088,0.0,1,0.0003363605785401951,0.0,1,0.0003363605785401951,0.0,1,0.0003363605785401951,0.0,1,0.0003363605785401951
2020-07,1090,160.5079044735957,2973,0.9975333557573719,76.23276152034981,2973,0.9994954591321897,166.49613185334678,2973,0.9998878798071532,49.86242852337706,2973,1.0
2020-07,1092,179.63899253731344,1072,0.3605785401950891,141.0195895522388,1072,0.3605785401950891,202.15578358208955,1072,0.3605785401950891,147.3777985074627,1072,0.3605785401950891
2020-07,1093,10.666666666666666,21,0.33725754008296893,194.01110737125546,2971,0.9993272788429196,163.6714910804443,2971,0.9993272788429196,171.55200269269605,2971,0.9993272788429196
2020-07,1094,176.87462082912032,2967,0.997869716335912,211.20872641509433,2968,0.9979818365287588,177.8792115902965,2968,0.9982060769144523,272.3134479271992,2967,0.9980659266733939
2020-07,1095,0.0,1,0.0003363605785401951,0.0,1,0.0003363605785401951,0.0,1,0.0003363605785401951,0.0,1,0.0003363605785401951
2020-07,1109,234.32675065259335,2937,0.9873023881601076,,0,,246.78175008512088,2937,0.987891019172553,57.43854273067756,2937,0.9877228388832828
2020-07,1112,269.76086224317953,2969,0.9986545576858392,,0,,262.0852138767262,2969,0.9986545576858392,74.75277871337151,2969,0.9986545576858392
2020-07,1113,223.68070057258336,2969,0.9986545576858392,140.6438679245283,2968,0.9982060769144523,57.472035040431265,2968,0.9979818365287588,173.56738544474393,2968,0.9983181971072991
2020-07,1115,0.0,1,0.0003363605785401951,,0,,0.0,1,0.0003363605785401951,0.0,1,0.0003363605785401951
2020-07,1116,233.91860073999328,2973,1.0,208.78035654221324,2973,1.0,172.38395560040362,2973,0.9998878798071532,194.21123444332324,2973,1.0
2020-07,1117,90.98150016818029,2973,1.0,136.6468213925328,2973,1.0,,0,,224.2024890682812,2973,1.0
2020-07,1119,0.0,1,0.0003363605785401951,0.0,1,0.0003363605785401951,0.0,1,0.0003363605785401951,,0,
2020-07,1501,,0,,,0,,,0,,,0,
2020-07,1502,0.0,1,0.0003363605785401951,0.0,1,0.0003363605785401951,,0,,0.0,1,0.0003363605785401951
2020-07,1503,78.33093525179856,139,0.04675412041708712,224.46282973621103,139,0.04658594012781702,,0,,317.58273381294964,139,0.04675412041708712
2020-07,1504,,0,,,0,,,0,,,0,
2020-08,1001,93.50342583076396,2919,0.9820486929204533,168.4141829393628,2919,0.9824974755974419,112.535457348407,2919,0.9822730842589477,111.5212474297464,2918,0.9821608885897004
2020-08,1002,110.36052009456264,2961,0.9960731515763492,66.40108035111412,2962,0.9923706944911926,92.75624577987845,2962,0.9969707169303265,65.37744767049291,2962,0.9969707169303265
2020-08,1010,196.90771303469182,2969,0.999326825984517,88.56921522398113,2969,0.999326825984517,231.92758504546987,2969,0.999326825984517,352.499157965645,2969,0.999326825984517
2020-08,1012,187.06902356902356,2970,0.9996634129922585,,0,,,0,,114.98754208754208,2970,0.9996634129922585
2020-08,1014,471.33277140930545,2966,0.9983170649612925,171.5812542144302,2966,0.9983170649612925,,0,0.0,,0,0.0
2020-08,1016,203.39264010803512,2962,0.9969707169303265,116.45784081954295,2961,0.9948670481319422,160.23606889564337,2961,0.9965219342533378,65.97162162162162,2960,0.9962975429148435
2020-08,1017,,0,0.0,,0,0.0,,0,0.0,,0,0.0
2020-08,1018,,0,,,0,,,0,,,0,
2020-08,1019,,0,0.0,,0,0.0,,0,0.0,,0,
2020-08,1021,103.77073499662846,2966,0.9983170649612925,187.124072825354,2966,0.9976438909458095,36.524949426837495,2966,0.9983170649612925,161.63890761968983,2966,0.9983170649612925
2020-08,1028,,0,,,0,0.0,,0,0.0,,0,0.0
2020-08,1029,,0,,280.27995831886074,2879,0.9690339952877819,42.35567905522751,2879,0.9678559407606866,0.42857142857142855,21,0.32716257152473915
2020-08,1030,,0,,,0,,,0,,,0,
2020-08,1031,112.95482546201232,2922,0.9780096488275553,125.9677691528856,2963,0.9974194996073152,225.53822835971707,2969,0.999326825984517,138.33209834961266,2969,0.999326825984517
2020-08,1032,102.01830742659759,2895,0.9702120498148772,267.4759015840917,2967,0.9983170649612925,32.3340074148972,2967,0.998653651969034,231.47320525783618,2967,0.998653651969034
2020-08,1033,332.35052774940414,2937,0.9881072590598002,66.1893088185223,2937,0.988556041736789,101.79775280898876,2937,0.9884438460675418,51.18215866530473,2937,0.988556041736789
2020-08,1034,195.7537960954447,2766,0.9266240323123528,135.31597975415764,2766,0.9309996634129922,138.2874186550976,2766,0.9309996634129922,31.483369486623282,2766,0.9309996634129922
2020-08,1035,227.2044459413944,2969,0.999326825984517,65.7608024691358,2592,0.858296869740828,188.92623779050186,2969,0.9477168181308201,170.9562142135399,2969,0.999326825984517
2020-08,1036,301.6963262554769,2967,0.998653651969034,131.922117329737,2966,0.6685739930438684,24.441860465116278,2967,0.998653651969034,130.8284462419953,2967,0.998653651969034
2020-08,1037,,0,0.0,,0,0.0,,0,0.0,,0,0.0
2020-08,1038,82.26186469202288,2971,1.0,0.8125,16,0.0031975765735442613,106.41717171717171,2970,0.9996634129922585,81.16767676767677,2970,0.9991585324806462
2020-08,1039,,0,,,0,,,0,,,0,
2020-08,1040,,0,0.0,,0,0.0,,0,0.0,,0,0.0
2020-08,1041,174.5930546190155,2966,0.666217883989678,76.4750505731625,2966,0.9981487714574218,169.2242076871207,2966,0.9983170649612925,67.95785569790964,2966,0.9983170649612925
2020-08,1042,,0,,,0,,,0,,,0,
2020-08,1043,23.168138586956523,2944,0.9909121507909795,348.54057724957556,2945,0.991248737798721,263.07266553480474,2945,0.991248737798721,817.4007761338831,2945,0.9910383709188826
2020-08,1044,,0,,,0,,,0,,,0,
2020-08,1047,135.50423872499152,2949,0.990575563783238,181.8029172320217,2948,0.9922584988219455,128.75678426051562,2948,0.9922584988219455,102.3354816824966,2948,0.9909121507909795
2020-08,1048,,0,,261.2794624396968,2902,0.9767754964658364,69.05995864920745,2902,0.9767754964658364,176.75706409372847,2902,0.9767754964658364
2020-08,1051,136.98315931289997,2969,0.999326825984517,,0,,140.6975412596834,2969,0.999326825984517,87.46581340518694,2969,0.999326825984517
2020-08,1053,61.57628831256315,2969,0.999326825984517,82.71269787807343,2969,0.9991585324806462,142.60929605927922,2969,0.999326825984517,59.93735264398787,2969,0.9989902389767755
2020-08,1054,59.005745184183844,2959,0.995960955907102,115.83333333333333,9,0.3333333333333333,116.70878378378379,2960,0.9402558061258836,85.2902027027027,2960,0.9962975429148435
2020-08,1057,88.46345570899292,2969,0.999326825984517,222.97137083192993,2969,0.999326825984517,103.23846412933648,2969,0.9991585324806462,200.71168743684743,2969,0.999326825984517
2020-08,1058,,0,,,0,,,0,,,0,
2020-08,1059,,0,,,0,,,0,,,0,
2020-08,1064,93.69013581129379,2798,0.47189498485358466,74.28780836610655,2797,0.9410972736452373,94.18497316636852,2795,0.9405923931336251,118.16708407871198,2795,0.9405923931336251
2020-08,1065,,0,,,0,,,0,,,0,
2020-08,1066,,0,0.0,,0,0.0,,0,0.0,,0,0.0
2020-08,1067,,0,0.0,,0,0.0,,0,0.0,,0,0.0
2020-08,1068,,0,,211.57085156512957,2971,0.9611802984404801,100.50016829350388,2971,0.9779535509929317,238.01884887243352,2971,1.0
2020-08,1069,,0,,,0,,,0,,,0,
2020-08,1070,,0,0.0,,0,0.0,,0,0.0,,0,0.0
2020-08,1071,223.3102210254684,2971,0.9997475597441938,126.73028161112981,2971,0.9991585324806462,235.89599461460787,2971,1.0,29.568158869067656,2971,1.0
2020-08,1072,,0,0.0,,0,0.0,,0,0.0,,0,0.0
2020-08,1074,,0,,,0,0.0,,0,0.0,,0,0.0
2020-08,1075,215.8890808569454,2894,0.9740828004039044,107.31893572909468,2894,0.6999326825984516,,0,,627.6980988593157,2893,0.9736340177269157
2020-08,1077,37.102728191310206,2969,0.9947829013800067,154.69080498484337,2969,0.9991585324806462,101.10912765240822,2969,0.999326825984517,162.23071741327047,2969,0.999326825984517
2020-08,1078,29.0,3,0.29922584988219453,164.77624206200971,2677,0.9010434197239987,,0,,111.13559955173702,2677,0.9010434197239987
2020-08,1079,83.66127401415571,2967,0.998653651969034,151.69127064374788,2967,0.499326825984517,,0,,247.30502190765083,2967,0.998653651969034
2020-08,1080,,0,,146.03727770177838,2924,0.9824133288455066,120.3782489740082,2924,0.9841804106361495,333.9719466301745,2923,0.9838438236284079
2020-08,1081,147.12074772650723,2969,0.9989902389767755,61.04228436657682,2968,0.9732974307191742,163.89150943396226,2968,0.9987658476382812,93.0855795148248,2968,0.9989902389767755
2020-08,1082,158.02337938363442,2823,0.9492875575002805,105.07985175202157,2968,0.9782901380006732,124.56772237196766,2968,0.9989902389767755,70.70181940700809,2968,0.9989902389767755
2020-08,1083,,0,0.0,,0,0.0,,0,0.0,,0,0.0
2020-08,1084,37.85879797248371,2762,0.9279703803433188,197.1503903903904,2775,0.9240996297542915,95.38077571669477,2965,0.997980477953551,197.51264755480608,2965,0.997980477953551
2020-08,1085,,0,0.0,,0,0.0,,0,0.0,,0,0.0
2020-08,1086,120.01109601449275,2208,0.7428475260854931,81.79528985507247,2208,0.7426792325816224,176.28105167724388,2206,0.7425109390777516,78.78059836808704,2206,0.7423426455738809
2020-08,1088,,0,0.0,,0,0.0,,0,0.0,,0,0.0
2020-08,1090,158.9540249242169,2969,0.9955121732301133,75.2502526103065,2969,0.999326825984517,162.60006738544473,2968,0.9989902389767755,49.51954177897574,2968,0.9989902389767755
2020-08,1092,,0,0.0,,0,0.0,,0,0.0,,0,0.0
2020-08,1093,157.7234156820623,931,0.539997756086615,187.6280879864636,2955,0.9945024122068887,160.70795262267345,2955,0.994614607876136,167.59763113367174,2955,0.994614607876136
2020-08,1094,176.0305433682079,2963,0.997307303938068,226.10615010423905,2878,0.9693705822955234,180.93404183535762,2964,0.9886682374060362,281.6336032388664,2964,0.9976438909458095
2020-08,1095,,0,0.0,,0,0.0,,0,0.0,,0,0.0
2020-08,1109,230.9788645306352,2965,0.9968024234264558,,0,,241.60033726812816,2965,0.997980477953551,56.72445193929174,2965,0.997980477953551
2020-08,1112,268.2952702702703,2960,0.9962975429148435,,0,,262.9841216216216,2960,0.9962975429148435,72.92162162162163,2960,0.9961292494109727
2020-08,1113,222.81756756756758,2960,0.9962975429148435,138.64712837837837,2960,0.9960731515763492,57.788175675675674,2960,0.9961292494109727,172.56655405405405,2960,0.9962975429148435
2020-08,1115,,0,0.0,,0,,,0,0.0,,0,0.0
2020-08,1116,235.5598247387934,2967,0.9985414562997867,206.15065722952477,2967,0.998653651969034,177.96208291203234,2967,0.9985414562997867,189.61880687563195,2967,0.998653651969034
2020-08,1117,91.26439878747053,2969,0.999326825984517,127.44526776692489,2969,0.999326825984517,,0,,228.5493432132031,2969,0.999326825984517
2020-08,1119,,0,0.0,,0,0.0,,0,0.0,,0,
2020-08,1501,,0,,,0,,,0,,,0,
2020-08,1502,,0,0.0,,0,0.0,,0,,,0,0.0
2020-08,1503,,0,0.0,,0,0.0,,0,,,0,0.0
2020-08,1504,,0,,,0,,,0,,,0,
2020-09,1001,97.75196148359487,2804,0.9935011225333805,172.2977888730385,2804,0.9938556067588326,111.71912919343326,2802,0.9932647997164126,110.95892857142857,2800,0.9927921540824766
2020-09,1002,114.71514721532458,2819,0.9989365473236441,69.05808170515098,2815,0.9931466383079286,90.86785079928951,2815,0.9978730946472882,68.15103056147832,2814,0.9975186104218362
2020-09,1010,196.63099041533548,2817,0.9984639016897081,87.2578125,2816,0.9982275788727402,423.859375,2816,0.9983457402812242,357.4786931818182,2816,0.9982275788727402
2020-09,1012,190.44142614601017,2356,0.8351648351648352,,0,,,0,,115.59137055837563,2364,0.836582772066643
2020-09,1014,293.2207903780069,2716,0.9629563984402694,168.5858511422255,2714,0.9628973177360275,,0,0.0,,0,0.0
2020-09,1016,206.15832445864396,2817,0.9985820630981921,120.47118684179387,2817,0.9982275788727402,162.9900568181818,2816,0.9983457402812242,67.984375,2816,0.9982275788727402
2020-09,1017,,0,0.0,,0,0.0,,0,0.0,,0,0.0
2020-09,1018,,0,,,0,,,0,,,0,
2020-09,1019,,0,0.0,,0,0.0,,0,0.0,,0,
2020-09,1021,104.31323164242639,2819,0.999291031549096,192.8222774033345,2819,0.999291031549096,37.34515785739624,2819,0.999291031549096,166.59737495565804,2819,0.999291031549096
2020-09,1028,,0,,,0,0.0,,0,0.0,,0,0.0
2020-09,1029,,0,,286.1037668798863,2814,0.9974004490133522,42.82244318181818,2816,0.9966323998582063,0.0,2,0.33262436488242936
2020-09,1030,,0,,,0,,,0,,,0,
2020-09,1031,119.32553114872164,2777,0.9801488833746899,134.41054313099042,2817,0.9985820630981921,226.56899609790705,2819,0.999291031549096,164.1078396594537,2819,0.999291031549096
2020-09,1032,110.33897085282476,2779,0.9828961361219426,278.18545192653943,2777,0.9841663712631455,35.36331318876644,2813,0.9971641261963843,243.37153518123668,2814,0.9974004490133522
2020-09,1033,343.72444996451384,2818,0.99881838591516,65.77032303869365,2817,0.9984048209854661,104.53852982954545,2816,0.9976367718303203,52.96908315565032,2814,0.9975186104218362
2020-09,1034,197.64011055034845,2774,0.978553704360156,137.755772005772,2772,0.9824530308401276,139.25947311439913,2771,0.9822757887274016,31.952741702741704,2772,0.9826302729528535
2020-09,1035,227.28397275008965,2789,0.9887746661940211,71.2,2750,0.9728819567529245,183.88767466857757,2791,0.9845208554885975,174.85042887776984,2798,0.9918468628146048
2020-09,1036,306.6666666666667,2778,0.9845799361928395,131.98848506657072,2779,0.6619402103273071,25.293736501079913,2778,0.9846390168970813,131.9852358660425,2777,0.9845208554885975
2020-09,1037,,0,0.0,,0,0.0,,0,0.0,,0,0.0
2020-09,1038,83.60855614973262,2805,0.9937374453503486,0.6956521739130435,46,0.012229705778092875,5.835948644793152,2804,0.9939737681673165,59.247860199714694,2804,0.9938851471109535
2020-09,1039,,0,,,0,,,0,,,0,
2020-09,1040,,0,0.0,,0,0.0,,0,0.0,,0,0.0
2020-09,1041,167.88714991762768,2428,0.6151482925676474,78.61756257693887,2437,0.8615739099610067,172.45730706075534,2436,0.8963724447595415,62.353416605437175,2722,0.9649060616802553
2020-09,1042,,0,,,0,,,0,,,0,
2020-09,1043,22.3893516841724,2761,0.978730946472882,346.7392405063291,2765,0.9801488833746899,269.1233273056058,2765,0.9799716412619638,836.8850901693045,2762,0.9789081885856079
2020-09,1044,,0,,,0,,,0,,,0,
2020-09,1047,134.45244854506743,2818,0.9989365473236441,183.28956706884316,2818,0.9987593052109182,129.58694109297375,2818,0.9989365473236441,154.89709013484742,2818,0.9989365473236441
2020-09,1048,,0,,276.1713473160327,2813,0.9969868840836583,58.26467449306297,2811,0.9962779156327544,186.93701067615658,2810,0.9961006735200284
2020-09,1051,133.4119318181818,2816,0.9980503367600142,,0,,146.19737309194178,2817,0.9982275788727402,88.50532670454545,2816,0.9982275788727402
2020-09,1053,60.586770981507826,2812,0.9968096419709322,84.88517596871667,2813,0.9962779156327544,147.0750088873089,2813,0.9969868840836583,27.632776395307502,2813,0.9276852180077987
2020-09,1054,60.28698435277383,2812,0.9968096419709322,90.83333333333333,15,0.3348694316436252,102.30380647456421,2811,0.6891173342786246,38.77829181494662,2810,0.9961006735200284
2020-09,1057,90.95160142348755,2810,0.9959234314073023,235.11583629893238,2810,0.9959825121115443,103.96297614809541,2809,0.9953917050691244,202.9608262108262,2808,0.9953917050691244
2020-09,1058,,0,,,0,,,0,,,0,
2020-09,1059,,0,,,0,,,0,,,0,
2020-09,1064,98.96687523003312,2717,0.5590216235377525,75.28597718071403,2717,0.9626019142148174,93.7788001472212,2717,0.9629563984402694,118.30081001472755,2716,0.9627791563275434
2020-09,1065,,0,,,0,,,0,,,0,
2020-09,1066,,0,0.0,,0,0.0,,0,0.0,,0,0.0
2020-09,1067,,0,0.0,,0,0.0,,0,0.0,,0,0.0
2020-09,1068,,0,,211.12504583791713,2727,0.9244948599787309,101.4309776638594,2731,0.9408011343495214,240.09923105089712,2731,0.977903816613494
2020-09,1069,,0,,,0,,,0,,,0,
2020-09,1070,,0,0.0,,0,0.0,,0,0.0,,0,0.0
2020-09,1071,222.1176609848485,2816,0.9975186104218362,128.67164532954007,2812,0.9947713576745835,242.82456140350877,2812,0.9967210209145693,30.556227758007118,2810,0.9959234314073023
2020-09,1072,,0,0.0,,0,0.0,,0,0.0,,0,0.0
2020-09,1074,,0,,,0,0.0,,0,0.0,,0,0.0
2020-09,1075,222.24816715542522,2728,0.9666784828075151,129.0788701393984,2726,0.5622119815668203,,0,,636.5296622613804,2724,0.9656150301311591
2020-09,1077,36.60517914153955,2819,0.9975186104218362,156.0585521646558,2818,0.9987593052109182,103.33262335818246,2817,0.9985820630981921,168.13418530351439,2817,0.9984048209854661
2020-09,1078,13.8,5,0.14049391468746306,160.254700248315,2819,0.999291031549096,,0,,132.1444286728176,2818,0.9987593052109182
2020-09,1079,89.68346344925479,2818,0.9987593052109182,151.42228530872958,2818,0.49982275788727404,,0,,262.6071682044003,2818,0.9989365473236441
2020-09,1080,,0,,153.13707619394822,2743,0.9709322935129386,122.27571115973741,2742,0.9719957461892946,308.96207148067106,2742,0.9719957461892946
2020-09,1081,151.97619893428063,2815,0.9978730946472882,62.81076759061834,2814,0.9971641261963843,171.0533428165007,2812,0.9965733191539644,95.83285917496444,2812,0.9969278033794163
2020-09,1082,164.89637863033346,2789,0.9899562802788608,111.10361958836054,2818,0.9934420418291386,129.04897090134847,2818,0.9989365473236441,77.0681576144835,2817,0.9984048209854661
2020-09,1083,,0,0.0,,0,0.0,,0,0.0,,0,0.0
2020-09,1084,38.86870120652945,2818,0.9989365473236441,192.5081618168914,2818,0.9877702942219071,101.14777975133215,2815,0.9978730946472882,226.16429840142095,2815,0.9978021978021979
2020-09,1085,,0,0.0,,0,0.0,,0,0.0,,0,0.0
2020-09,1086,130.71635130310602,2801,0.9927921540824766,88.30810424848268,2801,0.9920241049273307,189.37089285714285,2800,0.9925558312655087,86.33107142857143,2800,0.9925558312655087
2020-09,1088,,0,0.0,,0,0.0,,0,0.0,,0,0.0
2020-09,1090,165.16648917287895,2817,0.9965733191539644,76.16926898509581,2818,0.9984048209854661,169.3741122159091,2816,0.9982275788727402,51.23560767590618,2814,0.9973413683091102
2020-09,1092,,0,0.0,,0,0.0,,0,0.0,,0,0.0
2020-09,1093,164.60592459605027,2785,0.9870022450667613,199.03895870736085,2785,0.9871204064752451,166.15296229802513,2785,0.9872385678837292,179.23554757630163,2785,0.9868840836582772
2020-09,1094,189.2852815395581,2806,0.9943282523927686,241.75178699070764,2798,0.9920831856315727,190.07887223411848,2802,0.9940919295758006,292.3485714285714,2800,0.9925558312655087
2020-09,1095,,0,0.0,,0,0.0,,0,0.0,,0,0.0
2020-09,1109,239.49845788849345,2810,0.9950372208436724,,0,,248.01993592025633,2809,0.9955098664776084,61.013532763532766,2808,0.9953917050691244
2020-09,1112,277.68949609652236,2818,0.9989365473236441,,0,,267.3951383960256,2818,0.99881838591516,75.34575789847355,2817,0.9982275788727402
2020-09,1113,230.43492176386914,2812,0.9968096419709322,143.45305832147938,2812,0.9966914805624483,59.434720739950194,2811,0.9962779156327544,177.187255250979,2809,0.9957461892945764
2020-09,1115,,0,0.0,,0,,,0,0.0,,0,0.0
2020-09,1116,240.2977627840909,2816,0.9982275788727402,205.93816631130065,2814,0.9976367718303203,184.63788201847905,2814,0.9975186104218362,194.70646766169153,2814,0.9974004490133522
2020-09,1117,89.71859474804826,2818,0.9985820630981921,127.92618878637332,2818,0.9989365473236441,,0,,240.5182818601349,2817,0.9982275788727402
2020-09,1119,,0,0.0,,0,0.0,,0,0.0,,0,
2020-09,1501,,0,,,0,,,0,,,0,
2020-09,1502,,0,0.0,,0,0.0,,0,,,0,0.0
2020-09,1503,,0,0.0,,0,0.0,,0,,,0,0.0
2020-09,1504,,0,,,0,,,0,,,0,
2020-10,1001,89.80532165712361,2969,0.9973109243697479,160.82283597170763,2969,0.9979831932773109,108.70259346581341,2969,0.9979831932773109,104.08150892556417,2969,0.9979831932773109
2020-10,1002,106.80058499655884,2906,0.9768067226890756,64.50550584996559,2906,0.9734453781512605,94.0677907777013,2906,0.9768067226890756,61.73434273916036,2906,0.9768067226890756
2020-10,1010,187.97510931718801,2973,0.999327731092437,81.6158762193071,2973,0.999327731092437,454.6680121089808,2973,0.999327731092437,333.5163134880592,2973,0.999327731092437
2020-10,1012,176.35351496804574,2973,0.999327731092437,,0,,,0,,113.40228725193407,2973,0.999327731092437
2020-10,1014,283.0269088462832,2973,0.999327731092437,154.86747393205516,2973,0.999327731092437,,0,0.0,,0,0.0
2020-10,1016,196.3973710819009,2967,0.9973109243697479,120.00944032366824,2966,0.9969747899159664,154.44908968307485,2966,0.9969747899159664,65.60890087660148,2966,0.9969747899159664
2020-10,1017,,0,0.0,,0,0.0,,0,0.0,,0,0.0
2020-10,1018,,0,,,0,,,0,,,0,
2020-10,1019,,0,0.0,,0,0.0,,0,0.0,,0,
2020-10,1021,101.64648503195426,2973,0.999327731092437,238.0067272115708,2973,0.9989915966386554,36.08341742347797,2973,0.999327731092437,157.3003699966364,2973,0.999327731092437
2020-10,1028,,0,,,0,0.0,,0,0.0,,0,0.0
2020-10,1029,,0,,271.5077388963661,2972,0.9989915966386554,39.94885598923284,2972,0.9981512605042017,,0,0.3329971988795518
2020-10,1030,,0,,,0,,,0,,,0,
2020-10,1031,122.23948106591865,2852,0.9500280112044819,136.06965006729476,2972,0.9989915966386554,215.32996972754793,2973,0.999327731092437,149.48435923309788,2973,0.999327731092437
2020-10,1032,105.5860867610699,2966,0.9880672268907563,265.83243425488877,2966,0.9967507002801121,35.46558155306884,2949,0.9912605042016807,231.50816823079597,2877,0.9749019607843138
2020-10,1033,391.4183776506227,2971,0.9980952380952381,61.225849882194545,2971,0.998655462184874,99.33254796364861,2971,0.998655462184874,49.420397172669134,2971,0.998655462184874
2020-10,1034,185.89012972363227,2955,0.9873109243697479,131.53604060913705,2955,0.9932773109243698,129.14585448392555,2955,0.9932773109243698,29.327918781725888,2955,0.9932773109243698
2020-10,1035,218.66094853683148,2973,0.999327731092437,70.65321224352506,2973,0.9989915966386554,177.20047090480995,2973,0.999327731092437,162.14160780356542,2973,0.999327731092437
2020-10,1036,289.2041708711739,2973,0.999327731092437,124.96165489404642,2973,0.6670028011204482,22.487050117726202,2973,0.999327731092437,122.00706357214935,2973,0.999327731092437
2020-10,1037,,0,0.0,,0,0.0,,0,0.0,,0,0.0
2020-10,1038,81.82778338378742,2973,0.9992156862745097,,0,0.0,0.0,2973,0.999327731092437,54.60443995963673,2973,0.999327731092437
2020-10,1039,,0,,,0,,,0,,,0,
2020-10,1040,,0,0.0,,0,0.0,,0,0.0,,0,0.0
2020-10,1041,149.828125,960,0.3226890756302521,70.78958554729012,941,0.31630252100840334,161.6567481402763,941,0.3184313725490196,63.57083333333333,960,0.3226890756302521
2020-10,1042,,0,,,0,,,0,,,0,
2020-10,1043,20.746967654986523,2968,0.9976470588235294,324.5015146415348,2971,0.998655462184874,257.694042409963,2971,0.998655462184874,800.3396643746694,2971,0.9984453781512606
2020-10,1044,,0,,,0,,,0,,,0,
2020-10,1047,130.8634376051127,2973,0.999327731092437,176.94820047090482,2973,0.999327731092437,124.41473259334006,2973,0.999327731092437,156.73158425832492,2973,0.999327731092437
2020-10,1048,,0,,257.36696939118735,2973,0.999327731092437,54.68247561385805,2973,0.999327731092437,179.5832492431887,2973,0.999327731092437
2020-10,1051,122.58316498316498,2970,0.9983193277310924,,0,,134.6919191919192,2970,0.9983193277310924,82.56565656565657,2970,0.9983193277310924
2020-10,1053,56.43827783383787,2973,0.999327731092437,76.61352169525732,2973,0.998655462184874,134.77430205179954,2973,0.999327731092437,27.660275815674403,2973,0.9963025210084033
2020-10,1054,56.31447811447811,2970,0.9983193277310924,142.5,6,0.3336694677871148,121.40639730639731,2970,0.6569747899159664,36.5006734006734,2970,0.9983193277310924
2020-10,1057,86.93104608139926,2973,0.999327731092437,201.234106962664,2973,0.999327731092437,101.4133871510259,2973,0.999327731092437,188.99394550958627,2973,0.999327731092437
2020-10,1058,,0,,,0,,,0,,,0,
2020-10,1059,,0,,,0,,,0,,,0,
2020-10,1064,116.97997284453496,2946,0.9880672268907563,71.41607803565422,2973,0.9952941176470588,85.54322233434242,2973,0.9949579831932773,110.00100908173562,2973,0.999327731092437
2020-10,1065,,0,,,0,,,0,,,0,
2020-10,1066,,0,0.0,,0,0.0,,0,0.0,,0,0.0
2020-10,1067,,0,0.0,,0,0.0,,0,0.0,,0,0.0
2020-10,1068,,0,,211.4877228388833,2973,0.999327731092437,97.27245206861755,2973,0.9689075630252101,231.2653884964682,2973,0.999327731092437
2020-10,1069,,0,,,0,,,0,,,0,
2020-10,1070,,0,0.0,,0,0.0,,0,0.0,,0,0.0
2020-10,1071,215.4389094580949,2971,0.9985714285714286,124.52025131829912,2971,0.997563025210084,230.6247054863682,2971,0.998655462184874,29.60787613598115,2971,0.998655462184874
2020-10,1072,,0,0.0,,0,0.0,,0,0.0,,0,0.0
2020-10,1074,,0,,,0,0.0,,0,0.0,,0,0.0
2020-10,1075,207.3012295081967,2928,0.9842016806722689,82.69877049180327,2928,0.9842016806722689,,0,,603.8364071038251,2928,0.9842016806722689
2020-10,1077,32.146177164028295,2969,0.994453781512605,146.6173005721979,2971,0.998655462184874,99.46920228879165,2971,0.998655462184874,159.35408953214406,2971,0.998655462184874
2020-10,1078,0.23076923076923078,26,0.03540616246498599,154.37845117845117,2970,0.9981512605042017,,0,,127.48736948467497,2969,0.9979831932773109
2020-10,1079,85.56543385490754,2812,0.9421848739495798,134.32668765302554,2859,0.49142857142857144,,0,,252.35047683923705,2936,0.986890756302521
2020-10,1080,,0,,143.38041751758567,2938,0.9856302521008403,113.3005445881552,2938,0.987563025210084,288.14947225059586,2937,0.9872268907563025
2020-10,1081,134.42953245879582,2973,0.9984313725490197,61.070467541204174,2973,0.9991036414565827,158.9330642448705,2973,0.999327731092437,88.83652875882946,2973,0.999327731092437
2020-10,1082,155.37004903809884,2651,0.8910924369747899,106.83327046397586,2651,0.8910924369747899,122.59939645416824,2651,0.8909803921568626,71.8698604300264,2651,0.8910924369747899
2020-10,1083,,0,0.0,,0,0.0,,0,0.0,,0,0.0
2020-10,1084,36.38373270334121,2963,0.9939495798319328,184.57836867496917,2971,0.9814285714285714,92.36158762193071,2973,0.999327731092437,209.90413723511605,2973,0.999327731092437
2020-10,1085,,0,0.0,,0,0.0,,0,0.0,,0,0.0
2020-10,1086,122.16918937100571,2973,0.999327731092437,81.72149344096871,2973,0.999327731092437,176.35082408341742,2973,0.999327731092437,80.92230070635722,2973,0.999327731092437
2020-10,1088,,0,0.0,,0,0.0,,0,0.0,,0,0.0
2020-10,1090,151.23864783047426,2973,0.9966386554621849,72.08240834174235,2973,0.999327731092437,156.14598049108645,2973,0.999327731092437,47.935418768920286,2973,0.999327731092437
2020-10,1092,,0,0.0,,0,0.0,,0,0.0,,0,0.0
2020-10,1093,154.5848484848485,2970,0.998655462184874,183.24789774638413,2973,0.999327731092437,154.78977463841238,2973,0.999327731092437,165.9347460477632,2973,0.999327731092437
2020-10,1094,175.02096719648293,2957,0.9942857142857143,241.96510416666666,2880,0.9684033613445379,185.20938446014128,2973,0.9904761904761904,279.9808274470232,2973,0.9991596638655462
2020-10,1095,,0,0.0,,0,0.0,,0,0.0,,0,0.0
2020-10,1109,227.15885947046843,2946,0.9882352941176471,,0,,235.47420230821453,2946,0.9902521008403361,52.731500339443315,2946,0.9902521008403361
2020-10,1112,256.2331763122476,2972,0.9991036414565827,,0,,246.26312247644682,2972,0.9989915966386554,69.79676985195155,2972,0.9989915966386554
2020-10,1113,212.39973082099596,2972,0.9989915966386554,126.34757738896366,2972,0.9987675070028011,53.39737550471063,2972,0.9984873949579832,166.53970390309556,2972,0.9989915966386554
2020-10,1115,,0,0.0,,0,,,0,0.0,,0,0.0
2020-10,1116,226.08818579602828,2971,0.998655462184874,190.0201952204645,2971,0.998655462184874,174.8135307977112,2971,0.998655462184874,186.7095254123191,2971,0.998655462184874
2020-10,1117,91.84786267250084,2971,0.998655462184874,125.85897004375632,2971,0.998655462184874,,0,,222.14574217435208,2971,0.9984873949579832
2020-10,1119,,0,0.0,,0,0.0,,0,0.0,,0,
2020-10,1501,,0,,,0,,,0,,,0,
2020-10,1502,,0,0.0,,0,0.0,,0,,,0,0.0
2020-10,1503,73.57584269662921,356,0.11977591036414566,220.76844070961715,357,0.11966386554621848,,0,,335.60504201680675,357,0.11983193277310925
2020-10,1504,,0,,,0,,,0,,,0,
2020-12,1001,0.0,1,0.001658374792703151,0.0,1,0.001658374792703151,0.0,1,0.001658374792703151,0.0,1,0.001658374792703151
2020-12,1002,110.71621621621621,518,0.8595909342178,57.8938223938224,518,0.8512990602542841,71.76833976833977,518,0.8590381426202321,60.657640232108314,517,0.8584853510226644
2020-12,1010,200.84525790349417,601,0.9966832504145937,79.12146422628952,601,0.9966832504145937,267.7753743760399,601,0.9961304588170259,315.18666666666667,600,0.4975124378109453
2020-12,1012,0.0,1,0.001658374792703151,,0,,,0,,0.0,1,0.001658374792703151
2020-12,1014,259.58666666666664,600,0.9950248756218906,151.71666666666667,600,0.9950248756218906,,0,0.0,,0,0.0
2020-12,1016,219.5975,600,0.6639027086788281,137.84,600,0.9950248756218906,154.03666666666666,600,0.9950248756218906,66.67,600,0.9950248756218906
2020-12,1017,0.0,1,0.001658374792703151,0.0,1,0.001658374792703151,0.0,1,0.001658374792703151,0.0,1,0.001658374792703151
2020-12,1018,,0,,,0,,,0,,,0,
2020-12,1019,0.0,1,0.001658374792703151,0.0,1,0.001658374792703151,0.0,1,0.001658374792703151,,0,
2020-12,1021,97.98666666666666,600,0.9950248756218906,235.38666666666666,600,0.9950248756218906,36.708333333333336,600,0.9950248756218906,140.50833333333333,600,0.9950248756218906
2020-12,1028,,0,,39.84438040345821,347,0.9942528735632183,153.04899135446686,347,0.9971264367816092,183.38616714697406,347,0.9971264367816092
2020-12,1029,,0,,258.27953410981695,601,0.9966832504145937,40.76871880199667,601,0.9941956882255389,0.0,1,0.3327805417357656
2020-12,1030,,0,,,0,,,0,,,0,
2020-12,1031,88.28508771929825,570,0.9187396351575456,109.84422110552764,597,0.9889441680486457,209.45896147403684,597,0.9900497512437811,143.11557788944722,597,0.9900497512437811
2020-12,1032,94.70160843039379,601,0.9838308457711443,237.77333333333334,600,0.9950248756218906,33.153333333333336,600,0.9950248756218906,215.92307692307693,585,0.978441127694859
2020-12,1033,144.74542429284526,601,0.9966832504145937,64.34442595673877,601,0.9966832504145937,88.98419301164725,601,0.9961304588170259,50.93666666666667,600,0.9950248756218906
2020-12,1034,155.55185801442042,601,0.9879767827529021,134.12333333333333,600,0.9950248756218906,123.29,600,0.9950248756218906,32.348333333333336,600,0.9950248756218906
2020-12,1035,191.22483940042827,467,0.7744610281923715,65.91836734693878,294,0.4859038142620232,165.73504273504273,468,0.7479270315091211,141.32659932659934,594,0.9850746268656716
2020-12,1036,269.3577371048253,601,0.9966832504145937,123.47670549084859,601,0.6804864566058596,21.434276206322796,601,0.9961304588170259,121.45,600,0.9950248756218906
2020-12,1037,0.0,1,0.001658374792703151,0.0,1,0.001658374792703151,0.0,1,0.001658374792703151,0.0,1,0.001658374792703151
2020-12,1038,81.12229617304493,601,0.9955776672194583,0.0,2,0.003316749585406302,0.0,600,0.9950248756218906,55.471666666666664,600,0.9950248756218906
2020-12,1039,,0,,,0,,,0,,,0,
2020-12,1040,173.96006655574044,601,0.9966832504145937,160.08652246256239,601,0.9966832504145937,178.24459234608986,601,0.9966832504145937,0.0,1,0.001658374792703151
2020-12,1042,,0,,,0,,,0,,,0,
2020-12,1043,19.16988416988417,518,0.8590381426202321,343.323754789272,522,0.865118850193477,258.8965517241379,522,0.8656716417910447,784.1244858788045,521,0.8623548922056384
2020-12,1044,,0,,,0,,,0,,,0,
2020-12,1047,112.27121464226289,601,0.9966832504145937,160.99500831946756,601,0.9966832504145937,111.35108153078203,601,0.9966832504145937,93.20133111480865,601,0.9966832504145937
2020-12,1048,,0,,234.9441233140655,519,0.8606965174129353,62.44315992292871,519,0.8606965174129353,153.59922928709057,519,0.8606965174129353
2020-12,1051,118.0099833610649,601,0.9966832504145937,,0,,119.68053244592346,601,0.9966832504145937,72.00166389351081,601,0.9966832504145937
2020-12,1053,53.19467554076539,601,0.9966832504145937,89.94176372712147,601,0.5,124.23627287853577,601,0.9966832504145937,39.64891846921797,601,0.9966832504145937
2020-12,1054,61.074875207986686,601,0.9966832504145937,10.5,2,0.33443891652846874,121.69384359400998,601,0.49917081260364843,39.005,600,0.9950248756218906
2020-12,1057,86.53910149750416,601,0.9966832504145937,202.41763727121463,601,0.9966832504145937,98.34109816971714,601,0.9966832504145937,112.98166666666667,600,0.9950248756218906
2020-12,1058,,0,,,0,,,0,,,0,
2020-12,1059,,0,,,0,,,0,,,0,
2020-12,1064,116.2725527831094,521,0.9980842911877394,75.00575815738964,521,0.4990421455938697,,0,0.0,,0,0.0
2020-12,1065,,0,,,0,,,0,,,0,
2020-12,1066,0.0,1,0.001658374792703151,0.0,1,0.001658374792703151,0.0,1,0.001658374792703151,0.0,1,0.001658374792703151
2020-12,1067,0.0,1,0.001658374792703151,0.0,1,0.001658374792703151,0.0,1,0.001658374792703151,0.0,1,0.001658374792703151
2020-12,1068,,0,,194.12312811980033,601,0.9966832504145937,98.915,600,0.9626865671641791,235.87,600,0.9950248756218906
2020-12,1069,,0,,,0,,,0,,,0,
2020-12,1070,0.0,1,0.001658374792703151,0.0,1,0.001658374792703151,0.0,1,0.001658374792703151,0.0,1,0.001658374792703151
2020-12,1071,216.83175803402648,529,0.8772802653399668,127.06427221172022,529,0.8772802653399668,228.0037807183365,529,0.8772802653399668,28.50094517958412,529,0.8772802653399668
2020-12,1072,0.0,1,0.001658374792703151,0.0,1,0.001658374792703151,0.0,1,0.001658374792703151,0.0,1,0.001658374792703151
2020-12,1074,,0,,0.0,1,0.001658374792703151,0.0,1,0.001658374792703151,0.0,1,0.001658374792703151
2020-12,1075,247.63979416809605,583,0.966832504145937,81.53001715265866,583,0.966832504145937,,0,,704.8387650085763,583,0.966832504145937
2020-12,1077,0.0,1,0.001658374792703151,0.0,1,0.001658374792703151,0.0,1,0.001658374792703151,0.0,1,0.001658374792703151
2020-12,1078,0.0,1,0.03648424543946932,157.125,600,0.9950248756218906,,0,,104.87833333333333,600,0.9950248756218906
2020-12,1079,67.28486055776892,502,0.8150912106135987,117.56102362204724,508,0.45107794361525705,,0,,239.02330097087378,515,0.8546158098396905
2020-12,1080,,0,,138.48141985579588,601,0.9937810945273632,106.62396006655574,601,0.9966832504145937,309.7966666666667,600,0.9950248756218906
2020-12,1081,129.76884422110552,597,0.9878385848535102,56.32046979865772,596,0.9872857932559426,150.5755033557047,596,0.988391376451078,90.09228187919463,596,0.988391376451078
2020-12,1082,151.27787021630616,601,0.9966832504145937,95.73544093178036,601,0.9966832504145937,117.10833333333333,600,0.9950248756218906,66.68166666666667,600,0.9950248756218906
2020-12,1083,0.0,1,0.001658374792703151,0.0,1,0.001658374792703151,0.0,1,0.001658374792703151,0.0,1,0.001658374792703151
2020-12,1084,35.3576512455516,562,0.9270315091210614,170.9251814628699,597,0.9233001658374793,95.84087102177554,597,0.9906025428413489,226.00921273031827,597,0.7920398009950249
2020-12,1085,51.73044925124792,601,0.9925373134328358,153.62,600,0.9344941956882256,79.46666666666667,600,0.9950248756218906,137.97833333333332,600,0.9950248756218906
2020-12,1086,118.82867132867133,572,0.94914317302377,80.16608391608392,572,0.9485903814262023,180.67015706806282,573,0.9496959646213377,75.37937062937063,572,0.9485903814262023
2020-12,1088,0.0,1,0.001658374792703151,0.0,1,0.001658374792703151,0.0,1,0.001658374792703151,0.0,1,0.001658374792703151
2020-12,1090,146.0773710482529,601,0.9839690436705363,62.66722129783694,601,0.9966832504145937,156.21381031613976,601,0.9961304588170259,31.655,600,0.9950248756218906
2020-12,1092,180.87576261785912,601,0.9954394693200663,108.25833333333334,600,0.9950248756218906,197.32833333333335,600,0.9950248756218906,130.68333333333334,600,0.9950248756218906
2020-12,1093,139.59432387312188,599,0.9944720840243227,180.62645590682197,601,0.6644555002763958,149.40848585690514,601,0.9961304588170259,130.97,600,0.9950248756218906
2020-12,1094,0.0,1,0.001658374792703151,0.0,1,0.001658374792703151,0.0,1,0.001658374792703151,0.0,1,0.001658374792703151
2020-12,1095,0.0,1,0.001658374792703151,0.0,1,0.001658374792703151,0.0,1,0.001658374792703151,0.0,1,0.001658374792703151
2020-12,1096,,0,,,0,,,0,,,0,
2020-12,1109,218.03050471436495,601,0.9879767827529021,,0,,229.25291181364392,601,0.9966832504145937,56.376666666666665,600,0.9950248756218906
2020-12,1112,244.36166666666668,600,0.9955776672194583,,0,,242.07833333333335,600,0.9950248756218906,58.18333333333333,600,0.9933665008291874
2020-12,1113,214.97898423817864,571,0.9474847982310669,121.70227670753064,571,0.9469320066334992,49.69122807017544,570,0.9436152570480929,158.70526315789473,570,0.945273631840796
2020-12,1115,0.0,1,0.001658374792703151,,0,,0.0,1,0.001658374792703151,0.0,1,0.001658374792703151
2020-12,1116,204.48423005565863,539,0.8938640132669984,190.5204081632653,539,0.8933112216694306,160.55658627087197,539,0.892758430071863,186.8961038961039,539,0.8938640132669984
2020-12,1117,79.97171381031615,601,0.9966832504145937,125.89517470881863,601,0.9966832504145937,,0,,214.82029950083194,601,0.9966832504145937
2020-12,1119,0.0,1,0.001658374792703151,0.0,1,0.001658374792703151,0.0,1,0.001658374792703151,,0,
2020-12,1501,,0,,,0,,,0,,,0,
2020-12,1502,0.0,1,0.001658374792703151,0.0,1,0.001658374792703151,,0,,0.0,1,0.001658374792703151
2020-12,1503,69.3125,80,0.13266998341625208,196.0506329113924,79,0.13142620232172472,,0,,300.746835443038,79,0.1310116086235489
2020-12,1504,,0,,,0,,,0,,,0,
2021-01,1001,101.14192495921696,613,0.20783780722618642,181.15334420880913,613,0.20829085966700644,118.25285481239804,613,0.20829085966700644,116.56443719412724,613,0.20829085966700644
2021-01,1002,89.28996101364523,2052,0.6967946539811982,50.02074182528062,2049,0.6866009740627478,66.6207906295754,2049,0.6955487597689433,51.6069505628977,2043,0.6947559179975082
2021-01,1010,198.88422131147541,2928,0.9949031600407747,79.66974043715847,2928,0.9949031600407747,289.10928961748635,2928,0.9949031600407747,316.86543715846994,2928,0.49745158002038736
2021-01,1012,0.0,1,0.0003397893306150187,,0,,,0,,0.0,1,0.0003397893306150187
2021-01,1014,265.1260217983651,2936,0.9976214746856948,162.79938692098094,2936,0.9976214746856948,,0,0.0,,0,0.0
2021-01,1016,215.1199143468951,1401,0.31736323479442746,134.32119914346896,1401,0.47604485219164117,150.87571428571428,1400,0.47581832597123114,66.86428571428571,1400,0.47570506286102615
2021-01,1017,0.0,1,0.0003397893306150187,0.0,1,0.0003397893306150187,0.0,1,0.0003397893306150187,0.0,1,0.0003397893306150187
2021-01,1018,,0,,,0,,,0,,,0,
2021-01,1019,266.58190578158457,1868,0.6338769962623174,31.475832438238452,1862,0.3171933401291199,0.09618484685652874,1861,0.6314984709480123,,0,
2021-01,1021,96.83769989792447,2939,0.9976214746856948,254.0170125893161,2939,0.9986408426775399,36.87342633548826,2939,0.9986408426775399,143.8972439605308,2939,0.9986408426775399
2021-01,1028,,0,,32.77523092712966,2923,0.9870880054366293,183.68406687137497,2931,0.9952429493713897,166.3855339474582,2931,0.9959225280326198
2021-01,1029,,0,,269.75944198707043,2939,0.9986408426775399,40.85709424974481,2939,0.9974515800203874,0.0,1,0.3329935440027183
2021-01,1030,,0,,,0,,,0,,,0,
2021-01,1031,90.45275446917184,2741,0.9114282478196852,111.5344592289321,2931,0.9939970551591347,217.36369839645172,2931,0.9958092649224147,141.2778156996587,2930,0.9955827387020048
2021-01,1032,94.12007717625696,2937,0.9879374787631668,242.2386789240722,2937,0.9973949484652849,32.78819918144611,2932,0.9962623173632348,218.91084854994628,2793,0.964548646505833
2021-01,1033,130.23117546848383,2935,0.9971684222448748,54.02419080068143,2935,0.9972816853550799,88.09931856899489,2935,0.9968286329142598,49.72879045996593,2935,0.9972816853550799
2021-01,1034,168.9977285633163,2935,0.9924396873938158,130.68347529812607,2935,0.9969418960244648,127.72742759795571,2935,0.9972816853550799,31.906612133606,2934,0.9969418960244648
2021-01,1035,198.74880546075084,2930,0.9955827387020048,68.62150170648464,2930,0.9950730547060822,164.6453924914676,2930,0.9955827387020048,156.13041993854557,2929,0.9953562124815948
2021-01,1036,269.9045996592845,2935,0.9972816853550799,123.18671209540034,2935,0.673235927058557,21.667802385008518,2935,0.9972816853550799,122.34037478705281,2935,0.9972816853550799
2021-01,1037,0.0,1,0.0003397893306150187,0.0,1,0.0003397893306150187,0.0,1,0.0003397893306150187,0.0,1,0.0003397893306150187
2021-01,1038,82.25076556651922,2939,0.9986408426775399,0.5714285714285714,7,0.0013591573224600749,0.005103776794828173,2939,0.9986408426775399,55.99444255415674,2939,0.9985558953448862
2021-01,1039,,0,,,0,,,0,,,0,
2021-01,1040,231.24020442930154,2935,0.9939970551591347,160.5535105657805,2934,0.9969418960244648,178.8050443081118,2934,0.9969418960244648,52.28489825062478,2801,0.9512402310567448
2021-01,1041,159.91708126036485,603,0.758606213266163,85.29353233830845,603,0.7581863979848866,157.29817275747507,602,0.7581863979848866,78.17081260364843,603,0.7588161209068011
2021-01,1042,,0,,,0,,,0,,,0,
2021-01,1043,18.807407407407407,2835,0.963302752293578,329.7695957820738,2845,0.9668139087099332,256.3698099929627,2842,0.9653414882772681,770.8706637755703,2833,0.9626656472986749
2021-01,1044,,0,,,0,,,0,,,0,
2021-01,1045,,0,,,0,,,0,,,0,
2021-01,1047,120.18752130923968,2933,0.9966021066938499,157.33924309580635,2933,0.9966021066938499,117.16740538697579,2933,0.9966021066938499,100.34947153085578,2933,0.9966021066938499
2021-01,1048,,0,,236.06002775850104,2882,0.9792728508324838,60.48473282442748,2882,0.9792728508324838,163.470506592644,2882,0.9792728508324838
2021-01,1051,118.12802179094314,2937,0.9979612640163099,,0,,117.56826693905346,2937,0.9979612640163099,73.75893769152196,2937,0.9979612640163099
2021-01,1053,55.26097312010888,2939,0.9986408426775399,93.83599863899285,2939,0.49949031600407745,124.26471588975842,2939,0.9986408426775399,28.995576726777816,2939,0.9981311586816174
2021-01,1054,60.41816944538959,2939,0.9986408426775399,60.333333333333336,3,0.3334465964435383,117.53011228308948,2939,0.49983010533469246,37.84246342293297,2939,0.9986408426775399
2021-01,1057,87.96325280707724,2939,0.9986408426775399,204.07825791085403,2939,0.9986408426775399,97.57332425995236,2939,0.9986408426775399,112.44062606328683,2939,0.9986408426775399
2021-01,1058,,0,,,0,,,0,,,0,
2021-01,1059,,0,,,0,,,0,,,0,
2021-01,1064,123.29870572207085,2936,0.9976214746856948,63.22070844686648,2936,0.6359157322460075,100.6641883519207,807,0.2742099898063201,107.819083023544,807,0.2742099898063201
2021-01,1065,,0,,,0,,,0,,,0,
2021-01,1066,0.0,1,0.0003397893306150187,0.0,1,0.0003397893306150187,0.0,1,0.0003397893306150187,0.0,1,0.0003397893306150187
2021-01,1067,0.0,1,0.0003397893306150187,0.0,1,0.0003397893306150187,0.0,1,0.0003397893306150187,0.0,1,0.0003397893306150187
2021-01,1068,,0,,207.19502216160927,2933,0.9966021066938499,99.9236276849642,2933,0.9587155963302753,235.09751108080465,2933,0.9964888435836448
2021-01,1069,,0,,,0,,,0,,,0,
2021-01,1070,0.0,1,0.0003397893306150187,0.0,1,0.0003397893306150187,0.0,1,0.0003397893306150187,0.0,1,0.0003397893306150187
2021-01,1071,206.2379494159011,2939,0.9983860006795786,126.70840421912214,2939,0.9953278967040435,231.42837699897925,2939,0.9986408426775399,28.415787682885334,2939,0.9986408426775399
2021-01,1072,0.0,1,0.0003397893306150187,0.0,1,0.0003397893306150187,0.0,1,0.0003397893306150187,0.0,1,0.0003397893306150187
2021-01,1074,,0,,0.0,1,0.0003397893306150187,0.0,1,0.0003397893306150187,0.0,1,0.0003397893306150187
2021-01,1075,238.68666196189133,2834,0.9627930682976554,78.02329685845393,2833,0.9622833843017329,,0,,682.0211939244083,2831,0.9617737003058104
2021-01,1077,41.81860036832413,1086,0.3666326877336052,164.32077205882354,1088,0.3696907917091403,97.22610294117646,1088,0.3696907917091403,151.35569852941177,1088,0.3696907917091403
2021-01,1078,0.0,2,0.006342734171480348,161.90738849165817,2937,0.9979612640163099,,0,,102.97446373850869,2937,0.9979612640163099
2021-01,1079,72.01193317422434,2933,0.9966021066938499,132.18854415274464,2933,0.5064559972816853,,0,,237.34606205250597,2933,0.9966021066938499
2021-01,1080,,0,,137.19843430905377,2938,0.9924396873938158,108.58883594281825,2938,0.9983010533469249,302.77252098933513,2938,0.9982161060142711
2021-01,1081,135.99965974821367,2939,0.9958092649224147,56.84348417829194,2939,0.9986408426775399,152.83548826131337,2939,0.9985275795673348,91.76582709326073,2938,0.9983010533469249
2021-01,1082,152.01207893841442,2939,0.9985275795673348,97.5661789724396,2939,0.9986408426775399,115.23375297720312,2939,0.9986408426775399,66.12929567880231,2939,0.9986408426775399
2021-01,1083,0.0,1,0.0003397893306150187,0.0,1,0.0003397893306150187,0.0,1,0.0003397893306150187,0.0,1,0.0003397893306150187
2021-01,1084,35.664604810996565,2910,0.9833503227998641,184.05740866802813,2938,0.9520047570506286,107.57711950970378,2937,0.9979612640163099,250.4792305073204,2937,0.7983690112130479
2021-01,1085,48.62092862092862,2886,0.9050288820931023,164.0972462265238,2893,0.9334012911994564,76.12057220708446,2936,0.9976214746856948,146.90119250425894,2935,0.9971967380224261
2021-01,1086,122.22722585080784,2909,0.9882206365386794,81.7940873152286,2909,0.9884471627590894,182.17222413200412,2909,0.9884471627590894,77.6830525953936,2909,0.9884471627590894
2021-01,1088,0.0,1,0.0003397893306150187,0.0,1,0.0003397893306150187,0.0,1,0.0003397893306150187,0.0,1,0.0003397893306150187
2021-01,1090,149.19785641374617,2939,0.9950164231509798,64.61177271180674,2939,0.9984709480122325,154.31030962912556,2939,0.9986408426775399,30.119088125212656,2939,0.9986408426775399
2021-01,1092,178.4975615288647,2939,0.9980462113489637,117.94113644096632,2939,0.9986408426775399,195.71681415929203,2938,0.9983010533469249,134.000340367597,2938,0.9983010533469249
2021-01,1093,142.53697363916467,2921,0.9925246347264696,195.28220858895705,2934,0.6649677200135916,149.3432073544433,2937,0.9978480009061048,138.74693460490462,2936,0.9972816853550799
2021-01,1094,165.62830626450116,2155,0.7322460074753653,185.383899488134,2149,0.7294144297202401,123.33796832753958,2589,0.8290859667006456,156.45363214837712,2588,0.8794597349643222
2021-01,1095,252.11525423728813,590,0.20024917884245103,72.51016949152542,590,0.20047570506286103,180.1864406779661,590,0.20047570506286103,18.808474576271188,590,0.20047570506286103
2021-01,1096,,0,,,0,,,0,,,0,
2021-01,1109,217.33321980018167,2936,0.9936289500509684,,0,,229.78440054495914,2936,0.9976214746856948,54.157016348773844,2936,0.9976214746856948
2021-01,1112,252.00442477876106,2938,0.9983010533469249,,0,,244.35636487406398,2938,0.9983010533469249,30.4213750850919,2938,0.9977913693510024
2021-01,1113,222.6783526208305,2938,0.9983010533469249,130.4591280653951,2936,0.9976214746856948,51.528950953678475,2936,0.9976214746856948,170.73978201634878,2936,0.9976214746856948
2021-01,1115,0.0,1,0.0003397893306150187,,0,,0.0,1,0.0003397893306150187,0.0,1,0.0003397893306150187
2021-01,1116,198.23103096291254,2939,0.9986408426775399,167.7277985709425,2939,0.99841431645713,150.98536917318816,2939,0.9985275795673348,171.03674719292277,2939,0.9986408426775399
2021-01,1117,79.10510204081632,2940,0.9989806320081549,127.72687074829932,2940,0.9989806320081549,,0,,241.0421768707483,2940,0.9989806320081549
2021-01,1119,0.0,1,0.0003397893306150187,0.0,1,0.0003397893306150187,0.0,1,0.0003397893306150187,,0,
2021-01,1501,,0,,,0,,,0,,,0,
2021-01,1502,0.0,1,0.0003397893306150187,0.0,1,0.0003397893306150187,,0,,0.0,1,0.0003397893306150187
2021-01,1503,66.6896551724138,29,0.009853890587835541,214.3793103448276,29,0.009853890587835541,,0,,341.58620689655174,29,0.009853890587835541
2021-01,1504,,0,,,0,,,0,,,0,
