intersection_id,weekday,hour,volume_sum,observations,mean_volume
1001,0,0,148124.636364,426,347.710414
1001,0,1,82993.909091,434,191.23020527880183
1001,0,2,40253.363637,434,92.74968579953918
1001,0,3,19943.363637,432,46.16519360416666
1001,0,4,14585.818181999999,428,34.07901444392523
1001,0,5,20743.0,428,48.46495327102804
1001,0,6,77360.257576,428,180.748265364486
1001,0,7,226423.430302,428,529.0267063130841
1001,0,8,272523.545454,425,641.2318716564706
1001,0,9,264289.818181,425,621.85839572
1001,0,10,276164.545454,428,645.2442650794393
1001,0,11,286987.575756,432,664.3230920277778
1001,0,12,309829.727272,430,720.5342494697674
1001,0,13,325322.727273,428,760.0998300771028
1001,0,14,284208.363637,430,660.9496828767441
1001,0,15,237651.545455,428,555.2606202219627
1001,0,16,254872.181818,432,589.9819023564816
1001,0,17,312901.090909,436,717.663052543578
1001,0,18,342330.999999,436,785.1628440344036
1001,0,19,348445.909091,436,799.1878648876146
1001,0,20,344367.454545,436,789.8336113417431
1001,0,21,319916.363636,436,733.7531276055047
1001,0,22,278015.363636,436,637.6499165963303
1001,0,23,215552.363636,436,494.38615512844035
1001,1,0,151701.545454,430,352.7942917534884
1001,1,1,83995.818182,431,194.88588905336428
1001,1,2,40521.363636,431,94.01708500232019
1001,1,3,19637.636363999998,432,45.45749158333333
1001,1,4,13727.0,432,31.775462962962962
1001,1,5,21586.363637,432,49.9684343449074
1001,1,6,78710.627274,432,182.20052609722222
1001,1,7,225841.618181,432,522.7815235671296
1001,1,8,271786.454545,432,629.1353114467593
1001,1,9,258492.0,426,606.7887323943662
1001,1,10,264910.742424,417,635.2775597697841
1001,1,11,275910.636364,422,653.8166738483412
1001,1,12,301091.0,425,708.4494117647059
1001,1,13,317863.636364,427,744.4113263793911
1001,1,14,284660.909092,430,662.0021141674418
1001,1,15,237234.727274,432,549.1544612824074
1001,1,16,254259.272728,436,583.1634695596331
1001,1,17,310660.545454,436,712.5241868211009
1001,1,18,339636.90909,436,778.983736444954
1001,1,19,347409.727272,436,796.8113010825688
1001,1,20,340629.818181,436,781.2610508738533
1001,1,21,316576.272727,436,726.0923686399083
1001,1,22,271642.454545,431,630.2609154176333
1001,1,23,212880.90909,435,489.38140020689656
1001,2,0,153950.818182,431,357.1944737401392
1001,2,1,86084.0,434,198.35023041474653
1001,2,2,43572.0,433,100.62817551963049
1001,2,3,22288.0,436,51.11926605504587
1001,2,4,16500.363636000002,436,37.844870724770644
1001,2,5,22107.636363,436,50.705587988532116
1001,2,6,80745.654545,436,185.19645537844036
1001,2,7,226433.515152,435,520.5368164413793
1001,2,8,270411.527272,432,625.9526094259259
1001,2,9,265062.666666,432,613.5709876527777
1001,2,10,276907.436363,428,646.9799915023365
1001,2,11,288431.727273,430,670.7714587744186
1001,2,12,308563.363637,431,715.9242775800464
1001,2,13,326971.909091,432,756.8794191921296
1001,2,14,289336.818183,431,671.3151233944316
1001,2,15,244054.090909,434,562.3366149976958
1001,2,16,260605.909091,436,597.7199749793579
1001,2,17,312734.0,432,723.9212962962963
1001,2,18,344752.636363,436,790.7170558784404
1001,2,19,350309.363637,436,803.4618432041284
1001,2,20,340501.242423,435,782.7614768344828
1001,2,21,320111.363637,435,735.8881922689654
1001,2,22,277571.818183,434,639.566401343318
1001,2,23,221728.272727,435,509.72016718850574
1001,3,0,164620.363636,432,381.0656565648148
1001,3,1,95107.454547,436,218.13636363990827
1001,3,2,46094.181818,436,105.72060049999999
1001,3,3,22591.454545,437,51.696692322654464
1001,3,4,15126.090908,439,34.45578794533029
1001,3,5,21697.818181,440,49.31322313863636
1001,3,6,66003.454546,440,150.00785124090908
1001,3,7,169773.157576,440,385.8480854
1001,3,8,246565.272727,440,560.3756198340909
1001,3,9,269725.727274,438,615.8121627260274
1001,3,10,295311.545455,440,671.1626033068183
1001,3,11,313006.090909,439,712.9979291776766
1001,3,12,326529.272727,438,745.5006226643835
1001,3,13,336733.272727,440,765.3028925613636
1001,3,14,315342.090909,440,716.6865702477273
1001,3,15,245590.363636,439,559.4313522460136
1001,3,16,250912.0,437,574.1693363844394
1001,3,17,295399.727272,434,680.6445328847926
1001,3,18,326370.363636,434,752.0054461658987
1001,3,19,340289.545454,436,780.4806088394496
1001,3,20,341283.272727,438,779.1855541712329
1001,3,21,310960.090909,440,706.7274793386364
1001,3,22,265908.818182,440,604.3382231409091
1001,3,23,226987.909091,440,515.8816115704545
1001,4,0,191331.545455,436,438.83381985091745
1001,4,1,131774.909091,437,301.544414395881
1001,4,2,75412.181817,440,171.39132231136364
1001,4,3,38939.0,438,88.90182648401826
1001,4,4,23339.363637,436,53.53065054357798
1001,4,5,23803.272728,436,54.59466222018349
1001,4,6,45175.272727,436,103.61301084174313
1001,4,7,78415.181818,430,182.36088794883722
1001,4,8,111527.272727,429,259.9703326969697
1001,4,9,141052.181818,429,328.79296461072266
1001,4,10,199071.454545,435,457.63552768965513
1001,4,11,245185.272727,434,564.9430247165899
1001,4,12,267966.0,436,614.6009174311927
1001,4,13,261055.181818,436,598.7504170137615
1001,4,14,221398.0,436,507.79357798165137
1001,4,15,180141.909091,436,413.16951626376147
1001,4,16,191166.454545,438,436.4530925684931
1001,4,17,232032.636364,441,526.1511028662131
1001,4,18,270571.636364,440,614.935537190909
1001,4,19,295072.181818,437,675.2223840228833
1001,4,20,289718.363636,436,664.4916597155964
1001,4,21,266792.545454,436,611.9095079220184
1001,4,22,246898.818183,434,568.8912861359447
1001,4,23,229722.818181,436,526.8871976628441
1001,5,0,183605.818183,432,425.0134680162037
1001,5,1,106435.727273,436,244.11864053440365
1001,5,2,46133.636363,433,106.54419483371824
1001,5,3,21483.818183,435,49.38808777701149
1001,5,4,14336.818183,436,32.88261051146789
1001,5,5,22034.272728,436,50.5373227706422
1001,5,6,77435.818182,434,178.4235441981567
1001,5,7,221269.000001,436,507.49770642431196
1001,5,8,269007.045456,436,616.9886363669725
1001,5,9,262979.181818,434,605.9428152488479
1001,5,10,276152.909091,437,631.9288537551487
1001,5,11,284400.909091,439,647.8380617107061
1001,5,12,304430.363635,434,701.4524507718894
1001,5,13,320416.090909,435,736.5887147333334
1001,5,14,286392.0,434,659.889400921659
1001,5,15,238122.272727,435,547.4075235103448
1001,5,16,254038.272727,436,582.6565888233945
1001,5,17,312272.545454,436,716.221434527523
1001,5,18,341442.854546,436,783.1258131788991
1001,5,19,345212.954546,436,791.772831527523
1001,5,20,344982.545455,440,784.0512396704546
1001,5,21,319172.727272,440,725.3925619818182
1001,5,22,275224.909091,440,625.511157025
1001,5,23,210708.545454,440,478.88305785
1001,6,0,146050.454545,425,343.64812834117646
1001,6,1,85074.090909,436,195.12406171788993
1001,6,2,40576.745454,436,93.06592994036698
1001,6,3,19882.909091,436,45.603002502293585
1001,6,4,14023.636363,436,32.16430358486238
1001,6,5,21115.763637,436,48.43065054357798
1001,6,6,78136.636365,433,180.4541255542725
1001,6,7,219618.454546,431,509.55557899303943
1001,6,8,264276.636364,429,616.0294553939393
1001,6,9,261898.363637,431,607.652815863109
1001,6,10,274676.272728,434,632.8946376221198
1001,6,11,284012.545455,432,657.4364478125
1001,6,12,305682.363636,434,704.3372434009217
1001,6,13,317581.0,428,742.0116822429907
1001,6,14,279856.333333,429,652.3457653449884
1001,6,15,235776.0,430,548.3162790697675
1001,6,16,248198.0,432,574.5324074074074
1001,6,17,302894.2,431,702.7707656612529
1001,6,18,331453.714286,424,781.7304582216981
1001,6,19,338982.1,425,797.6049411764706
1001,6,20,334205.666667,428,780.8543613714953
1001,6,21,312029.181819,428,729.0401444369159
1001,6,22,268630.666667,428,627.6417445490654
1001,6,23,209421.5,428,489.3025700934579
1002,0,0,95888.8,448,214.0375
1002,0,1,50236.8,454,110.65374449339208
1002,0,2,23702.9,454,52.209030837004406
1002,0,3,11574.2,452,25.606637168141596
1002,0,4,8494.1,452,18.792256637168144
1002,0,5,12407.155556,452,27.449459194690263
1002,0,6,45739.366666,452,101.1932890840708
1002,0,7,152890.057143,451,339.00234399778276
1002,0,8,194212.144445,449,432.5437515478842
1002,0,9,197355.1,451,437.5944567627495
1002,0,10,212734.3,442,481.2993212669683
1002,0,11,225051.7,436,516.173623853211
1002,0,12,245900.7,435,565.2889655172414
1002,0,13,262071.0,435,602.4620689655172
1002,0,14,218197.0,436,500.45183486238534
1002,0,15,166234.0,432,384.8009259259259
1002,0,16,176015.3,436,403.70481651376144
1002,0,17,232482.785714,444,523.6098777342343
1002,0,18,269837.0,452,596.9845132743363
1002,0,19,280048.0,452,619.5752212389381
1002,0,20,280932.0,451,622.9090909090909
1002,0,21,259217.0,452,573.4889380530974
1002,0,22,211752.0,452,468.4778761061947
1002,0,23,145072.4,448,323.8223214285714
1002,1,0,96242.855555,442,217.74401709276017
1002,1,1,49658.0,444,111.84234234234235
1002,1,2,23228.0,444,52.31531531531532
1002,1,3,10713.222223,444,24.128878880630634
1002,1,4,7995.0,444,18.006756756756758
1002,1,5,12358.394444,444,27.83422172072072
1002,1,6,45093.234524,444,101.56133901801802
1002,1,7,151549.01984,447,339.03583856823263
1002,1,8,190689.333333,447,426.598061147651
1002,1,9,187906.066667,439,428.0320425216401
1002,1,10,199902.422222,424,471.4679769386792
1002,1,11,213924.111111,424,504.5379979033019
1002,1,12,235557.2,421,559.5182897862232
1002,1,13,249295.0,421,592.1496437054632
1002,1,14,211521.0,424,498.87028301886795
1002,1,15,161761.4,425,380.6150588235294
1002,1,16,170627.0,429,397.73193473193476
1002,1,17,227812.0,433,526.1247113163972
1002,1,18,263801.9,443,595.4896162528217
1002,1,19,279004.0,448,622.7767857142857
1002,1,20,276332.0,448,616.8125
1002,1,21,253082.0,448,564.9151785714286
1002,1,22,206528.5,445,464.10898876404497
1002,1,23,145998.0,443,329.5665914221219
1002,2,0,97620.0,444,219.86486486486487
1002,2,1,51026.0,446,114.40807174887892
1002,2,2,24499.0,448,54.685267857142854
1002,2,3,12259.0,448,27.363839285714285
1002,2,4,8683.5,448,19.3828125
1002,2,5,12750.055554999999,448,28.459945435267855
1002,2,6,44774.911111,448,99.943998015625
1002,2,7,146460.122222,447,327.6512801387025
1002,2,8,189054.027778,449,421.05574115367483
1002,2,9,192889.108333,450,428.6424629622222
1002,2,10,207210.775,435,476.34660919540227
1002,2,11,219767.444444,429,512.2784252773893
1002,2,12,236458.5,428,552.4731308411215
1002,2,13,252588.0,426,592.9295774647887
1002,2,14,216149.0,427,506.2037470725995
1002,2,15,167732.988889,428,391.89950675
1002,2,16,175237.0,429,408.4778554778555
1002,2,17,231936.6,437,530.7473684210527
1002,2,18,268059.475,447,599.6856263982103
1002,2,19,282250.6,451,625.8328159645232
1002,2,20,282739.2,451,626.9161862527717
1002,2,21,258927.8,451,574.1192904656319
1002,2,22,213711.1,452,472.8121681415929
1002,2,23,151795.9,448,338.8301339285714
1002,3,0,104573.9,445,234.99752808988762
1002,3,1,55486.0,448,123.85267857142857
1002,3,2,26573.5,448,59.315848214285715
1002,3,3,12427.3,449,27.67772828507795
1002,3,4,8967.5,450,19.927777777777777
1002,3,5,12969.455555,455,28.504297923076923
1002,3,6,37520.264683,456,82.2812821995614
1002,3,7,108534.788889,456,238.0148879144737
1002,3,8,168615.9,456,369.77171052631576
1002,3,9,199087.2,455,437.55428571428575
1002,3,10,224899.7,445,505.39258426966296
1002,3,11,242706.7,435,557.9464367816092
1002,3,12,261101.4,436,598.8564220183487
1002,3,13,266687.6,432,617.3324074074073
1002,3,14,232208.7,430,540.0202325581396
1002,3,15,164271.5,432,380.25810185185185
1002,3,16,165178.7,434,380.59608294930877
1002,3,17,214606.3,445,482.2613483146067
1002,3,18,251972.2,450,559.9382222222223
1002,3,19,272287.1,452,602.4050884955751
1002,3,20,271882.7,451,602.8441241685144
1002,3,21,242026.1,452,535.4559734513274
1002,3,22,197024.7,452,435.8953539823009
1002,3,23,154319.4,452,341.4146017699115
1002,4,0,123509.8,447,276.3082774049217
1002,4,1,80731.3,452,178.60907079646017
1002,4,2,43459.3,452,96.14889380530974
1002,4,3,21734.5,450,48.29888888888889
1002,4,4,12753.1,448,28.466741071428572
1002,4,5,13605.6,448,30.369642857142857
1002,4,6,24614.7,445,55.313932584269665
1002,4,7,44628.6,448,99.61741071428571
1002,4,8,63979.8,448,142.81205357142858
1002,4,9,86326.7,445,193.99258426966293
1002,4,10,125991.2,433,290.9727482678984
1002,4,11,166187.8,429,387.3841491841492
1002,4,12,193241.6,429,450.44662004662007
1002,4,13,187680.3,428,438.50537383177567
1002,4,14,145473.2,428,339.8906542056075
1002,4,15,108355.3,425,254.95364705882355
1002,4,16,117814.9,431,273.3524361948956
1002,4,17,159187.8,444,358.531081081081
1002,4,18,201642.977778,449,449.09349171046773
1002,4,19,231477.5,456,507.62609649122805
1002,4,20,227738.2,456,499.42587719298245
1002,4,21,205816.5,456,451.3519736842105
1002,4,22,183390.5,456,402.172149122807
1002,4,23,165647.4,456,363.26184210526316
1002,5,0,129158.1,452,285.74800884955755
1002,5,1,67506.7,456,148.04100877192982
1002,5,2,26763.1,453,59.07969094922737
1002,5,3,11870.8,455,26.089670329670327
1002,5,4,8235.6,456,18.060526315789474
1002,5,5,13121.4,456,28.775
1002,5,6,46851.771429,456,102.74511278289474
1002,5,7,154241.855556,456,338.2496832368421
1002,5,8,197064.444444,456,432.1588693947368
1002,5,9,197985.7,457,433.229102844639
1002,5,10,213450.1,447,477.51700223713647
1002,5,11,224959.3,438,513.605707762557
1002,5,12,243934.9,438,556.92899543379
1002,5,13,261133.3,439,594.8366742596811
1002,5,14,221252.2,440,502.8459090909091
1002,5,15,167049.166667,440,379.65719697045455
1002,5,16,171700.4,437,392.9070938215103
1002,5,17,234483.7,447,524.5720357941834
1002,5,18,274975.4,458,600.3829694323144
1002,5,19,287617.4,460,625.2552173913044
1002,5,20,283110.9,460,615.4584782608696
1002,5,21,258295.1,460,561.5110869565218
1002,5,22,210909.3,460,458.49847826086955
1002,5,23,143839.6,460,312.6947826086957
1002,6,0,93971.3,445,211.17146067415732
1002,6,1,50895.0,456,111.61184210526316
1002,6,2,23775.0,456,52.13815789473684
1002,6,3,10985.3,456,24.090570175438597
1002,6,4,8226.7,456,18.041008771929825
1002,6,5,12168.822222,456,26.686013644736843
1002,6,6,45096.611112,456,98.89607699999999
1002,6,7,148623.957143,456,325.9297305767544
1002,6,8,190373.188889,456,417.4850633530702
1002,6,9,191727.166667,456,420.4543128662281
1002,6,10,207630.0,440,471.8863636363636
1002,6,11,218512.9,429,509.35407925407924
1002,6,12,241365.4,436,553.590366972477
1002,6,13,256131.0,432,592.8958333333334
1002,6,14,213704.2,431,495.83341067285386
1002,6,15,162027.1,432,375.0627314814815
1002,6,16,166343.0,431,385.9466357308585
1002,6,17,225478.6,437,515.9693363844393
1002,6,18,263802.666667,445,592.8149812741573
1002,6,19,277254.225,450,616.1205
1002,6,20,278497.8,452,616.1455752212389
1002,6,21,256954.9,452,568.4842920353982
1002,6,22,208940.6,452,462.2579646017699
1002,6,23,145155.6,452,321.1407079646018
1010,0,0,178149.805555,428,416.23786344626166
1010,0,1,128210.583332,434,295.4160906267281
1010,0,2,89941.777772,434,207.23911929032258
1010,0,3,70305.80556000001,432,162.7449202777778
1010,0,4,63629.222222,432,147.28986625462963
1010,0,5,75775.91667199999,432,175.4072145185185
1010,0,6,142690.749996,432,330.3026620277778
1010,0,7,272080.857144,432,629.8167989444445
1010,0,8,321959.916675,429,750.4893162587413
1010,0,9,335124.805554,432,775.7518647083334
1010,0,10,335431.833328,436,769.339067266055
1010,0,11,332021.857142,436,761.5180209678899
1010,0,12,332448.150793,436,762.4957586995413
1010,0,13,333083.757941,436,763.9535732591743
1010,0,14,331109.456356,436,759.4253586146789
1010,0,15,304730.440475,436,698.9230286123853
1010,0,16,317750.293647,436,728.7850771720183
1010,0,17,332882.087298,434,767.0094177373272
1010,0,18,328853.789689,435,755.9857234229885
1010,0,19,330787.170638,436,758.6861711880734
1010,0,20,319397.642853,436,732.5634010389908
1010,0,21,293749.82936,434,676.8429247926267
1010,0,22,265272.115071,436,608.4222822729358
1010,0,23,225050.250001,436,516.1702981674312
1010,1,0,179382.384923,430,417.1683370302326
1010,1,1,128421.111117,432,297.2710905486111
1010,1,2,87543.30158500001,432,202.64653144675927
1010,1,3,67840.33730300001,432,157.03781783101854
1010,1,4,62630.710325,432,144.9784961226852
1010,1,5,75459.519837,432,174.6748144375
1010,1,6,146479.908731,432,339.07386280324073
1010,1,7,270059.718252,432,625.1382366944445
1010,1,8,320079.861117,432,740.9256044374999
1010,1,9,329043.63492,429,767.00148
1010,1,10,323233.694446,426,758.7645409530516
1010,1,11,321710.527776,427,753.4204397564403
1010,1,12,322507.027778,425,758.8400653599999
1010,1,13,326878.555556,425,769.1260130729411
1010,1,14,323320.777781,428,755.4223779929907
1010,1,15,297063.388888,429,692.4554519533799
1010,1,16,311467.039684,432,720.988517787037
1010,1,17,328377.507932,432,760.1331202129629
1010,1,18,322794.527782,432,747.2095550509259
1010,1,19,325790.734124,432,754.1452178796296
1010,1,20,313077.472222,432,724.7163708842593
1010,1,21,287215.055557,432,664.8496656412036
1010,1,22,261536.583334,429,609.6423853939394
1010,1,23,224169.638895,431,520.115171450116
1010,2,0,187422.277779,429,436.8817663846154
1010,2,1,135004.499992,431,313.2354988213457
1010,2,2,94268.94444199999,429,219.74112923543123
1010,2,3,74694.63889,431,173.30542665893273
1010,2,4,64887.388882,432,150.2022890787037
1010,2,5,76274.166672,432,176.560571
1010,2,6,146229.055558,431,339.27855117865425
1010,2,7,267275.666667,427,625.9383294309133
1010,2,8,315681.960311,428,737.5746736238318
1010,2,9,328764.944443,428,768.1423935584113
1010,2,10,325868.027784,428,761.3738966915887
1010,2,11,322500.027781,426,757.0423187347418
1010,2,12,326119.750001,427,763.7464871217799
1010,2,13,328450.97222,427,769.2060239344262
1010,2,14,325188.277773,427,761.5650533325527
1010,2,15,306068.611104,428,715.1135773457944
1010,2,16,312934.595239,427,732.8679045409835
1010,2,17,323667.59524,428,756.2326991588785
1010,2,18,317551.416671,428,741.9425623154206
1010,2,19,321235.674595,428,750.5506415771027
1010,2,20,306170.972222,427,717.0280379906324
1010,2,21,288280.63889,427,675.1303018501171
1010,2,22,263345.611112,428,615.2934839065421
1010,2,23,225210.166666,424,531.1560534575472
1010,3,0,185292.055557,422,439.08070037203794
1010,3,1,133350.972227,424,314.5070099693396
1010,3,2,89699.083331,424,211.55444181839624
1010,3,3,64736.05555,426,151.962571713615
1010,3,4,61526.666665,430,143.08527131395348
1010,3,5,77483.416664,432,179.3597607962963
1010,3,6,135331.499999,432,313.26736110879625
1010,3,7,245428.464282,432,568.1214450972222
1010,3,8,316084.444453,432,731.6769547523147
1010,3,9,335561.333336,434,773.1827957050691
1010,3,10,338369.444447,436,776.0767074472477
1010,3,11,332266.138892,434,765.5901817788019
1010,3,12,331423.000003,434,763.6474654447005
1010,3,13,341023.083329,436,782.1630351582569
1010,3,14,342672.694448,436,785.9465468990826
1010,3,15,293912.083332,434,677.2167818709678
1010,3,16,292782.785716,435,673.0638752091954
1010,3,17,314722.456349,438,718.5444208881278
1010,3,18,321844.305552,436,738.175012733945
1010,3,19,330390.305556,436,757.7759301743118
1010,3,20,317979.583329,436,729.3109709380734
1010,3,21,290224.694444,436,665.652968908257
1010,3,22,267652.055547,432,619.5649433958334
1010,3,23,247305.972213,432,572.4675282708333
1010,4,0,228056.527779,427,534.0902289906323
1010,4,1,189073.027775,432,437.66904577546296
1010,4,2,140132.277781,432,324.3802726412037
1010,4,3,100516.916664,430,233.76027131162792
1010,4,4,77189.27777300001,428,180.34877984345798
1010,4,5,75898.750003,428,177.33352804439252
1010,4,6,102685.27777,428,239.9188732943925
1010,4,7,142382.777779,428,332.6700415397196
1010,4,8,171204.166663,428,400.0097351939253
1010,4,9,203841.027783,428,476.2640836051402
1010,4,10,252911.38888800002,431,586.8013663294664
1010,4,11,297425.055561,432,688.4839249097223
1010,4,12,316823.555556,432,733.3878600833333
1010,4,13,315492.444449,432,730.3065843726852
1010,4,14,279420.583337,432,646.8069058726852
1010,4,15,238907.722227,432,553.0271347847222
1010,4,16,243513.99603,432,563.6898056250001
1010,4,17,271394.999999,436,622.4655963279816
1010,4,18,294520.015872,433,680.1847941616628
1010,4,19,322705.166664,436,740.1494648256881
1010,4,20,312174.222221,436,715.9959225252294
1010,4,21,286506.305556,436,657.1245540275229
1010,4,22,271817.472219,436,623.434569309633
1010,4,23,256340.72222,436,587.9374362844037
1010,5,0,223893.277781,432,518.2714763449075
1010,5,1,156143.999995,436,358.12844035550455
1010,5,2,103642.63889,436,237.71247451834864
1010,5,3,76433.55555,436,175.30632006880734
1010,5,4,71310.388882,436,163.55593780275228
1010,5,5,81747.277783,436,187.49375638302752
1010,5,6,156190.555555,436,358.23521916284403
1010,5,7,280463.440473,436,643.2647717270642
1010,5,8,328423.349203,436,753.2645623922019
1010,5,9,337498.166663,435,775.8578543977012
1010,5,10,332660.055555,432,770.0464248958334
1010,5,11,330127.706343,438,753.7162245273972
1010,5,12,331539.861112,438,756.940322173516
1010,5,13,332665.166668,439,757.7794229339407
1010,5,14,330742.666666,439,753.4001518587698
1010,5,15,304506.972222,440,692.0613005045454
1010,5,16,316551.277785,440,719.4347222386364
1010,5,17,336019.158734,440,763.6799062136364
1010,5,18,328097.944448,435,754.2481481563218
1010,5,19,330419.996033,436,757.8440275986238
1010,5,20,314846.333331,436,722.1246177316514
1010,5,21,289758.500002,436,664.5837156009175
1010,5,22,259143.027779,436,594.3647426123853
1010,5,23,223587.694445,436,512.8158129472478
1010,6,0,174597.222224,422,413.73749342180093
1010,6,1,124153.805551,430,288.7297803511628
1010,6,2,85126.972217,431,197.5103763735499
1010,6,3,67950.083329,432,157.29185955787037
1010,6,4,66217.805549,432,153.28195728935185
1010,6,5,80927.888889,431,187.76772364037123
1010,6,6,144406.833343,425,339.7807843364706
1010,6,7,265755.452377,430,618.0359357604651
1010,6,8,319051.41667,432,738.5449459953704
1010,6,9,329258.722222,432,762.1729681064816
1010,6,10,326394.25,430,759.0563953488372
1010,6,11,320270.638889,430,744.8154392767442
1010,6,12,325950.166661,435,749.3107279563218
1010,6,13,323528.027782,427,757.6768800515223
1010,6,14,321406.55556,428,750.9498961682243
1010,6,15,294571.638885,428,688.2514927219627
1010,6,16,305184.964284,428,713.0489819719626
1010,6,17,326515.5,428,762.8866822429907
1010,6,18,322967.16667,423,763.5157604491726
1010,6,19,326647.277781,428,763.194574254673
1010,6,20,316821.833328,432,733.3838734444444
1010,6,21,291779.972218,432,675.4166023564815
1010,6,22,262709.888883,430,610.9532299604651
1010,6,23,220207.416664,431,510.92208042691414
1012,0,0,87174.0,428,203.67757009345794
1012,0,1,51865.0,434,119.50460829493088
1012,0,2,26479.333333,434,61.01228878571428
1012,0,3,14254.0,432,32.995370370370374
1012,0,4,9897.0,432,22.90972222222222
1012,0,5,12540.0,432,29.02777777777778
1012,0,6,41347.0,432,95.71064814814815
1012,0,7,121421.666667,432,281.06867284027777
1012,0,8,165371.0,429,385.4801864801865
1012,0,9,180186.0,432,417.09722222222223
1012,0,10,187337.0,432,433.650462962963
1012,0,11,191282.0,432,442.7824074074074
1012,0,12,193361.0,432,447.5949074074074
1012,0,13,195779.0,432,453.1921296296296
1012,0,14,190573.0,430,443.19302325581396
1012,0,15,162535.0,432,376.2384259259259
1012,0,16,168984.0,432,391.1666666666667
1012,0,17,186041.0,430,432.653488372093
1012,0,18,190589.0,431,442.20185614849186
1012,0,19,188004.0,429,438.23776223776224
1012,0,20,191667.0,432,443.6736111111111
1012,0,21,187320.0,430,435.6279069767442
1012,0,22,165471.0,432,383.03472222222223
1012,0,23,126850.0,432,293.63425925925924
1012,1,0,88607.0,426,207.99765258215962
1012,1,1,51695.0,428,120.78271028037383
1012,1,2,25976.0,428,60.691588785046726
1012,1,3,13178.0,428,30.789719626168225
1012,1,4,9373.0,428,21.899532710280372
1012,1,5,12637.0,428,29.52570093457944
1012,1,6,42054.0,428,98.25700934579439
1012,1,7,121036.0,428,282.7943925233645
1012,1,8,163516.0,428,382.04672897196264
1012,1,9,175148.0,423,414.0614657210402
1012,1,10,180469.0,419,430.71360381861575
1012,1,11,185927.0,423,439.54373522458627
1012,1,12,186715.0,421,443.5035629453682
1012,1,13,190154.0,421,451.67220902612826
1012,1,14,186236.0,424,439.2358490566038
1012,1,15,158423.0,425,372.76
1012,1,16,164595.0,428,384.56775700934577
1012,1,17,184194.0,428,430.35981308411215
1012,1,18,187226.0,428,437.44392523364485
1012,1,19,187336.0,428,437.70093457943926
1012,1,20,189584.0,428,442.95327102803736
1012,1,21,185640.0,428,433.7383177570093
1012,1,22,164280.0,425,386.54117647058825
1012,1,23,126001.0,427,295.08430913348946
1012,2,0,91214.0,425,214.62117647058824
1012,2,1,53536.0,427,125.37704918032787
1012,2,2,27919.0,426,65.53755868544602
1012,2,3,15804.0,428,36.925233644859816
1012,2,4,10218.0,428,23.873831775700936
1012,2,5,13089.0,428,30.58177570093458
1012,2,6,41593.0,428,97.17990654205607
1012,2,7,119200.0,427,279.1569086651054
1012,2,8,162572.0,429,378.95571095571097
1012,2,9,177249.0,431,411.25058004640374
1012,2,10,187629.0,432,434.3263888888889
1012,2,11,189739.0,432,439.21064814814815
1012,2,12,190912.0,428,446.05607476635515
1012,2,13,192719.0,427,451.3325526932084
1012,2,14,190149.0,429,443.23776223776224
1012,2,15,165021.0,432,381.99305555555554
1012,2,16,168892.0,432,390.9537037037037
1012,2,17,185883.0,432,430.28472222222223
1012,2,18,188998.0,432,437.4953703703704
1012,2,19,189918.0,432,439.625
1012,2,20,191133.0,431,443.46403712296984
1012,2,21,190977.0,431,443.10208816705335
1012,2,22,171961.0,432,398.0578703703704
1012,2,23,133514.0,432,309.06018518518516
1012,3,0,97173.0,433,224.41801385681293
1012,3,1,58489.0,436,134.14908256880733
1012,3,2,30554.0,436,70.07798165137615
1012,3,3,15508.0,437,35.48741418764302
1012,3,4,10580.0,436,24.26605504587156
1012,3,5,13225.0,436,30.33256880733945
1012,3,6,38700.0,436,88.76146788990826
1012,3,7,104995.0,436,240.81422018348624
1012,3,8,156419.0,436,358.7591743119266
1012,3,9,180310.0,435,414.5057471264368
1012,3,10,191947.0,436,440.2454128440367
1012,3,11,184930.0,434,426.10599078341016
1012,3,12,183759.0,434,423.4078341013825
1012,3,13,200542.0,436,459.95871559633025
1012,3,14,196522.0,436,450.73853211009174
1012,3,15,145602.0,434,335.4884792626728
1012,3,16,146461.0,436,335.9197247706422
1012,3,17,167084.0,436,383.2201834862385
1012,3,18,182647.0,436,418.9151376146789
1012,3,19,192252.0,436,440.9449541284404
1012,3,20,194380.0,436,445.8256880733945
1012,3,21,190857.0,436,437.7454128440367
1012,3,22,177406.0,436,406.89449541284404
1012,3,23,157388.0,436,360.9816513761468
1012,4,0,129110.0,432,298.86574074074076
1012,4,1,92224.0,436,211.52293577981652
1012,4,2,55054.0,436,126.27064220183486
1012,4,3,31112.0,434,71.68663594470046
1012,4,4,17810.0,432,41.226851851851855
1012,4,5,17755.0,432,41.09953703703704
1012,4,6,36157.0,432,83.69675925925925
1012,4,7,67362.0,432,155.93055555555554
1012,4,8,94422.0,430,219.5860465116279
1012,4,9,105204.0,432,243.52777777777777
1012,4,10,137034.0,435,315.0206896551724
1012,4,11,167251.0,436,383.6032110091743
1012,4,12,182498.0,436,418.57339449541286
1012,4,13,174295.0,434,401.60138248847926
1012,4,14,143389.0,432,331.91898148148147
1012,4,15,113426.0,432,262.56018518518516
1012,4,16,113433.0,432,262.5763888888889
1012,4,17,128656.0,433,297.1270207852194
1012,4,18,152285.0,432,352.5115740740741
1012,4,19,171597.0,432,397.21527777777777
1012,4,20,179324.0,432,415.10185185185185
1012,4,21,172081.0,432,398.33564814814815
1012,4,22,164518.0,432,380.8287037037037
1012,4,23,146785.0,432,339.7800925925926
1012,5,0,116115.0,428,271.29672897196264
1012,5,1,65847.0,432,152.42361111111111
1012,5,2,28675.0,429,66.84149184149184
1012,5,3,14549.0,431,33.756380510440835
1012,5,4,9552.0,432,22.11111111111111
1012,5,5,12568.666667,432,29.09413580324074
1012,5,6,41797.0,432,96.75231481481481
1012,5,7,120914.0,432,279.89351851851853
1012,5,8,163807.0,432,379.1828703703704
1012,5,9,177094.0,432,409.93981481481484
1012,5,10,185758.0,430,431.9953488372093
1012,5,11,190716.0,432,441.47222222222223
1012,5,12,190548.0,430,443.13488372093025
1012,5,13,195089.0,431,452.6426914153132
1012,5,14,188944.0,432,437.3703703703704
1012,5,15,159938.0,432,370.22685185185185
1012,5,16,165476.0,431,383.93503480278423
1012,5,17,185306.0,428,432.9579439252336
1012,5,18,188027.0,428,439.31542056074767
1012,5,19,185717.0,428,433.9182242990654
1012,5,20,188133.0,428,439.5630841121495
1012,5,21,185576.0,432,429.5740740740741
1012,5,22,163674.0,432,378.875
1012,5,23,122491.0,432,283.54398148148147
1012,6,0,83603.0,417,200.48681055155876
1012,6,1,49906.0,426,117.15023474178403
1012,6,2,24964.666667,427,58.46526151522249
1012,6,3,13541.0,428,31.63785046728972
1012,6,4,9684.0,428,22.626168224299064
1012,6,5,12355.0,427,28.934426229508198
1012,6,6,40392.0,423,95.48936170212765
1012,6,7,118138.666667,426,277.3208137723005
1012,6,8,161271.0,428,376.8014018691589
1012,6,9,176463.0,428,412.29672897196264
1012,6,10,184859.0,426,433.9413145539906
1012,6,11,187142.0,427,438.27166276346605
1012,6,12,188449.0,432,436.224537037037
1012,6,13,193238.0,428,451.4906542056075
1012,6,14,186456.0,427,436.6651053864169
1012,6,15,157975.0,428,369.10046728971963
1012,6,16,164782.0,428,385.00467289719626
1012,6,17,183004.0,428,427.57943925233644
1012,6,18,188679.0,424,444.99764150943395
1012,6,19,187740.0,426,440.7042253521127
1012,6,20,189777.0,428,443.4042056074766
1012,6,21,185701.0,428,433.88084112149534
1012,6,22,163960.0,428,383.0841121495327
1012,6,23,124095.0,428,289.94158878504675
1014,0,0,349701.453966,440,794.776031740909
1014,0,1,315985.319056,444,711.6786465225225
1014,0,2,300317.748417,444,676.3913252635135
1014,0,3,290849.37618799997,444,655.0661625855855
1014,0,4,284232.849993,444,640.1640765608107
1014,0,5,279398.795237,444,629.276565849099
1014,0,6,182943.80238,442,413.9000053846154
1014,0,7,353968.37143,444,797.2260617792792
1014,0,8,423719.31903899997,441,960.8147824013605
1014,0,9,438167.923804,444,986.8646932522523
1014,0,10,445848.7,449,992.9815144766147
1014,0,11,443025.228583,450,984.5005079622223
1014,0,12,448969.190482,451,995.4970964124169
1014,0,13,431977.019041,452,955.7013695597345
1014,0,14,450801.738085,452,997.3489780641594
1014,0,15,433240.08095,452,958.4957543141593
1014,0,16,432355.34047,452,956.5383638716814
1014,0,17,451042.105554,451,1000.0933604301553
1014,0,18,444632.663095,450,988.0725846555556
1014,0,19,440675.085715,452,974.9448799004425
1014,0,20,460181.062703,452,1018.0996962455752
1014,0,21,472483.397217,452,1045.3172504800884
1014,0,22,451185.707937,452,998.1984688871682
1014,0,23,415673.949604,452,919.6326318672567
1014,1,0,368562.988096,446,826.3744127713004
1014,1,1,333659.948808,448,744.7766714464286
1014,1,2,320137.635709,448,714.5929368504464
1014,1,3,315566.969836,448,704.3905576696428
1014,1,4,306267.582941,448,683.6329976361607
1014,1,5,292748.84841000004,448,653.4572509151786
1014,1,6,193636.302385,447,433.19083307606263
1014,1,7,356087.30596100003,448,794.8377365200894
1014,1,8,426121.457137,448,951.1639668236606
1014,1,9,433853.880961,443,979.354133094808
1014,1,10,435606.285718,439,992.269443548975
1014,1,11,432775.042856,443,976.9188326320542
1014,1,12,433621.571418,441,983.2688694285714
1014,1,13,418643.133339,439,953.6290053280183
1014,1,14,439227.328569,444,989.2507400202703
1014,1,15,422810.404767,445,950.1357410494383
1014,1,16,422133.32857,448,942.2618941294643
1014,1,17,440877.424608,448,984.1013942142856
1014,1,18,438170.25476599997,445,984.6522579011236
1014,1,19,431021.992063,446,966.4170225627802
1014,1,20,445820.261513,448,995.1345123058036
1014,1,21,456060.165877,446,1022.5564257331839
1014,1,22,432380.042462,445,971.6405448584269
1014,1,23,400030.517859,447,894.9228587449664
1014,2,0,353608.924601,446,792.8451224237667
1014,2,1,315314.506749,448,703.8270239933036
1014,2,2,294058.067459,448,656.3796148638393
1014,2,3,288744.220637,448,644.5183496361607
1014,2,4,287164.494042,448,640.9921742008928
1014,2,5,277855.665475,448,620.2135390066964
1014,2,6,179733.186105,448,401.19014755580355
1014,2,7,351425.57738,447,786.1869740044742
1014,2,8,421926.476195,446,946.0234892264574
1014,2,9,435983.061903,446,977.5404975403587
1014,2,10,446342.076192,448,996.2992772142858
1014,2,11,441397.733329,448,985.2627976093751
1014,2,12,437944.728574,445,984.1454574696629
1014,2,13,424031.719047,447,948.6168211342282
1014,2,14,434520.428572,447,972.0814956868008
1014,2,15,425764.9,446,954.6298206278027
1014,2,16,421391.466665,447,942.7102162527965
1014,2,17,440052.433332,448,982.2598958303571
1014,2,18,432129.015474,448,964.5736952544643
1014,2,19,416643.246032,448,930.0072456071429
1014,2,20,434589.025782,447,972.2349570067114
1014,2,21,447776.471833,445,1006.2392625460675
1014,2,22,437097.959914,449,973.4921156213809
1014,2,23,413288.433742,444,930.8298057252252
1014,3,0,368725.947222,441,836.1132590068027
1014,3,1,338058.696033,444,761.3934595337838
1014,3,2,311893.346432,444,702.462491963964
1014,3,3,310574.458335,446,696.3552877466367
1014,3,4,305843.266665,450,679.6517037
1014,3,5,296158.58294,452,655.2181038495575
1014,3,6,173384.815476,452,383.59472450442473
1014,3,7,312614.30358,452,691.6245654424779
1014,3,8,404146.652373,450,898.10367194
1014,3,9,440517.523809,451,976.757259
1014,3,10,455268.523806,452,1007.2312473584071
1014,3,11,448818.490477,450,997.3744232822222
1014,3,12,442535.814288,451,981.2324041862528
1014,3,13,437833.000001,452,968.6570796482301
1014,3,14,430074.38571299997,452,951.4920037898229
1014,3,15,383274.80952,452,847.9531184070796
1014,3,16,375162.647615,452,830.0058575553098
1014,3,17,406173.477378,452,898.6138880044248
1014,3,18,433910.033343,452,959.9779498738937
1014,3,19,437895.748023,452,968.7959027057523
1014,3,20,461111.942066,452,1020.1591638628319
1014,3,21,475865.975798,452,1052.8008314115045
1014,3,22,459481.12222,452,1016.5511553539824
1014,3,23,441422.640478,452,976.598762119469
1014,4,0,414414.03491499997,447,927.1007492505593
1014,4,1,371146.259532,452,821.1200432123894
1014,4,2,333818.571433,452,738.5366624623894
1014,4,3,314739.456757,450,699.4210150155556
1014,4,4,310957.623808,448,694.1018388571429
1014,4,5,296821.145245,448,662.5471992075893
1014,4,6,140749.648819,448,314.1733232566964
1014,4,7,169836.4119,448,379.09913370535713
1014,4,8,233141.438089,448,520.404995734375
1014,4,9,261480.423828,448,583.6616603303571
1014,4,10,328550.100005,446,736.6594170515696
1014,4,11,380683.128573,448,849.7391262790179
1014,4,12,404564.966672,448,903.0468006071429
1014,4,13,397646.490476,448,887.6037733839286
1014,4,14,364580.909525,448,813.7966730468751
1014,4,15,321836.219049,448,718.3844175200893
1014,4,16,327604.304762,448,731.25960884375
1014,4,17,366647.124216,448,818.4087594107143
1014,4,18,414018.165862,449,922.0894562628063
1014,4,19,430644.085318,452,952.7524011460177
1014,4,20,458251.832934,452,1013.8314887920354
1014,4,21,466677.9115,452,1032.4732555309733
1014,4,22,449927.230948,450,999.8382909955556
1014,4,23,421219.006749,452,931.900457409292
1014,5,0,374408.370636,448,835.7329701696428
1014,5,1,339855.995635,452,751.8937956526548
1014,5,2,316121.396038,449,704.0565613318486
1014,5,3,318327.301995,451,705.8255033148558
1014,5,4,307116.31150999997,452,679.4608661725663
1014,5,5,297906.47858,452,659.08512960177
1014,5,6,197066.16548,452,435.9870917699115
1014,5,7,353914.524993,452,782.9967367101771
1014,5,8,421683.569039,452,932.9282500862832
1014,5,9,441142.297616,452,975.9785345486725
1014,5,10,436706.704761,446,979.1630151591928
1014,5,11,444944.238097,451,986.5725900155211
1014,5,12,445937.891668,450,990.9730925955556
1014,5,13,429219.467851,450,953.821039668889
1014,5,14,447185.77618499997,452,989.3490623561946
1014,5,15,431090.838092,452,953.7407922389381
1014,5,16,428901.549997,451,951.0012195055433
1014,5,17,450880.270235,452,997.5227217588496
1014,5,18,449960.936501,452,995.4887975685841
1014,5,19,438550.086505,452,970.2435542146018
1014,5,20,453445.863092,452,1003.1988121504426
1014,5,21,459115.708338,450,1020.25712964
1014,5,22,441306.302378,452,976.3413769424778
1014,5,23,409783.6504,452,906.6009964601769
1014,6,0,349488.463497,437,799.7447677276888
1014,6,1,329916.120641,448,736.4199121450893
1014,6,2,306573.099213,448,684.3149536004464
1014,6,3,297422.408729,448,663.8893051986607
1014,6,4,290876.893646,448,649.2787804598214
1014,6,5,291457.54403399996,448,650.5748750758928
1014,6,6,187301.402377,445,420.90202781348313
1014,6,7,349077.631746,446,782.6852729730942
1014,6,8,414636.82857,446,929.6789878251121
1014,6,9,434050.990467,445,975.3954841955056
1014,6,10,437593.09047399997,444,985.57002359009
1014,6,11,434693.642864,444,979.0397361801802
1014,6,12,440193.980936,448,982.5758503035714
1014,6,13,421837.061909,440,958.7205952477273
1014,6,14,436367.433333,443,985.028066214447
1014,6,15,416579.114285,444,938.2412483896397
1014,6,16,418415.30952,442,946.6409717647059
1014,6,17,439870.057146,444,990.6983269054053
1014,6,18,447258.640476,442,1011.8973766425339
1014,6,19,440687.59603,445,990.3092045617977
1014,6,20,453795.60198700003,445,1019.7653977235956
1014,6,21,467074.090477,444,1051.9686722454956
1014,6,22,445278.847618,444,1002.8802874279279
1014,6,23,409108.94008,444,921.4165317117116
1016,0,0,150294.454544,436,344.712051706422
1016,0,1,92289.909091,442,208.80069930090497
1016,0,2,51137.05455,442,115.6946935520362
1016,0,3,31264.909089,440,71.0566115659091
1016,0,4,28630.090914,440,65.06838844090909
1016,0,5,50119.363639,440,113.90764463409091
1016,0,6,134085.963635,440,304.7408264431818
1016,0,7,266117.999999,440,604.8136363613636
1016,0,8,334667.636365,439,762.3408573234624
1016,0,9,340211.792201,440,773.2086186386363
1016,0,10,342662.545461,440,778.7785124113636
1016,0,11,346076.727278,440,786.538016540909
1016,0,12,352084.09091,440,800.1911157045455
1016,0,13,349752.909088,438,798.5226234885845
1016,0,14,316127.727269,440,718.4721074295455
1016,0,15,295244.090915,440,671.0092975340909
1016,0,16,309043.090904,439,703.9705943143507
1016,0,17,334722.999999,439,762.4669703849659
1016,0,18,345703.636359,438,789.2777085821917
1016,0,19,344590.363645,440,783.159917375
1016,0,20,330786.393936,439,753.4997583963553
1016,0,21,292949.090909,440,665.7933884295455
1016,0,22,245482.909092,439,559.1865810751708
1016,0,23,199570.00000200002,439,454.60136674715267
1016,1,0,150703.545457,431,349.6601982761021
1016,1,1,94155.636362,436,215.95329440825688
1016,1,2,51469.54545,434,118.59342269585252
1016,1,3,30756.909091,434,70.86845412672811
1016,1,4,28897.181818,436,66.27793994954129
1016,1,5,49883.090909,436,114.41075896559633
1016,1,6,130782.763638,434,301.342773359447
1016,1,7,259299.945455,432,600.2313552199074
1016,1,8,326759.000004,432,756.3865740833332
1016,1,9,327709.54546,427,767.469661498829
1016,1,10,326160.000003,424,769.2452830259434
1016,1,11,333887.636364,429,778.2928586573425
1016,1,12,338091.090908,428,789.9324553925234
1016,1,13,337942.000001,429,787.7435897459208
1016,1,14,306627.999995,432,709.7870370254631
1016,1,15,291110.000002,433,672.3094688267898
1016,1,16,307684.272726,436,705.6978732247707
1016,1,17,332828.618179,436,763.3683903188073
1016,1,18,343654.854544,436,788.1992076697247
1016,1,19,340672.472724,430,792.2615644744186
1016,1,20,327533.545461,432,758.1795033819444
1016,1,21,292168.818187,432,676.3167087662036
1016,1,22,243487.454543,429,567.5698241095571
1016,1,23,200323.636357,431,464.7880193897912
1016,2,0,155302.818179,428,362.85705182009343
1016,2,1,94098.363641,431,218.32566970069607
1016,2,2,54188.545448,432,125.43644779629629
1016,2,3,32929.909092,432,76.22664141666667
1016,2,4,30260.363633,432,70.04713803935185
1016,2,5,50737.818185,432,117.4486532060185
1016,2,6,131877.909097,432,305.27293772453703
1016,2,7,258681.890908,431,600.1900021067286
1016,2,8,328106.181821,430,763.0376321418605
1016,2,9,337527.636366,432,781.3139730694444
1016,2,10,339914.818182,436,779.621142619266
1016,2,11,342474.999997,436,785.4931192591743
1016,2,12,347904.454536,434,801.6231671336405
1016,2,13,348404.72727,434,802.7758692857142
1016,2,14,313192.909092,434,721.6426476774193
1016,2,15,295267.999997,433,681.9122401778291
1016,2,16,311980.545448,436,715.5517097431193
1016,2,17,333749.818184,433,770.7847995011547
1016,2,18,344665.181823,434,794.1594051221199
1016,2,19,340422.181822,428,795.3789294906543
1016,2,20,327490.181811,433,756.3283644595842
1016,2,21,295020.454552,435,678.2079414988506
1016,2,22,248100.363635,436,569.0375312729358
1016,2,23,205275.454542,433,474.07726222170896
1016,3,0,164286.909086,433,379.41549442494227
1016,3,1,102052.272724,435,234.60292580229884
1016,3,2,54655.727267,433,126.22569807621248
1016,3,3,32523.727278,438,74.25508510958903
1016,3,4,29153.038961,439,66.40783362414578
1016,3,5,50099.333331,440,113.86212120681819
1016,3,6,121368.921212,440,275.8384573
1016,3,7,238262.742426,439,542.7397321776766
1016,3,8,326830.090912,436,749.6103002568807
1016,3,9,339904.515149,437,777.8135358100686
1016,3,10,346909.818181,440,788.4314049568183
1016,3,11,352977.999998,439,804.0501138906606
1016,3,12,357734.272729,440,813.0324380204546
1016,3,13,362245.818179,440,823.2859504068182
1016,3,14,349002.545456,440,793.187603309091
1016,3,15,299313.441566,436,686.4987191880734
1016,3,16,296065.181815,432,685.3360690162037
1016,3,17,322220.636366,432,745.8811026990741
1016,3,18,332474.272728,431,771.4020248909513
1016,3,19,336209.454538,432,778.2626262453704
1016,3,20,327901.454548,438,748.6334578721461
1016,3,21,293899.47272,440,667.9533470909091
1016,3,22,253877.181813,440,576.9935950295454
1016,3,23,218511.545451,440,496.6171487522728
1016,4,0,183984.818185,435,422.95360502298854
1016,4,1,131631.909096,440,299.1634297636363
1016,4,2,78773.272726,440,179.03016528636363
1016,4,3,43500.727277,438,99.31672894292237
1016,4,4,28651.63637,436,65.71476231651376
1016,4,5,32366.545447,436,74.2351959793578
1016,4,6,64140.863634,436,147.11207255504587
1016,4,7,110970.793941,436,254.52016958944952
1016,4,8,146997.166672,436,337.1494648440367
1016,4,9,184841.409093,435,424.9227795241379
1016,4,10,244736.09091,435,562.6117032413794
1016,4,11,291131.181817,433,672.3583875681293
1016,4,12,306565.909093,438,699.9221668789954
1016,4,13,288781.909087,440,656.3225206522727
1016,4,14,250825.818186,440,570.0586776954545
1016,4,15,218532.636364,440,496.66508264545456
1016,4,16,230027.90909,440,522.7907024772727
1016,4,17,263032.545456,439,599.1629737038725
1016,4,18,289532.363636,433,668.6659668267899
1016,4,19,307726.454544,440,699.3783057818181
1016,4,20,295427.636369,440,671.4264462931818
1016,4,21,268534.454545,441,608.9216656349206
1016,4,22,245496.090907,444,552.9191236644144
1016,4,23,229086.909091,444,515.9615069617117
1016,5,0,193090.090909,440,438.8411157022727
1016,5,1,117333.636364,444,264.2649467657658
1016,5,2,57617.454542,441,130.65182435827666
1016,5,3,31045.272725,443,70.0796224040632
1016,5,4,28143.454547,443,63.5292427697517
1016,5,5,49598.81818,440,112.72458677272728
1016,5,6,136943.000006,443,309.12641084875844
1016,5,7,269939.654539,444,607.9721949076577
1016,5,8,337870.48484499997,444,760.9695604617117
1016,5,9,342766.272727,441,777.2477839614512
1016,5,10,348315.545455,442,788.0442204864254
1016,5,11,351634.000003,441,797.3560090770976
1016,5,12,354177.090909,442,801.305635540724
1016,5,13,353118.09091,441,800.7212945804989
1016,5,14,316847.090911,442,716.8486219705882
1016,5,15,300541.454547,442,679.9580419615385
1016,5,16,315202.454545,444,709.9154381644144
1016,5,17,340675.454541,443,769.0190847426637
1016,5,18,349423.999997,440,794.1454545386363
1016,5,19,348111.54545,441,789.368583786848
1016,5,20,331239.575759,444,746.0350805382883
1016,5,21,290892.000006,442,658.1266968461538
1016,5,22,241656.636361,443,545.5003078126412
1016,5,23,194327.818181,444,437.67526617342344
1016,6,0,146163.545455,429,340.7075651631702
1016,6,1,91194.636366,440,207.26053719545456
1016,6,2,49756.999998,440,113.08409090454545
1016,6,3,29316.727267,440,66.62892560681817
1016,6,4,27373.181815,438,62.49584889269406
1016,6,5,47945.599995,437,109.71533179633866
1016,6,6,125308.636363,432,290.06628787731483
1016,6,7,253120.779216,434,583.2276018801844
1016,6,8,323982.363639,432,749.9591750902778
1016,6,9,332514.272728,433,767.9313457921478
1016,6,10,338088.363633,436,775.4320266811926
1016,6,11,342680.727282,436,785.9649708302752
1016,6,12,343292.831165,439,781.9882258883827
1016,6,13,342459.090909,435,787.2622779517242
1016,6,14,308111.999996,434,709.9354838617512
1016,6,15,286940.909093,434,661.1541684170506
1016,6,16,302403.636367,430,703.2642706209302
1016,6,17,330377.999999,433,762.9976905288684
1016,6,18,340506.636372,431,790.0385994709976
1016,6,19,342000.090907,434,788.0186426428571
1016,6,20,329656.454537,436,756.0927856353211
1016,6,21,291310.81818,436,668.1440783944954
1016,6,22,244546.54546,436,560.8865721559633
1016,6,23,197365.18181799998,436,452.6724353623853
1017,0,0,695936.420978,229,3039.0236723930134
1017,0,1,538527.176226,232,2321.2378285603445
1017,0,2,337813.727273,232,1456.0936520387932
1017,0,3,190355.232168,232,820.4966903793103
1017,0,4,147842.994871,232,637.254288237069
1017,0,5,223759.576923,232,964.480935012931
1017,0,6,575612.3076920001,232,2481.087533155173
1017,0,7,716382.815385,232,3087.856962866379
1017,0,8,725074.864102,232,3125.3226900948275
1017,0,9,713089.58205,227,3141.3637975770926
1017,0,10,696817.864103,224,3110.794036174107
1017,0,11,712788.305128,230,3099.0795875130434
1017,0,12,700505.223077,229,3058.974773262009
1017,0,13,697189.266667,228,3057.8476608201754
1017,0,14,722111.374594,228,3167.1551517280705
1017,0,15,725696.225874,228,3182.8781836578946
1017,0,16,718328.996504,228,3150.565774140351
1017,0,17,731947.92704,234,3127.982594188034
1017,0,18,767340.279487,236,3251.441862233051
1017,0,19,769736.387647,236,3261.594862911017
1017,0,20,791058.217251,236,3351.9415985211863
1017,0,21,783091.461071,236,3318.184157080508
1017,0,22,777298.038928,236,3293.6357581694915
1017,0,23,789772.511187,240,3290.7187966125
1017,1,0,723711.589743,234,3092.784571551282
1017,1,1,565156.8,236,2394.732203389831
1017,1,2,345748.0,236,1465.0338983050847
1017,1,3,195399.030769,236,827.9619947838984
1017,1,4,150536.553847,236,637.8667535889831
1017,1,5,233606.937062,236,989.8599028050847
1017,1,6,575801.373426,236,2439.836328076271
1017,1,7,718893.923077,235,3059.123076923404
1017,1,8,742637.974359,236,3146.771077792373
1017,1,9,728430.653846,230,3167.0897993304347
1017,1,10,697952.52564,224,3115.8594894642856
1017,1,11,698975.158742,224,3120.4248158125
1017,1,12,688940.692307,224,3075.62809065625
1017,1,13,697384.603729,225,3099.487127684444
1017,1,14,724217.264102,226,3204.5011685929207
1017,1,15,728622.564335,228,3195.7130014692984
1017,1,16,716644.1790219999,228,3143.1762237807015
1017,1,17,740622.16457,234,3165.0519853418805
1017,1,18,772678.426343,236,3274.061128572034
1017,1,19,759683.477855,236,3218.997787521186
1017,1,20,786562.696506,236,3332.8927818050847
1017,1,21,784252.767833,236,3323.1049484449154
1017,1,22,763541.26014,233,3277.001116480687
1017,1,23,761883.924476,234,3255.9142071623933
1017,2,0,713241.6328670001,232,3074.3173830474143
1017,2,1,559925.0,232,2413.469827586207
1017,2,2,351936.6,232,1516.9681034482758
1017,2,3,198647.353845,232,856.2385941594828
1017,2,4,157079.508856,232,677.0668485172414
1017,2,5,234962.48718,232,1012.7693412931035
1017,2,6,566460.580421,232,2441.640432849138
1017,2,7,705346.1384620001,232,3040.2850795775867
1017,2,8,720198.623077,232,3104.304409814655
1017,2,9,734311.953846,232,3165.1377320948277
1017,2,10,704807.892309,229,3077.7637218733626
1017,2,11,693851.835897,228,3043.2098065657897
1017,2,12,674475.638463,224,3011.051957424107
1017,2,13,677600.063403,224,3025.000283049107
1017,2,14,704657.768765,224,3145.793610558036
1017,2,15,709466.00233,226,3139.23009880531
1017,2,16,697965.9692299999,224,3115.919505491071
1017,2,17,706753.173662,228,3099.7946213245614
1017,2,18,739805.327972,228,3244.7602104035086
1017,2,19,724171.363637,228,3176.1901913903507
1017,2,20,753889.780419,229,3292.0951109999996
1017,2,21,747324.3776219999,228,3277.7384983421052
1017,2,22,747707.796271,228,3279.4201590833336
1017,2,23,742864.469232,228,3258.177496631579
1017,3,0,728738.823077,230,3168.429665552174
1017,3,1,599923.2,232,2585.8758620689655
1017,3,2,392645.133333,232,1692.435919538793
1017,3,3,220980.35897499998,233,948.4135578326179
1017,3,4,158157.723778,232,681.7143266293104
1017,3,5,234075.151748,232,1008.9446196034482
1017,3,6,536586.367132,231,2322.8847061991346
1017,3,7,717258.64359,230,3118.515841695652
1017,3,8,731606.589744,232,3153.4766799310346
1017,3,9,728967.688889,232,3142.1021072801723
1017,3,10,701384.161539,228,3076.2463225394736
1017,3,11,699685.293472,227,3082.3140681585905
1017,3,12,697952.31352,228,3061.1943575438595
1017,3,13,702814.733566,225,3123.6210380711113
1017,3,14,704520.055012,220,3202.363886418182
1017,3,15,717548.83846,223,3217.707795784753
1017,3,16,721546.963869,228,3164.679666092105
1017,3,17,737525.560374,232,3178.9894843706898
1017,3,18,753642.915154,232,3248.4608411810345
1017,3,19,747356.418415,232,3221.3638724784482
1017,3,20,759846.248954,231,3289.377701099567
1017,3,21,743846.785781,230,3234.1164599173917
1017,3,22,755947.423542,232,3258.3940669913795
1017,3,23,763471.421912,232,3290.825094448276
1017,4,0,750300.724243,229,3276.422376606987
1017,4,1,702918.430769,232,3029.8208222801723
1017,4,2,548909.2,232,2365.9879310344827
1017,4,3,348046.0,232,1500.198275862069
1017,4,4,234083.130769,232,1008.9790119353448
1017,4,5,245393.246153,232,1057.7295092801724
1017,4,6,444075.346155,233,1905.9027731974247
1017,4,7,617848.066667,232,2663.138218392241
1017,4,8,704942.2,232,3038.5439655172413
1017,4,9,725130.1384620001,232,3125.560941646552
1017,4,10,741102.466667,232,3194.4071839094827
1017,4,11,714549.6,229,3120.303930131004
1017,4,12,708710.44359,229,3094.8054305240175
1017,4,13,705374.711539,225,3134.9987179511113
1017,4,14,716138.853846,224,3197.048454669643
1017,4,15,715412.645456,229,3124.072687580786
1017,4,16,731703.717948,232,3153.8953359827583
1017,4,17,743737.377855,233,3192.0059135407723
1017,4,18,751076.788112,231,3251.414667151515
1017,4,19,753781.166901,232,3249.0567538836203
1017,4,20,762212.778787,232,3285.399908564655
1017,4,21,762026.564104,232,3284.5972590689653
1017,4,22,746529.83846,232,3217.801027844828
1017,4,23,750682.80513,232,3235.70174625
1017,5,0,728988.782051,230,3169.5164437000003
1017,5,1,600876.279486,232,2589.983963301724
1017,5,2,369669.884614,232,1593.4046750603447
1017,5,3,196690.630769,232,847.8044429698276
1017,5,4,154928.997436,232,667.7974027413793
1017,5,5,242863.036598,232,1046.823433612069
1017,5,6,587540.833333,232,2532.5035919525862
1017,5,7,721702.298369,232,3110.7857688318963
1017,5,8,717428.814452,229,3132.8769190043668
1017,5,9,740052.739628,232,3189.8824983965515
1017,5,10,705399.704197,225,3135.109796431111
1017,5,11,708801.694871,228,3108.7793634692985
1017,5,12,702231.297436,228,3079.961830859649
1017,5,13,701506.358975,225,3117.806039888889
1017,5,14,729049.371096,228,3197.584960947368
1017,5,15,727672.503964,228,3191.546070017544
1017,5,16,716520.069698,227,3156.4760779647577
1017,5,17,727247.297669,231,3148.256699865801
1017,5,18,757655.545921,232,3265.756663452586
1017,5,19,744977.998134,232,3211.1120609224135
1017,5,20,760138.933334,232,3276.460919543103
1017,5,21,760154.777155,232,3276.529211875
1017,5,22,757160.953617,232,3263.6248000732758
1017,5,23,748362.774358,232,3225.701613612069
1017,6,0,680680.728203,227,2998.5935163127756
1017,6,1,535828.538462,232,2309.6057692327586
1017,6,2,324515.6,232,1398.7741379310344
1017,6,3,184111.6,232,793.5844827586208
1017,6,4,141474.251281,232,609.8028072456897
1017,6,5,223976.119816,232,965.414309551724
1017,6,6,568155.377623,232,2448.9455932025858
1017,6,7,714753.4,232,3080.833620689655
1017,6,8,728951.289744,231,3155.6332889350647
1017,6,9,731746.289977,230,3181.505608595652
1017,6,10,704519.156411,227,3103.6086185506606
1017,6,11,696092.471794,225,3093.7443190844447
1017,6,12,695679.333333,226,3078.227138641593
1017,6,13,692710.060373,226,3065.0887627123893
1017,6,14,716167.474359,227,3154.9227945330395
1017,6,15,721373.034965,226,3191.916083915929
1017,6,16,722650.025874,228,3169.5176573421054
1017,6,17,715537.484849,228,3138.322301969298
1017,6,18,738072.997202,228,3237.1622684298245
1017,6,19,732372.715387,227,3226.3115215286343
1017,6,20,743221.40303,224,3317.9526920982144
1017,6,21,746373.282515,227,3287.9880287004403
1017,6,22,746281.694872,228,3273.165328385965
1017,6,23,745858.840558,228,3271.3107042017546
1018,0,0,97244.366668,413,235.4585149346247
1018,0,1,62022.233333,414,149.81215780917873
1018,0,2,38336.1,410,93.50268292682927
1018,0,3,28084.833334,414,67.8377616763285
1018,0,4,29014.700001,420,69.08261905
1018,0,5,44872.4,420,106.83904761904762
1018,0,6,96996.566667,418,232.04920255263158
1018,0,7,177245.166666,416,426.07011217788465
1018,0,8,204917.866666,410,499.7996747951219
1018,0,9,193116.733334,408,473.3253267990196
1018,0,10,189009.5,400,472.52375
1018,0,11,184120.833334,403,456.8755169578164
1018,0,12,184304.366666,406,453.95164203448275
1018,0,13,193679.966666,417,464.46035171702636
1018,0,14,187772.799999,418,449.2172248779905
1018,0,15,178103.1,418,426.083971291866
1018,0,16,178865.666667,420,425.8706349214286
1018,0,17,185752.366667,420,442.2675396833333
1018,0,18,188132.9,418,450.0787081339713
1018,0,19,196185.133333,427,459.44996096721314
1018,0,20,194118.866666,429,452.4915306899767
1018,0,21,183194.166667,432,424.060570988426
1018,0,22,160087.099999,431,371.43178654060324
1018,0,23,137121.966667,432,317.4119598773148
1018,1,0,103185.733333,426,242.22003129812205
1018,1,1,64820.799999,427,151.80515222248243
1018,1,2,39694.6,427,92.9615925058548
1018,1,3,28013.766666,428,65.45272585514019
1018,1,4,29101.133334,425,68.47325490352941
1018,1,5,46749.366665,424,110.25794024764151
1018,1,6,97865.000002,422,231.90758294312798
1018,1,7,180125.3,423,425.82813238770683
1018,1,8,218260.033334,426,512.3474960892019
1018,1,9,200097.8,421,475.29168646080757
1018,1,10,194624.166666,417,466.72462030215826
1018,1,11,191140.699999,417,458.37098321103116
1018,1,12,191331.0,423,452.3191489361702
1018,1,13,196173.483333,424,462.67330974764155
1018,1,14,190704.183335,422,451.9056477132702
1018,1,15,176131.5,419,420.3615751789976
1018,1,16,176395.233334,419,420.9910103436754
1018,1,17,190924.699999,421,453.50285035391926
1018,1,18,189186.35,415,455.8707228915663
1018,1,19,187258.133332,414,452.3143317198068
1018,1,20,189114.183332,418,452.42627591387554
1018,1,21,179275.8,425,421.82541176470585
1018,1,22,154784.166666,420,368.5337301571429
1018,1,23,129305.133333,418,309.3424242416268
1018,2,0,100255.4,418,239.84545454545454
1018,2,1,64734.500001,420,154.12976190714286
1018,2,2,40959.1,422,97.05947867298578
1018,2,3,29361.666666,420,69.90873015714286
1018,2,4,30587.933333,424,72.1413522004717
1018,2,5,45096.833333,422,106.86453396445498
1018,2,6,95713.666668,418,228.98006379904308
1018,2,7,168940.166669,409,413.0566422224939
1018,2,8,208707.500001,410,509.0426829292683
1018,2,9,200160.666667,419,477.7104216396182
1018,2,10,194278.999999,415,468.14216867228913
1018,2,11,190168.566667,415,458.23751004096385
1018,2,12,187835.916669,414,453.70994364492753
1018,2,13,185367.383335,407,455.4481163022113
1018,2,14,176556.666667,403,438.1058726228288
1018,2,15,169877.833333,402,422.5816749577114
1018,2,16,175648.799999,411,427.3693430632604
1018,2,17,179787.666666,406,442.8267651871921
1018,2,18,181205.499999,404,448.5284653440594
1018,2,19,181572.0,404,449.43564356435644
1018,2,20,185549.133334,409,453.66536267481666
1018,2,21,170733.133333,405,421.56329218024695
1018,2,22,150619.466667,401,375.60964256109725
1018,2,23,125324.833333,397,315.6796809395466
1018,3,0,102857.0,399,257.78696741854634
1018,3,1,68810.366667,406,169.4836617413793
1018,3,2,41746.6,408,102.32009803921568
1018,3,3,30004.500001,409,73.36063569926651
1018,3,4,30922.966668,409,75.60627547188264
1018,3,5,46358.633334,412,112.52095469417475
1018,3,6,93294.199998,412,226.44223300485436
1018,3,7,165527.900001,415,398.86240964096385
1018,3,8,201657.633335,413,488.27514124697336
1018,3,9,192031.566667,408,470.6656045759804
1018,3,10,190014.433334,406,468.0158456502463
1018,3,11,185816.166667,406,457.6752873571429
1018,3,12,185387.166665,408,454.3803104534314
1018,3,13,195140.166669,415,470.2172690819277
1018,3,14,192061.333332,421,456.202692
1018,3,15,181211.25,426,425.3785211267606
1018,3,16,180331.166666,416,433.4883814086539
1018,3,17,191343.58333300002,420,455.5799603166667
1018,3,18,196374.75,422,465.34300947867297
1018,3,19,199749.833334,420,475.59484127142855
1018,3,20,195004.333333,419,465.40413683293554
1018,3,21,177528.333335,417,425.7274180695444
1018,3,22,159718.666667,421,379.37925574109266
1018,3,23,145654.666668,424,343.525157235849
1018,4,0,127565.833333,423,301.57407407328606
1018,4,1,91694.833333,428,214.24026479672898
1018,4,2,57484.333333,428,134.30919003037383
1018,4,3,34446.0,425,81.04941176470588
1018,4,4,25338.166667,420,60.32896825476191
1018,4,5,30808.5,421,73.1793349168646
1018,4,6,60028.0,424,141.5754716981132
1018,4,7,99031.333334,425,233.01490196235292
1018,4,8,122327.333332,426,287.15336462910795
1018,4,9,148813.833334,427,348.510148323185
1018,4,10,185619.833335,427,434.70686963700234
1018,4,11,204623.833333,426,480.33763693192486
1018,4,12,202171.833332,420,481.36150793333337
1018,4,13,195548.166667,423,462.2888100874705
1018,4,14,178926.166668,424,421.9956761037736
1018,4,15,164678.583335,427,385.66412959016395
1018,4,16,164533.566668,426,386.22902973708926
1018,4,17,176677.500001,428,412.79789719859815
1018,4,18,187136.583333,421,444.5049485344418
1018,4,19,188830.333334,416,453.9190705144231
1018,4,20,181797.666666,419,433.88464598090695
1018,4,21,169558.833333,424,399.90290880424527
1018,4,22,159742.166666,423,377.64105594799054
1018,4,23,146957.5,423,347.41725768321515
1018,5,0,117828.166666,416,283.2407852548077
1018,5,1,71463.166664,420,170.15039681904761
1018,5,2,39759.666666,420,94.66587301428571
1018,5,3,26622.333334,420,63.386507938095235
1018,5,4,28073.5,423,66.3676122931442
1018,5,5,44433.166667,425,104.5486274517647
1018,5,6,100100.666667,426,234.97809076760564
1018,5,7,181134.666666,424,427.20440251415096
1018,5,8,218075.749999,427,510.7160421522248
1018,5,9,207993.666667,430,483.7062015511628
1018,5,10,202117.333333,423,477.81875492434983
1018,5,11,199012.166667,416,478.39463141105773
1018,5,12,192908.666667,412,468.2249190946602
1018,5,13,194001.166667,421,460.8103721306414
1018,5,14,187209.333335,423,442.5752561111111
1018,5,15,176968.633334,424,417.3788522028302
1018,5,16,178808.249999,421,424.7226840831354
1018,5,17,187270.266666,420,445.88158730000004
1018,5,18,188434.183334,420,448.65281746190476
1018,5,19,192241.366667,421,456.63032462470306
1018,5,20,188346.033334,420,448.4429365095238
1018,5,21,176096.533334,419,420.27812251551313
1018,5,22,151761.066666,416,364.81025640865386
1018,5,23,124579.4,416,299.4697115384615
1018,6,0,92490.799999,406,227.8098522142857
1018,6,1,60829.866668,415,146.57799197108434
1018,6,2,37388.333333,416,89.87580128125
1018,6,3,26920.800002,416,64.71346154326923
1018,6,4,28130.566668,416,67.62155449038461
1018,6,5,44038.766666,414,106.37383252657006
1018,6,6,93373.966669,412,226.63584142961165
1018,6,7,169685.799998,412,411.8587378592233
1018,6,8,208028.0,412,504.92233009708735
1018,6,9,193308.033333,408,473.79419934558825
1018,6,10,189816.233333,409,464.098370007335
1018,6,11,190331.366666,416,457.52732371634613
1018,6,12,185755.05,414,448.68369565217387
1018,6,13,184659.833334,407,453.7096642113022
1018,6,14,175967.683334,400,439.919208335
1018,6,15,171526.166666,408,420.4072712401961
1018,6,16,174446.05,412,423.41274271844657
1018,6,17,183646.866667,413,444.66553672397094
1018,6,18,187162.4,414,452.0830917874396
1018,6,19,188497.9,415,454.21180722891563
1018,6,20,185260.833334,417,444.2705835347722
1018,6,21,177432.999999,418,424.48086124162677
1018,6,22,153839.033334,420,366.28341270000004
1018,6,23,127603.899999,418,305.27248803588515
1019,0,0,28101.222221,118,238.14595102542373
1019,0,1,16518.333335,120,137.65277779166667
1019,0,2,9898.777779,120,82.489814825
1019,0,3,7490.333333,120,62.41944444166666
1019,0,4,7618.0,120,63.483333333333334
1019,0,5,14324.11111,120,119.36759258333333
1019,0,6,35447.000001,120,295.391666675
1019,0,7,79788.55555599999,120,664.9046296333332
1019,0,8,103675.666667,118,878.6073446355932
1019,0,9,92217.555555,113,816.0845624336283
1019,0,10,88746.555555,112,792.3799603125
1019,0,11,86403.00000100001,112,771.4553571517857
1019,0,12,83868.666667,111,755.5735735765766
1019,0,13,83813.0,112,748.3303571428571
1019,0,14,80677.222222,112,720.3323412678571
1019,0,15,79343.666667,112,708.4255952410714
1019,0,16,83936.777779,114,736.287524377193
1019,0,17,92632.888889,120,771.9407407416667
1019,0,18,92513.555555,120,770.9462962916666
1019,0,19,86038.444444,120,716.9870370333333
1019,0,20,75763.888888,120,631.3657407333334
1019,0,21,67116.444444,120,559.3037036999999
1019,0,22,54016.888888,120,450.14074073333336
1019,0,23,40374.666666,116,348.0574712586207
1019,1,0,27763.444445,115,241.42125604347828
1019,1,1,16408.0,116,141.44827586206895
1019,1,2,9771.777778,116,84.23946360344827
1019,1,3,7050.111111,116,60.77681992241379
1019,1,4,7225.11111,116,62.28544060344827
1019,1,5,13259.666665,115,115.30144926086957
1019,1,6,31558.777778,112,281.7748015892857
1019,1,7,75613.444445,117,646.268755940171
1019,1,8,102299.055557,118,866.9411487881356
1019,1,9,89208.777777,112,796.5069444375
1019,1,10,87461.777777,112,780.9087301517857
1019,1,11,85427.333333,112,762.7440476160715
1019,1,12,84568.333333,112,755.0744047589286
1019,1,13,84009.333334,112,750.0833333392857
1019,1,14,81156.333334,112,724.6101190535713
1019,1,15,81458.555555,112,727.3085317410714
1019,1,16,80473.111111,109,738.2854230366974
1019,1,17,90612.222224,116,781.1398467586207
1019,1,18,91081.111109,120,759.0092592416667
1019,1,19,84571.666667,120,704.7638888916666
1019,1,20,75933.444445,120,632.7787037083333
1019,1,21,67577.222222,120,563.1435185166666
1019,1,22,51691.222223000004,117,441.80531814529917
1019,1,23,39807.111111,114,349.1851851842105
1019,2,0,27526.777778,113,243.59980334513273
1019,2,1,15769.555555,112,140.79960316964286
1019,2,2,9508.333332,112,84.89583332142857
1019,2,3,6872.777778,112,61.364087303571424
1019,2,4,6833.666668,112,61.014880964285716
1019,2,5,11832.888891,112,105.65079366964287
1019,2,6,29789.666666,112,265.97916666071427
1019,2,7,69300.333333,112,618.7529761875
1019,2,8,91976.444444,113,813.9508357876106
1019,2,9,82651.111111,108,765.2880658425927
1019,2,10,82561.111111,107,771.5991692616823
1019,2,11,83249.666667,108,770.8302469166666
1019,2,12,82188.222221,108,761.0020576018519
1019,2,13,78602.444445,108,727.8004115277778
1019,2,14,77670.333333,108,719.1697530833334
1019,2,15,73489.444445,104,706.6292735096154
1019,2,16,80064.444443,110,727.8585858454545
1019,2,17,90245.666667,119,758.3669467815126
1019,2,18,87072.666669,116,750.6264368017241
1019,2,19,85170.444444,120,709.7537037
1019,2,20,75317.11111,121,622.4554637190082
1019,2,21,66836.222222,120,556.9685185166667
1019,2,22,53332.777779,120,444.439814825
1019,2,23,42475.666665,116,366.1695402155172
1019,3,0,31780.444444,115,276.35169081739133
1019,3,1,18952.555557,116,163.38409962931036
1019,3,2,11095.222221,116,95.64846742241379
1019,3,3,8436.111111,118,71.49246704237288
1019,3,4,8103.0,119,68.09243697478992
1019,3,5,14011.555555,120,116.76296295833335
1019,3,6,31471.777779,120,262.264814825
1019,3,7,72141.88889,122,591.3269581147541
1019,3,8,96330.333334,121,796.1184573057851
1019,3,9,88430.444444,115,768.9603864695652
1019,3,10,87970.777777,112,785.4533730089286
1019,3,11,86729.222222,111,781.3443443423423
1019,3,12,88915.444444,112,793.8878968214285
1019,3,13,88953.777778,112,794.2301587321429
1019,3,14,88384.111112,112,789.1438492142858
1019,3,15,81855.11111099999,112,730.8492063482142
1019,3,16,81748.444445,114,717.0916179385965
1019,3,17,90627.222223,120,755.2268518583334
1019,3,18,88822.666668,120,740.1888889
1019,3,19,83289.444446,120,694.0787037166666
1019,3,20,75229.333332,122,616.6338797704917
1019,3,21,66116.888889,124,533.2007168467742
1019,3,22,56328.111111,124,454.25896057258063
1019,3,23,49305.555555,124,397.62544802419353
1019,4,0,38792.888889,122,317.97449909016393
1019,4,1,25561.444442,124,206.14068098387096
1019,4,2,14639.000001,124,118.05645162096775
1019,4,3,9006.444444,124,72.63261648387098
1019,4,4,6431.444445,124,51.86648745967742
1019,4,5,8547.222223,124,68.92921147580645
1019,4,6,20458.0,125,163.664
1019,4,7,36563.666666,124,294.8682795645161
1019,4,8,51094.777778,121,422.27089072727273
1019,4,9,67557.555556,116,582.3927203103449
1019,4,10,88402.666666,116,762.0919540172414
1019,4,11,83910.111112,116,723.3630268275862
1019,4,12,74268.111111,114,651.4746588684211
1019,4,13,75743.222222,112,676.2787698392857
1019,4,14,74762.333334,112,667.5208333392857
1019,4,15,71202.111111,112,635.7331349196429
1019,4,16,73612.777778,114,645.7261208596492
1019,4,17,79914.333334,124,644.4704301129032
1019,4,18,81374.00000100001,124,656.2419354919356
1019,4,19,75981.666665,124,612.7553763306452
1019,4,20,64633.222222,122,529.7805100163935
1019,4,21,61939.555555,124,499.51254479838707
1019,4,22,57802.333334,124,466.14784946774193
1019,4,23,49251.555555,124,397.1899641532258
1019,5,0,34090.000002,123,277.1544715609756
1019,5,1,18193.333334,124,146.72043011290322
1019,5,2,10002.88889,124,80.66845879032259
1019,5,3,6731.333333,124,54.28494623387096
1019,5,4,7176.111112,124,57.87186380645161
1019,5,5,13487.444444,124,108.76971325806453
1019,5,6,34868.666668,124,281.19892474193546
1019,5,7,79980.888888,124,645.0071684516129
1019,5,8,103765.444444,121,857.5656565619834
1019,5,9,89838.555556,116,774.4703065172414
1019,5,10,87859.777777,116,757.411877387931
1019,5,11,84437.222222,112,753.9037698392857
1019,5,12,85825.0,114,752.8508771929825
1019,5,13,83212.666666,116,717.3505747068966
1019,5,14,81547.444445,116,702.9952107327587
1019,5,15,79654.333335,116,686.6752873706897
1019,5,16,82514.222222,116,711.329501913793
1019,5,17,95142.777779,123,773.5185185284553
1019,5,18,94309.444443,124,760.5600358306451
1019,5,19,85669.444446,124,690.8826164999999
1019,5,20,74526.333334,124,601.0188172096774
1019,5,21,67560.333335,124,544.8413978629032
1019,5,22,53250.333332,124,429.4381720322581
1019,5,23,40804.11111,124,329.0654121774193
1019,6,0,27036.222222,120,225.30185185
1019,6,1,17116.444444,124,138.0358422903226
1019,6,2,10398.222219,124,83.85663079838709
1019,6,3,7541.555555,124,60.81899641129032
1019,6,4,7509.666667,124,60.56182795967742
1019,6,5,13909.333332,124,112.172043
1019,6,6,33915.88889,124,273.515232983871
1019,6,7,78390.666669,124,632.1827957177419
1019,6,8,104369.777778,122,855.4899817868853
1019,6,9,88977.222223,112,794.4394841339287
1019,6,10,86863.777778,112,775.5694444464286
1019,6,11,84252.333333,112,752.2529761875
1019,6,12,82983.00000100001,112,740.9196428660715
1019,6,13,81543.333334,112,728.0654761964286
1019,6,14,79151.777777,113,700.4582104159292
1019,6,15,76911.0,112,686.7053571428571
1019,6,16,83680.063491,118,709.1530804322033
1019,6,17,95732.333332,124,772.0349462258064
1019,6,18,94140.666666,124,759.1989247258065
1019,6,19,86737.88889,124,699.4991039516129
1019,6,20,78101.222222,124,629.8485663064516
1019,6,21,68346.666668,124,551.1827957096774
1019,6,22,54531.666667,124,439.77150537903225
1019,6,23,41781.999999,124,336.9516128951613
1021,0,0,201868.0,452,446.6106194690266
1021,0,1,114497.166667,458,249.9938136834061
1021,0,2,64202.0,458,140.17903930131004
1021,0,3,31324.166667999998,456,68.69334795614034
1021,0,4,19468.166667,456,42.693347953947374
1021,0,5,22228.666667,456,48.74707602412281
1021,0,6,72643.0,456,159.3048245614035
1021,0,7,235859.833334,456,517.2364766096491
1021,0,8,269503.5,453,594.9304635761589
1021,0,9,275795.0,453,608.8189845474614
1021,0,10,281106.000001,456,616.4605263179825
1021,0,11,277183.333334,456,607.858187135965
1021,0,12,274853.833334,456,602.749634504386
1021,0,13,275093.333333,456,603.2748538004387
1021,0,14,273310.0,456,599.3640350877193
1021,0,15,265456.166667,456,582.140716375
1021,0,16,272852.166667,456,598.360014620614
1021,0,17,272332.833333,456,597.2211257302632
1021,0,18,258310.0,455,567.7142857142857
1021,0,19,252847.333336,455,555.7084249142857
1021,0,20,257323.5,456,564.3059210526316
1021,0,21,258598.0,456,567.1008771929825
1021,0,22,258706.833335,456,567.3395467872807
1021,0,23,245279.833333,456,537.8943713442982
1021,1,0,202600.999999,450,450.2244444422222
1021,1,1,112965.833333,452,249.92441002876106
1021,1,2,62462.333334,452,138.19100295132745
1021,1,3,29359.833333,452,64.95538348008849
1021,1,4,18576.666667,452,41.098820059734514
1021,1,5,23541.333334,452,52.08259587168141
1021,1,6,72412.333333,452,160.20427728539823
1021,1,7,234166.166667,450,520.36925926
1021,1,8,262609.833333,450,583.5774074066667
1021,1,9,270522.500001,447,605.195749442953
1021,1,10,275092.399999,444,619.5774774752252
1021,1,11,273456.166667,447,611.7587621185681
1021,1,12,271443.833333,445,609.9861423213483
1021,1,13,266054.866666,445,597.8761048674157
1021,1,14,266627.833332,448,595.1514136875
1021,1,15,260592.833334,449,580.3849294743875
1021,1,16,268069.0,452,593.0730088495575
1021,1,17,268988.166667,452,595.1065634225663
1021,1,18,259035.333335,452,573.0870206526549
1021,1,19,256365.833332,452,567.1810471946903
1021,1,20,254947.999999,452,564.0442477853982
1021,1,21,258303.833332,452,571.4686578141593
1021,1,22,256056.166666,449,570.2809948017817
1021,1,23,243119.666666,451,539.0679970421286
1021,2,0,209479.666667,449,466.5471417973274
1021,2,1,119660.49999899999,452,264.7356194668141
1021,2,2,68905.666666,452,152.4461651902655
1021,2,3,32682.166667,452,72.30567846681416
1021,2,4,19358.499999,452,42.82853982079646
1021,2,5,22533.333334,452,49.85250737610619
1021,2,6,70626.499999,452,156.25331858185842
1021,2,7,233315.833334,451,517.3300073924612
1021,2,8,262645.666667,452,581.0744837765486
1021,2,9,272049.833333,452,601.8801622411505
1021,2,10,276963.333334,452,612.7507374646018
1021,2,11,274165.666666,452,606.5612094380531
1021,2,12,267585.0,450,594.6333333333333
1021,2,13,269278.5,451,597.069844789357
1021,2,14,267560.0,451,593.2594235033259
1021,2,15,263649.0,452,583.2942477876106
1021,2,16,271837.0,452,601.4092920353983
1021,2,17,264201.0,452,584.5154867256637
1021,2,18,251749.166667,451,558.2021433858093
1021,2,19,252250.5,452,558.0763274336283
1021,2,20,251025.333333,451,556.5971914257206
1021,2,21,249832.833333,449,556.4205642160356
1021,2,22,255774.166665,451,567.1267553547672
1021,2,23,248438.666666,448,554.5505952366071
1021,3,0,212752.0,445,478.0943820224719
1021,3,1,124476.0,448,277.8482142857143
1021,3,2,69570.0,448,155.29017857142858
1021,3,3,34536.0,450,76.74666666666667
1021,3,4,20740.0,454,45.68281938325991
1021,3,5,23305.0,456,51.10745614035088
1021,3,6,67980.000001,456,149.07894737061403
1021,3,7,217096.0,456,476.0877192982456
1021,3,8,258216.0,456,566.2631578947369
1021,3,9,271474.0,455,596.6461538461539
1021,3,10,285315.833333,456,625.6926169583334
1021,3,11,280135.166666,455,615.6816849802198
1021,3,12,275406.833334,453,607.9621044900663
1021,3,13,275852.0,456,604.938596491228
1021,3,14,265891.0,456,583.094298245614
1021,3,15,241838.0,456,530.3464912280701
1021,3,16,254561.166666,456,558.2481725131579
1021,3,17,261474.333333,456,573.4086257302631
1021,3,18,265357.666668,456,581.9247076052632
1021,3,19,265665.0,456,582.5986842105264
1021,3,20,263682.0,456,578.25
1021,3,21,261294.0,456,573.0131578947369
1021,3,22,259674.333334,456,569.4612573114035
1021,3,23,260834.666666,456,572.0058479517544
1021,4,0,238131.333333,451,528.0073909822617
1021,4,1,183863.0,454,404.98458149779736
1021,4,2,123352.0,456,270.50877192982455
1021,4,3,68875.0,454,151.70704845814979
1021,4,4,36000.0,452,79.64601769911505
1021,4,5,28360.0,452,62.743362831858406
1021,4,6,47414.0,452,104.89823008849558
1021,4,7,152939.0,452,338.3606194690266
1021,4,8,229824.0,452,508.46017699115043
1021,4,9,222764.5,450,495.03222222222223
1021,4,10,236067.500001,455,518.8296703318681
1021,4,11,261252.333333,456,572.921783625
1021,4,12,272565.999999,456,597.7324561381579
1021,4,13,264856.000001,456,580.8245614057017
1021,4,14,229603.333333,456,503.516081870614
1021,4,15,217279.999999,456,476.49122806798243
1021,4,16,245866.0,456,539.1798245614035
1021,4,17,260687.333333,460,566.7115942021738
1021,4,18,263104.333333,456,576.9831871337719
1021,4,19,271912.833333,460,591.1148550717392
1021,4,20,268963.333333,460,584.70289855
1021,4,21,267739.199999,460,582.0417391282609
1021,4,22,267753.5,460,582.0728260869565
1021,4,23,256438.666667,460,557.4753623195652
1021,5,0,218698.333333,456,479.6016081864035
1021,5,1,133688.166667,460,290.626449276087
1021,5,2,72403.5,457,158.43216630196937
1021,5,3,33078.333334,459,72.06608569498911
1021,5,4,19515.833333,460,42.42572463695652
1021,5,5,23562.999999,460,51.22391304130435
1021,5,6,73647.833333,460,160.10398550652175
1021,5,7,242926.499999,460,528.1010869543478
1021,5,8,274380.333333,460,596.4789855065218
1021,5,9,282795.166667,460,614.7721014499999
1021,5,10,287222.0,458,627.1222707423581
1021,5,11,281943.5,460,612.920652173913
1021,5,12,279218.500001,458,609.6473799148472
1021,5,13,275394.666667,458,601.2983988362445
1021,5,14,274050.0,457,599.6717724288841
1021,5,15,267234.666667,460,580.9449275369565
1021,5,16,277217.000001,459,603.9586056666667
1021,5,17,273427.666667,458,597.003639010917
1021,5,18,264416.0,460,574.8173913043478
1021,5,19,261274.166668,460,567.9873188434782
1021,5,20,262632.833333,458,573.4341339148472
1021,5,21,259418.333332,456,568.8998537982457
1021,5,22,260288.499999,459,567.0773420457516
1021,5,23,241472.933333,460,524.9411594195652
1021,6,0,200346.166667,445,450.21610486966296
1021,6,1,116104.00000100001,456,254.6140350899123
1021,6,2,66196.49999899999,456,145.16776315570175
1021,6,3,31591.666667,456,69.27997076096491
1021,6,4,19820.166667,456,43.46527777850878
1021,6,5,23313.166667,456,51.12536549780702
1021,6,6,70407.666666,453,155.42531272847683
1021,6,7,234956.166667,455,516.3871794879121
1021,6,8,273619.000001,454,602.6850220286344
1021,6,9,280924.666666,456,616.062865495614
1021,6,10,285761.166666,456,626.6692251447367
1021,6,11,281670.999999,456,617.6995614013158
1021,6,12,277402.0,460,603.0478260869565
1021,6,13,272188.666667,452,602.1873156349557
1021,6,14,269744.666667,453,595.4628403245033
1021,6,15,263964.333332,456,578.8691520438597
1021,6,16,275634.666666,456,604.4619883026315
1021,6,17,273991.666666,456,600.858918127193
1021,6,18,260601.833333,451,577.831116037694
1021,6,19,260353.666666,454,573.4662261365639
1021,6,20,261756.999999,455,575.2901098879121
1021,6,21,261401.666666,456,573.249269004386
1021,6,22,260971.500001,456,572.3059210548246
1021,6,23,244628.900001,456,536.4668859671052
1028,0,0,71951.0,249,288.9598393574297
1028,0,1,42735.0,252,169.58333333333334
1028,0,2,24721.0,252,98.09920634920636
1028,0,3,15684.2,252,62.238888888888894
1028,0,4,15502.6,252,61.51825396825397
1028,0,5,19140.0,252,75.95238095238095
1028,0,6,52851.0,252,209.72619047619048
1028,0,7,127932.6,252,507.66904761904766
1028,0,8,140570.0,251,560.0398406374502
1028,0,9,140971.0,253,557.197628458498
1028,0,10,146841.0,253,580.399209486166
1028,0,11,151879.0,256,593.27734375
1028,0,12,152293.0,256,594.89453125
1028,0,13,152578.0,256,596.0078125
1028,0,14,148631.0,256,580.58984375
1028,0,15,141559.0,256,552.96484375
1028,0,16,146397.0,256,571.86328125
1028,0,17,151090.0,256,590.1953125
1028,0,18,153582.0,256,599.9296875
1028,0,19,154248.0,256,602.53125
1028,0,20,152291.0,256,594.88671875
1028,0,21,143144.0,256,559.15625
1028,0,22,127412.0,256,497.703125
1028,0,23,102096.0,260,392.67692307692306
1028,1,0,74297.0,254,292.50787401574803
1028,1,1,44487.6,256,173.7796875
1028,1,2,25021.0,256,97.73828125
1028,1,3,14737.2,256,57.5671875
1028,1,4,15299.6,256,59.7640625
1028,1,5,20424.6,256,79.78359375
1028,1,6,54225.2,256,211.8171875
1028,1,7,127948.2,256,499.79765625
1028,1,8,142066.0,256,554.9453125
1028,1,9,139785.8,253,552.5130434782608
1028,1,10,145148.0,252,575.984126984127
1028,1,11,148716.0,252,590.1428571428571
1028,1,12,148873.0,250,595.492
1028,1,13,151459.0,253,598.6521739130435
1028,1,14,148603.0,256,580.48046875
1028,1,15,140549.0,256,549.01953125
1028,1,16,144286.0,256,563.6171875
1028,1,17,151923.0,256,593.44921875
1028,1,18,154511.0,256,603.55859375
1028,1,19,155865.0,256,608.84765625
1028,1,20,154703.0,256,604.30859375
1028,1,21,143479.0,256,560.46484375
1028,1,22,127924.0,253,505.6284584980237
1028,1,23,102053.0,254,401.7834645669291
1028,2,0,77351.4,252,306.95
1028,2,1,45703.8,252,181.36428571428573
1028,2,2,26470.0,252,105.03968253968254
1028,2,3,16799.2,252,66.66349206349207
1028,2,4,16716.4,252,66.33492063492064
1028,2,5,20019.8,252,79.44365079365079
1028,2,6,53284.8,252,211.44761904761907
1028,2,7,126989.2,252,503.92539682539683
1028,2,8,140597.0,252,557.9246031746031
1028,2,9,141596.0,252,561.8888888888889
1028,2,10,146587.0,248,591.0766129032259
1028,2,11,147256.0,248,593.7741935483871
1028,2,12,151421.0,252,600.8769841269841
1028,2,13,152892.0,252,606.7142857142857
1028,2,14,147071.0,252,583.6150793650794
1028,2,15,142463.0,252,565.3293650793651
1028,2,16,144550.0,247,585.2226720647774
1028,2,17,149855.0,248,604.2540322580645
1028,2,18,152937.0,252,606.8928571428571
1028,2,19,154581.0,252,613.4166666666666
1028,2,20,153746.0,253,607.6916996047431
1028,2,21,145450.0,252,577.1825396825396
1028,2,22,132261.6,252,524.8476190476191
1028,2,23,105719.6,248,426.2887096774194
1028,3,0,82953.0,246,337.2073170731707
1028,3,1,51934.0,248,209.41129032258064
1028,3,2,28151.0,248,113.51209677419355
1028,3,3,17062.5,252,67.70833333333333
1028,3,4,17010.8,255,66.70901960784313
1028,3,5,20297.7,256,79.287890625
1028,3,6,49544.6,256,193.53359375
1028,3,7,109060.6,256,426.01796875
1028,3,8,136908.0,256,534.796875
1028,3,9,144806.4,256,565.65
1028,3,10,151626.0,256,592.2890625
1028,3,11,154051.0,254,606.5
1028,3,12,152850.0,251,608.9641434262949
1028,3,13,156740.0,255,614.6666666666666
1028,3,14,154883.0,253,612.1857707509881
1028,3,15,140347.0,254,552.5472440944882
1028,3,16,144253.0,255,565.6980392156863
1028,3,17,150171.0,256,586.60546875
1028,3,18,154787.0,256,604.63671875
1028,3,19,157739.0,256,616.16796875
1028,3,20,159428.0,256,622.765625
1028,3,21,158001.0,256,617.19140625
1028,3,22,150021.0,256,586.01953125
1028,3,23,133152.0,256,520.125
1028,4,0,115513.0,252,458.38492063492066
1028,4,1,86097.0,256,336.31640625
1028,4,2,53859.0,256,210.38671875
1028,4,3,30160.0,256,117.8125
1028,4,4,18462.6,256,72.11953125
1028,4,5,18508.4,256,72.2984375
1028,4,6,33388.2,257,129.91517509727626
1028,4,7,57805.0,256,225.80078125
1028,4,8,75695.0,256,295.68359375
1028,4,9,94620.0,256,369.609375
1028,4,10,127649.0,256,498.62890625
1028,4,11,155637.0,256,607.95703125
1028,4,12,165144.0,256,645.09375
1028,4,13,165953.0,255,650.7960784313725
1028,4,14,153952.0,256,601.375
1028,4,15,135520.0,256,529.375
1028,4,16,142130.8,256,555.1984375
1028,4,17,148534.0,256,580.2109375
1028,4,18,154185.0,256,602.28515625
1028,4,19,156164.0,256,610.015625
1028,4,20,157336.0,256,614.59375
1028,4,21,151159.0,256,590.46484375
1028,4,22,142379.0,256,556.16796875
1028,4,23,124335.0,256,485.68359375
1028,5,0,95713.0,254,376.8228346456693
1028,5,1,57996.0,256,226.546875
1028,5,2,30056.0,256,117.40625
1028,5,3,16731.8,256,65.35859375
1028,5,4,16478.6,256,64.36953125
1028,5,5,20292.0,256,79.265625
1028,5,6,54925.0,256,214.55078125
1028,5,7,129186.2,256,504.63359375
1028,5,8,142318.5,256,555.931640625
1028,5,9,143415.0,256,560.21484375
1028,5,10,147756.0,256,577.171875
1028,5,11,151534.0,256,591.9296875
1028,5,12,152049.0,256,593.94140625
1028,5,13,153256.0,256,598.65625
1028,5,14,146021.0,255,572.6313725490196
1028,5,15,138618.0,256,541.4765625
1028,5,16,142909.2,256,558.2390625
1028,5,17,149171.0,253,589.6086956521739
1028,5,18,151493.0,252,601.1626984126984
1028,5,19,153441.0,252,608.8928571428571
1028,5,20,150427.0,252,596.9325396825396
1028,5,21,140088.0,252,555.9047619047619
1028,5,22,124443.0,252,493.82142857142856
1028,5,23,94450.0,252,374.8015873015873
1028,6,0,67557.0,247,273.5101214574899
1028,6,1,41296.0,250,165.184
1028,6,2,23014.0,251,91.68924302788845
1028,6,3,14173.2,252,56.24285714285715
1028,6,4,14635.0,252,58.07539682539682
1028,6,5,18988.0,251,75.64940239043824
1028,6,6,50449.4,245,205.91591836734693
1028,6,7,123144.0,250,492.576
1028,6,8,141596.0,252,561.8888888888889
1028,6,9,142542.0,252,565.6428571428571
1028,6,10,146774.0,252,582.436507936508
1028,6,11,151060.0,252,599.4444444444445
1028,6,12,151034.0,252,599.3412698412699
1028,6,13,150307.0,250,601.228
1028,6,14,145465.0,249,584.1967871485944
1028,6,15,136366.0,248,549.8629032258065
1028,6,16,142216.0,248,573.4516129032259
1028,6,17,148013.0,248,596.8266129032259
1028,6,18,149580.0,248,603.1451612903226
1028,6,19,154070.0,252,611.3888888888889
1028,6,20,150838.0,252,598.563492063492
1028,6,21,139572.0,252,553.8571428571429
1028,6,22,125275.0,250,501.1
1028,6,23,97450.0,251,388.24701195219126
1029,0,0,134129.857141,444,302.09427284009007
1029,0,1,77592.90476599999,450,172.42867725777776
1029,0,2,42006.371429,450,93.34749206444444
1029,0,3,25434.238096,448,56.772852892857145
1029,0,4,22711.857143,448,50.69610969419643
1029,0,5,32291.142862,448,72.07844388839285
1029,0,6,98741.819046,448,220.40584608482143
1029,0,7,245750.219052,448,548.5495960982142
1029,0,8,293924.571427,441,666.4956268185941
1029,0,9,300879.904767,442,680.7237664411765
1029,0,10,317192.047621,444,714.3965036509009
1029,0,11,329175.619047,444,741.3865293851352
1029,0,12,342954.190476,447,767.2353254496645
1029,0,13,340757.761904,448,760.6200042500001
1029,0,14,303238.047618,448,676.8706420044643
1029,0,15,283739.952382,448,633.3481079955357
1029,0,16,302721.476193,448,675.7175807879464
1029,0,17,333567.523816,449,742.9120797683742
1029,0,18,357372.714281,452,790.6475979668143
1029,0,19,359664.380955,452,795.7176569800885
1029,0,20,347641.857148,452,769.1191529823009
1029,0,21,306807.238095,452,678.7770754314159
1029,0,22,256302.285719,452,567.040455130531
1029,0,23,196362.761908,452,434.4308891769911
1029,1,0,139987.142858,446,313.8725176188341
1029,1,1,80786.714288,448,180.32748725000002
1029,1,2,42332.809524,448,94.4928784017857
1029,1,3,24107.285717,448,53.81090561830357
1029,1,4,21665.428574,448,48.36033163839286
1029,1,5,33583.895236,448,74.96405186607142
1029,1,6,98565.666669,448,220.01264881473213
1029,1,7,242479.266664,448,541.2483630892857
1029,1,8,295402.380946,448,659.3803146116071
1029,1,9,296680.333331,443,669.7072987155756
1029,1,10,308426.714287,440,700.9698051977273
1029,1,11,323737.571432,443,730.7845856252823
1029,1,12,334904.238098,441,759.4200410385488
1029,1,13,332047.809526,441,752.9428787437641
1029,1,14,297626.523809,444,670.3300085788288
1029,1,15,278697.476194,444,627.6970184549549
1029,1,16,301273.80952300003,447,673.9906253310962
1029,1,17,331854.142857,448,740.7458545915179
1029,1,18,354478.809525,452,784.2451538163716
1029,1,19,356593.428573,450,792.4298412733334
1029,1,20,344163.857146,450,764.8085714355556
1029,1,21,305722.619045,451,677.8772040909091
1029,1,22,256995.428578,449,572.372892155902
1029,1,23,195584.523817,451,433.6685672217295
1029,2,0,143579.809523,449,319.7768586258352
1029,2,1,83914.42857,452,185.65139064159294
1029,2,2,44994.000005,452,99.54424779867257
1029,2,3,28289.571425,452,62.587547400442475
1029,2,4,24414.571425,452,54.01453855088495
1029,2,5,33867.999999,452,74.92920353761062
1029,2,6,99760.695238,452,220.70950273893806
1029,2,7,241182.00952,451,534.7716397339246
1029,2,8,295938.333336,452,654.7308259646018
1029,2,9,303268.619046,452,670.9482722256637
1029,2,10,320908.428576,452,709.9743995044247
1029,2,11,333794.14286,452,738.4826169469027
1029,2,12,345520.047622,451,766.1198395166297
1029,2,13,343804.904763,450,764.0108994733334
1029,2,14,306080.523813,451,678.6707845077606
1029,2,15,291591.52381,452,645.1139907300885
1029,2,16,309507.76190599997,448,690.8655399687499
1029,2,17,335754.476193,446,752.8127268901345
1029,2,18,358362.619045,452,792.8376527544248
1029,2,19,357413.380954,449,796.0208929933185
1029,2,20,345642.285715,447,773.2489613310962
1029,2,21,307579.80952300003,447,688.0980078814318
1029,2,22,259935.285717,448,580.2126913325893
1029,2,23,202386.095236,444,455.8245388198198
1029,3,0,154886.428573,441,351.2163913219955
1029,3,1,92961.428571,444,209.37258687162162
1029,3,2,47711.809523,444,107.45903045720722
1029,3,3,28401.095243,446,63.67958574663677
1029,3,4,24656.44762,450,54.79210582222222
1029,3,5,32560.409527,452,72.03630426327433
1029,3,6,88603.666668,452,196.02581121238939
1029,3,7,201252.31428,452,445.248482920354
1029,3,8,275460.904765,452,609.4267804535398
1029,3,9,299865.238095,451,664.8896631818182
1029,3,10,330947.85713899997,452,732.1855246438053
1029,3,11,343849.047624,450,764.1089947199999
1029,3,12,349135.190476,447,781.0630659418345
1029,3,13,352734.047622,448,787.3527848705356
1029,3,14,324445.714283,448,724.2091836674107
1029,3,15,277859.761903,448,620.2226828191964
1029,3,16,285550.238091,448,637.3889243102678
1029,3,17,320998.333331,451,711.7479674745011
1029,3,18,351129.285712,448,783.7707270357142
1029,3,19,367771.857147,448,820.9193239888392
1029,3,20,364630.714288,448,813.9078443928572
1029,3,21,335112.952384,448,748.019983
1029,3,22,299681.619048,448,668.932185375
1029,3,23,258629.619049,448,577.2982568058036
1029,4,0,222841.523809,443,503.02827044920997
1029,4,1,162529.66667,448,362.78943453125004
1029,4,2,99947.04762,448,223.0960884375
1029,4,3,53442.761906,446,119.82682041704035
1029,4,4,30156.28572,444,67.91956243243243
1029,4,5,29578.0,444,66.61711711711712
1029,4,6,56620.380952,444,127.52338052252252
1029,4,7,103705.952377,444,233.57196481306306
1029,4,8,139626.761901,444,314.4746889662162
1029,4,9,181154.952384,442,409.8528334479638
1029,4,10,247608.571422,447,553.9341642550336
1029,4,11,311314.095233,448,694.8975340022322
1029,4,12,341946.285713,448,763.2729591808036
1029,4,13,339890.571425,448,758.6843112165178
1029,4,14,300502.571429,448,670.7646683683035
1029,4,15,258967.666673,448,578.0528273950893
1029,4,16,273829.380952,448,611.2262967678571
1029,4,17,305964.333333,452,676.9122418871682
1029,4,18,334881.857139,449,745.8393254766148
1029,4,19,360252.333338,452,797.0184365884955
1029,4,20,355739.095242,452,787.0333965530974
1029,4,21,324601.714289,452,718.1453855951328
1029,4,22,298698.428574,452,660.8372313584072
1029,4,23,258995.000001,452,572.9977876128319
1029,5,0,195990.333335,448,437.4784226227679
1029,5,1,115686.095232,452,255.9426885663717
1029,5,2,53050.714284,449,118.15303849443208
1029,5,3,28323.380958,451,62.80128815521065
1029,5,4,23871.571419,452,52.8132111039823
1029,5,5,34281.171433,452,75.84329963053098
1029,5,6,101083.30476,452,223.63563
1029,5,7,242167.047616,452,535.767804460177
1029,5,8,292362.247621,452,646.8191319048673
1029,5,9,300176.380947,452,664.1070374933628
1029,5,10,310231.571433,446,695.5864830336322
1029,5,11,328473.952382,452,726.7122840309735
1029,5,12,340267.428567,450,756.14984126
1029,5,13,335261.666659,451,743.3739837228381
1029,5,14,296631.952377,451,657.720515248337
1029,5,15,279252.380947,452,617.8150020951327
1029,5,16,298072.809525,450,662.3840211666667
1029,5,17,330500.523813,450,734.4456084733333
1029,5,18,353507.238099,452,782.095659511062
1029,5,19,354327.476193,452,783.9103455597344
1029,5,20,340111.238096,452,752.4584913628319
1029,5,21,297292.238094,452,657.7261904734513
1029,5,22,245353.904764,452,542.8183733716814
1029,5,23,182842.571426,452,404.5189633318584
1029,6,0,127461.333331,437,291.6735316498856
1029,6,1,74138.095237,448,165.48681972544642
1029,6,2,38956.495238,448,86.95646258482144
1029,6,3,23879.657145,448,53.302806127232145
1029,6,4,22069.190483,448,49.261585899553566
1029,6,5,32237.238096,448,71.95812075
1029,6,6,96349.95238,448,215.06685799107143
1029,6,7,236831.64762,448,528.6420705803572
1029,6,8,287288.247622,445,645.5915676898876
1029,6,9,294842.142856,445,662.5666131595506
1029,6,10,317144.428572,448,707.9116709196429
1029,6,11,328242.04761999997,448,732.6831420089285
1029,6,12,343753.285713,452,760.5161188340708
1029,6,13,334851.333335,443,755.8720842776523
1029,6,14,294160.999997,439,670.0706150273348
1029,6,15,275435.285716,439,627.4152294214123
1029,6,16,295706.523807,440,672.0602813795455
1029,6,17,327811.857142,439,746.7240481594533
1029,6,18,346054.19047699997,438,790.0780604497717
1029,6,19,352354.238099,445,791.8072766269663
1029,6,20,342317.714287,448,764.1020408191964
1029,6,21,296839.095239,445,667.0541466044943
1029,6,22,250471.85714500002,447,560.3397251565996
1029,6,23,189406.904767,448,422.7832695691964
1030,0,0,64558.222219999996,135,478.2090534814815
1030,0,1,42829.888888,138,310.3615136811594
1030,0,2,23499.333335,138,170.28502416666666
1030,0,3,11166.888888,136,82.10947711764706
1030,0,4,5444.11111,136,40.03022875
1030,0,5,5486.444445,136,40.34150327205882
1030,0,6,19649.444445,136,144.48120915441177
1030,0,7,61279.666667,136,450.58578431617644
1030,0,8,84734.11111,133,637.0985797744361
1030,0,9,103765.777781,136,762.9836601544117
1030,0,10,116022.222221,136,853.1045751544118
1030,0,11,121301.88889,136,891.9256536029412
1030,0,12,121315.444444,136,892.0253267941176
1030,0,13,116412.777779,136,855.9763071985294
1030,0,14,109069.555553,136,801.982026125
1030,0,15,89132.777777,136,655.3880718897059
1030,0,16,96490.555556,136,709.4893790882353
1030,0,17,113666.222221,136,835.781045742647
1030,0,18,119063.777778,135,881.9539094666667
1030,0,19,121186.777778,135,897.6798353925926
1030,0,20,120566.222221,136,886.5163398602941
1030,0,21,110934.444445,136,815.6944444485295
1030,0,22,100345.666665,132,760.1944444318182
1030,0,23,79047.0,128,617.5546875
1030,1,0,61362.777779000004,128,479.39670139843753
1030,1,1,38941.88889,128,304.233506953125
1030,1,2,20840.666669,128,162.8177083515625
1030,1,3,9935.666666000001,128,77.62239582812501
1030,1,4,4821.222221,128,37.6657986015625
1030,1,5,5253.111111,128,41.0399305546875
1030,1,6,18720.666667999998,128,146.25520834374998
1030,1,7,57351.555555,128,448.0590277734375
1030,1,8,81752.222224,128,638.689236125
1030,1,9,99871.222221,128,780.2439236015625
1030,1,10,114338.666666,132,866.2020201969698
1030,1,11,118423.00000100001,132,897.1439394015152
1030,1,12,118659.111113,132,898.9326599469697
1030,1,13,114271.222223,132,865.6910774469698
1030,1,14,106231.555553,132,804.7845117651515
1030,1,15,87438.444442,133,657.4319130977444
1030,1,16,95958.88889,136,705.5800653676471
1030,1,17,111659.777778,136,821.0277777794117
1030,1,18,116660.88888700001,132,883.794612780303
1030,1,19,120577.777777,134,899.8341625149253
1030,1,20,121639.111112,136,894.4052287647058
1030,1,21,115608.555558,136,850.0629085147058
1030,1,22,105045.666667,136,772.3946078455882
1030,1,23,87118.222224,136,640.5751634117647
1030,2,0,67164.222222,135,497.51275719999995
1030,2,1,44094.88889,136,324.2271241911765
1030,2,2,24472.111111,136,179.9419934632353
1030,2,3,12124.777779,136,89.1527777867647
1030,2,4,5908.0,136,43.44117647058823
1030,2,5,5636.1111120000005,136,41.44199347058824
1030,2,6,19359.888891,136,142.3521241985294
1030,2,7,57851.11111,135,428.5267489629629
1030,2,8,84176.444445,136,618.9444444485295
1030,2,9,102020.666666,136,750.1519607794118
1030,2,10,113287.555556,135,839.1670781925926
1030,2,11,118525.888886,135,877.9695473037037
1030,2,12,119679.777777,136,879.998366007353
1030,2,13,114157.888889,135,845.6139917703704
1030,2,14,105862.55555399999,135,784.1670781777777
1030,2,15,88708.888889,136,652.2712418308823
1030,2,16,94444.222221,132,715.4865319772728
1030,2,17,111991.222222,135,829.5646090518518
1030,2,18,119728.666666,136,880.357843132353
1030,2,19,122290.111111,136,899.1919934632353
1030,2,20,118710.333334,135,879.3358024740741
1030,2,21,115376.666667,135,854.6419753111111
1030,2,22,105320.666669,136,774.4166666838236
1030,2,23,86717.444442,132,656.9503366818183
1030,3,0,67759.0,127,533.5354330708661
1030,3,1,45786.666668,128,357.70833334375
1030,3,2,26186.888889,128,204.5850694453125
1030,3,3,13501.888888,130,103.86068375384615
1030,3,4,6548.888889,134,48.872305141791045
1030,3,5,5611.3333299999995,136,41.259803897058816
1030,3,6,17057.444443,136,125.42238561029411
1030,3,7,50832.222225,136,373.7663398897059
1030,3,8,76771.666665,136,564.497549007353
1030,3,9,95833.11111,135,709.8748971111111
1030,3,10,112191.555558,136,824.9379085147058
1030,3,11,118896.777777,136,874.2410130661765
1030,3,12,118887.555556,136,874.1732026176471
1030,3,13,116773.333336,136,858.627451
1030,3,14,99157.333337,136,729.0980392426471
1030,3,15,70514.666664,136,518.4901960588236
1030,3,16,69998.777778,136,514.6968954264706
1030,3,17,82606.444443,136,607.4003267867647
1030,3,18,96212.333334,136,707.4436274558823
1030,3,19,108604.444444,136,798.5620915
1030,3,20,116325.888888,136,855.3374182941177
1030,3,21,115485.66667,136,849.15931375
1030,3,22,109280.999999,136,803.5367646985295
1030,3,23,100597.444443,136,739.687091492647
1030,4,0,84942.88889,134,633.9021558955224
1030,4,1,64818.000001,136,476.60294118382353
1030,4,2,44406.333333,136,326.5171568602941
1030,4,3,25647.555556,134,191.39966832835822
1030,4,4,13225.999999,132,100.19696968939394
1030,4,5,8749.444444,132,66.28367003030303
1030,4,6,9961.111111,132,75.46296296212121
1030,4,7,19510.888890000002,132,147.80976431818183
1030,4,8,28031.111109999998,132,212.35690234848482
1030,4,9,34296.777778,132,259.8240740757576
1030,4,10,48052.000002,135,355.94074075555557
1030,4,11,64418.222223,136,473.66339869852936
1030,4,12,74477.11111,134,555.799336641791
1030,4,13,76881.111115,136,565.3022876102941
1030,4,14,64773.555555,136,476.2761437867647
1030,4,15,52667.555556,136,387.2614379117647
1030,4,16,54243.000002,136,398.84558825
1030,4,17,65935.777775,136,484.82189540441175
1030,4,18,84084.333331,136,618.2671568455883
1030,4,19,101844.888888,136,748.8594771176471
1030,4,20,114423.888888,136,841.3521241764706
1030,4,21,110854.222222,136,815.1045751617647
1030,4,22,104635.777781,136,769.3807189779411
1030,4,23,92213.00000100001,136,678.0367647132354
1030,5,0,72857.888887,135,539.6880658296296
1030,5,1,49580.555558,136,364.5629085147059
1030,5,2,26616.777778,136,195.71160130882353
1030,5,3,12127.88889,136,89.17565360294118
1030,5,4,5658.000001,136,41.60294118382353
1030,5,5,5627.777779,136,41.380718963235296
1030,5,6,18601.888890000002,136,136.77859477941178
1030,5,7,58405.444444,136,429.45179738235294
1030,5,8,82839.666664,136,609.1151960588236
1030,5,9,98340.777779,136,723.093954257353
1030,5,10,110450.555558,136,812.1364379264705
1030,5,11,116144.444444,136,854.0032679705882
1030,5,12,116164.333334,134,866.8980099552239
1030,5,13,112185.555557,135,831.004115237037
1030,5,14,107994.777779,140,771.39126985
1030,5,15,91221.777781,140,651.5841270071428
1030,5,16,97340.0,140,695.2857142857143
1030,5,17,114826.000002,140,820.1857143
1030,5,18,123606.444444,140,882.9031745999999
1030,5,19,125308.444447,140,895.0603174785714
1030,5,20,126417.88889,140,902.9849206428571
1030,5,21,116864.333332,140,834.7452380857143
1030,5,22,104606.0,140,747.1857142857143
1030,5,23,84884.666665,140,606.3190476071428
1030,6,0,63926.111111,136,470.04493463970584
1030,6,1,41161.666664,136,302.6593137058823
1030,6,2,22791.555556,136,167.5849673235294
1030,6,3,11115.666669,136,81.73284315441177
1030,6,4,5530.333334,136,40.66421569117647
1030,6,5,5499.333333,136,40.43627450735294
1030,6,6,18470.555556,136,135.8129085
1030,6,7,57260.222224,136,421.0310457647059
1030,6,8,82140.777779,136,603.9763071985294
1030,6,9,99075.777779,136,728.4983660220588
1030,6,10,111396.444443,136,819.091503257353
1030,6,11,116831.222224,136,859.0531045882353
1030,6,12,117029.444445,136,860.5106209191176
1030,6,13,112947.444447,135,836.6477366444444
1030,6,14,106980.777778,139,769.645883294964
1030,6,15,87555.222223,140,625.39444445
1030,6,16,93534.777777,140,668.10555555
1030,6,17,111399.777777,140,795.7126984071429
1030,6,18,119803.0,140,855.7357142857143
1030,6,19,121699.55555399999,138,881.8808373478261
1030,6,20,124074.555555,140,886.2468253928571
1030,6,21,116605.88888700001,140,832.8992063357143
1030,6,22,104110.777779,140,743.6484127071428
1030,6,23,85335.555557,140,609.53968255
1031,0,0,295226.272727,448,658.9872159084822
1031,0,1,203662.0,454,448.5947136563877
1031,0,2,117091.363636,454,257.91049259030837
1031,0,3,59735.363637,452,132.15788415265487
1031,0,4,34528.363636,452,76.39018503539823
1031,0,5,37771.909091,450,83.93757575777778
1031,0,6,114889.41211800001,450,255.30980470666668
1031,0,7,252226.826838,450,560.50405964
1031,0,8,293257.951516,440,666.4953443545454
1031,0,9,306403.381818,446,687.0030982466368
1031,0,10,316360.636364,450,703.0236363644444
1031,0,11,319621.581818,456,700.9245215307018
1031,0,12,317982.10909,451,705.0601088470066
1031,0,13,318162.545453,451,705.4601894745011
1031,0,14,320008.545455,456,701.773125997807
1031,0,15,309694.242424,456,679.1540404035088
1031,0,16,320007.212121,455,703.3125541120879
1031,0,17,342530.309092,456,751.1629585350878
1031,0,18,376105.339394,455,826.6051415252748
1031,0,19,376749.363636,456,826.2047448157896
1031,0,20,410113.272725,454,903.3331998348017
1031,0,21,425815.000001,456,933.8048245635965
1031,0,22,404402.0,456,886.8464912280701
1031,0,23,364731.0,456,799.8486842105264
1031,1,0,296835.0,450,659.6333333333333
1031,1,1,204349.0,452,452.0995575221239
1031,1,2,117832.0,452,260.69026548672565
1031,1,3,58386.0,452,129.17256637168143
1031,1,4,32885.636362,444,74.06674856306306
1031,1,5,37583.072726,446,84.26697920627802
1031,1,6,114492.424241,446,256.70947139237666
1031,1,7,248665.385281,442,562.5913694140271
1031,1,8,297438.096968,447,665.4096129038031
1031,1,9,302839.006061,445,680.5370922719101
1031,1,10,304414.400001,442,688.7203619932126
1031,1,11,305998.18182,446,686.0945780717489
1031,1,12,306311.81818,443,691.448799503386
1031,1,13,310696.363637,445,698.194075588764
1031,1,14,312492.163636,448,697.5271509732144
1031,1,15,299620.606061,447,670.2921835816555
1031,1,16,315451.257576,452,697.9010123362832
1031,1,17,333032.206061,448,743.3754599575893
1031,1,18,367448.21212,452,812.9385223893805
1031,1,19,373822.666665,452,827.041297931416
1031,1,20,407410.145457,452,901.349879329646
1031,1,21,419860.454547,452,928.8948109446902
1031,1,22,400243.0,449,891.4097995545657
1031,1,23,360823.909091,451,800.0530135055432
1031,2,0,298326.0,449,664.4231625835189
1031,2,1,210131.0,452,464.89159292035396
1031,2,2,124930.0,451,277.00665188470066
1031,2,3,63886.454547,452,141.34171359955752
1031,2,4,36020.181818,452,79.69066773893805
1031,2,5,39428.690908,452,87.23161705309734
1031,2,6,114275.46061,452,252.82181550884954
1031,2,7,246147.21818,451,545.7809715742794
1031,2,8,294905.948485,452,652.4467886836284
1031,2,9,309248.389611,449,688.7491973518931
1031,2,10,309047.515153,447,691.3814656666667
1031,2,11,309521.41818,447,692.441651409396
1031,2,12,313438.418182,447,701.2045149485458
1031,2,13,314020.727273,446,704.08234814574
1031,2,14,310344.818182,445,697.4040858022472
1031,2,15,307517.563638,446,689.5012637623319
1031,2,16,310163.510391,442,701.7273990746606
1031,2,17,333356.563636,444,750.8030712522522
1031,2,18,362931.166667,448,810.1142113102678
1031,2,19,369913.915154,448,825.70070346875
1031,2,20,407632.818184,447,911.9302420223713
1031,2,21,420744.909091,447,941.2637787270693
1031,2,22,407026.272728,448,908.5407873392858
1031,2,23,372539.545455,444,839.0530303040541
1031,3,0,316379.0,441,717.4126984126984
1031,3,1,229637.0,444,517.2004504504505
1031,3,2,137971.090909,444,310.74570024549547
1031,3,3,71981.0,445,161.7550561797753
1031,3,4,38873.18182,446,87.15960049327354
1031,3,5,39199.799998,450,87.11066666222223
1031,3,6,103606.351515,452,229.21759184734515
1031,3,7,223568.14545399998,452,494.6197908274336
1031,3,8,283741.842424,456,622.2408825087718
1031,3,9,304334.818183,455,668.8677322703297
1031,3,10,314840.072728,456,690.4387559824561
1031,3,11,317743.181818,455,698.3366633362637
1031,3,12,320322.90909,456,702.4625199342105
1031,3,13,322601.09091,456,707.4585326973685
1031,3,14,307325.666667,456,673.9597953223683
1031,3,15,275146.606062,456,603.3916799605263
1031,3,16,277411.769696,456,608.3591440701754
1031,3,17,308826.333334,456,677.250730995614
1031,3,18,359863.151513,456,789.173577879386
1031,3,19,372631.381816,456,817.1740829298245
1031,3,20,411431.727272,455,904.245554443956
1031,3,21,424943.636364,456,931.8939393947368
1031,3,22,413931.454545,456,907.7444178618421
1031,3,23,410044.0,456,899.219298245614
1031,4,0,376188.0,451,834.119733924612
1031,4,1,311708.0,456,683.5701754385965
1031,4,2,219572.0,456,481.5175438596491
1031,4,3,133559.0,454,294.1828193832599
1031,4,4,70986.0,452,157.0486725663717
1031,4,5,49866.0,452,110.32300884955752
1031,4,6,62110.272727,452,137.41210780309734
1031,4,7,109633.636364,452,242.55229284070796
1031,4,8,163068.6,452,360.7712389380531
1031,4,9,173512.242425,451,384.7278102549889
1031,4,10,215038.151514,455,472.6113220087912
1031,4,11,257826.0,456,565.4078947368421
1031,4,12,283984.0,456,622.7719298245614
1031,4,13,278716.0,456,611.219298245614
1031,4,14,247823.333334,456,543.4722222236842
1031,4,15,218932.0,456,480.1140350877193
1031,4,16,232212.333333,456,509.2375730986842
1031,4,17,269724.848486,460,586.358366273913
1031,4,18,339130.424242,456,743.7070707061403
1031,4,19,380234.666667,460,826.59710145
1031,4,20,419235.727273,460,911.3820158108696
1031,4,21,429307.909091,460,933.2780632413043
1031,4,22,417138.0,460,906.8217391304348
1031,4,23,389754.0,460,847.2913043478261
1031,5,0,328845.0,456,721.1513157894736
1031,5,1,231197.0,460,502.6021739130435
1031,5,2,130799.0,457,286.21225382932164
1031,5,3,67205.0,459,146.4161220043573
1031,5,4,36252.272727,460,78.80928853695653
1031,5,5,41918.6,460,91.12739130434782
1031,5,6,122003.07273,460,265.2240711521739
1031,5,7,257453.254547,460,559.6809881456521
1031,5,8,301898.163635,460,656.3003557282609
1031,5,9,312780.963637,460,679.958616602174
1031,5,10,316490.399999,458,691.0270742336245
1031,5,11,322846.58182,460,701.8403952608696
1031,5,12,323447.909091,458,706.2181421200872
1031,5,13,319517.999999,457,699.1641137833698
1031,5,14,321460.666666,460,698.8275362304347
1031,5,15,308792.818183,459,672.7512378714597
1031,5,16,317885.181818,459,692.5603089716775
1031,5,17,340062.030305,460,739.2652832717391
1031,5,18,368922.363636,459,803.7524262222223
1031,5,19,379954.969702,458,829.5960037161572
1031,5,20,417659.090907,460,907.95454545
1031,5,21,425292.454547,459,926.5630818017429
1031,5,22,397808.818182,455,874.3050949054946
1031,5,23,352793.0,454,777.0770925110132
1031,6,0,282457.818182,445,634.7366700719101
1031,6,1,201062.0,455,441.8945054945055
1031,6,2,114113.0,456,250.24780701754386
1031,6,3,58428.030302,456,128.13164539912282
1031,6,4,33049.472729,456,72.47691387938596
1031,6,5,38503.818183,456,84.43819776973685
1031,6,6,114030.327275,456,250.06650718201755
1031,6,7,249407.27879,455,548.1478654725275
1031,6,8,295082.22424,453,651.3956384988962
1031,6,9,307920.775757,453,679.7368118256071
1031,6,10,311662.733331,455,684.9730402879121
1031,6,11,315677.45454299997,456,692.275119611842
1031,6,12,319606.109091,459,696.3096058627451
1031,6,13,317952.909092,452,703.4356395840707
1031,6,14,310668.212122,448,693.4558306294642
1031,6,15,298461.545456,449,664.7250455590201
1031,6,16,316038.18788,455,694.5894239120879
1031,6,17,335960.212121,454,740.0004672268723
1031,6,18,363889.354546,450,808.6430101022222
1031,6,19,371504.963635,450,825.5665858555556
1031,6,20,410822.090908,452,908.8984312123894
1031,6,21,416255.090909,449,927.0714719576838
1031,6,22,399355.0,452,883.5287610619469
1031,6,23,358599.0,452,793.3606194690266
1032,0,0,255273.233334,448,569.8063244062499
1032,0,1,153457.011112,454,338.01103769162995
1032,0,2,81724.211111,454,180.00927557488987
1032,0,3,44294.611111,452,97.99692723672565
1032,0,4,28417.222222,452,62.869960668141594
1032,0,5,35315.394049,451,78.30464312416852
1032,0,6,108283.457541,452,239.56517155088494
1032,0,7,269061.080159,449,599.2451673919822
1032,0,8,300063.334128,445,674.2996272539326
1032,0,9,317384.295239,444,714.8294937815315
1032,0,10,330803.953967,445,743.379671835955
1032,0,11,338147.213096,446,758.1776078385651
1032,0,12,334855.025397,448,747.4442531183037
1032,0,13,328903.065477,448,734.158628296875
1032,0,14,332910.175796,448,743.1030709732142
1032,0,15,302605.739682,442,684.628370321267
1032,0,16,324087.122223,441,734.8914336122449
1032,0,17,362685.488888,441,822.4160745759638
1032,0,18,408848.774603,449,910.5763354187083
1032,0,19,430159.700396,449,958.0394218173719
1032,0,20,473195.279365,452,1046.8922109845134
1032,0,21,483474.0,452,1069.632743362832
1032,0,22,438116.9,452,969.2851769911505
1032,0,23,352296.75,452,779.4175884955753
1032,1,0,258894.7,446,580.4813901345292
1032,1,1,152589.7,448,340.6020089285715
1032,1,2,81754.5,448,182.48772321428572
1032,1,3,43860.155555,448,97.90213293526786
1032,1,4,27359.122223,448,61.069469247767856
1032,1,5,35066.344443,448,78.27309027455358
1032,1,6,104568.138493,448,233.411023421875
1032,1,7,263873.81944500003,447,590.3217437248322
1032,1,8,299711.414685,448,668.9986934933037
1032,1,9,308932.696428,443,697.3650032234763
1032,1,10,321186.39166799997,438,733.3022640821918
1032,1,11,327577.330952,439,746.1898199362187
1032,1,12,329103.274206,441,746.2659279047618
1032,1,13,318641.922618,439,725.83581461959
1032,1,14,326708.720633,441,740.8361012086168
1032,1,15,294106.706352,433,679.2302687113164
1032,1,16,318366.948014,438,726.8651781141554
1032,1,17,358125.77976,436,821.389403119266
1032,1,18,401519.853969,439,914.62381314123
1032,1,19,424470.39206600003,443,958.1724425869076
1032,1,20,463907.863492,446,1040.152160295964
1032,1,21,473080.2,448,1055.9825892857143
1032,1,22,433563.555555,445,974.3001248426967
1032,1,23,350891.877778,447,784.993015163311
1032,2,0,262722.877777,445,590.3884893865169
1032,2,1,156497.711111,448,349.32524801562505
1032,2,2,84221.7,443,190.11670428893905
1032,2,3,45618.6,444,102.74459459459459
1032,2,4,28375.044444,444,63.90775775675675
1032,2,5,34997.325001,444,78.8228040563063
1032,2,6,102186.229762,444,230.14916613063065
1032,2,7,258482.95873,442,584.8030740497738
1032,2,8,291590.902778,443,658.2187421625282
1032,2,9,312178.143652,444,703.1039271441441
1032,2,10,330440.01627,446,740.8968974663678
1032,2,11,341202.671032,449,759.916861986637
1032,2,12,342659.02381,451,759.7761060088692
1032,2,13,328300.210713,447,734.4523729597315
1032,2,14,329699.710715,445,740.8982263258426
1032,2,15,309239.864683,447,691.8117778143177
1032,2,16,323656.842855,437,740.6335076773455
1032,2,17,350887.976188,436,804.7889362110092
1032,2,18,400416.47658899997,444,901.8389112364864
1032,2,19,424733.40476299997,446,952.3170510381166
1032,2,20,467173.612699,451,1035.861668955654
1032,2,21,478478.172221,451,1060.9272111330376
1032,2,22,448948.5,452,993.2488938053098
1032,2,23,374786.7,448,836.5774553571429
1032,3,0,282646.3,445,635.160224719101
1032,3,1,177394.1,448,395.9689732142857
1032,3,2,95571.3,448,213.32879464285716
1032,3,3,50273.4,450,111.71866666666666
1032,3,4,31311.893651,454,68.96892874669604
1032,3,5,34779.061506,456,76.2698717236842
1032,3,6,96085.994446,456,210.71490010087717
1032,3,7,227684.807936,456,499.3087893333333
1032,3,8,290500.953969,456,637.0634955460526
1032,3,9,315622.218253,454,695.2031239052864
1032,3,10,336607.021032,456,738.1732917368422
1032,3,11,341556.631742,455,750.6739159164836
1032,3,12,340010.992459,456,745.6381413574561
1032,3,13,339016.615476,456,743.4574900789473
1032,3,14,329870.879368,456,723.4010512456141
1032,3,15,282213.271429,451,625.7500475144125
1032,3,16,289331.044444,444,651.6464964954955
1032,3,17,327660.093649,445,736.314817188764
1032,3,18,400552.312698,448,894.0899837008928
1032,3,19,433950.530554,454,955.8381730264317
1032,3,20,475965.334921,456,1043.7836292127192
1032,3,21,490427.366667,456,1075.4986111118421
1032,3,22,469914.7,456,1030.5146929824562
1032,3,23,429061.0,456,940.9232456140351
1032,4,0,364180.9,451,807.4964523281596
1032,4,1,264757.5,456,580.608552631579
1032,4,2,163190.5,456,357.87390350877195
1032,4,3,92965.6,454,204.77004405286345
1032,4,4,51828.1,452,114.66393805309734
1032,4,5,42268.8,452,93.51504424778761
1032,4,6,61349.344444,452,135.7286381504425
1032,4,7,111024.277778,452,245.62893313716816
1032,4,8,157964.258333,452,349.47844763938053
1032,4,9,171143.311112,452,378.63564405309734
1032,4,10,218570.704762,455,480.3751753010989
1032,4,11,259979.824207,456,570.1311934364035
1032,4,12,290733.70476,456,637.5739139473684
1032,4,13,282134.996826,456,618.7170983026316
1032,4,14,250375.450796,456,549.0689710438596
1032,4,15,217060.042461,456,476.0088650460526
1032,4,16,226139.28333,448,504.7751860044643
1032,4,17,268994.939683,452,595.1215479712389
1032,4,18,355870.138096,452,787.3233143716815
1032,4,19,415651.519047,456,911.5164891381578
1032,4,20,468690.722223,459,1021.1126845816993
1032,4,21,474093.2,460,1030.6373913043478
1032,4,22,439582.6,460,955.6143478260869
1032,4,23,384978.1,460,836.9089130434783
1032,5,0,296738.7,456,650.7427631578947
1032,5,1,179708.6,460,390.6708695652174
1032,5,2,93511.4,457,204.62013129102843
1032,5,3,47079.5,459,102.56971677559913
1032,5,4,31303.311111,460,68.05067632826086
1032,5,5,39051.811111,460,84.89524154565218
1032,5,6,109713.93413,459,239.02817893246186
1032,5,7,269961.209923,460,586.8721954847827
1032,5,8,310151.059922,459,675.7103702004357
1032,5,9,326307.730158,460,709.3646307782609
1032,5,10,337834.636111,456,740.8654300679825
1032,5,11,343613.964287,456,753.5393953662281
1032,5,12,341051.578571,458,744.6541016834061
1032,5,13,336070.838095,457,735.3847660722101
1032,5,14,338776.623013,458,739.6869498100436
1032,5,15,305370.422223,454,672.6220753810572
1032,5,16,330759.817458,452,731.7695076504424
1032,5,17,363294.250796,454,800.2076008722468
1032,5,18,409014.464285,452,904.8992572676991
1032,5,19,433797.998808,453,957.611476397351
1032,5,20,476903.27778,460,1036.7462560434783
1032,5,21,482321.822223,460,1048.5257004847826
1032,5,22,423342.366667,457,926.3509117439825
1032,5,23,347277.522223,457,759.9070508161926
1032,6,0,252204.8,445,566.7523595505618
1032,6,1,154076.188889,456,337.8863791425439
1032,6,2,84855.411109,456,186.08642787061402
1032,6,3,45882.622224,456,100.61978557894737
1032,6,4,28627.744445,456,62.78014132675439
1032,6,5,34891.886111,456,76.51729410307017
1032,6,6,104445.417857,452,231.0739333119469
1032,6,7,261308.766665,452,578.116740409292
1032,6,8,287035.721826,452,635.034782800885
1032,6,9,310235.55595,452,686.3618494469026
1032,6,10,330041.128572,452,730.1794879911505
1032,6,11,336109.561906,452,743.6052254557522
1032,6,12,338724.85873,456,742.8176726535087
1032,6,13,326277.00476,452,721.8517804424779
1032,6,14,322733.301194,448,720.3868330223214
1032,6,15,291903.073016,437,667.9704188009152
1032,6,16,317357.363492,439,722.9097118268792
1032,6,17,351034.678175,438,801.4490369292238
1032,6,18,406057.44286,438,927.0717873515982
1032,6,19,429748.009522,445,965.725864094382
1032,6,20,472665.544443,450,1050.36787654
1032,6,21,477545.588891,452,1056.5167895818583
1032,6,22,430728.277776,452,952.9386676460176
1032,6,23,344879.088889,452,763.0068338252213
1033,0,0,177186.0,448,395.5044642857143
1033,0,1,137636.0,454,303.16299559471366
1033,0,2,99486.111111,454,219.13240332819385
1033,0,3,77217.0,452,170.83407079646017
1033,0,4,66521.0,452,147.1703539823009
1033,0,5,74694.444443,452,165.253195670354
1033,0,6,105661.777778,452,233.7649950840708
1033,0,7,183573.960317,452,406.1370803473451
1033,0,8,213645.888888,449,475.8260331581291
1033,0,9,225967.888889,452,499.9289577190265
1033,0,10,235124.888888,452,520.1878072743363
1033,0,11,240696.222222,451,533.6945060354767
1033,0,12,238841.444444,451,529.5819167272728
1033,0,13,236941.777778,451,525.3697955166297
1033,0,14,229512.111113,452,507.770157329646
1033,0,15,217694.777777,452,481.62561455088496
1033,0,16,225530.444445,452,498.9611602765487
1033,0,17,232078.333334,452,513.447640119469
1033,0,18,233881.444444,451,518.584134022173
1033,0,19,231648.0,450,514.7733333333333
1033,0,20,231048.0,452,511.16814159292034
1033,0,21,230280.0,452,509.46902654867256
1033,0,22,222739.0,452,492.7853982300885
1033,0,23,204225.0,452,451.82522123893807
1033,1,0,176235.0,446,395.1457399103139
1033,1,1,133093.0,448,297.0825892857143
1033,1,2,92825.0,448,207.19866071428572
1033,1,3,73261.0,448,163.52901785714286
1033,1,4,63203.111111,448,141.078373015625
1033,1,5,66945.888889,448,149.4327876986607
1033,1,6,103598.666666,448,231.24702380803572
1033,1,7,177802.41666699998,448,396.8803943459821
1033,1,8,208100.555555,448,464.5101686495536
1033,1,9,217843.777778,443,491.74667669977424
1033,1,10,224787.888889,440,510.88156565681817
1033,1,11,230739.999999,441,523.2199546462584
1033,1,12,229406.555555,439,522.5661857744875
1033,1,13,227301.333334,441,515.4225245668935
1033,1,14,223333.777778,444,503.00400400450445
1033,1,15,211777.222223,445,475.9038701640449
1033,1,16,220977.999999,448,493.25446428348215
1033,1,17,227869.555556,448,508.6374007946429
1033,1,18,228596.333333,448,510.25967261830357
1033,1,19,228449.0,446,512.2174887892377
1033,1,20,224077.0,441,508.1111111111111
1033,1,21,224070.0,444,504.6621621621622
1033,1,22,214393.0,441,486.15192743764175
1033,1,23,196128.777777,443,442.728618006772
1033,2,0,173700.111111,441,393.87780297278914
1033,2,1,137504.222222,444,309.6941941936937
1033,2,2,99801.444445,444,224.77802802927928
1033,2,3,82757.888888,442,187.2350427330317
1033,2,4,71259.333332,444,160.493993990991
1033,2,5,72951.0,444,164.30405405405406
1033,2,6,104282.444443,444,234.87037036711712
1033,2,7,176936.222222,441,401.2159234058957
1033,2,8,208062.972224,444,468.6102978018018
1033,2,9,217116.472223,441,492.3276014126984
1033,2,10,227092.222222,440,516.1186868681818
1033,2,11,234030.888888,439,533.0999746879271
1033,2,12,231565.999999,438,528.6894977146119
1033,2,13,223797.555555,430,520.4594315232558
1033,2,14,220866.555555,436,506.57466870412844
1033,2,15,211258.0,440,480.1318181818182
1033,2,16,219105.333336,440,497.9666666727273
1033,2,17,225330.999999,439,513.2824601343964
1033,2,18,226328.444444,441,513.2164273106575
1033,2,19,224462.428571,440,510.1418831159091
1033,2,20,223820.0,439,509.84054669703875
1033,2,21,222911.0,439,507.76993166287014
1033,2,22,217571.0,440,494.4795454545455
1033,2,23,201226.0,436,461.5275229357798
1033,3,0,180353.0,433,416.51963048498845
1033,3,1,142751.0,436,327.4105504587156
1033,3,2,107611.0,436,246.81422018348624
1033,3,3,85159.0,438,194.42694063926942
1033,3,4,73311.888889,442,165.8640020113122
1033,3,5,79838.888888,443,180.22322548081263
1033,3,6,107765.666667,444,242.71546546621622
1033,3,7,164663.750001,441,373.38718821088435
1033,3,8,197232.888889,440,448.25656565681817
1033,3,9,213644.666668,435,491.137164754023
1033,3,10,229152.333333,440,520.8007575749999
1033,3,11,238114.777779,439,542.4026828678816
1033,3,12,235502.333333,442,532.81070889819
1033,3,13,233872.111112,448,522.0359623035714
1033,3,14,225593.444445,450,501.31876543333334
1033,3,15,215145.333333,452,475.9852507367256
1033,3,16,216381.666667,452,478.72050147566375
1033,3,17,223558.111111,452,494.59759095353985
1033,3,18,228264.0,452,505.0088495575221
1033,3,19,232846.444444,452,515.1470009823008
1033,3,20,232553.0,452,514.4977876106195
1033,3,21,229910.0,452,508.6504424778761
1033,3,22,224927.0,452,497.62610619469024
1033,3,23,216000.0,452,477.87610619469024
1033,4,0,202856.0,447,453.8165548098434
1033,4,1,175744.0,452,388.8141592920354
1033,4,2,132983.0,452,294.21017699115043
1033,4,3,98229.0,450,218.28666666666666
1033,4,4,82514.0,448,184.18303571428572
1033,4,5,81113.0,448,181.05580357142858
1033,4,6,93502.0,446,209.6457399103139
1033,4,7,122333.777778,446,274.29098156502243
1033,4,8,150340.222222,446,337.0857000493274
1033,4,9,157408.0,448,351.35714285714283
1033,4,10,190025.0,451,421.3414634146341
1033,4,11,214444.0,452,474.43362831858406
1033,4,12,219509.0,452,485.6393805309734
1033,4,13,223180.777778,452,493.76278269469026
1033,4,14,211223.666667,452,467.30899705088495
1033,4,15,203096.0,452,449.3274336283186
1033,4,16,202539.0,452,448.09513274336285
1033,4,17,212173.666667,456,465.29312865570176
1033,4,18,220024.285714,453,485.70482497571743
1033,4,19,226593.0,456,496.9144736842105
1033,4,20,229064.0,456,502.3333333333333
1033,4,21,224779.0,456,492.93640350877195
1033,4,22,217209.0,456,476.3355263157895
1033,4,23,203155.0,456,445.515350877193
1033,5,0,183482.0,452,405.93362831858406
1033,5,1,142035.0,456,311.48026315789474
1033,5,2,98089.0,453,216.53200883002208
1033,5,3,74046.0,455,162.73846153846154
1033,5,4,65332.555556,456,143.27314814912282
1033,5,5,70086.222222,456,153.69785575
1033,5,6,107282.111111,456,235.2677875241228
1033,5,7,184598.555556,456,404.8213937631579
1033,5,8,214362.0,456,470.0921052631579
1033,5,9,225888.222223,456,495.3689083837719
1033,5,10,235992.777778,453,520.9553593333333
1033,5,11,243935.444445,456,534.9461500986843
1033,5,12,239018.111112,454,526.4716103788546
1033,5,13,234345.333335,451,519.6127124944568
1033,5,14,232211.888889,455,510.35579975604395
1033,5,15,218507.999999,453,482.3576158918322
1033,5,16,229110.777777,455,503.5401709384616
1033,5,17,234458.666667,455,515.2937728945055
1033,5,18,233515.0,452,516.6261061946902
1033,5,19,235855.111111,456,517.2261208574562
1033,5,20,232264.0,456,509.35087719298247
1033,5,21,228907.0,456,501.9890350877193
1033,5,22,222407.0,456,487.734649122807
1033,5,23,201244.0,456,441.32456140350877
1033,6,0,176443.0,441,400.0975056689342
1033,6,1,137633.0,452,304.49778761061947
1033,6,2,94892.111111,452,209.9382989181416
1033,6,3,78123.0,452,172.83849557522123
1033,6,4,68480.333333,452,151.50516224115046
1033,6,5,77099.777779,452,170.57472959955751
1033,6,6,113806.75000100001,452,251.78484513495576
1033,6,7,183827.111111,452,406.6971484756637
1033,6,8,212964.222223,452,471.15978367920354
1033,6,9,223865.888889,452,495.27851524115044
1033,6,10,235591.777778,452,521.2207472964601
1033,6,11,240229.888889,452,531.4820550641592
1033,6,12,236753.333334,456,519.1959064342105
1033,6,13,234851.666666,452,519.5833333318584
1033,6,14,225597.777779,451,500.2168021707317
1033,6,15,214152.777779,448,478.0195932566964
1033,6,16,226394.11111,451,501.9825080044346
1033,6,17,232035.444444,451,514.4910076363636
1033,6,18,230794.206349,446,517.4757989887892
1033,6,19,229843.25,450,510.7627777777778
1033,6,20,228897.0,452,506.4092920353982
1033,6,21,227855.0,452,504.103982300885
1033,6,22,218884.0,452,484.2566371681416
1033,6,23,198158.0,452,438.4026548672566
1034,0,0,194285.666668,448,433.6733630982143
1034,0,1,114498.222222,454,252.19872736123347
1034,0,2,57847.36111,454,127.41709495594714
1034,0,3,30860.333332,452,68.27507374336282
1034,0,4,18066.0,452,39.969026548672566
1034,0,5,21837.111115,452,48.312192732300886
1034,0,6,63400.841268000004,452,140.2673479380531
1034,0,7,200230.158732,452,442.98707684070797
1034,0,8,267267.555554,449,595.2506805211582
1034,0,9,297425.666667,456,652.2492690065789
1034,0,10,318871.444442,456,699.2794834254386
1034,0,11,330450.444445,454,727.8644150770924
1034,0,12,332068.444444,454,731.4282917268723
1034,0,13,325941.333332,455,716.3545787516483
1034,0,14,320668.222222,456,703.2197855745615
1034,0,15,281051.222224,456,616.3403996140352
1034,0,16,289306.0,456,634.4429824561404
1034,0,17,320686.888888,456,703.260721245614
1034,0,18,332455.444444,455,730.6713064703297
1034,0,19,331604.444444,454,730.4062652951542
1034,0,20,343387.111113,456,753.0419103355264
1034,0,21,341061.444444,456,747.941764131579
1034,0,22,318994.111109,456,699.5484892741227
1034,0,23,263885.666668,456,578.6966374298246
1034,1,0,194971.777778,450,433.2706172844444
1034,1,1,114727.666666,452,253.82227138495577
1034,1,2,57076.777776,452,126.27605702654868
1034,1,3,28628.11111,452,63.33652900442478
1034,1,4,17987.11111,452,39.79449360619469
1034,1,5,22056.555558,452,48.797689287610616
1034,1,6,63951.02778,452,141.48457473451327
1034,1,7,195780.111111,452,433.1418387411505
1034,1,8,263011.305556,452,581.8834193716814
1034,1,9,284004.904764,447,635.3577287785234
1034,1,10,308401.222222,444,694.5973473468468
1034,1,11,318075.666669,445,714.7767790314607
1034,1,12,319032.777781,440,725.0744949568182
1034,1,13,315362.333334,441,715.1073318231294
1034,1,14,307119.777779,446,688.6093672174887
1034,1,15,271423.999998,449,604.5077950957683
1034,1,16,283845.222219,452,627.9761553517699
1034,1,17,308145.333335,447,689.3631618232662
1034,1,18,321677.333333,444,724.4984984977477
1034,1,19,331885.999998,447,742.4742729261744
1034,1,20,332321.666667,446,745.115844544843
1034,1,21,333034.000002,448,743.3794642901786
1034,1,22,311862.666666,445,700.81498127191
1034,1,23,261705.111111,447,585.4700472281879
1034,2,0,201166.111112,445,452.0586766561798
1034,2,1,120241.555555,448,268.3963293638393
1034,2,2,61867.333334,448,138.09672619196428
1034,2,3,33122.777778,446,74.26631788789238
1034,2,4,20169.666666,448,45.02157737946429
1034,2,5,22641.055551,448,50.53807042633929
1034,2,6,62731.638886,448,140.02597965625
1034,2,7,190058.972222,445,427.0988139820225
1034,2,8,259405.194445,448,579.0294518861607
1034,2,9,285551.519841,446,640.250044486547
1034,2,10,309277.222221,444,696.5703203175676
1034,2,11,319983.555557,444,720.6836836869369
1034,2,12,322814.222221,441,732.0050390498866
1034,2,13,318184.888887,441,721.5076845510204
1034,2,14,308768.333332,443,696.9939804334086
1034,2,15,274900.861112,444,619.1460835855856
1034,2,16,283575.972223,444,638.684622123874
1034,2,17,309382.166667,442,699.9596530927602
1034,2,18,323920.888885,447,724.6552324049218
1034,2,19,332425.55555499997,448,742.0213293638392
1034,2,20,334642.444446,447,748.6408153154362
1034,2,21,331124.777779,447,740.7713149418345
1034,2,22,316218.999999,448,705.845982140625
1034,2,23,274535.888889,444,618.3240740743244
1034,3,0,209977.666668,441,476.1398337142857
1034,3,1,127614.222223,444,287.4194194211712
1034,3,2,64042.333333,444,144.23948948873874
1034,3,3,33449.555555,446,74.99900348654708
1034,3,4,19837.222225,450,44.08271605555556
1034,3,5,22172.555554,451,49.16309435476718
1034,3,6,60785.444446,452,134.48107178318585
1034,3,7,160962.0,452,356.1106194690266
1034,3,8,245634.888887,452,543.4400196615045
1034,3,9,282017.555558,448,629.5034722276786
1034,3,10,318514.222223,451,706.2399605831486
1034,3,11,335006.333333,451,742.8078344412418
1034,3,12,335423.555556,452,742.0875122920354
1034,3,13,334248.555555,452,739.4879547676992
1034,3,14,309728.333332,451,686.7590539512196
1034,3,15,254312.555555,452,562.6383972455752
1034,3,16,259711.777776,452,574.5835791504425
1034,3,17,289192.527778,452,639.8064773849558
1034,3,18,323223.666666,452,715.0966076681416
1034,3,19,340006.555555,452,752.2268928207965
1034,3,20,345743.222222,452,764.9186332345133
1034,3,21,345776.666667,452,764.992625369469
1034,3,22,338503.0,452,748.9004424778761
1034,3,23,319680.888888,450,710.4019753066666
1034,4,0,279913.222223,446,627.6081215762332
1034,4,1,202937.666667,450,450.9725925933334
1034,4,2,116539.11111,448,260.13194444196427
1034,4,3,61026.777777,446,136.83134030717488
1034,4,4,34754.666669,444,78.27627628153152
1034,4,5,29654.111109999998,444,66.78853853603603
1034,4,6,49216.88889,442,111.35042735294118
1034,4,7,85813.111111,442,194.14731020588238
1034,4,8,128573.000001,441,291.54875283673465
1034,4,9,151865.88889,444,342.0402902927928
1034,4,10,199361.888887,447,445.99975142505593
1034,4,11,247636.888889,448,552.7609126986607
1034,4,12,279054.888887,451,618.7469820110864
1034,4,13,281825.222225,452,623.5071288163716
1034,4,14,243487.111114,452,538.6882989247788
1034,4,15,198044.666667,452,438.1519174048673
1034,4,16,202703.888889,452,448.45993117035397
1034,4,17,235069.333335,456,515.5029239802632
1034,4,18,281445.333333,452,622.6666666659293
1034,4,19,329378.666665,456,722.3216374232456
1034,4,20,348261.555556,456,763.731481482456
1034,4,21,341117.333334,456,748.0643274868421
1034,4,22,324411.666668,456,711.4290935701754
1034,4,23,290005.444444,456,635.9768518508772
1034,5,0,227309.555556,452,502.89724680530975
1034,5,1,133679.444445,456,293.1566764144737
1034,5,2,63323.222219999996,453,139.7863625165563
1034,5,3,31548.888889,455,69.33821733846155
1034,5,4,18286.444444,456,40.101851850877196
1034,5,5,22560.083333,456,49.47386695833333
1034,5,6,66403.499999,456,145.62171052412282
1034,5,7,198953.222222,456,436.3009259254386
1034,5,8,264662.000001,455,581.6747252769231
1034,5,9,292121.222223,456,640.6167154013158
1034,5,10,316374.111111,454,696.8592755748899
1034,5,11,331852.777779,457,726.1548747899343
1034,5,12,337366.666666,458,736.6084425021834
1034,5,13,325817.888889,455,716.0832722835165
1034,5,14,317026.444442,459,690.6894214422658
1034,5,15,274764.11111,457,601.2343787964988
1034,5,16,287549.718257,459,626.4699744161219
1034,5,17,319466.333335,459,696.0050835185185
1034,5,18,333997.444443,456,732.4505360592105
1034,5,19,343202.444443,460,746.0922705282609
1034,5,20,344423.333334,460,748.7463768130435
1034,5,21,338171.777779,460,735.15603865
1034,5,22,314832.888887,460,684.4193236673913
1034,5,23,259228.888888,460,563.5410628
1034,6,0,186986.000001,445,420.1932584292135
1034,6,1,114176.111111,456,250.3862085767544
1034,6,2,58225.777779,456,127.68810916447367
1034,6,3,30178.888890000002,456,66.18177388157895
1034,6,4,18287.666667,456,40.10453216447369
1034,6,5,22037.555551,456,48.32797269956141
1034,6,6,64177.666665,456,140.7404970723684
1034,6,7,192407.047619,455,422.8726321296703
1034,6,8,260013.11111,450,577.8069135777778
1034,6,9,288718.333332,452,638.7573746283186
1034,6,10,318004.777777,455,698.91159950989
1034,6,11,329836.88889,456,723.3265107236842
1034,6,12,334186.555554,460,726.4925120739131
1034,6,13,327569.88889,456,718.355019495614
1034,6,14,314446.555556,455,691.0913308923076
1034,6,15,271290.444444,452,600.2000983274337
1034,6,16,286074.444445,452,632.9080629314159
1034,6,17,316487.250002,455,695.5763736307692
1034,6,18,329718.472222,450,732.7077160488889
1034,6,19,337752.138889,453,745.5897105717439
1034,6,20,343386.88889,456,753.0414230043859
1034,6,21,339220.111113,456,743.9037524407895
1034,6,22,317876.999998,456,697.0986842061403
1034,6,23,258042.555555,452,570.8906096349557
1035,0,0,229062.7,439,521.7829157175399
1035,0,1,152274.8,444,342.96126126126126
1035,0,2,87264.1,446,195.65941704035876
1035,0,3,49126.3,442,111.14547511312217
1035,0,4,32035.811111,440,72.80866161590909
1035,0,5,41714.825,440,94.80642045454545
1035,0,6,108012.166667,439,246.04138192938495
1035,0,7,280708.8,440,637.9745454545455
1035,0,8,351193.7,437,803.6469107551487
1035,0,9,364698.1,444,821.3921171171171
1035,0,10,374086.355555,448,835.0141865066964
1035,0,11,371018.911112,444,835.6281781801802
1035,0,12,370363.736111,446,830.4119643744394
1035,0,13,374168.383333,448,835.1972842254464
1035,0,14,369728.641666,452,817.9837205
1035,0,15,334466.827778,449,744.9149839153674
1035,0,16,346240.25,451,767.7167405764967
1035,0,17,370971.147222,451,822.552432864745
1035,0,18,388351.15,451,861.0890243902439
1035,0,19,381815.875,448,852.267578125
1035,0,20,387050.6,443,873.7033860045146
1035,0,21,380368.175,446,852.8434417040359
1035,0,22,351799.0,448,785.265625
1035,0,23,295162.1,447,660.3178970917226
1035,1,0,228845.2,442,517.7493212669683
1035,1,1,150391.325,441,341.0234126984127
1035,1,2,86506.7,444,194.8349099099099
1035,1,3,48238.875,441,109.38520408163265
1035,1,4,33886.425,440,77.01460227272727
1035,1,5,42253.797222,440,96.03135732272727
1035,1,6,110607.472222,442,250.2431498235294
1035,1,7,278065.380556,444,626.2733796306306
1035,1,8,351128.2,445,789.0521348314606
1035,1,9,353879.2,440,804.2709090909091
1035,1,10,356415.705555,433,823.1309597113163
1035,1,11,362024.15000100003,439,824.6563781343964
1035,1,12,362388.811111,438,827.3717148652969
1035,1,13,366790.094444,441,831.7235701678004
1035,1,14,356045.6,437,814.7496567505721
1035,1,15,329896.625,440,749.7650568181818
1035,1,16,339347.1,444,764.2952702702702
1035,1,17,365425.675,445,821.1812921348314
1035,1,18,385260.2,448,859.9558035714286
1035,1,19,384759.575,448,858.8383370535714
1035,1,20,390760.175,449,870.2899220489977
1035,1,21,383276.55,450,851.7256666666666
1035,1,22,352980.425,447,789.6653803131991
1035,1,23,298827.658334,451,662.5890428691796
1035,2,0,238352.475,449,530.8518374164811
1035,2,1,161072.85,452,356.3558628318584
1035,2,2,94088.9,452,208.1612831858407
1035,2,3,51378.225,451,113.92067627494457
1035,2,4,33264.4,448,74.25089285714286
1035,2,5,42796.45,448,95.52779017857142
1035,2,6,110189.25,448,245.95814732142858
1035,2,7,280502.875,447,627.5232102908277
1035,2,8,355689.0,448,793.9486607142857
1035,2,9,361036.5,446,809.4988789237668
1035,2,10,370310.066667,448,826.5849702388393
1035,2,11,371149.113888,448,828.4578435000001
1035,2,12,370729.472222,447,829.3724210782998
1035,2,13,370905.561111,447,829.7663559530201
1035,2,14,357447.875,446,801.452634529148
1035,2,15,330397.144444,444,744.1377127117116
1035,2,16,337212.797222,443,761.2027025327315
1035,2,17,359872.2,440,817.8913636363636
1035,2,18,378951.875,444,853.4952139639639
1035,2,19,380341.5,444,856.625
1035,2,20,383713.322222,443,866.1700275891648
1035,2,21,382395.5,443,863.1952595936795
1035,2,22,357680.8,444,805.5873873873874
1035,2,23,305144.4,440,693.5100000000001
1035,3,0,246492.5,437,564.0560640732266
1035,3,1,171005.8,440,388.64954545454543
1035,3,2,97808.4,440,222.29181818181817
1035,3,3,54729.3,442,123.82194570135748
1035,3,4,35126.788889,446,78.75961634304933
1035,3,5,42647.7,448,95.19575892857142
1035,3,6,104307.222222,447,233.3494904295302
1035,3,7,247428.9,447,553.5322147651007
1035,3,8,334334.0,448,746.28125
1035,3,9,354906.625,449,790.4379175946548
1035,3,10,371813.488888,448,829.9408234107143
1035,3,11,374820.9,446,840.405605381166
1035,3,12,375995.275,452,831.847953539823
1035,3,13,375101.85,452,829.8713495575221
1035,3,14,356915.23888900003,452,789.6354842676992
1035,3,15,310289.772223,452,686.4817969535399
1035,3,16,316415.525,452,700.0343473451328
1035,3,17,343129.2,452,759.1353982300885
1035,3,18,374430.1,452,828.3851769911504
1035,3,19,382659.35,452,846.5914823008849
1035,3,20,395042.65,452,873.9881637168143
1035,3,21,393971.45,452,871.6182522123894
1035,3,22,378003.275,452,836.2904314159292
1035,3,23,357256.275,452,790.3899889380532
1035,4,0,318062.05,447,711.5482102908277
1035,4,1,249567.375,452,552.1402101769911
1035,4,2,166135.75,452,367.5569690265487
1035,4,3,99296.95,450,220.65988888888887
1035,4,4,59197.8,448,132.13794642857144
1035,4,5,52579.55,445,118.15629213483146
1035,4,6,80503.4,447,180.09709172259505
1035,4,7,139285.303571,444,313.70563867342344
1035,4,8,198521.225,444,447.11987612612614
1035,4,9,216899.125,445,487.41376404494383
1035,4,10,262847.433332,450,584.1054074044445
1035,4,11,303600.75,449,676.1709354120268
1035,4,12,330699.95,452,731.6370575221239
1035,4,13,332774.719445,452,736.2272554092921
1035,4,14,295322.975,452,653.369413716814
1035,4,15,256878.4,452,568.3150442477876
1035,4,16,265672.577778,452,587.7711897743362
1035,4,17,299849.166667,456,657.5639619890351
1035,4,18,341849.677778,452,756.3045968539823
1035,4,19,376233.2,456,825.0728070175439
1035,4,20,387628.8,456,850.0631578947368
1035,4,21,381051.6,456,835.6394736842104
1035,4,22,360645.2,456,790.8885964912281
1035,4,23,324872.013889,456,712.4386269495614
1035,5,0,266666.35,451,591.2779379157428
1035,5,1,176202.1,456,386.40811403508775
1035,5,2,96553.975,453,213.14343267108168
1035,5,3,50890.533333,453,112.34113318543046
1035,5,4,32738.661111,456,71.79530945394737
1035,5,5,43349.513889,456,95.06472344078948
1035,5,6,109298.888888,450,242.8864197511111
1035,5,7,279459.25,452,618.2726769911504
1035,5,8,356904.925,455,784.4064285714286
1035,5,9,361589.9,452,799.9776548672567
1035,5,10,372938.891667,454,821.4513032312776
1035,5,11,377157.933333,456,827.100730993421
1035,5,12,369432.758332,450,820.9616851822223
1035,5,13,371267.825,451,823.2102549889136
1035,5,14,364059.5,452,805.441371681416
1035,5,15,330186.925,452,730.502046460177
1035,5,16,340318.166667,452,752.9162979358407
1035,5,17,367140.2,453,810.4640176600442
1035,5,18,385439.758333,452,852.742828170354
1035,5,19,387230.658333,451,858.6045639312639
1035,5,20,393916.05,453,869.5718543046357
1035,5,21,384765.675,456,843.784375
1035,5,22,352377.925,456,772.7586074561403
1035,5,23,292000.8,456,640.3526315789474
1035,6,0,223040.675,441,505.7611678004535
1035,6,1,152369.55,451,337.8482261640798
1035,6,2,86824.325,450,192.94294444444444
1035,6,3,48816.55,448,108.96551339285715
1035,6,4,32394.85,452,71.6700221238938
1035,6,5,41323.786111,448,92.24059399776786
1035,6,6,109912.3,448,245.33995535714286
1035,6,7,275325.072222,448,614.5648933526785
1035,6,8,348614.15,448,778.1565848214286
1035,6,9,356157.475,445,800.3538764044944
1035,6,10,365975.988888,447,818.7382301744967
1035,6,11,369696.305556,447,827.0610862550335
1035,6,12,371509.658333,452,821.9240228606195
1035,6,13,371453.675,448,829.1376674107142
1035,6,14,358472.966667,447,801.9529455637584
1035,6,15,327948.852778,448,732.0286892366072
1035,6,16,339137.175,448,757.0026227678571
1035,6,17,365097.864286,444,822.2924871306307
1035,6,18,381578.832143,444,859.4117841058558
1035,6,19,381794.075,445,857.9642134831461
1035,6,20,391421.1,447,875.6624161073825
1035,6,21,382247.9,449,851.3316258351894
1035,6,22,355592.98888900003,452,786.710152409292
1035,6,23,296320.8,449,659.9572383073496
1036,0,0,266207.2,452,588.953982300885
1036,0,1,190075.2,458,415.01135371179043
1036,0,2,130228.366667,458,284.3414119366812
1036,0,3,96913.1,456,212.52872807017545
1036,0,4,84761.5,456,185.88048245614036
1036,0,5,93184.9,456,204.35285087719296
1036,0,6,166108.3,456,364.2725877192982
1036,0,7,391572.3,454,862.4940528634361
1036,0,8,454811.0,449,1012.9420935412027
1036,0,9,460131.8,452,1017.9907079646017
1036,0,10,465587.5,451,1032.3447893569844
1036,0,11,467477.2,452,1034.241592920354
1036,0,12,474153.2,451,1051.3374722838137
1036,0,13,477321.8,452,1056.0216814159292
1036,0,14,470998.4,451,1044.3423503325944
1036,0,15,415463.6,450,923.2524444444443
1036,0,16,440046.6,453,971.405298013245
1036,0,17,472190.9,456,1035.506359649123
1036,0,18,457592.1,456,1003.491447368421
1036,0,19,464854.3,456,1019.4173245614035
1036,0,20,474185.4,456,1039.880263157895
1036,0,21,457505.7,456,1003.3019736842106
1036,0,22,417204.4,456,914.9219298245614
1036,0,23,347727.8,456,762.5609649122807
1036,1,0,264265.2,449,588.5639198218263
1036,1,1,189386.4,449,421.795991091314
1036,1,2,131517.9,452,290.9688053097345
1036,1,3,98777.6,452,218.5345132743363
1036,1,4,87199.2,452,192.91858407079644
1036,1,5,93312.5,450,207.36111111111111
1036,1,6,167073.8,450,371.2751111111111
1036,1,7,380422.4,444,856.8072072072073
1036,1,8,441184.5,446,989.2029147982063
1036,1,9,443965.7,442,1004.4472850678733
1036,1,10,450454.3,442,1019.1273755656108
1036,1,11,456478.5,446,1023.4943946188341
1036,1,12,463067.7,445,1040.6015730337078
1036,1,13,466501.2,445,1048.3173033707865
1036,1,14,459453.4,448,1025.565625
1036,1,15,403128.2,449,897.8356347438753
1036,1,16,427165.3,452,945.0559734513274
1036,1,17,458521.7,449,1021.2064587973274
1036,1,18,460375.2,448,1027.6232142857143
1036,1,19,464340.5,448,1036.474330357143
1036,1,20,463948.6,448,1035.5995535714285
1036,1,21,445578.1,448,994.5939732142857
1036,1,22,407251.5,445,915.1719101123596
1036,1,23,346218.3,447,774.5375838926175
1036,2,0,269497.3,443,608.3460496613995
1036,2,1,187632.8,444,422.59639639639636
1036,2,2,127858.9,446,286.6791479820628
1036,2,3,94966.3,448,211.97834821428572
1036,2,4,80688.4,448,180.1080357142857
1036,2,5,91639.6,448,204.55267857142857
1036,2,6,164515.2,448,367.2214285714286
1036,2,7,376434.444444,447,842.1352224697987
1036,2,8,444350.2,448,991.853125
1036,2,9,451375.25,448,1007.5340401785714
1036,2,10,460727.711111,448,1028.4100694441963
1036,2,11,456647.958334,445,1026.1751872674158
1036,2,12,466697.949604,451,1034.806983600887
1036,2,13,470225.709525,451,1042.629067682927
1036,2,14,462842.457143,450,1028.538793651111
1036,2,15,416312.471428,452,921.0452907699115
1036,2,16,435303.042857,451,965.195216977827
1036,2,17,455170.646033,448,1016.0059063236607
1036,2,18,442514.442857,452,979.014254108407
1036,2,19,456682.81428500003,452,1010.3602085951328
1036,2,20,461394.771428,451,1023.048273676275
1036,2,21,453162.600001,451,1004.7951219534368
1036,2,22,424169.242857,452,938.4275284446902
1036,2,23,360621.414286,448,804.95851403125
1036,3,0,283528.114286,442,641.4663219140272
1036,3,1,202386.028571,448,451.7545280602679
1036,3,2,138557.228571,448,309.27952806026786
1036,3,3,100339.914286,450,222.97758730222222
1036,3,4,83711.642857,454,184.38687853964757
1036,3,5,92371.085714,456,202.5681704254386
1036,3,6,161307.171429,455,354.5212558879121
1036,3,7,334552.485714,455,735.2801883824176
1036,3,8,419726.514285,456,920.4528822039473
1036,3,9,446486.3,455,981.2885714285715
1036,3,10,470811.642858,456,1032.4816729342106
1036,3,11,477565.114286,455,1049.5936577714285
1036,3,12,484456.299999,456,1062.4041666644737
1036,3,13,494925.214285,456,1085.3623120285088
1036,3,14,467347.285715,456,1024.884398497807
1036,3,15,371663.514286,456,815.0515664166667
1036,3,16,381458.757142,456,836.5323621535088
1036,3,17,424154.842857,456,930.1641290723685
1036,3,18,457058.1,456,1002.3203947368421
1036,3,19,468761.557142,456,1027.9858709254386
1036,3,20,471293.085714,456,1033.5374686710527
1036,3,21,458419.342858,456,1005.3055764429824
1036,3,22,442342.857143,456,970.0501253135965
1036,3,23,417596.8,456,915.7824561403509
1036,4,0,364444.542857,450,809.8767619044445
1036,4,1,285128.371428,455,626.6557613802197
1036,4,2,199251.0,456,436.95394736842104
1036,4,3,142491.342858,454,313.85758338766516
1036,4,4,110592.214286,452,244.67304045575221
1036,4,5,104601.085715,449,232.96455615812917
1036,4,6,135197.285714,452,299.1090391902655
1036,4,7,171552.671429,452,379.54130847123895
1036,4,8,218157.4,452,482.64911504424776
1036,4,9,243248.071428,452,538.1594500619469
1036,4,10,313353.914285,455,688.6899215054946
1036,4,11,379460.114286,456,832.1493734342106
1036,4,12,414760.328571,456,909.5621240592105
1036,4,13,412097.228572,456,903.7219924824561
1036,4,14,349451.871428,453,771.4169347196467
1036,4,15,295454.257142,455,649.3500156967033
1036,4,16,314670.171428,456,690.0661654122806
1036,4,17,369961.4,458,807.7759825327512
1036,4,18,429333.285714,454,945.6680302070484
1036,4,19,472897.928572,460,1028.0389751565217
1036,4,20,471094.414285,460,1024.1182919239131
1036,4,21,447013.542857,460,971.7685714282609
1036,4,22,430816.714285,460,936.5580745326087
1036,4,23,387915.571429,460,843.2947204978261
1036,5,0,315590.757142,456,692.0849937324562
1036,5,1,216476.114286,460,470.60024844782606
1036,5,2,138226.328571,457,302.46461394091904
1036,5,3,102426.342858,459,223.1510737647059
1036,5,4,87223.757143,460,189.61686335434783
1036,5,5,97423.598412,460,211.79043133043479
1036,5,6,168722.576191,457,369.19600917067834
1036,5,7,389372.199999,458,850.157641919214
1036,5,8,451009.557143,459,982.5916277625273
1036,5,9,452921.685714,459,986.7574852156863
1036,5,10,459794.4,455,1010.537142857143
1036,5,11,470941.725,460,1023.7863586956521
1036,5,12,472510.1,458,1031.681441048035
1036,5,13,476119.7,459,1037.2978213507627
1036,5,14,468299.144444,460,1018.0416183565217
1036,5,15,411514.780555,460,894.5973490326087
1036,5,16,429447.4,460,933.5813043478262
1036,5,17,462830.4,460,1006.1530434782609
1036,5,18,457839.3,460,995.3028260869565
1036,5,19,469778.8,460,1021.2582608695652
1036,5,20,471405.3,460,1024.7941304347826
1036,5,21,450235.5,460,978.7728260869566
1036,5,22,410383.2,460,892.1373913043478
1036,5,23,338158.9,460,735.1280434782609
1036,6,0,254218.4,440,577.7690909090909
1036,6,1,185368.7,451,411.01707317073175
1036,6,2,130370.8,452,288.4309734513274
1036,6,3,99254.7,452,219.5900442477876
1036,6,4,88835.3,452,196.5382743362832
1036,6,5,97758.6,452,216.28008849557523
1036,6,6,170199.5,452,376.5475663716814
1036,6,7,382284.7,452,845.762610619469
1036,6,8,443456.5,452,981.0984513274336
1036,6,9,453741.1,454,999.4297356828193
1036,6,10,467770.6,456,1025.8127192982456
1036,6,11,473065.1,456,1037.4234649122807
1036,6,12,481148.9,460,1045.9758695652174
1036,6,13,482052.9,456,1057.133552631579
1036,6,14,465932.042857,455,1024.0264678175824
1036,6,15,407547.4,454,897.6814977973569
1036,6,16,433095.7,456,949.7712719298246
1036,6,17,465585.1,454,1025.5178414096915
1036,6,18,463074.1,451,1026.7718403547672
1036,6,19,467255.139286,454,1029.1963420396476
1036,6,20,470758.0,456,1032.3640350877192
1036,6,21,453784.9,456,995.1423245614036
1036,6,22,415832.5,456,911.9133771929825
1036,6,23,342166.8,454,753.6713656387665
1037,0,0,65353.0,221,295.71493212669685
1037,0,1,40219.0,224,179.54910714285714
1037,0,2,20664.0,224,92.25
1037,0,3,11591.0,224,51.745535714285715
1037,0,4,7117.8,224,31.775892857142857
1037,0,5,9468.8,224,42.271428571428565
1037,0,6,34998.905556,224,156.2451140892857
1037,0,7,109813.0,224,490.23660714285717
1037,0,8,125572.0,220,570.7818181818182
1037,0,9,129799.0,220,589.9954545454545
1037,0,10,136966.0,224,611.4553571428571
1037,0,11,136660.0,224,610.0892857142857
1037,0,12,135233.0,222,609.1576576576576
1037,0,13,131043.0,220,595.65
1037,0,14,124851.0,220,567.5045454545455
1037,0,15,113270.0,218,519.5871559633027
1037,0,16,122889.5,220,558.5886363636364
1037,0,17,133326.7,220,606.0304545454546
1037,0,18,134310.0,220,610.5
1037,0,19,134437.0,220,611.0772727272728
1037,0,20,131835.0,220,599.25
1037,0,21,125150.0,220,568.8636363636364
1037,0,22,115037.0,220,522.8954545454545
1037,0,23,93096.0,224,415.60714285714283
1037,1,0,66345.0,218,304.3348623853211
1037,1,1,39474.0,220,179.42727272727274
1037,1,2,20276.0,220,92.16363636363636
1037,1,3,10270.0,220,46.68181818181818
1037,1,4,6833.0,219,31.200913242009133
1037,1,5,10298.1,217,47.45668202764977
1037,1,6,34717.3,220,157.8059090909091
1037,1,7,106531.0,220,484.2318181818182
1037,1,8,122788.0,220,558.1272727272727
1037,1,9,124845.2,217,575.3235023041475
1037,1,10,127974.4,215,595.2297674418604
1037,1,11,129493.0,214,605.107476635514
1037,1,12,127947.0,212,603.5235849056604
1037,1,13,125773.0,213,590.4835680751173
1037,1,14,119820.0,216,554.7222222222222
1037,1,15,108499.2,216,502.3111111111111
1037,1,16,118737.0,216,549.7083333333334
1037,1,17,128953.0,216,597.0046296296297
1037,1,18,130598.0,214,610.2710280373832
1037,1,19,130359.0,212,614.9009433962265
1037,1,20,126768.0,212,597.9622641509434
1037,1,21,120984.0,212,570.6792452830189
1037,1,22,110675.0,212,522.0518867924528
1037,1,23,89273.0,215,415.2232558139535
1037,2,0,64850.0,207,313.2850241545894
1037,2,1,41492.0,210,197.58095238095237
1037,2,2,23966.0,212,113.04716981132076
1037,2,3,14340.0,212,67.64150943396227
1037,2,4,9098.0,212,42.91509433962264
1037,2,5,10169.4,212,47.9688679245283
1037,2,6,34309.6,212,161.8377358490566
1037,2,7,103737.0,212,489.32547169811323
1037,2,8,122607.0,212,578.3349056603773
1037,2,9,126482.0,212,596.6132075471698
1037,2,10,131522.0,212,620.3867924528302
1037,2,11,131171.0,212,618.7311320754717
1037,2,12,129747.0,212,612.0141509433962
1037,2,13,126931.0,212,598.7311320754717
1037,2,14,121131.0,212,571.372641509434
1037,2,15,113116.4,212,533.5679245283019
1037,2,16,121819.0,211,577.3412322274881
1037,2,17,130730.0,211,619.5734597156398
1037,2,18,133224.0,216,616.7777777777778
1037,2,19,131946.0,216,610.8611111111111
1037,2,20,127841.0,216,591.8564814814815
1037,2,21,126949.0,219,579.675799086758
1037,2,22,117935.0,220,536.0681818181819
1037,2,23,96526.0,220,438.75454545454545
1037,3,0,74551.0,222,335.81531531531533
1037,3,1,45898.0,224,204.90178571428572
1037,3,2,23574.0,224,105.24107142857143
1037,3,3,12825.0,225,57.0
1037,3,4,7959.0,224,35.53125
1037,3,5,10147.7,224,45.30223214285714
1037,3,6,32732.8,223,146.78385650224214
1037,3,7,88448.444444,223,396.62979571300446
1037,3,8,116540.0,223,522.6008968609865
1037,3,9,127517.0,221,577.0
1037,3,10,135669.0,220,616.6772727272727
1037,3,11,137940.0,222,621.3513513513514
1037,3,12,135908.0,224,606.7321428571429
1037,3,13,133131.0,224,594.3348214285714
1037,3,14,123362.0,224,550.7232142857143
1037,3,15,102577.0,224,457.9330357142857
1037,3,16,109506.0,224,488.86607142857144
1037,3,17,120432.0,224,537.6428571428571
1037,3,18,128000.0,224,571.4285714285714
1037,3,19,132321.0,224,590.71875
1037,3,20,133445.0,224,595.7366071428571
1037,3,21,127740.0,224,570.2678571428571
1037,3,22,119428.0,224,533.1607142857143
1037,3,23,106357.0,224,474.8080357142857
1037,4,0,91351.0,221,413.3529411764706
1037,4,1,67849.0,224,302.89732142857144
1037,4,2,38636.0,224,172.48214285714286
1037,4,3,20807.0,224,92.88839285714286
1037,4,4,12676.0,224,56.589285714285715
1037,4,5,13249.0,223,59.412556053811656
1037,4,6,26132.0,224,116.66071428571429
1037,4,7,47494.0,224,212.02678571428572
1037,4,8,66880.0,224,298.57142857142856
1037,4,9,71370.0,224,318.61607142857144
1037,4,10,90648.0,224,404.67857142857144
1037,4,11,109224.0,224,487.60714285714283
1037,4,12,117396.0,224,524.0892857142857
1037,4,13,114367.0,224,510.5669642857143
1037,4,14,96743.0,224,431.88839285714283
1037,4,15,82023.0,224,366.17410714285717
1037,4,16,84212.0,222,379.3333333333333
1037,4,17,98781.0,225,439.02666666666664
1037,4,18,115087.0,224,513.78125
1037,4,19,127748.0,224,570.3035714285714
1037,4,20,129741.0,224,579.2008928571429
1037,4,21,121503.0,224,542.4241071428571
1037,4,22,112451.0,224,502.01339285714283
1037,4,23,97260.0,224,434.19642857142856
1037,5,0,76036.0,222,342.5045045045045
1037,5,1,45095.0,224,201.31696428571428
1037,5,2,21578.0,221,97.63800904977376
1037,5,3,10937.0,220,49.71363636363636
1037,5,4,6598.9,220,29.994999999999997
1037,5,5,9990.2,223,44.799103139013454
1037,5,6,35371.3,224,157.9075892857143
1037,5,7,110580.0,224,493.6607142857143
1037,5,8,128302.0,224,572.7767857142857
1037,5,9,132783.0,224,592.78125
1037,5,10,137591.0,224,614.2455357142857
1037,5,11,137981.0,224,615.9866071428571
1037,5,12,136154.0,224,607.8303571428571
1037,5,13,130062.144444,222,585.8655155135135
1037,5,14,123814.222222,224,552.7420634910715
1037,5,15,113795.7,224,508.01651785714284
1037,5,16,124155.5,221,561.789592760181
1037,5,17,139563.9,224,623.053125
1037,5,18,139107.8,224,621.0169642857143
1037,5,19,136774.0,220,621.7
1037,5,20,133367.2,220,606.2145454545455
1037,5,21,125744.0,220,571.5636363636364
1037,5,22,113753.0,220,517.0590909090909
1037,5,23,89163.0,220,405.28636363636366
1037,6,0,63350.0,215,294.6511627906977
1037,6,1,39685.0,220,180.38636363636363
1037,6,2,19809.0,219,90.45205479452055
1037,6,3,10515.0,216,48.68055555555556
1037,6,4,6725.3,217,30.99216589861751
1037,6,5,9771.9,220,44.41772727272727
1037,6,6,34602.9,220,157.2859090909091
1037,6,7,106544.1,220,484.29136363636366
1037,6,8,124612.0,218,571.6146788990826
1037,6,9,130386.0,220,592.6636363636363
1037,6,10,136013.0,220,618.2409090909091
1037,6,11,136624.0,220,621.0181818181818
1037,6,12,135642.0,220,616.5545454545454
1037,6,13,131368.0,220,597.1272727272727
1037,6,14,124507.0,221,563.3800904977376
1037,6,15,112707.0,220,512.3045454545454
1037,6,16,123315.0,220,560.5227272727273
1037,6,17,134489.0,220,611.3136363636364
1037,6,18,134409.0,218,616.5550458715596
1037,6,19,133259.0,217,614.0967741935484
1037,6,20,129436.6,215,602.0306976744187
1037,6,21,124422.0,218,570.743119266055
1037,6,22,114409.0,220,520.040909090909
1037,6,23,90883.0,220,413.1045454545455
1038,0,0,117357.710263,344,341.15613448546515
1038,0,1,67466.341022,350,192.7609743485714
1038,0,2,33438.85641,350,95.53958974285715
1038,0,3,19836.941023,348,57.00270408908046
1038,0,4,13116.276925,348,37.690450933908046
1038,0,5,18606.664106,348,53.467425591954026
1038,0,6,71307.70769,348,204.90720600574713
1038,0,7,210287.7,348,604.275
1038,0,8,245873.025638,348,706.531682867816
1038,0,9,252801.858972,348,726.4421234827586
1038,0,10,260892.402568,348,749.6908119770114
1038,0,11,261951.792304,348,752.7350353563219
1038,0,12,266198.076919,348,764.9370026408046
1038,0,13,261484.299999,346,755.7349710953757
1038,0,14,257715.717946,348,740.5624078908046
1038,0,15,226191.879477,345,655.6286361652175
1038,0,16,239050.07179299998,348,686.9254936580459
1038,0,17,258080.074356,348,741.6094090689655
1038,0,18,256494.16154,346,741.3126056069365
1038,0,19,259349.048716,348,745.2558871149425
1038,0,20,264181.615384,348,759.1425729425288
1038,0,21,260032.805124,348,747.2207043793104
1038,0,22,233005.212818,348,669.5552092471264
1038,0,23,176946.664101,348,508.4674255775862
1038,1,0,121432.948724,342,355.06710153216375
1038,1,1,69385.848724,344,201.70304861627906
1038,1,2,35247.943595,344,102.4649523110465
1038,1,3,20041.628199,344,58.260547090116276
1038,1,4,14652.489735000001,344,42.59444690406977
1038,1,5,21565.989985,344,62.691831351744185
1038,1,6,73806.869231,344,214.5548524156977
1038,1,7,208894.538466,344,607.2515653081396
1038,1,8,241609.810256,344,702.3540995813953
1038,1,9,247712.141023,341,726.4285660498534
1038,1,10,254911.08462,340,749.7384841764706
1038,1,11,253280.942308,340,744.9439479647059
1038,1,12,259464.625643,340,763.1312518911765
1038,1,13,257132.292304,341,754.0536431202346
1038,1,14,253743.800004,344,737.6273255930232
1038,1,15,223164.846158,345,646.8546265449276
1038,1,16,234818.284621,348,674.7651856925287
1038,1,17,256756.38461100002,348,737.8057029051724
1038,1,18,259705.06154,348,746.2789124712643
1038,1,19,264126.153838,348,758.9832006839081
1038,1,20,265447.107698,348,762.7790451091953
1038,1,21,258686.292305,348,743.3514146695403
1038,1,22,232233.723078,345,673.1412263130435
1038,1,23,176520.184615,346,510.17394397398846
1038,2,0,124346.32307700001,343,362.5257232565598
1038,2,1,71692.07692200001,344,208.4072003546512
1038,2,2,37643.553851000004,344,109.4289356133721
1038,2,3,23212.996965,344,67.47964234011627
1038,2,4,16075.876923,344,46.73220035755814
1038,2,5,22137.966661,344,64.35455424709302
1038,2,6,72292.17693,343,210.76436422740525
1038,2,7,201780.384621,342,590.0011246228071
1038,2,8,241619.861532,346,698.3232992254335
1038,2,9,252479.123081,348,725.5147214971264
1038,2,10,259740.330774,346,750.6945976127167
1038,2,11,259501.30769400002,346,750.0037794624278
1038,2,12,266195.138458,348,764.9285587873562
1038,2,13,261753.369233,347,754.3324761757925
1038,2,14,255883.061544,346,739.5464206473988
1038,2,15,230194.89231,348,661.4795756034482
1038,2,16,240555.753849,347,693.2442474034582
1038,2,17,257559.615387,347,742.246730221902
1038,2,18,257874.076927,348,741.017462433908
1038,2,19,257909.400005,348,741.1189655316092
1038,2,20,261746.66153800001,347,754.3131456426513
1038,2,21,262789.046153,347,757.317135887608
1038,2,22,240872.261536,348,692.1616710804598
1038,2,23,186569.061547,344,542.3519231017442
1038,3,0,135444.818803,341,397.1988821202346
1038,3,1,78784.892307,344,229.02584972965116
1038,3,2,39330.846167,343,114.66718999125365
1038,3,3,21977.200002,342,64.26081871929824
1038,3,4,14816.946163,349,42.45543313180516
1038,3,5,20161.674356,352,57.27748396590909
1038,3,6,65660.861538,351,187.0679815897436
1038,3,7,176703.476928,351,503.42870919658117
1038,3,8,227278.584624,352,645.6777972272728
1038,3,9,253902.49230800002,351,723.368923954416
1038,3,10,265241.307694,351,755.6732412934473
1038,3,11,266898.907689,351,760.3957484017094
1038,3,12,270326.500008,352,767.9730113863636
1038,3,13,278026.789742,352,789.8488344943181
1038,3,14,262335.015378,352,745.2699300511363
1038,3,15,204756.38974400001,352,581.6942890454546
1038,3,16,210399.246156,352,597.7251311250001
1038,3,17,237143.307681,352,673.7025786392046
1038,3,18,252993.679488,352,718.732044
1038,3,19,261842.287185,349,750.2644331948424
1038,3,20,267233.928197,351,761.3502227834758
1038,3,21,255371.989745,352,725.4886072301136
1038,3,22,237034.753849,352,673.3941870710228
1038,3,23,199566.482044,352,566.9502330795455
1038,4,0,163325.707697,347,470.6792729020173
1038,4,1,114357.169229,352,324.8783216732955
1038,4,2,65093.369228,352,184.92434439772728
1038,4,3,35353.984616,350,101.01138461714287
1038,4,4,22174.492306,348,63.7198054770115
1038,4,5,23184.323067,348,66.62161800862069
1038,4,6,46788.430766,348,134.4495136954023
1038,4,7,86397.338454,348,248.26821394827584
1038,4,8,120820.969225,348,347.18669317528736
1038,4,9,136889.092305,348,393.3594606465517
1038,4,10,176521.261543,351,502.90957704558406
1038,4,11,211389.55384,352,600.5385052272727
1038,4,12,226655.907698,352,643.9088286875
1038,4,13,220434.41537899998,352,626.2341345994317
1038,4,14,184678.953835,349,529.1660568338109
1038,4,15,149326.29231,352,424.22242133522724
1038,4,16,156358.802563,352,444.2011436448864
1038,4,17,184254.825644,356,517.5697349550562
1038,4,18,215684.492311,353,611.004227509915
1038,4,19,242426.046157,356,680.972039766854
1038,4,20,246433.576922,356,692.2291486573034
1038,4,21,231598.751284,356,650.5582901235955
1038,4,22,216135.858975,356,607.1231993679776
1038,4,23,189317.046144,356,531.7894554606742
1038,5,0,142416.041027,353,403.4448754305949
1038,5,1,81371.787182,356,228.57243590449437
1038,5,2,37385.066669,356,105.01423221629213
1038,5,3,19534.384612,354,55.181877435028255
1038,5,4,13136.815391,356,36.90116682865168
1038,5,5,19090.33846,356,53.62454623595505
1038,5,6,70706.635034,356,198.6141433539326
1038,5,7,210659.256406,356,591.7394842865168
1038,5,8,244223.738464,355,687.9541928563381
1038,5,9,252684.671796,355,711.7878078760564
1038,5,10,260811.923073,356,732.6177614410112
1038,5,11,263575.720509,356,740.3812373848315
1038,5,12,267880.914453,356,752.4744788005618
1038,5,13,263476.769233,356,740.1032843623595
1038,5,14,256825.26153699998,356,721.419273980337
1038,5,15,229502.574355,356,644.6701526825842
1038,5,16,239450.166658,356,672.6128276910113
1038,5,17,260866.846152,356,732.7720397528091
1038,5,18,261206.561545,356,733.7262964747191
1038,5,19,261269.95641,356,733.9043719382023
1038,5,20,264425.314096,356,742.7677362247191
1038,5,21,259474.025647,356,728.8596226039326
1038,5,22,232242.742317,356,652.3672536994382
1038,5,23,171595.576926,356,482.01004754494386
1038,6,0,114989.753842,347,331.3825759135447
1038,6,1,66297.861543,351,188.88279641880342
1038,6,2,32657.907691,348,93.84456233045977
1038,6,3,17437.035893,348,50.106424979885055
1038,6,4,12439.735894,348,35.74636751149425
1038,6,5,18538.548721,348,53.27169172701149
1038,6,6,70349.120512,348,202.15264514942527
1038,6,7,204739.446154,348,588.331741821839
1038,6,8,240590.646156,348,691.3524314827587
1038,6,9,250757.876922,348,720.5686118448276
1038,6,10,257389.084618,348,739.6238063735632
1038,6,11,257752.40257,348,740.6678234770116
1038,6,12,262907.794874,348,755.4821691781609
1038,6,13,260431.207687,346,752.6913516965318
1038,6,14,254379.461537,349,728.8809786160458
1038,6,15,218861.479487,348,628.9122973764368
1038,6,16,234501.848718,348,673.8558871206897
1038,6,17,257925.5,347,743.3011527377522
1038,6,18,258283.995727,345,748.6492629768115
1038,6,19,259652.633325,345,752.6163284782609
1038,6,20,262911.079489,348,755.4916077270116
1038,6,21,257552.346153,348,740.0929487155172
1038,6,22,232901.917948,348,669.258384908046
1038,6,23,173716.469236,348,499.1852564252874
1039,0,0,164972.636365,452,364.9837087721239
1039,0,1,99516.09091,457,217.75949870897156
1039,0,2,55883.527275,456,122.5515949013158
1039,0,3,45316.927275,456,99.37922648026316
1039,0,4,54488.836365,456,119.49306220394737
1039,0,5,61136.957573,456,134.07227537938596
1039,0,6,126336.327271,456,277.0533492785088
1039,0,7,245703.533334,452,543.5918879070797
1039,0,8,290754.818181,451,644.6891755676276
1039,0,9,308669.818182,452,682.8978278362832
1039,0,10,319389.000003,454,703.5000000066079
1039,0,11,325585.818179,456,714.0039872346491
1039,0,12,324224.090906,456,711.0177432149122
1039,0,13,324617.857142,456,711.8812656622807
1039,0,14,318226.727273,456,697.8656299846491
1039,0,15,288849.363636,453,637.6365643178808
1039,0,16,298976.727273,455,657.0917082923077
1039,0,17,319473.454546,453,705.23941400883
1039,0,18,325011.818181,456,712.7452153092105
1039,0,19,323701.999999,456,709.8728070153509
1039,0,20,319415.81818,456,700.4732854824562
1039,0,21,304387.272727,456,667.5159489627193
1039,0,22,280820.545454,456,615.834529504386
1039,0,23,231314.27273,456,507.2681419517544
1039,1,0,166241.909094,450,369.4264646533333
1039,1,1,98870.181818,452,218.73934030530972
1039,1,2,54166.0,449,120.6369710467706
1039,1,3,42415.545456,448,94.67755682142857
1039,1,4,50669.418178,448,113.10137986160714
1039,1,5,58764.090908,448,131.1698457767857
1039,1,6,123060.327269,447,275.30274556823264
1039,1,7,243193.224238,447,544.0564300626398
1039,1,8,286653.030302,447,641.28194698434
1039,1,9,294238.703034,433,679.5351109330254
1039,1,10,300647.484849,431,697.557969487239
1039,1,11,309939.321215,437,709.2432979748284
1039,1,12,312345.636361,441,708.2667491179138
1039,1,13,311191.181815,441,705.6489383560091
1039,1,14,308798.381816,444,695.4918509369369
1039,1,15,281854.036366,444,634.8063882117117
1039,1,16,292627.163636,444,659.0701883693694
1039,1,17,313900.824245,445,705.3951106629214
1039,1,18,319617.454549,448,713.4318181897322
1039,1,19,318181.72727,447,711.8159446756151
1039,1,20,312985.345456,448,698.62800325
1039,1,21,299524.545453,448,668.581574671875
1039,1,22,273528.090906,445,614.6698672044944
1039,1,23,228419.727273,447,511.0061012818792
1039,2,0,166988.272726,445,375.2545454516854
1039,2,1,101246.090906,448,225.99573862946428
1039,2,2,57505.818182,448,128.36120129910714
1039,2,3,46511.290906,448,103.81984577232143
1039,2,4,54740.927269,448,122.189569796875
1039,2,5,60226.963635,448,134.43518668526787
1039,2,6,123435.957573,448,275.5266910111607
1039,2,7,239495.436362,447,535.7839739642059
1039,2,8,285929.266669,448,638.2349702433036
1039,2,9,301930.627273,448,673.9522930200893
1039,2,10,311577.024242,447,697.040322689038
1039,2,11,316889.290908,449,705.766794895323
1039,2,12,316536.018183,450,703.41337374
1039,2,13,317651.181818,449,707.4636566102449
1039,2,14,313371.909094,449,697.9329823919821
1039,2,15,286720.115152,450,637.1558114488888
1039,2,16,298182.230304,451,661.1579385898006
1039,2,17,315679.0,452,698.4048672566372
1039,2,18,319697.751513,452,707.2959104269911
1039,2,19,317757.333336,452,703.0029498584071
1039,2,20,312086.333333,451,691.9874353281597
1039,2,21,301739.90909,451,669.0463616186253
1039,2,22,280735.454545,452,621.0961383738937
1039,2,23,238968.545454,448,533.4119318169643
1039,3,0,180954.181815,445,406.6386108202247
1039,3,1,112443.272727,448,250.98944805133928
1039,3,2,62891.727274,448,140.3833198080357
1039,3,3,47662.636364,450,105.91696969777777
1039,3,4,54698.654544,454,120.48161793832598
1039,3,5,60237.909092,456,132.10067783333335
1039,3,6,118630.38788,455,260.7261272087912
1039,3,7,224575.918183,455,493.57344655604396
1039,3,8,283179.599998,456,621.0078947324562
1039,3,9,310634.818179,455,682.7138861076922
1039,3,10,323043.090912,456,708.4278309473684
1039,3,11,325458.09091,455,715.2925074945056
1039,3,12,328360.81818,455,721.6721278681318
1039,3,13,328243.909093,452,726.2033387013274
1039,3,14,320258.63636,453,706.972707196468
1039,3,15,279394.90909,456,612.7081339692982
1039,3,16,287398.363635,455,631.6447552417583
1039,3,17,309345.272725,454,681.3772526982378
1039,3,18,320987.181816,456,703.9192583684211
1039,3,19,320936.636364,452,710.0368061150442
1039,3,20,315835.363634,455,694.1436563384616
1039,3,21,300923.272727,453,664.2897852693156
1039,3,22,283353.818183,456,621.3899521557018
1039,3,23,258731.090908,455,568.6397602373627
1039,4,0,220269.545455,451,488.40253981152995
1039,4,1,159263.27273,456,349.26156300438595
1039,4,2,97152.636367,456,213.05402712061402
1039,4,3,57129.454545,454,125.83580296255506
1039,4,4,37966.454547,452,83.9965808561947
1039,4,5,41618.454546,452,92.07622687168141
1039,4,6,79984.981819,452,176.95792437831858
1039,4,7,125474.181821,452,277.5977473915929
1039,4,8,160723.0,452,355.58185840707966
1039,4,9,196667.545452,452,435.1051890530973
1039,4,10,258266.727272,455,567.6191808175824
1039,4,11,295060.454544,453,651.3475817748343
1039,4,12,313552.636362,455,689.126673323077
1039,4,13,307051.545454,456,673.3586523114035
1039,4,14,268581.545456,456,588.9946172280702
1039,4,15,226669.545454,456,497.08233652192985
1039,4,16,236710.181818,456,519.1012759166667
1039,4,17,274526.727273,460,596.7972332021739
1039,4,18,298241.272728,456,654.0378787894737
1039,4,19,316929.181818,460,688.9764822130435
1039,4,20,312001.727273,460,678.2646245065217
1039,4,21,292535.909093,460,635.9476284630434
1039,4,22,279465.909094,460,607.5345849869565
1039,4,23,254198.909092,460,552.6063241130435
1039,5,0,200329.636365,456,439.3193779934211
1039,5,1,120077.363637,460,261.03774703695655
1039,5,2,62192.545456,457,136.08872091028445
1039,5,3,47094.727273,459,102.60289166230936
1039,5,4,55433.327275,460,120.50723320652175
1039,5,5,59746.581816,460,129.88387351304348
1039,5,6,126022.181819,460,273.96126482391304
1039,5,7,249274.181819,460,541.9003952586957
1039,5,8,294656.01818,459,641.9521093246187
1039,5,9,308560.181816,456,676.667065385965
1039,5,10,316323.181818,454,696.7470965154184
1039,5,11,325292.181819,459,708.697563875817
1039,5,12,323793.727274,458,706.9732036550218
1039,5,13,324204.181819,459,706.3271935054466
1039,5,14,318603.454545,460,692.6162055326087
1039,5,15,289924.363637,460,630.2703557326087
1039,5,16,299762.181819,460,651.6569169978261
1039,5,17,322289.818182,460,700.630039526087
1039,5,18,327068.636362,460,711.0187747
1039,5,19,326002.272726,460,708.7005928826087
1039,5,20,320640.454547,460,697.0444664065218
1039,5,21,303533.727272,457,664.1875870284464
1039,5,22,276873.636363,458,604.5275903122272
1039,5,23,224348.272729,460,487.7136363673913
1039,6,0,159192.0,445,357.7348314606742
1039,6,1,97778.636364,456,214.42683413157897
1039,6,2,55465.636362,456,121.6351674605263
1039,6,3,43459.363637,456,95.30562201096491
1039,6,4,52001.81818,456,114.03907495614035
1039,6,5,60207.745456000004,456,132.03452950877193
1039,6,6,125239.769695,456,274.648617752193
1039,6,7,243612.563636,456,534.2380781491228
1039,6,8,292161.563635,456,640.7051834100878
1039,6,9,306787.909089,455,674.2591408549451
1039,6,10,320221.363637,456,702.2398325372807
1039,6,11,323139.909092,456,708.6401515175438
1039,6,12,326387.090908,460,709.5371541478261
1039,6,13,325404.454545,456,713.6062599671052
1039,6,14,316440.999999,455,695.4747252725275
1039,6,15,289279.454544,456,634.384768736842
1039,6,16,302363.09091,456,663.07695375
1039,6,17,322464.454547,456,707.1588915504386
1039,6,18,321497.961039,448,717.6293773191965
1039,6,19,321767.090909,452,711.8740949314159
1039,6,20,316527.636362,454,697.197436920705
1039,6,21,301604.818181,453,665.7943006203091
1039,6,22,279601.09091,456,613.1602870833334
1039,6,23,229221.545457,456,502.6788277565789
1040,0,0,108800.088889,253,430.03987703162056
1040,0,1,63673.633333,256,248.72513020703124
1040,0,2,34468.233334,256,134.6415364609375
1040,0,3,22756.277777,256,88.89171006640625
1040,0,4,20926.055555,256,81.74240451171875
1040,0,5,33784.544444,256,131.970876734375
1040,0,6,79754.277778,254,313.9932195984252
1040,0,7,174537.122223,256,681.7856336835938
1040,0,8,204204.144445,256,797.6724392382813
1040,0,9,205660.200001,256,803.3601562539062
1040,0,10,202500.022222,254,797.244181976378
1040,0,11,201716.6,256,787.95546875
1040,0,12,203343.888889,256,794.3120659726562
1040,0,13,204953.911111,256,800.6012152773437
1040,0,14,203851.64444499998,256,796.2954861132812
1040,0,15,184871.344444,256,722.153689234375
1040,0,16,193705.866667,254,762.6215223110236
1040,0,17,202657.911111,256,791.6324652773437
1040,0,18,198419.588888,256,775.07651909375
1040,0,19,196930.099999,255,772.2749019568628
1040,0,20,197937.322222,256,773.1926649296875
1040,0,21,192355.222223,256,751.3875868085937
1040,0,22,180337.344445,256,704.4427517382812
1040,0,23,152241.244445,256,594.6923611132812
1040,1,0,108250.599999,250,433.002399996
1040,1,1,63366.622223,248,255.5105734798387
1040,1,2,33865.688889,251,134.92306330278885
1040,1,3,21213.022222,252,84.17865961111112
1040,1,4,21059.266667,252,83.56851851984126
1040,1,5,34035.477778,252,135.06141975396827
1040,1,6,80699.533334,252,320.2362433888889
1040,1,7,169466.833333,252,672.4874338611111
1040,1,8,198138.933333,252,786.2656084642857
1040,1,9,197086.777777,249,791.5131637630523
1040,1,10,198640.855554,252,788.2573633095238
1040,1,11,193888.666666,248,781.8091397822581
1040,1,12,200875.533333,252,797.1251322738095
1040,1,13,199222.477777,252,790.5653880039682
1040,1,14,201370.811111,256,786.6047309023437
1040,1,15,183215.500001,256,715.6855468789063
1040,1,16,191226.14444499998,256,746.9771267382812
1040,1,17,199077.4,256,777.64609375
1040,1,18,198475.2,256,775.29375
1040,1,19,195000.088889,255,764.7062309372549
1040,1,20,196361.3,252,779.2115079365079
1040,1,21,193018.3,252,765.9456349206349
1040,1,22,181015.455555,251,721.1771137649403
1040,1,23,153274.666666,254,603.4435695511811
1040,2,0,112397.566666,252,446.0220899444444
1040,2,1,65722.933333,252,260.80529100396825
1040,2,2,36811.599999,252,146.07777777380952
1040,2,3,24843.511111,252,98.5853615515873
1040,2,4,22193.177778,252,88.06816578571429
1040,2,5,35587.555557,252,141.22045855952382
1040,2,6,81496.966666,252,323.40066137301585
1040,2,7,169697.544444,252,673.4029541428571
1040,2,8,199404.4,252,791.2873015873016
1040,2,9,202637.733333,252,804.1179894166667
1040,2,10,200740.022222,249,806.1848282008032
1040,2,11,198810.233334,250,795.240933336
1040,2,12,200891.244444,252,797.187477952381
1040,2,13,201527.177778,252,799.7110229285714
1040,2,14,199002.277778,250,796.0091111119999
1040,2,15,180416.077779,247,730.4294646923078
1040,2,16,191243.244445,249,768.0451584136546
1040,2,17,197524.733334,251,786.9511288207171
1040,2,18,193655.6,250,774.6224
1040,2,19,193440.422222,252,767.6207231031746
1040,2,20,193358.311111,251,770.3518370956175
1040,2,21,191847.644444,252,761.3001763650794
1040,2,22,183526.688889,252,728.2805114642857
1040,2,23,156859.766667,248,632.499059141129
1040,3,0,118957.088889,246,483.5654019878049
1040,3,1,70130.644445,248,282.7848566330645
1040,3,2,35920.055555,248,144.83893368951613
1040,3,3,21438.777778,250,85.755111112
1040,3,4,22496.933334,254,88.57060367716537
1040,3,5,35333.733334000004,256,138.02239583593752
1040,3,6,73908.711111,256,288.70590277734374
1040,3,7,147434.155556,256,575.914670140625
1040,3,8,195069.755557,256,761.9912326445312
1040,3,9,205207.488889,255,804.735250545098
1040,3,10,205862.333333,256,804.1497395820312
1040,3,11,200195.422222,255,785.080087145098
1040,3,12,203634.066666,256,795.4455729140625
1040,3,13,213805.944444,256,835.179470484375
1040,3,14,211886.111111,255,830.9259259254902
1040,3,15,186341.111111,255,730.749455337255
1040,3,16,192052.511111,256,750.2051215273437
1040,3,17,198213.633332,256,774.272005203125
1040,3,18,198663.311111,256,776.0285590273437
1040,3,19,196845.888888,253,778.0469916521739
1040,3,20,200419.177778,256,782.8874131953125
1040,3,21,197349.322222,256,770.8957899296875
1040,3,22,186747.244444,256,729.481423609375
1040,3,23,168500.8,256,658.20625
1040,4,0,141131.344444,252,560.0450176349206
1040,4,1,98742.933334,256,385.7145833359375
1040,4,2,58795.644444,256,229.670486109375
1040,4,3,35090.166665,256,137.07096353515624
1040,4,4,26826.977778,256,104.7928819453125
1040,4,5,33017.577778,256,128.9749131953125
1040,4,6,51188.455555,257,199.17686986381324
1040,4,7,78553.766667,254,309.2667979015748
1040,4,8,98265.9,251,391.49760956175294
1040,4,9,124056.966667,251,494.2508632151394
1040,4,10,165675.111111,256,647.1684027773438
1040,4,11,191258.911111,255,750.0349455333333
1040,4,12,201897.477777,256,788.6620225664062
1040,4,13,200070.355555,256,781.5248263867187
1040,4,14,176683.322222,256,690.1692274296875
1040,4,15,151396.522221,254,596.0493000826772
1040,4,16,159584.900001,256,623.3785156289063
1040,4,17,182654.588889,260,702.5176495730769
1040,4,18,194211.633333,257,755.687289233463
1040,4,19,204841.411112,260,787.8515812
1040,4,20,206057.322222,260,792.5281623923076
1040,4,21,193977.055555,260,746.0655982884615
1040,4,22,186496.8,260,717.2953846153846
1040,4,23,168920.799999,260,649.6953846115385
1040,5,0,131584.122222,258,510.0159776046512
1040,5,1,77318.111112,260,297.37735043076924
1040,5,2,39468.133332,258,152.9772609767442
1040,5,3,26480.377778000002,260,101.84760683846154
1040,5,4,24050.933334,260,92.50358974615385
1040,5,5,37130.255556000004,260,142.80867521538462
1040,5,6,85524.777778,260,328.9414529923077
1040,5,7,175382.98889,260,674.5499572692308
1040,5,8,207448.744444,260,797.8797863230769
1040,5,9,209173.744445,260,804.5144017115384
1040,5,10,207321.677778,260,797.3910683769232
1040,5,11,205715.233333,260,791.2124358961539
1040,5,12,204792.088889,260,787.6618803423078
1040,5,13,203611.422222,257,792.2623432762646
1040,5,14,203254.466668,260,781.747948723077
1040,5,15,183163.255556,259,707.1940368957529
1040,5,16,194308.355554,256,759.0170138828125
1040,5,17,202445.522222,256,790.8028211796875
1040,5,18,199930.655555,256,780.9791232617188
1040,5,19,197333.444445,256,770.8337673632813
1040,5,20,197008.244444,256,769.563454859375
1040,5,21,194590.433334,256,760.1188802109375
1040,5,22,181318.711111,256,708.2762152773438
1040,5,23,146987.355556,256,574.169357640625
1040,6,0,105646.866668,251,420.9038512669323
1040,6,1,65079.922224,256,254.2184461875
1040,6,2,36629.522223,256,143.08407118359375
1040,6,3,24519.122221999998,256,95.77782117968749
1040,6,4,23576.788889,256,92.09683159765625
1040,6,5,36356.533333,256,142.01770833203125
1040,6,6,82272.155555,256,321.37560763671877
1040,6,7,171906.544445,256,671.5099392382813
1040,6,8,202875.133333,256,792.4809895820313
1040,6,9,205770.944444,256,803.792751734375
1040,6,10,207213.633333,256,809.4282552070313
1040,6,11,203496.733333,256,794.9091145820313
1040,6,12,204613.955556,256,799.273263890625
1040,6,13,205348.611111,256,802.1430121523438
1040,6,14,201906.511111,257,785.6284479027237
1040,6,15,182364.288889,256,712.3605034726562
1040,6,16,191087.522222,255,749.3628322431373
1040,6,17,203498.611111,256,794.9164496523438
1040,6,18,198674.211111,256,776.0711371523438
1040,6,19,197244.444445,256,770.4861111132813
1040,6,20,198275.933333,256,774.5153645820312
1040,6,21,193542.977778,255,758.992069717647
1040,6,22,183560.31111,255,719.8443572941177
1040,6,23,151946.899999,256,593.5425781210937
1041,0,0,65767.555556,211,311.6945760947868
1041,0,1,38097.384922,219,173.96066174429222
1041,0,2,18678.722225,216,86.47556585648148
1041,0,3,10062.777778,216,46.586934157407406
1041,0,4,9097.0,212,42.910377358490564
1041,0,5,13057.666664,212,61.59276728301887
1041,0,6,40771.730156,212,192.3194818679245
1041,0,7,103805.333335,208,499.0641025721154
1041,0,8,126294.888888,207,610.1202361739131
1041,0,9,131081.666664,210,624.1984126857143
1041,0,10,139222.222222,214,650.5711318785047
1041,0,11,147284.11111,220,669.4732323181818
1041,0,12,151147.444447,221,683.9250879954751
1041,0,13,154399.222221,222,695.4919919864865
1041,0,14,143219.666667,225,636.5318518533334
1041,0,15,114237.88889,215,531.3390180930232
1041,0,16,123469.999998,220,561.2272727181818
1041,0,17,145956.000002,221,660.4343891493212
1041,0,18,160535.88889,224,716.6780754017857
1041,0,19,165807.99999799998,224,740.214285705357
1041,0,20,163802.222222,224,731.2599206339286
1041,0,21,152835.444444,224,682.3010912678571
1041,0,22,133058.333334,225,591.3703703733333
1041,0,23,101347.555556,224,452.4444444464286
1041,1,0,68247.444442,219,311.6321664018265
1041,1,1,38296.888892,220,174.0767676909091
1041,1,2,19140.333331,221,86.60784312669684
1041,1,3,10701.0,220,48.64090909090909
1041,1,4,9618.0,221,43.52036199095023
1041,1,5,14008.22222,220,63.67373736363636
1041,1,6,42262.694446,219,192.98033993607308
1041,1,7,105785.333335,219,483.0380517579909
1041,1,8,130095.88889,219,594.0451547488584
1041,1,9,131313.99999799998,214,613.6168224205607
1041,1,10,135444.55555699999,212,638.8894130047169
1041,1,11,141301.380951,212,666.5159478820755
1041,1,12,143629.444445,212,677.4973794575471
1041,1,13,143591.00000200002,209,687.0382775215312
1041,1,14,132414.694442,213,621.6652321220657
1041,1,15,110395.111111,211,523.1995787251185
1041,1,16,124675.91667,219,569.296423150685
1041,1,17,139445.333331,211,660.8783570189573
1041,1,18,149987.444445,211,710.8409689336493
1041,1,19,154722.222222,212,729.8218029339623
1041,1,20,152122.666668,212,717.5597484339622
1041,1,21,144030.222224,214,673.0384216074766
1041,1,22,126310.222226,215,587.4894057023256
1041,1,23,95746.222221,213,449.5127803802817
1041,2,0,67257.555557,213,315.763171629108
1041,2,1,39356.666664000004,217,181.36712748387097
1041,2,2,19844.444447,222,89.38938940090091
1041,2,3,11886.444444,219,54.27600202739726
1041,2,4,10318.476191,218,47.33245959174312
1041,2,5,14092.714283,220,64.05779219545454
1041,2,6,41621.793649,219,190.0538522785388
1041,2,7,102644.746035,218,470.8474588761468
1041,2,8,129873.269839,221,587.6618544751132
1041,2,9,135239.999999,221,611.9457013529411
1041,2,10,143401.297618,221,648.8746498552036
1041,2,11,148144.777776,220,673.3853535272727
1041,2,12,153075.888891,220,695.7994949590909
1041,2,13,155280.63492,223,696.325717130045
1041,2,14,140667.11111,223,630.7942202242152
1041,2,15,118144.682538,223,529.7967826816143
1041,2,16,126975.33333,224,566.8541666517857
1041,2,17,146013.11111,221,660.6928104524886
1041,2,18,156593.444445,221,708.5676219230769
1041,2,19,159222.000001,224,710.8125000044644
1041,2,20,159624.777777,221,722.2840623393665
1041,2,21,151515.539677,226,670.4227419336283
1041,2,22,132361.222225,223,593.5480817264574
1041,2,23,103408.444446,222,465.8038038108108
1041,3,0,73477.888889,216,340.1754115231481
1041,3,1,43845.333335999996,218,201.12538227522933
1041,3,2,21790.333332000002,217,100.41628263594471
1041,3,3,12278.999999,220,55.81363635909091
1041,3,4,10090.666663,223,45.24962629147982
1041,3,5,13635.166665,220,61.97803029545455
1041,3,6,37668.722222,222,169.6789289279279
1041,3,7,87206.444442,221,394.5992961176471
1041,3,8,121241.68254,227,534.1043283700441
1041,3,9,132756.015875,220,603.4364357954546
1041,3,10,145852.749996,222,656.9943693513513
1041,3,11,153111.333335,222,689.6906906981982
1041,3,12,153811.333334,219,702.3348554063926
1041,3,13,154986.0,215,720.8651162790698
1041,3,14,139427.936508,215,648.5020302697675
1041,3,15,112483.055556,219,513.6212582465754
1041,3,16,118806.333331,222,535.1636636531532
1041,3,17,141567.547618,224,631.9979804375
1041,3,18,152528.333331,221,690.1734539864253
1041,3,19,158406.11111,219,723.3155758447489
1041,3,20,156689.111113,220,712.2232323318182
1041,3,21,146759.444445,219,670.134449520548
1041,3,22,129258.222224,220,587.5373737454545
1041,3,23,109472.444444,221,495.35042734841625
1041,4,0,89510.111113,219,408.72196855251144
1041,4,1,61687.666664,220,280.3984848363636
1041,4,2,36045.33333,220,163.84242422727274
1041,4,3,19593.333332,219,89.46727548858446
1041,4,4,11684.444444,219,53.35362759817352
1041,4,5,11953.444441,217,55.08499742396313
1041,4,6,23230.444443,212,109.57756812735849
1041,4,7,41391.079365,214,193.41625871495327
1041,4,8,55184.857144,214,257.87316422429905
1041,4,9,70538.111113,218,323.5693170321101
1041,4,10,97909.888887,220,445.04494948636363
1041,4,11,119796.222223,219,547.014713347032
1041,4,12,131437.666667,220,597.4439393954545
1041,4,13,127907.777779,217,589.4367639585254
1041,4,14,106677.111111,217,491.5995903732719
1041,4,15,83209.222224,217,383.4526369769585
1041,4,16,86827.11111,216,401.97736625
1041,4,17,106940.222224,217,492.8120839815668
1041,4,18,127987.777778,216,592.5360082314814
1041,4,19,142026.523813,217,654.5001097373272
1041,4,20,142756.888886,217,657.8658474009217
1041,4,21,132160.333333,217,609.0337941612903
1041,4,22,121227.777777,216,561.2397119305556
1041,4,23,108333.444446,216,501.54372428703704
1041,5,0,83265.000002,214,389.08878505607476
1041,5,1,48047.111109,217,221.41525856682026
1041,5,2,21868.333332000002,213,102.6682316056338
1041,5,3,11629.666666,216,53.841049379629624
1041,5,4,9854.000001,217,45.410138253456225
1041,5,5,13744.26984,217,63.33764903225807
1041,5,6,41603.305555,217,191.7203020967742
1041,5,7,104803.444444,217,482.96518176958523
1041,5,8,129508.380952,218,594.0751419816514
1041,5,9,134177.698411,220,609.8986291409091
1041,5,10,141607.206348,219,646.6082481643836
1041,5,11,149022.111112,223,668.2605879461884
1041,5,12,157102.888891,226,695.1455260663718
1041,5,13,155326.36111,225,690.339382711111
1041,5,14,143061.444444,227,630.2266275066079
1041,5,15,120682.138888,231,522.4335016796537
1041,5,16,128977.555559,230,560.7719806913043
1041,5,17,151146.888887,229,660.0300824759826
1041,5,18,163278.222221,229,713.005337209607
1041,5,19,164859.999999,227,726.2555066035242
1041,5,20,160435.888889,222,722.6841841846847
1041,5,21,149726.222222,225,665.4498765422222
1041,5,22,128781.472223,225,572.3620987688889
1041,5,23,98324.472224,227,433.14745473127755
1041,6,0,66420.222221,218,304.6799184449541
1041,6,1,39083.134921,222,176.0501573018018
1041,6,2,19731.670635,223,88.48282795964126
1041,6,3,11475.833332,222,51.69294293693694
1041,6,4,9874.444443,224,44.082341263392856
1041,6,5,13568.999998,223,60.847533623318384
1041,6,6,41276.82937,223,185.0978895515695
1041,6,7,102557.805555,221,464.0624685746606
1041,6,8,125236.333333,216,579.7978395046297
1041,6,9,132170.666667,218,606.2874617752294
1041,6,10,142382.412699,220,647.1927849954545
1041,6,11,145064.805558,218,665.4348878807339
1041,6,12,153295.555553,224,684.3551587187501
1041,6,13,151875.666668,218,696.6773700366972
1041,6,14,134368.777775,217,619.2109574884793
1041,6,15,114425.194443,219,522.4894723424658
1041,6,16,121488.555555,218,557.286952087156
1041,6,17,143072.444444,218,656.2956167155963
1041,6,18,150705.174606,211,714.2425336777251
1041,6,19,156531.138887,216,724.681198550926
1041,6,20,157705.555559,218,723.4199796284404
1041,6,21,147779.333332,219,674.7914764018266
1041,6,22,129944.722221,220,590.6578282772728
1041,6,23,97625.11111,217,449.8853046543779
1042,0,0,113072.2,452,250.15973451327432
1042,0,1,64551.0,458,140.9410480349345
1042,0,2,33760.4,458,73.71266375545852
1042,0,3,18183.2,455,39.963076923076926
1042,0,4,14469.6,455,31.801318681318683
1042,0,5,21901.0,456,48.02850877192982
1042,0,6,66318.6,456,145.43552631578947
1042,0,7,173341.0,456,380.13377192982455
1042,0,8,206003.2,453,454.75320088300225
1042,0,9,215823.9,456,473.29802631578946
1042,0,10,212525.8,452,470.18982300884954
1042,0,11,209340.4,452,463.14247787610617
1042,0,12,214415.8,455,471.24351648351643
1042,0,13,219258.8,452,485.08584070796456
1042,0,14,231356.6,456,507.36096491228074
1042,0,15,210266.0,454,463.1409691629956
1042,0,16,208899.6,452,462.1672566371682
1042,0,17,216343.6,454,476.52775330396474
1042,0,18,210494.4,456,461.61052631578946
1042,0,19,204454.4,453,451.3342163355408
1042,0,20,205236.4,451,455.06962305986696
1042,0,21,213636.8,453,471.6044150110375
1042,0,22,209333.6,455,460.07384615384615
1042,0,23,167131.8,456,366.5171052631579
1042,1,0,113975.4,449,253.84276169265033
1042,1,1,64057.8,447,143.30604026845637
1042,1,2,33615.6,451,74.53569844789357
1042,1,3,17452.0,447,39.04250559284117
1042,1,4,13296.4,448,29.679464285714285
1042,1,5,20573.2,449,45.820044543429844
1042,1,6,61950.8,445,139.21528089887641
1042,1,7,165997.6,444,373.8684684684685
1042,1,8,200346.2,445,450.2161797752809
1042,1,9,205817.2,441,466.7056689342404
1042,1,10,206853.0,441,469.05442176870747
1042,1,11,205655.0,445,462.14606741573033
1042,1,12,206394.2,441,468.01405895691613
1042,1,13,211381.8,440,480.4131818181818
1042,1,14,226617.0,445,509.2516853932584
1042,1,15,205589.0,448,458.90401785714283
1042,1,16,208531.4,452,461.3526548672566
1042,1,17,213985.8,452,473.41991150442476
1042,1,18,207372.4,452,458.78849557522125
1042,1,19,204077.0,452,451.49778761061947
1042,1,20,203814.6,452,450.9172566371682
1042,1,21,209910.8,450,466.4684444444444
1042,1,22,203582.4,450,452.4053333333333
1042,1,23,166194.2,453,366.87461368653425
1042,2,0,114836.2,449,255.75991091314032
1042,2,1,65110.4,446,145.98744394618834
1042,2,2,34659.2,448,77.36428571428571
1042,2,3,19464.4,447,43.54451901565996
1042,2,4,14719.8,443,33.227539503386005
1042,2,5,21366.4,444,48.12252252252252
1042,2,6,62008.2,446,139.0318385650224
1042,2,7,163503.6,444,368.2513513513514
1042,2,8,199555.6,446,447.4340807174888
1042,2,9,208694.8,449,464.7991091314031
1042,2,10,211633.2,449,471.343429844098
1042,2,11,206578.6,448,461.11294642857143
1042,2,12,208383.6,447,466.1825503355705
1042,2,13,215545.0,447,482.20357941834453
1042,2,14,226215.8,447,506.07561521252796
1042,2,15,206454.2,447,461.8662192393736
1042,2,16,207086.6,447,463.28098434004477
1042,2,17,208662.0,444,469.9594594594595
1042,2,18,204042.6,448,455.45223214285716
1042,2,19,200762.4,450,446.13866666666667
1042,2,20,202462.8,451,448.91973392461193
1042,2,21,211423.0,451,468.78713968957874
1042,2,22,207733.2,452,459.58672566371683
1042,2,23,170519.4,448,380.6236607142857
1042,3,0,122408.2,444,275.69414414414416
1042,3,1,71175.4,448,158.8736607142857
1042,3,2,36273.0,448,80.96651785714286
1042,3,3,19696.2,450,43.769333333333336
1042,3,4,14769.6,454,32.53215859030837
1042,3,5,21832.6,454,48.08942731277533
1042,3,6,61917.8,456,135.78464912280702
1042,3,7,149067.2,455,327.6202197802198
1042,3,8,193071.8,450,429.04844444444444
1042,3,9,212004.8,451,470.0771618625277
1042,3,10,212926.0,451,472.119733924612
1042,3,11,205170.0,454,451.9162995594714
1042,3,12,202997.0,455,446.14725274725276
1042,3,13,211316.6,452,467.5146017699115
1042,3,14,224423.8,453,495.41677704194257
1042,3,15,205000.8,452,453.54159292035393
1042,3,16,202223.0,454,445.4251101321586
1042,3,17,206183.6,455,453.15076923076924
1042,3,18,202154.8,456,443.3219298245614
1042,3,19,199093.0,456,436.6074561403509
1042,3,20,198188.0,455,435.578021978022
1042,3,21,212403.8,453,468.88256070640176
1042,3,22,213906.2,452,473.2438053097345
1042,3,23,190408.8,453,420.32847682119206
1042,4,0,152586.2,451,338.3286031042129
1042,4,1,104826.0,455,230.38681318681319
1042,4,2,61026.4,456,133.8298245614035
1042,4,3,34372.8,451,76.21463414634147
1042,4,4,21015.6,448,46.909821428571426
1042,4,5,22403.4,448,50.00758928571429
1042,4,6,44027.2,448,98.27499999999999
1042,4,7,82506.6,448,184.16651785714288
1042,4,8,108417.0,445,243.63370786516853
1042,4,9,135431.2,446,303.657399103139
1042,4,10,183626.2,451,407.1534368070954
1042,4,11,208407.2,453,460.0600441501104
1042,4,12,216094.2,450,480.20933333333335
1042,4,13,216145.2,452,478.1973451327434
1042,4,14,199546.0,449,444.42316258351894
1042,4,15,171011.4,452,378.3438053097345
1042,4,16,172358.4,452,381.3238938053097
1042,4,17,191978.6,456,421.005701754386
1042,4,18,207871.6,452,459.89292035398233
1042,4,19,220717.0,456,484.0285087719298
1042,4,20,221831.0,455,487.5406593406593
1042,4,21,211314.6,455,464.4276923076923
1042,4,22,201374.2,460,437.77000000000004
1042,4,23,178287.9,459,388.4267973856209
1042,5,0,133226.0,454,293.44933920704847
1042,5,1,76757.4,458,167.59257641921397
1042,5,2,35889.0,453,79.2251655629139
1042,5,3,18679.6,456,40.964035087719296
1042,5,4,13570.8,457,29.695404814004373
1042,5,5,20721.0,456,45.44078947368421
1042,5,6,62445.0,455,137.24175824175825
1042,5,7,168934.8,452,373.7495575221239
1042,5,8,204434.6,456,448.3214912280702
1042,5,9,212136.4,453,468.2922737306843
1042,5,10,215223.8,453,475.10772626931566
1042,5,11,214002.0,456,469.30263157894734
1042,5,12,216740.0,457,474.26695842450766
1042,5,13,223528.2,457,489.1207877461707
1042,5,14,233318.8,457,510.544420131291
1042,5,15,208203.6,452,460.6274336283186
1042,5,16,211323.4,457,462.4144420131291
1042,5,17,216581.6,455,476.0035164835165
1042,5,18,210914.2,456,462.5311403508772
1042,5,19,208453.4,460,453.1595652173913
1042,5,20,207494.2,460,451.074347826087
1042,5,21,214749.8,460,466.8473913043478
1042,5,22,203460.0,453,449.13907284768214
1042,5,23,160638.0,455,353.05054945054945
1042,6,0,108947.0,440,247.60681818181817
1042,6,1,65430.2,453,144.43752759381897
1042,6,2,33639.0,453,74.25827814569537
1042,6,3,18319.0,450,40.708888888888886
1042,6,4,13689.8,451,30.35432372505543
1042,6,5,22080.8,452,48.85132743362832
1042,6,6,65797.0,449,146.54120267260578
1042,6,7,169701.2,451,376.2776053215078
1042,6,8,203835.8,453,449.9686534216335
1042,6,9,211819.8,451,469.66696230598666
1042,6,10,212359.2,449,472.9603563474388
1042,6,11,210357.8,451,466.4252771618625
1042,6,12,214336.4,459,466.96383442265795
1042,6,13,221294.6,454,487.4330396475771
1042,6,14,229912.2,453,507.53245033112586
1042,6,15,207068.6,452,458.11637168141596
1042,6,16,209593.4,452,463.7022123893805
1042,6,17,214407.0,450,476.46
1042,6,18,207081.8,449,461.2066815144766
1042,6,19,205458.8,455,451.5578021978022
1042,6,20,205012.8,455,450.5775824175824
1042,6,21,213056.0,456,467.2280701754386
1042,6,22,204116.0,456,447.62280701754383
1042,6,23,162953.6,456,357.3543859649123
1043,0,0,380631.0,374,1017.7299465240642
1043,0,1,230115.0,382,602.3952879581152
1043,0,2,116904.307692,378,309.27065526984126
1043,0,3,66161.0,376,175.96010638297872
1043,0,4,52501.153847,376,139.63072831648935
1043,0,5,78422.230768,376,208.56976268085106
1043,0,6,243450.089742,376,647.473642930851
1043,0,7,595766.153847,376,1584.4844517207446
1043,0,8,696675.76923,373,1867.7634563806969
1043,0,9,703286.0,374,1880.4438502673797
1043,0,10,707967.0,375,1887.912
1043,0,11,721117.0,376,1917.8643617021276
1043,0,12,732160.0,380,1926.7368421052631
1043,0,13,745381.0,380,1961.528947368421
1043,0,14,749800.0,379,1978.364116094987
1043,0,15,669124.75,380,1760.854605263158
1043,0,16,688536.111111,379,1816.717971269129
1043,0,17,748887.0,380,1970.7552631578947
1043,0,18,745718.0,379,1967.5936675461742
1043,0,19,743309.0,380,1956.0763157894737
1043,0,20,735132.0,379,1939.6622691292876
1043,0,21,702308.0,376,1867.840425531915
1043,0,22,646908.0,376,1720.5
1043,0,23,526542.0,379,1389.292875989446
1043,1,0,386860.0,373,1037.1581769436998
1043,1,1,230913.538462,374,617.4158782406417
1043,1,2,116875.0,374,312.5
1043,1,3,62074.0,372,166.86559139784947
1043,1,4,49632.846153,372,133.4216294435484
1043,1,5,79637.769232,374,212.9352118502674
1043,1,6,243932.423077,372,655.7323200994624
1043,1,7,595826.538461,375,1588.8707692293333
1043,1,8,693307.0,376,1843.901595744681
1043,1,9,698009.0,373,1871.3378016085792
1043,1,10,683784.0,365,1873.3808219178081
1043,1,11,687746.0,363,1894.6170798898072
1043,1,12,679729.0,356,1909.3511235955057
1043,1,13,695788.0,358,1943.5418994413408
1043,1,14,716881.777778,368,1948.0483091793478
1043,1,15,641035.0,370,1732.527027027027
1043,1,16,671458.0,371,1809.8598382749326
1043,1,17,728450.0,373,1952.9490616621983
1043,1,18,745646.0,380,1962.2263157894736
1043,1,19,739194.0,378,1955.5396825396826
1043,1,20,731189.0,380,1924.1815789473685
1043,1,21,695158.0,378,1839.042328042328
1043,1,22,639460.0,373,1714.3699731903484
1043,1,23,522429.0,375,1393.144
1043,2,0,386406.0,371,1041.5256064690027
1043,2,1,233127.0,376,620.0186170212766
1043,2,2,121786.0,375,324.7626666666667
1043,2,3,70483.0,372,189.47043010752688
1043,2,4,55353.78846,372,148.80050661290323
1043,2,5,82136.23077,372,220.79631927419354
1043,2,6,241836.333334,367,658.9545867411445
1043,2,7,580263.320513,367,1581.0989659754769
1043,2,8,687565.076923,372,1848.2932175349463
1043,2,9,700081.909091,375,1866.8850909093333
1043,2,10,702576.0,374,1878.5454545454545
1043,2,11,714333.0,375,1904.888
1043,2,12,712999.75,372,1916.665994623656
1043,2,13,723671.4,370,1955.8686486486488
1043,2,14,737961.333333,375,1967.896888888
1043,2,15,666390.0,380,1753.657894736842
1043,2,16,690987.0,379,1823.1846965699208
1043,2,17,737741.0,376,1962.0771276595744
1043,2,18,744511.0,380,1959.2394736842105
1043,2,19,736455.0,380,1938.0394736842106
1043,2,20,726145.0,378,1921.0185185185185
1043,2,21,704945.0,379,1860.0131926121371
1043,2,22,660309.0,380,1737.6552631578948
1043,2,23,541980.0,376,1441.436170212766
1043,3,0,415644.0,373,1114.3270777479893
1043,3,1,254227.0,376,676.1356382978723
1043,3,2,131049.0,374,350.3983957219251
1043,3,3,71712.0,373,192.2573726541555
1043,3,4,54477.480769,368,148.03663252445654
1043,3,5,79324.923076,371,213.8138088301887
1043,3,6,222071.11111,369,601.8187292953929
1043,3,7,552590.230769,379,1458.0217170686017
1043,3,8,678378.0,381,1780.5196850393702
1043,3,9,697127.0,377,1849.1432360742706
1043,3,10,702962.0,378,1859.6878306878307
1043,3,11,707876.0,376,1882.6489361702127
1043,3,12,729411.0,376,1939.9228723404256
1043,3,13,766428.0,382,2006.3560209424083
1043,3,14,765668.0,384,1993.9270833333333
1043,3,15,638995.805556,381,1677.1543452913386
1043,3,16,649098.0,382,1699.2094240837696
1043,3,17,720525.0,384,1876.3671875
1043,3,18,736891.538462,381,1934.0985261469816
1043,3,19,741500.833333,381,1946.1964129475064
1043,3,20,729812.75,380,1920.5598684210527
1043,3,21,707887.0,384,1843.4557291666667
1043,3,22,665533.0,384,1733.1588541666667
1043,3,23,593230.0,384,1544.8697916666667
1043,4,0,507681.0,379,1339.5277044854881
1043,4,1,363417.0,384,946.3984375
1043,4,2,218267.0,384,568.4036458333334
1043,4,3,121021.0,382,316.8089005235602
1043,4,4,75116.538462,377,199.24811263129973
1043,4,5,80884.333333,379,213.4151275277045
1043,4,6,161565.692307,377,428.5562130159151
1043,4,7,269633.0,379,711.4327176781003
1043,4,8,339944.0,379,896.9498680738786
1043,4,9,407552.0,376,1083.9148936170213
1043,4,10,549685.933333,382,1438.9684118664923
1043,4,11,653013.75,381,1713.9468503937007
1043,4,12,701839.0,383,1832.4778067885118
1043,4,13,696208.0,381,1827.3175853018372
1043,4,14,602887.0,379,1590.7308707124012
1043,4,15,480042.0,384,1250.109375
1043,4,16,494065.0,384,1286.6276041666667
1043,4,17,572800.090909,382,1499.4766777722514
1043,4,18,663047.0,384,1726.6848958333333
1043,4,19,717753.0,382,1878.934554973822
1043,4,20,709687.0,381,1862.6955380577429
1043,4,21,664399.0,384,1730.2057291666667
1043,4,22,630692.0,384,1642.4270833333333
1043,4,23,589968.0,384,1536.375
1043,5,0,481508.0,380,1267.1263157894737
1043,5,1,287610.944444,384,748.9868344895834
1043,5,2,133235.0,381,349.6981627296588
1043,5,3,70202.0,383,183.29503916449087
1043,5,4,52372.769231,384,136.38741987239584
1043,5,5,81319.820512,384,211.7703659166667
1043,5,6,246400.538461,381,646.7205733884514
1043,5,7,600582.0,383,1568.0992167101829
1043,5,8,707272.0,384,1841.8541666666667
1043,5,9,705712.0,381,1852.262467191601
1043,5,10,716371.0,383,1870.420365535248
1043,5,11,729268.777778,384,1899.1374421302082
1043,5,12,736333.0,383,1922.5404699738904
1043,5,13,746867.0,382,1955.1492146596859
1043,5,14,737389.6,379,1945.6189973614776
1043,5,15,660483.0,382,1729.0130890052355
1043,5,16,688724.0,382,1802.9424083769634
1043,5,17,733840.5,375,1956.908
1043,5,18,739146.0,376,1965.813829787234
1043,5,19,732999.076923,376,1949.4656301143618
1043,5,20,736448.0,381,1932.9343832020998
1043,5,21,700530.0,380,1843.5
1043,5,22,642602.0,381,1686.6194225721786
1043,5,23,512265.0,382,1341.0078534031413
1043,6,0,362739.0,370,980.3756756756757
1043,6,1,223065.0,380,587.0131578947369
1043,6,2,112686.153846,379,297.32494418469656
1043,6,3,63121.0,380,166.1078947368421
1043,6,4,50922.0,380,134.00526315789475
1043,6,5,80153.679487,378,212.04677112962963
1043,6,6,242756.000001,375,647.349333336
1043,6,7,596321.192307,380,1569.266295544737
1043,6,8,704084.0,380,1852.8526315789475
1043,6,9,714317.907692,380,1879.7839676105264
1043,6,10,717757.0,380,1888.8342105263157
1043,6,11,724426.0,379,1911.4142480211083
1043,6,12,738533.111111,383,1928.2848854073106
1043,6,13,743173.0,379,1960.8786279683377
1043,6,14,747770.0,381,1962.6509186351707
1043,6,15,646919.0,376,1720.529255319149
1043,6,16,690925.0,380,1818.2236842105262
1043,6,17,741590.0,376,1972.313829787234
1043,6,18,742894.5,372,1997.0282258064517
1043,6,19,738956.0,377,1960.0954907161804
1043,6,20,727585.0,376,1935.0664893617022
1043,6,21,693816.0,376,1845.2553191489362
1043,6,22,648161.0,380,1705.6868421052632
1043,6,23,523171.0,380,1376.7657894736842
1044,0,0,162107.2,452,358.64424778761065
1044,0,1,102673.6,458,224.17816593886465
1044,0,2,61531.966666,458,134.34927219650655
1044,0,3,37506.6,456,82.25131578947368
1044,0,4,36027.5,456,79.0076754385965
1044,0,5,49466.944445,456,108.48014132675439
1044,0,6,114369.033333,456,250.809283625
1044,0,7,229210.422222,456,502.6544346973684
1044,0,8,265216.366667,450,589.3697037044444
1044,0,9,279032.733333,455,613.2587545780219
1044,0,10,276591.0,455,607.8923076923077
1044,0,11,281352.0,456,617.0
1044,0,12,294369.0,456,645.546052631579
1044,0,13,298466.0,456,654.530701754386
1044,0,14,294183.0,456,645.1381578947369
1044,0,15,268891.0,456,589.6732456140351
1044,0,16,277901.0,455,610.7714285714286
1044,0,17,292061.0,452,646.1526548672566
1044,0,18,295253.7,452,653.2161504424779
1044,0,19,301763.8,452,667.6190265486725
1044,0,20,302639.0,452,669.5553097345132
1044,0,21,305849.0,452,676.6570796460177
1044,0,22,279490.0,452,618.3407079646017
1044,0,23,224325.0,452,496.29424778761063
1044,1,0,166416.5,446,373.1311659192825
1044,1,1,104603.8,448,233.490625
1044,1,2,63404.5,448,141.52790178571428
1044,1,3,42943.0,448,95.85491071428571
1044,1,4,35614.2,448,79.49598214285713
1044,1,5,49514.5,448,110.5234375
1044,1,6,111626.588889,448,249.16649305580358
1044,1,7,222059.877778,444,500.13485986036034
1044,1,8,261207.5,447,584.3568232662193
1044,1,9,267225.1,447,597.8190156599552
1044,1,10,266795.7,444,600.8912162162162
1044,1,11,274102.6,444,617.3481981981981
1044,1,12,284297.3,440,646.1302272727272
1044,1,13,286917.8,440,652.085909090909
1044,1,14,286136.7,444,644.452027027027
1044,1,15,258159.5,445,580.1337078651685
1044,1,16,270959.0,446,607.5313901345291
1044,1,17,289075.1,448,645.256919642857
1044,1,18,291568.7,448,650.8229910714286
1044,1,19,296576.5,449,660.5267260579064
1044,1,20,297613.8,450,661.3639999999999
1044,1,21,305753.7,452,676.4462389380532
1044,1,22,272919.3,449,607.8380846325167
1044,1,23,223756.1,451,496.1332594235033
1044,2,0,167473.9,449,372.99309576837413
1044,2,1,108447.8,452,239.92876106194691
1044,2,2,62897.0,452,139.15265486725664
1044,2,3,41757.7,452,92.38429203539822
1044,2,4,34305.4,452,75.89690265486726
1044,2,5,47793.033333,452,105.73679940929203
1044,2,6,112963.733333,452,249.91976401106194
1044,2,7,224326.844444,451,497.3987681685144
1044,2,8,262264.355556,451,581.5174180842573
1044,2,9,270730.1,449,602.9623608017816
1044,2,10,272990.6,452,603.9615044247787
1044,2,11,278053.9,452,615.1634955752213
1044,2,12,289406.7,451,641.7
1044,2,13,293423.7,450,652.0526666666667
1044,2,14,287320.5,447,642.7751677852349
1044,2,15,263519.3,451,584.3
1044,2,16,273752.2,452,605.6464601769911
1044,2,17,289268.9,452,639.9754424778762
1044,2,18,292209.9,452,646.4820796460177
1044,2,19,296036.9,452,654.9488938053098
1044,2,20,297603.3,451,659.8742793791574
1044,2,21,306893.8,451,680.4740576496674
1044,2,22,277737.0,452,614.462389380531
1044,2,23,224399.3,448,500.89129464285713
1044,3,0,172117.8,445,386.78157303370784
1044,3,1,110207.5,448,245.99888392857142
1044,3,2,62860.2,448,140.31294642857142
1044,3,3,39098.8,450,86.88622222222223
1044,3,4,37313.1,454,82.1874449339207
1044,3,5,47669.2,456,104.5377192982456
1044,3,6,108753.4,456,238.49429824561403
1044,3,7,209181.2,456,458.730701754386
1044,3,8,260555.7,456,571.3940789473685
1044,3,9,277845.3,455,610.649010989011
1044,3,10,275828.4,456,604.8868421052632
1044,3,11,267810.6,455,588.5947252747252
1044,3,12,285377.1,456,625.8269736842104
1044,3,13,306727.0,456,672.6469298245614
1044,3,14,304129.3,456,666.9502192982455
1044,3,15,266088.4,456,583.5271929824562
1044,3,16,274675.1,456,602.3576754385964
1044,3,17,284508.4,456,623.9219298245614
1044,3,18,288014.9,456,631.6116228070176
1044,3,19,289569.6,456,635.0210526315789
1044,3,20,297666.7,456,652.777850877193
1044,3,21,304827.3,456,668.4809210526315
1044,3,22,283029.2,456,620.6780701754386
1044,3,23,244925.8,456,537.1179824561403
1044,4,0,203350.8,451,450.88869179600886
1044,4,1,149206.7,454,328.6491189427313
1044,4,2,94232.8,456,206.65087719298245
1044,4,3,58145.4,453,128.35629139072847
1044,4,4,39324.0,449,87.58129175946547
1044,4,5,43392.2,452,96.0004424778761
1044,4,6,84881.2,452,187.79026548672564
1044,4,7,131971.7,452,291.9727876106195
1044,4,8,163524.1,452,361.778982300885
1044,4,9,194893.9,452,431.1811946902655
1044,4,10,249094.4,454,548.6660792951542
1044,4,11,277373.1,451,615.0179600886918
1044,4,12,288077.1,450,640.1713333333333
1044,4,13,288447.0,452,638.1570796460177
1044,4,14,265703.0,454,585.2488986784141
1044,4,15,233346.3,456,511.72434210526313
1044,4,16,242440.8,456,531.6684210526315
1044,4,17,275387.2,460,598.6678260869566
1044,4,18,292464.285714,457,639.9656142538294
1044,4,19,308962.1,460,671.6567391304347
1044,4,20,299270.2,460,650.5873913043479
1044,4,21,290061.5,460,630.5684782608696
1044,4,22,265988.5,460,578.2358695652174
1044,4,23,232472.5,460,505.375
1044,5,0,183271.2,456,401.9105263157895
1044,5,1,115959.0,460,252.08478260869566
1044,5,2,66997.1,457,146.6019693654267
1044,5,3,39537.3,459,86.13790849673204
1044,5,4,34540.0,460,75.08695652173913
1044,5,5,48019.9,460,104.39108695652175
1044,5,6,113642.8,460,247.04956521739132
1044,5,7,231038.155556,460,502.25685990434783
1044,5,8,270291.5,460,587.5902173913043
1044,5,9,281390.0,457,615.7330415754924
1044,5,10,282448.3,458,616.6993449781659
1044,5,11,287189.7,460,624.3254347826087
1044,5,12,299403.8,458,653.7200873362445
1044,5,13,304625.6,459,663.672331154684
1044,5,14,297682.6,460,647.1360869565217
1044,5,15,266724.4,457,583.6420131291029
1044,5,16,282572.3,459,615.6259259259259
1044,5,17,298773.3,458,652.3434497816594
1044,5,18,298456.2,460,648.8178260869565
1044,5,19,308916.8,460,671.5582608695652
1044,5,20,305385.1,460,663.880652173913
1044,5,21,307207.6,460,667.8426086956521
1044,5,22,273681.4,460,594.9595652173914
1044,5,23,218909.7,460,475.89065217391305
1044,6,0,158462.3,445,356.09505617977527
1044,6,1,101041.8,456,221.58289473684212
1044,6,2,59338.8,456,130.12894736842105
1044,6,3,41910.8,456,91.90964912280702
1044,6,4,41171.6,454,90.6863436123348
1044,6,5,56903.8,452,125.89336283185841
1044,6,6,116404.35,456,255.27269736842106
1044,6,7,223945.658333,454,493.27237518281936
1044,6,8,264615.6,454,582.853744493392
1044,6,9,275968.6,455,606.5243956043955
1044,6,10,277548.9,453,612.6907284768213
1044,6,11,282403.8,456,619.3065789473684
1044,6,12,299331.6,460,650.7208695652173
1044,6,13,299189.0,456,656.1162280701755
1044,6,14,287517.8,450,638.9284444444444
1044,6,15,267355.9,456,586.3067982456141
1044,6,16,276242.1,456,605.7940789473683
1044,6,17,293026.6,455,644.0145054945054
1044,6,18,290057.677777,450,644.5726172822223
1044,6,19,299304.7,453,660.7167770419426
1044,6,20,305015.5,456,668.8936403508771
1044,6,21,309830.8,456,679.4535087719298
1044,6,22,276827.5,456,607.077850877193
1044,6,23,221941.5,456,486.7138157894737
1047,0,0,220476.114286,452,487.7790139070796
1047,0,1,141356.142857,455,310.67284144395603
1047,0,2,79559.971429,454,175.2422278171806
1047,0,3,39769.6,451,88.18093126385808
1047,0,4,24177.4,452,53.48982300884956
1047,0,5,27576.6,452,61.01017699115044
1047,0,6,89522.4,452,198.058407079646
1047,0,7,272767.771429,452,603.4685208606195
1047,0,8,306295.6,450,680.6568888888888
1047,0,9,320539.8,452,709.1588495575221
1047,0,10,316841.142857,455,696.3541601252747
1047,0,11,309489.2,456,678.7043859649123
1047,0,12,310942.266667,456,681.8909356732456
1047,0,13,321086.514286,455,705.6846467824175
1047,0,14,336005.571428,456,736.8543233070176
1047,0,15,313867.142858,455,689.8178963912088
1047,0,16,318100.714286,456,697.5892857149123
1047,0,17,304137.428571,454,669.9062303325991
1047,0,18,290150.0,456,636.2938596491229
1047,0,19,293362.0,456,643.3377192982456
1047,0,20,296914.0,456,651.1271929824561
1047,0,21,304228.0,456,667.1666666666666
1047,0,22,301113.0,456,660.3355263157895
1047,0,23,269872.0,456,591.8245614035088
1047,1,0,222639.0,450,494.75333333333333
1047,1,1,142277.0,452,314.7721238938053
1047,1,2,76002.0,452,168.14601769911505
1047,1,3,38825.0,452,85.89601769911505
1047,1,4,23611.0,452,52.23672566371681
1047,1,5,28336.0,452,62.690265486725664
1047,1,6,91176.714286,452,201.7183944380531
1047,1,7,270442.0,452,598.3230088495575
1047,1,8,308304.0,452,682.0884955752213
1047,1,9,320510.0,446,718.6322869955156
1047,1,10,311826.0,444,702.3108108108108
1047,1,11,305089.0,447,682.5257270693512
1047,1,12,306963.0,445,689.8044943820224
1047,1,13,320125.857143,445,719.3839486359551
1047,1,14,332158.0,448,741.4241071428571
1047,1,15,308678.857143,449,687.4807508752784
1047,1,16,316633.142858,450,703.6292063511112
1047,1,17,309690.285715,452,685.155499369469
1047,1,18,294286.142857,452,651.0755372942477
1047,1,19,293035.0,452,648.3075221238938
1047,1,20,292350.142857,451,648.2264808359201
1047,1,21,294466.0,450,654.3688888888889
1047,1,22,292772.0,449,652.0534521158129
1047,1,23,267849.4,451,593.9011086474502
1047,2,0,223515.0,447,500.03355704697987
1047,2,1,144384.0,448,322.2857142857143
1047,2,2,80226.0,448,179.07589285714286
1047,2,3,43762.0,448,97.68303571428571
1047,2,4,25671.0,448,57.301339285714285
1047,2,5,28745.142857,448,64.16326530580356
1047,2,6,88743.0,445,199.42247191011236
1047,2,7,265779.857143,446,595.9189622040359
1047,2,8,304348.428571,448,679.3491709174107
1047,2,9,317199.0,448,708.0334821428571
1047,2,10,311737.0,446,698.9618834080718
1047,2,11,305038.0,448,680.8883928571429
1047,2,12,304760.0,446,683.3183856502242
1047,2,13,318626.0,446,714.4080717488789
1047,2,14,331558.0,447,741.7404921700223
1047,2,15,307154.285714,445,690.2343499191011
1047,2,16,311344.571428,448,694.9655612232143
1047,2,17,296888.142858,447,664.1792905100672
1047,2,18,273641.571429,444,616.3098455608108
1047,2,19,277558.714286,444,625.1322393828829
1047,2,20,277488.0,442,627.8009049773756
1047,2,21,285710.0,443,644.9435665914222
1047,2,22,293308.0,446,657.6412556053812
1047,2,23,272753.0,444,614.3085585585585
1047,3,0,234665.0,441,532.1201814058957
1047,3,1,157153.0,444,353.9481981981982
1047,3,2,86877.0,444,195.6689189189189
1047,3,3,45304.0,446,101.57847533632287
1047,3,4,27450.0,450,61.0
1047,3,5,29574.0,452,65.429203539823
1047,3,6,84975.0,452,187.99778761061947
1047,3,7,241992.0,451,536.5676274944568
1047,3,8,297908.0,447,666.4608501118569
1047,3,9,324367.0,447,725.6532438478747
1047,3,10,329869.666666,454,726.5851688678414
1047,3,11,312156.8,455,686.0589010989011
1047,3,12,309455.0,456,678.6293859649123
1047,3,13,327736.0,455,720.2989010989011
1047,3,14,324196.0,451,718.8381374722838
1047,3,15,275497.342858,452,609.5073957035398
1047,3,16,293937.657142,452,650.304551199115
1047,3,17,310240.514287,451,687.8947101707317
1047,3,18,302671.142857,448,675.6052295915179
1047,3,19,300149.4,448,669.9763392857143
1047,3,20,298607.2,449,665.049443207127
1047,3,21,295607.4,449,658.3683741648107
1047,3,22,293402.4,446,657.8529147982064
1047,3,23,289679.2,451,642.3042128603105
1047,4,0,274054.2,447,613.096644295302
1047,4,1,221982.6,451,492.2008869179601
1047,4,2,153420.4,450,340.9342222222222
1047,4,3,85429.6,446,191.5461883408072
1047,4,4,46188.0,444,104.02702702702703
1047,4,5,37980.6,444,85.5418918918919
1047,4,6,59305.685715,443,133.87287971783294
1047,4,7,111224.057143,444,250.50463320495496
1047,4,8,186363.514286,442,421.63691014932124
1047,4,9,227514.2,448,507.8441964285715
1047,4,10,284268.8,450,631.7084444444445
1047,4,11,319626.2,452,707.137610619469
1047,4,12,327073.2,452,723.6132743362832
1047,4,13,326349.8,452,722.012831858407
1047,4,14,304198.0,452,673.0044247787611
1047,4,15,232829.057143,446,522.0382447152467
1047,4,16,273464.942857,448,610.4128188772321
1047,4,17,308475.542859,456,676.4814536381579
1047,4,18,325319.828571,454,716.5634990550661
1047,4,19,332334.4,460,722.4660869565217
1047,4,20,324230.2,460,704.8482608695653
1047,4,21,312219.8,458,681.7026200873362
1047,4,22,302857.4,459,659.8200435729848
1047,4,23,287761.2,457,629.674398249453
1047,5,0,254039.66666699998,456,557.1045321644737
1047,5,1,164792.0,460,358.24347826086955
1047,5,2,87065.0,457,190.51422319474835
1047,5,3,42952.2,459,93.57777777777777
1047,5,4,24359.0,460,52.95434782608696
1047,5,5,28487.2,458,62.199126637554585
1047,5,6,90464.0,456,198.3859649122807
1047,5,7,271486.4,454,597.9876651982379
1047,5,8,316577.2,460,688.2113043478261
1047,5,9,328732.8,460,714.6365217391304
1047,5,10,323531.2,456,709.4982456140351
1047,5,11,319820.6,460,695.2621739130434
1047,5,12,311132.0,456,682.3070175438596
1047,5,13,324759.999999,458,709.082969430131
1047,5,14,335180.0,456,735.0438596491229
1047,5,15,311527.4,455,684.6756043956044
1047,5,16,318258.885714,453,702.5582466092715
1047,5,17,305102.8,455,670.5556043956044
1047,5,18,291706.342857,460,634.144223602174
1047,5,19,289952.342858,458,633.0837180305678
1047,5,20,295618.428571,456,648.2860275679825
1047,5,21,300080.057142,459,653.7691876732026
1047,5,22,297630.657143,460,647.0231677021739
1047,5,23,266375.971429,459,580.3398070348585
1047,6,0,217503.6,442,492.089592760181
1047,6,1,143748.6,456,315.23815789473684
1047,6,2,78126.266667,456,171.3295321644737
1047,6,3,40348.0,456,88.48245614035088
1047,6,4,24734.228571,456,54.24172932236842
1047,6,5,28178.085714,456,61.794047618421054
1047,6,6,87806.285715,456,192.5576441118421
1047,6,7,265082.428572,455,582.5987441142858
1047,6,8,311182.4,455,683.9173626373627
1047,6,9,326793.257143,455,718.2269387758242
1047,6,10,317155.514286,454,698.5804279427313
1047,6,11,305958.542857,452,676.8994310995575
1047,6,12,311734.914285,460,677.6845962717391
1047,6,13,317243.8,455,697.2391208791208
1047,6,14,333168.504761,455,732.2384720021978
1047,6,15,309561.485713,456,678.8629072653508
1047,6,16,322738.942857,456,707.7608395986841
1047,6,17,314688.514285,455,691.6231083186813
1047,6,18,293030.019047,450,651.1778201044444
1047,6,19,292034.885715,449,650.4117721937639
1047,6,20,295001.933334,453,651.2183958807947
1047,6,21,300273.380953,456,658.4942564758771
1047,6,22,296711.857143,456,650.683897243421
1047,6,23,268972.828571,456,589.8526942346492
1048,0,0,171886.0,448,383.67410714285717
1048,0,1,111218.0,454,244.97356828193833
1048,0,2,62389.0,454,137.42070484581498
1048,0,3,32699.0,452,72.34292035398231
1048,0,4,19618.0,452,43.402654867256636
1048,0,5,21256.0,452,47.02654867256637
1048,0,6,72612.0,448,162.08035714285714
1048,0,7,255865.8,448,571.1290178571428
1048,0,8,281397.5,442,636.64592760181
1048,0,9,288313.0,444,649.3536036036036
1048,0,10,300333.8,448,670.3879464285714
1048,0,11,303814.6,448,678.1575892857143
1048,0,12,311528.0,451,690.749445676275
1048,0,13,317173.0,452,701.7101769911504
1048,0,14,312164.0,452,690.6283185840708
1048,0,15,282948.0,449,630.173719376392
1048,0,16,283538.0,448,632.8973214285714
1048,0,17,287687.0,447,643.5950782997763
1048,0,18,287011.0,451,636.3880266075388
1048,0,19,291931.0,452,645.8650442477876
1048,0,20,292505.0,452,647.1349557522124
1048,0,21,286131.0,452,633.0331858407079
1048,0,22,272914.0,452,603.79203539823
1048,0,23,230123.0,452,509.12168141592923
1048,1,0,174111.0,446,390.3834080717489
1048,1,1,111737.0,448,249.41294642857142
1048,1,2,60519.0,448,135.08705357142858
1048,1,3,31269.0,448,69.796875
1048,1,4,18682.0,448,41.700892857142854
1048,1,5,22313.0,448,49.80580357142857
1048,1,6,73698.4,448,164.50535714285712
1048,1,7,252071.6,448,562.6598214285715
1048,1,8,282330.4,447,631.6116331096198
1048,1,9,284446.8,438,649.4219178082192
1048,1,10,290367.0,432,672.1458333333334
1048,1,11,295461.0,435,679.2206896551725
1048,1,12,304142.0,440,691.2318181818182
1048,1,13,308013.0,440,700.0295454545454
1048,1,14,306411.0,444,690.1148648648649
1048,1,15,274507.0,444,618.259009009009
1048,1,16,277754.0,443,626.9841986455982
1048,1,17,284799.0,448,635.7120535714286
1048,1,18,279592.0,447,625.4854586129754
1048,1,19,286435.0,452,633.7057522123894
1048,1,20,286549.0,452,633.95796460177
1048,1,21,281232.0,450,624.96
1048,1,22,268304.0,445,602.9303370786516
1048,1,23,229854.0,447,514.2147651006711
1048,2,0,181343.0,445,407.5123595505618
1048,2,1,115991.0,448,258.90848214285717
1048,2,2,66383.0,448,148.17633928571428
1048,2,3,35206.0,448,78.58482142857143
1048,2,4,20918.0,448,46.691964285714285
1048,2,5,22393.0,448,49.984375
1048,2,6,72793.4,448,162.48526785714284
1048,2,7,247921.0,444,558.3806306306307
1048,2,8,277442.0,444,624.8693693693693
1048,2,9,287870.4,445,646.8997752808989
1048,2,10,302614.0,449,673.9732739420936
1048,2,11,307317.0,451,681.4124168514412
1048,2,12,308958.0,446,692.7309417040359
1048,2,13,308402.0,443,696.1670428893905
1048,2,14,306099.0,449,681.7349665924277
1048,2,15,282291.0,452,624.537610619469
1048,2,16,277259.0,447,620.2662192393736
1048,2,17,275108.0,448,614.0803571428571
1048,2,18,271872.0,452,601.4867256637168
1048,2,19,277022.0,452,612.8805309734513
1048,2,20,278076.0,449,619.3229398663697
1048,2,21,276645.0,447,618.8926174496644
1048,2,22,272895.0,451,605.0886917960089
1048,2,23,240538.0,447,538.1163310961969
1048,3,0,195312.0,445,438.90337078651686
1048,3,1,128848.0,448,287.60714285714283
1048,3,2,71253.0,448,159.046875
1048,3,3,38032.0,449,84.70378619153675
1048,3,4,23224.0,451,51.494456762749444
1048,3,5,23436.0,454,51.62114537444934
1048,3,6,71757.0,456,157.36184210526315
1048,3,7,226018.8,456,495.6552631578947
1048,3,8,269038.0,456,589.9956140350877
1048,3,9,283731.2,450,630.5137777777778
1048,3,10,300353.6,448,670.4321428571428
1048,3,11,303382.0,447,678.7069351230425
1048,3,12,308671.0,451,684.4146341463414
1048,3,13,316683.0,452,700.6261061946902
1048,3,14,299692.0,452,663.0353982300885
1048,3,15,249014.0,452,550.9159292035398
1048,3,16,252531.0,452,558.6969026548672
1048,3,17,270475.0,451,599.7228381374723
1048,3,18,278278.0,448,621.15625
1048,3,19,284231.0,448,634.4441964285714
1048,3,20,288618.0,455,634.3252747252748
1048,3,21,285069.0,456,625.1513157894736
1048,3,22,285115.0,456,625.2521929824561
1048,3,23,279913.0,456,613.844298245614
1048,4,0,255347.0,451,566.1796008869179
1048,4,1,206210.0,456,452.21491228070175
1048,4,2,135779.0,456,297.7609649122807
1048,4,3,73253.0,454,161.3502202643172
1048,4,4,38315.0,452,84.76769911504425
1048,4,5,27336.0,450,60.74666666666667
1048,4,6,42499.0,448,94.86383928571429
1048,4,7,92654.0,448,206.81696428571428
1048,4,8,135705.0,451,300.8980044345898
1048,4,9,158104.0,452,349.78761061946904
1048,4,10,214734.0,455,471.9428571428571
1048,4,11,259778.0,456,569.688596491228
1048,4,12,280345.0,456,614.7916666666666
1048,4,13,276665.0,456,606.7214912280701
1048,4,14,247656.0,456,543.1052631578947
1048,4,15,217182.0,456,476.2763157894737
1048,4,16,233440.0,456,511.9298245614035
1048,4,17,257289.0,457,562.9956236323851
1048,4,18,285136.0,456,625.2982456140351
1048,4,19,302959.0,456,664.3837719298245
1048,4,20,300237.0,456,658.4144736842105
1048,4,21,288973.0,456,633.7127192982456
1048,4,22,280309.0,456,614.7127192982456
1048,4,23,255256.0,456,559.7719298245614
1048,5,0,206931.0,452,457.8119469026549
1048,5,1,135495.0,456,297.1381578947368
1048,5,2,70927.0,453,156.57174392935983
1048,5,3,34777.0,455,76.43296703296703
1048,5,4,20064.0,456,44.0
1048,5,5,22020.0,456,48.28947368421053
1048,5,6,73900.0,453,163.13465783664458
1048,5,7,255970.0,452,566.3053097345132
1048,5,8,282144.0,452,624.212389380531
1048,5,9,294430.0,452,651.3938053097345
1048,5,10,302283.0,447,676.248322147651
1048,5,11,305444.0,448,681.7946428571429
1048,5,12,307232.0,446,688.8609865470852
1048,5,13,306367.0,442,693.1380090497737
1048,5,14,300483.0,442,679.8257918552036
1048,5,15,272543.0,444,613.8355855855856
1048,5,16,279890.6,449,623.3643652561246
1048,5,17,281616.0,445,632.8449438202247
1048,5,18,274398.0,441,622.2176870748299
1048,5,19,280651.0,440,637.8431818181818
1048,5,20,283262.0,442,640.8642533936652
1048,5,21,273129.0,443,616.5440180586908
1048,5,22,259490.0,442,587.0814479638009
1048,5,23,217143.0,444,489.06081081081084
1048,6,0,161527.0,429,376.5198135198135
1048,6,1,108069.0,440,245.61136363636365
1048,6,2,60863.6,442,137.70045248868777
1048,6,3,32829.0,444,73.9391891891892
1048,6,4,19916.0,444,44.85585585585586
1048,6,5,21191.0,444,47.72747747747748
1048,6,6,69716.6,444,157.01936936936937
1048,6,7,243274.2,444,547.9148648648649
1048,6,8,277596.0,447,621.0201342281879
1048,6,9,287425.4,448,641.5745535714286
1048,6,10,299326.0,451,663.6940133037695
1048,6,11,303966.0,452,672.4911504424779
1048,6,12,313819.0,455,689.7120879120879
1048,6,13,313355.0,450,696.3444444444444
1048,6,14,301473.0,443,680.5259593679458
1048,6,15,271544.0,443,612.9661399548532
1048,6,16,278639.2,442,630.4054298642534
1048,6,17,284188.2,444,640.0635135135135
1048,6,18,284909.0,446,638.8094170403588
1048,6,19,288631.0,450,641.4022222222222
1048,6,20,287620.0,448,642.0089285714286
1048,6,21,281787.0,451,624.8048780487804
1048,6,22,268828.0,452,594.7522123893805
1048,6,23,223754.0,452,495.03097345132744
1051,0,0,100148.0,428,233.99065420560748
1051,0,1,57095.0,434,131.5552995391705
1051,0,2,27781.0,434,64.01152073732719
1051,0,3,13965.0,432,32.326388888888886
1051,0,4,8930.0,432,20.671296296296298
1051,0,5,13860.0,432,32.083333333333336
1051,0,6,53822.0,432,124.58796296296296
1051,0,7,176407.0,432,408.349537037037
1051,0,8,206265.0,429,480.8041958041958
1051,0,9,214784.0,427,503.0070257611241
1051,0,10,225888.25,429,526.5460372960373
1051,0,11,230360.0,432,533.2407407407408
1051,0,12,229291.0,430,533.2348837209303
1051,0,13,229899.0,430,534.6488372093023
1051,0,14,217268.0,432,502.93518518518516
1051,0,15,184059.0,428,430.0443925233645
1051,0,16,200366.0,430,465.9674418604651
1051,0,17,228766.0,432,529.550925925926
1051,0,18,233958.0,432,541.5694444444445
1051,0,19,237099.0,432,548.8402777777778
1051,0,20,233427.0,432,540.3402777777778
1051,0,21,216884.0,432,502.0462962962963
1051,0,22,188285.0,432,435.8449074074074
1051,0,23,146540.0,432,339.212962962963
1051,1,0,100236.0,426,235.29577464788733
1051,1,1,56225.0,428,131.36682242990653
1051,1,2,27378.0,428,63.967289719626166
1051,1,3,12805.0,428,29.91822429906542
1051,1,4,8428.0,428,19.69158878504673
1051,1,5,14246.0,428,33.28504672897196
1051,1,6,53419.0,428,124.8107476635514
1051,1,7,172926.0,428,404.0327102803738
1051,1,8,203029.0,428,474.36682242990656
1051,1,9,209020.0,423,494.1371158392435
1051,1,10,218500.0,419,521.4797136038186
1051,1,11,222629.0,419,531.3341288782816
1051,1,12,222329.0,420,529.3547619047619
1051,1,13,220377.0,421,523.4608076009501
1051,1,14,214568.0,424,506.0566037735849
1051,1,15,181737.0,425,427.6164705882353
1051,1,16,196740.0,426,461.83098591549293
1051,1,17,226385.0,428,528.9369158878504
1051,1,18,231756.0,426,544.0281690140845
1051,1,19,232865.0,426,546.631455399061
1051,1,20,229149.0,428,535.3948598130842
1051,1,21,213341.0,428,498.4602803738318
1051,1,22,185992.0,425,437.62823529411764
1051,1,23,146815.0,426,344.63615023474176
1051,2,0,103732.0,426,243.50234741784038
1051,2,1,59607.0,428,139.26869158878506
1051,2,2,29783.0,428,69.58644859813084
1051,2,3,15101.0,428,35.282710280373834
1051,2,4,9324.0,428,21.785046728971963
1051,2,5,14495.0,428,33.86682242990654
1051,2,6,52803.25,427,123.66100702576112
1051,2,7,169358.0,427,396.62295081967216
1051,2,8,200804.0,428,469.1682242990654
1051,2,9,212283.0,426,498.3169014084507
1051,2,10,222285.0,424,524.2570754716982
1051,2,11,224441.0,424,529.3419811320755
1051,2,12,224825.0,423,531.5011820330969
1051,2,13,224220.0,423,530.0709219858156
1051,2,14,214635.0,421,509.82185273159143
1051,2,15,184531.0,424,435.21462264150944
1051,2,16,201471.0,423,476.290780141844
1051,2,17,228054.0,422,540.4123222748815
1051,2,18,231148.0,423,546.4491725768321
1051,2,19,232644.0,424,548.688679245283
1051,2,20,227408.0,422,538.8815165876778
1051,2,21,216091.0,423,510.8534278959811
1051,2,22,191676.0,424,452.0660377358491
1051,2,23,151787.0,420,361.39761904761906
1051,3,0,108205.0,417,259.484412470024
1051,3,1,62601.0,419,149.4057279236277
1051,3,2,30768.0,417,73.7841726618705
1051,3,3,14870.0,422,35.23696682464455
1051,3,4,9534.0,426,22.380281690140844
1051,3,5,14744.0,428,34.44859813084112
1051,3,6,50319.0,428,117.5677570093458
1051,3,7,143891.0,428,336.19392523364485
1051,3,8,187463.0,426,440.05399061032864
1051,3,9,214227.0,429,499.3636363636364
1051,3,10,230414.0,432,533.3657407407408
1051,3,11,233208.0,433,538.5866050808314
1051,3,12,234702.0,436,538.3073394495412
1051,3,13,237584.0,434,547.4285714285714
1051,3,14,223395.0,436,512.3738532110092
1051,3,15,173203.0,436,397.2545871559633
1051,3,16,179578.0,436,411.8761467889908
1051,3,17,203907.0,436,467.67660550458714
1051,3,18,217124.0,436,497.9908256880734
1051,3,19,228696.0,436,524.5321100917431
1051,3,20,229800.0,436,527.0642201834862
1051,3,21,221223.0,436,507.39220183486236
1051,3,22,208587.0,436,478.4105504587156
1051,3,23,185353.0,436,425.1215596330275
1051,4,0,151706.0,431,351.9860788863109
1051,4,1,104044.0,436,238.63302752293578
1051,4,2,59440.0,436,136.3302752293578
1051,4,3,30906.0,434,71.21198156682027
1051,4,4,16794.0,432,38.875
1051,4,5,16833.0,432,38.96527777777778
1051,4,6,32681.0,432,75.65046296296296
1051,4,7,61981.0,432,143.47453703703704
1051,4,8,87348.0,432,202.19444444444446
1051,4,9,108291.0,432,250.67361111111111
1051,4,10,144615.0,435,332.44827586206895
1051,4,11,182395.0,436,418.33715596330273
1051,4,12,199412.0,436,457.3669724770642
1051,4,13,194005.0,436,444.9655963302752
1051,4,14,165061.0,436,378.5802752293578
1051,4,15,133477.0,436,306.13990825688074
1051,4,16,139446.0,436,319.8302752293578
1051,4,17,166528.0,439,379.3348519362187
1051,4,18,194647.0,437,445.41647597254007
1051,4,19,219611.0,440,499.1159090909091
1051,4,20,222779.0,437,509.79176201372997
1051,4,21,209250.0,440,475.5681818181818
1051,4,22,195152.0,440,443.5272727272727
1051,4,23,166167.0,440,377.6522727272727
1051,5,0,121499.0,436,278.66743119266056
1051,5,1,69144.0,440,157.14545454545456
1051,5,2,31567.0,440,71.74318181818182
1051,5,3,14220.0,440,32.31818181818182
1051,5,4,8649.0,440,19.65681818181818
1051,5,5,13813.0,440,31.39318181818182
1051,5,6,53471.0,440,121.525
1051,5,7,177562.0,440,403.55
1051,5,8,207793.5,440,472.25795454545454
1051,5,9,216825.0,440,492.78409090909093
1051,5,10,227585.0,438,519.6004566210046
1051,5,11,232143.0,439,528.7995444191343
1051,5,12,232481.0,438,530.7785388127854
1051,5,13,231406.0,439,527.120728929385
1051,5,14,222985.0,441,505.63492063492066
1051,5,15,188269.0,440,427.8840909090909
1051,5,16,205166.0,440,466.28636363636366
1051,5,17,232553.0,440,528.5295454545454
1051,5,18,238648.0,440,542.3818181818182
1051,5,19,241557.0,440,548.9931818181818
1051,5,20,237156.0,440,538.9909090909091
1051,5,21,217782.0,440,494.9590909090909
1051,5,22,185837.0,440,422.3568181818182
1051,5,23,141743.0,440,322.1431818181818
1051,6,0,98768.0,429,230.22843822843822
1051,6,1,57347.0,436,131.52981651376146
1051,6,2,28155.5,436,64.57683486238533
1051,6,3,13697.0,436,31.415137614678898
1051,6,4,8671.0,436,19.887614678899084
1051,6,5,14053.0,436,32.231651376146786
1051,6,6,52940.0,436,121.42201834862385
1051,6,7,171803.0,436,394.04357798165137
1051,6,8,204949.0,436,470.0665137614679
1051,6,9,214243.0,436,491.3830275229358
1051,6,10,227935.0,436,522.7866972477065
1051,6,11,230853.0,435,530.696551724138
1051,6,12,228068.0,433,526.7159353348729
1051,6,13,229951.0,436,527.4105504587156
1051,6,14,218030.0,435,501.2183908045977
1051,6,15,184499.0,436,423.16284403669727
1051,6,16,201187.0,436,461.4380733944954
1051,6,17,228767.0,434,527.1129032258065
1051,6,18,233489.0,430,542.9976744186047
1051,6,19,234140.0,430,544.5116279069767
1051,6,20,231414.0,432,535.6805555555555
1051,6,21,213916.0,432,495.1759259259259
1051,6,22,186871.0,432,432.57175925925924
1051,6,23,144889.0,432,335.3912037037037
1053,0,0,105944.166667,452,234.38974926327433
1053,0,1,63102.166667,458,137.77765647816594
1053,0,2,32563.966665,458,71.1003638973799
1053,0,3,16643.333333,456,36.49853801096491
1053,0,4,11002.499997,453,24.28807946357616
1053,0,5,16752.66667,456,36.73830410087719
1053,0,6,58853.666667,456,129.06505848026316
1053,0,7,158891.333332,456,348.44590642982456
1053,0,8,186652.833332,453,412.0371596732892
1053,0,9,200119.5,453,441.76490066225165
1053,0,10,209123.666666,456,458.6045321622807
1053,0,11,207308.166665,450,460.6848148111111
1053,0,12,215125.333335,452,475.94100295353985
1053,0,13,222847.33333,452,493.02507373893803
1053,0,14,225984.499999,452,499.9657079623894
1053,0,15,197570.666665,449,440.0237564922049
1053,0,16,197769.00000200002,450,439.48666667111115
1053,0,17,208221.000002,452,460.66592920796455
1053,0,18,203082.500001,452,449.2975663738938
1053,0,19,201499.499999,452,445.79535398008846
1053,0,20,199782.833331,452,441.9974188738938
1053,0,21,204200.666668,452,451.7713864336283
1053,0,22,191210.833335,452,423.0328171128319
1053,0,23,152664.166664,450,339.2537036977778
1053,1,0,106412.666668,446,238.59342302242155
1053,1,1,62457.666665,448,139.4144345200893
1053,1,2,32344.333334,448,72.19717262053571
1053,1,3,15374.666669,448,34.318452386160715
1053,1,4,10341.166666,448,23.082961308035713
1053,1,5,16984.000002,448,37.910714290178575
1053,1,6,57481.333333,448,128.30654761830357
1053,1,7,154141.833334,448,344.06659226339286
1053,1,8,181794.166668,448,405.7905505982143
1053,1,9,191543.166669,443,432.3773513972912
1053,1,10,200641.833333,444,451.89602102027027
1053,1,11,204359.333334,447,457.17971663087246
1053,1,12,207430.999998,445,466.13707864719106
1053,1,13,217777.666667,445,489.3880149820225
1053,1,14,223372.666664,448,498.599702375
1053,1,15,196365.666667,449,437.34001484855236
1053,1,16,198708.666666,452,439.62094395132743
1053,1,17,206269.166667,452,456.3477138650443
1053,1,18,203026.33333,452,449.17330382743364
1053,1,19,200586.166667,452,443.77470501548675
1053,1,20,200140.333335,448,446.7418154799107
1053,1,21,202320.666666,448,451.60863095089286
1053,1,22,188995.000003,445,424.70786517528086
1053,1,23,152280.33333,447,340.6718866442953
1053,2,0,108984.166667,445,244.9082397011236
1053,2,1,64605.500002,448,144.20870536160714
1053,2,2,33837.500001,448,75.53013393080357
1053,2,3,17925.000002,448,40.01116071875
1053,2,4,11391.333333,448,25.427083332589287
1053,2,5,17341.5,448,38.708705357142854
1053,2,6,57474.666668,450,127.72148148444444
1053,2,7,153687.666668,451,340.77087952993344
1053,2,8,184024.500001,452,407.13384955973453
1053,2,9,197678.00000200002,452,437.3407079690266
1053,2,10,206028.499999,452,455.81526548451325
1053,2,11,207424.500001,452,458.9037610641593
1053,2,12,213581.833332,451,473.573909827051
1053,2,13,220036.833336,451,487.88654841685144
1053,2,14,222845.0,449,496.3140311804009
1053,2,15,197377.999998,448,440.5758928526786
1053,2,16,198164.166665,447,443.32028336689035
1053,2,17,204923.666667,447,458.44220730872485
1053,2,18,198849.833333,448,443.86123511830357
1053,2,19,194078.833337,448,433.2116815558035
1053,2,20,192987.666666,447,431.7397464563758
1053,2,21,201992.333333,447,451.8844146152125
1053,2,22,195622.666667,452,432.7935103252213
1053,2,23,160550.666667,448,358.3720238102679
1053,3,0,116440.333333,445,261.66367041123596
1053,3,1,69434.0,448,154.98660714285714
1053,3,2,36653.166666,448,81.81510416517857
1053,3,3,18330.833335,450,40.735185188888885
1053,3,4,11766.666665,454,25.9177679845815
1053,3,5,17586.333335,455,38.65128205494506
1053,3,6,55515.666666,452,122.82227138495574
1053,3,7,137898.333333,452,305.08480825884953
1053,3,8,175629.333334,452,388.5604719778761
1053,3,9,196092.666669,451,434.7952697760532
1053,3,10,205184.833334,452,453.9487463141593
1053,3,11,205090.000001,451,454.7450110886918
1053,3,12,211540.333332,452,468.0095870176991
1053,3,13,224028.666666,452,495.6386430663717
1053,3,14,229192.33333,452,507.06268435840707
1053,3,15,186237.33333,452,412.0294985176991
1053,3,16,181775.166666,455,399.50586080439564
1053,3,17,195404.333334,456,428.51827485526314
1053,3,18,199886.833333,456,438.3483187127193
1053,3,19,200547.499999,456,439.797149120614
1053,3,20,200030.833335,455,439.6282051318681
1053,3,21,202831.166669,454,446.76468429295153
1053,3,22,199620.833334,452,441.63901180088493
1053,3,23,181303.0,452,401.1128318584071
1053,4,0,146773.000002,448,327.6183035758928
1053,4,1,103769.666666,453,229.07211184547464
1053,4,2,61984.833332,456,135.93165204385966
1053,4,3,33610.833334,454,74.03267254185023
1053,4,4,19760.666666,452,43.7182890840708
1053,4,5,20668.000002,452,45.72566372123894
1053,4,6,39357.833332,452,87.07485250442478
1053,4,7,73386.333333,452,162.3591445420354
1053,4,8,97658.5,452,216.05862831858408
1053,4,9,114486.333334,450,254.41407407555553
1053,4,10,150034.666666,455,329.74652014505494
1053,4,11,179515.166669,456,393.6736111162281
1053,4,12,194966.999999,456,427.5592105241228
1053,4,13,195902.833333,456,429.6114766074561
1053,4,14,176406.333334,456,386.8559941535088
1053,4,15,145406.833334,456,318.87463450438594
1053,4,16,147308.499997,452,325.90376105530976
1053,4,17,168162.000002,458,367.1659388689956
1053,4,18,186533.833335,457,408.17031364332604
1053,4,19,202386.33333300002,457,442.85849744638955
1053,4,20,206352.833333,460,448.59311594130435
1053,4,21,197984.500001,460,430.40108695869566
1053,4,22,188721.833334,460,410.26485507391305
1053,4,23,164308.333334,460,357.19202898695653
1053,5,0,123548.333335,456,270.9393274890351
1053,5,1,73779.833331,460,160.39094202391306
1053,5,2,35534.166665,455,78.09706959340659
1053,5,3,16813.500001,458,36.71069869213974
1053,5,4,10610.166667,460,23.065579710869564
1053,5,5,16277.566668,460,35.38601449565217
1053,5,6,56930.333333,460,123.76159420217392
1053,5,7,157290.999998,460,341.9369565173913
1053,5,8,186791.999998,460,406.0695652130435
1053,5,9,201241.500001,460,437.4815217413044
1053,5,10,208931.166667,458,456.1815866091703
1053,5,11,212399.333333,460,461.73768115869564
1053,5,12,216714.5,458,473.17576419213975
1053,5,13,224322.666667,457,490.85922684245077
1053,5,14,229176.833334,458,500.38609898253276
1053,5,15,200513.000001,460,435.89782608913043
1053,5,16,200344.166666,460,435.53079710000003
1053,5,17,208420.499999,460,453.08804347608697
1053,5,18,205063.666666,460,445.79057970869565
1053,5,19,202815.99999799998,460,440.9043478217391
1053,5,20,204337.000003,460,444.2108695717391
1053,5,21,206013.833335,457,450.79613421225383
1053,5,22,190571.333334,458,416.0946142663755
1053,5,23,150259.166666,460,326.65036231739134
1053,6,0,103711.5,445,233.05955056179775
1053,6,1,62879.000001,456,137.8925438618421
1053,6,2,33088.33333,456,72.56213449561403
1053,6,3,16527.333335,456,36.24415205043859
1053,6,4,10750.666666,456,23.576023390350876
1053,6,5,17179.333334,456,37.673976609649124
1053,6,6,57527.000001,456,126.15570175657895
1053,6,7,153493.266667,456,336.6080409364035
1053,6,8,183410.99999799998,456,402.2171052587719
1053,6,9,197912.666666,456,434.0190058464912
1053,6,10,204650.166668,455,449.7805860835165
1053,6,11,208434.999997,456,457.0942982390351
1053,6,12,214499.333333,460,466.30289854999995
1053,6,13,219018.166667,455,481.35860805934067
1053,6,14,222412.666666,455,488.81904761758244
1053,6,15,197106.999999,455,433.20219779999996
1053,6,16,196498.166664,450,436.6625925866666
1053,6,17,207064.666666,452,458.10766961504424
1053,6,18,203386.0,450,451.9688888888889
1053,6,19,202420.000001,454,445.85903083920704
1053,6,20,204697.833332,456,448.89875730701755
1053,6,21,202541.000002,456,444.1688596535087
1053,6,22,189781.333333,455,417.1018315010989
1053,6,23,151415.000002,454,333.5132158634361
1054,0,0,106216.800001,352,301.75227273011365
1054,0,1,57657.200001,358,161.0536312877095
1054,0,2,26830.400006,358,74.94525141340782
1054,0,3,14944.533332,356,41.979026213483145
1054,0,4,9955.666665,356,27.9653558005618
1054,0,5,14895.409526,356,41.84103799438202
1054,0,6,54452.600001,356,152.9567415758427
1054,0,7,161937.000002,356,454.879213488764
1054,0,8,197609.800004,353,559.8011331558073
1054,0,9,211415.2,351,602.3225071225072
1054,0,10,218811.190476,356,614.638175494382
1054,0,11,224468.295237,356,630.5289192050562
1054,0,12,224260.371429,353,635.2985026317281
1054,0,13,220416.533333,352,626.1833333323864
1054,0,14,216705.761905,356,608.7240502949438
1054,0,15,190318.333332,353,539.1454202039661
1054,0,16,198243.647615,352,563.1921807244318
1054,0,17,216496.799998,356,608.1370786460674
1054,0,18,215653.200001,356,605.7674157331461
1054,0,19,212872.333332,356,597.955992505618
1054,0,20,211563.533335,356,594.2795880196629
1054,0,21,211937.533335,356,595.3301498174156
1054,0,22,203941.733334,356,572.8700374550561
1054,0,23,163751.666664,354,462.57532955932203
1054,1,0,107667.466665,350,307.62133332857144
1054,1,1,56856.409525,348,163.3804871408046
1054,1,2,26730.200002,348,76.81091954597701
1054,1,3,13069.066664,348,37.55478926436781
1054,1,4,8863.266668,347,25.542555239193085
1054,1,5,15187.828574,348,43.64318555747126
1054,1,6,53746.86667,348,154.44501916666667
1054,1,7,158542.133335,348,455.58084291666665
1054,1,8,193292.866663,348,555.4392720201149
1054,1,9,207168.466668,345,600.4883091826088
1054,1,10,214427.076187,344,623.3345237994185
1054,1,11,216240.066669,344,628.6048449680233
1054,1,12,217975.666665,344,633.6501937936047
1054,1,13,208473.599998,338,616.7857988106508
1054,1,14,210823.09524,348,605.8134920689655
1054,1,15,187839.266668,349,538.2213944641834
1054,1,16,196054.533331,352,556.9731060539773
1054,1,17,213724.80000000002,352,607.1727272727273
1054,1,18,213468.866666,352,606.4456439375
1054,1,19,215215.333335,352,611.4071969744318
1054,1,20,209936.400001,352,596.4102272755682
1054,1,21,209391.799997,352,594.8630681732955
1054,1,22,200873.466669,349,575.5686724040114
1054,1,23,163056.333338,350,465.8752381085714
1054,2,0,109687.26667,347,316.10163305475504
1054,2,1,59382.666665,348,170.63984673850572
1054,2,2,28306.466664,348,81.34042144827586
1054,2,3,15525.666671,348,44.61398468678161
1054,2,4,10023.06667,348,28.801915718390806
1054,2,5,16306.619043,348,46.85810069827586
1054,2,6,55696.076189,348,160.0461959454023
1054,2,7,157105.866666,348,451.45363984482753
1054,2,8,193589.400002,348,556.2913793160919
1054,2,9,207304.800002,348,595.7034482816092
1054,2,10,217279.333333,348,624.3659003821839
1054,2,11,218635.800001,348,628.2637931063218
1054,2,12,218830.257139,348,628.8225779856322
1054,2,13,213853.066666,347,616.2912584034582
1054,2,14,211016.599997,346,609.8745664653179
1054,2,15,190584.238097,348,547.6558566005747
1054,2,16,196853.533333,347,567.3012487982709
1054,2,17,209871.933334,347,604.8182516829971
1054,2,18,209065.866666,348,600.7639846724138
1054,2,19,202948.066668,348,583.1840996206897
1054,2,20,200660.666668,347,578.2728146051872
1054,2,21,204397.533332,347,589.0418828011527
1054,2,22,201422.799997,348,578.8011494166667
1054,2,23,165840.666665,344,482.0949612354651
1054,3,0,114859.866666,338,339.82209072781063
1054,3,1,61868.066665,340,181.96490195588234
1054,3,2,29708.733337,340,87.37862746176471
1054,3,3,15041.6,342,43.981286549707605
1054,3,4,9899.600002,346,28.611560699421965
1054,3,5,15712.866667,348,45.151915709770115
1054,3,6,50894.933335,347,146.67127762247839
1054,3,7,134425.933335,347,387.3946205619597
1054,3,8,182707.666668,348,525.0220306551724
1054,3,9,207525.60000099998,347,598.0564841527377
1054,3,10,218231.133333,348,627.1009578534483
1054,3,11,222551.066669,351,634.0486229886039
1054,3,12,224341.333334,352,637.3333333352273
1054,3,13,222372.866664,352,631.7410984772728
1054,3,14,212516.799994,352,603.7409090738637
1054,3,15,173256.266668,352,492.2053030340909
1054,3,16,176018.133334,352,500.0515151534091
1054,3,17,198024.933329,352,562.5708333210227
1054,3,18,209717.600004,352,595.788636375
1054,3,19,215727.6,352,612.8625000000001
1054,3,20,217134.93333,352,616.8606060511364
1054,3,21,214466.133335,352,609.2787878835227
1054,3,22,208018.466664,352,590.9615530227273
1054,3,23,182507.333333,352,518.4867424232954
1054,4,0,143545.399997,348,412.4867816005747
1054,4,1,93606.46666399999,352,265.92746211363635
1054,4,2,52336.600001,352,148.68352273011362
1054,4,3,27422.333334,350,78.34952381142857
1054,4,4,17633.000001,348,50.66954023275862
1054,4,5,22417.000001,348,64.41666666954023
1054,4,6,43919.533333,348,126.2055555545977
1054,4,7,74333.133332,348,213.6009578505747
1054,4,8,104522.599999,348,300.35229884770115
1054,4,9,120147.466667,345,348.2535265710145
1054,4,10,153826.933334,349,440.7648519598854
1054,4,11,184285.600002,352,523.5386363693182
1054,4,12,195323.0,352,554.8948863636364
1054,4,13,190762.000001,352,541.9375000028409
1054,4,14,164149.066672,352,466.33257577272724
1054,4,15,126181.266666,352,358.4695075738636
1054,4,16,129546.799999,352,368.03068181534087
1054,4,17,153721.133335,355,433.017277
1054,4,18,181639.171429,353,514.5585592889519
1054,4,19,205233.533333,356,576.4986891376404
1054,4,20,215472.666667,356,605.2602996264045
1054,4,21,209708.333335,356,589.0683520646068
1054,4,22,198209.866668,356,556.7692883932584
1054,4,23,170880.466667,356,480.00131086235956
1054,5,0,124207.39999600001,353,351.8623229348442
1054,5,1,68080.133336,356,191.23632959550562
1054,5,2,29999.066665,354,84.74312617231638
1054,5,3,14577.799999,355,41.064225349295775
1054,5,4,9111.26667,356,25.593445702247195
1054,5,5,14715.571428,356,41.33587479775281
1054,5,6,52250.733335,356,146.7717228511236
1054,5,7,158227.933334,356,444.4604868932584
1054,5,8,195734.266666,356,549.8153558033708
1054,5,9,211459.123812,356,593.9863028426967
1054,5,10,218772.438098,356,614.5293205
1054,5,11,220766.190479,355,621.8765928985916
1054,5,12,221510.295235,355,623.9726626338028
1054,5,13,218059.32381,357,610.8104308403362
1054,5,14,213950.55238100002,358,597.6272412877096
1054,5,15,193487.133334,360,537.4642592611111
1054,5,16,199028.123815,360,552.8558994861111
1054,5,17,213798.133328,360,593.8837036888889
1054,5,18,213715.333331,360,593.6537036972222
1054,5,19,209527.323812,357,586.9112711820728
1054,5,20,210449.400001,358,587.8474860363128
1054,5,21,210423.000001,359,586.136490253482
1054,5,22,201098.13333,358,561.7266294134079
1054,5,23,160687.038093,360,446.3528835916667
1054,6,0,104460.799999,351,297.6091168062678
1054,6,1,55852.999997,356,156.8904494297753
1054,6,2,26577.466667,356,74.65580524438202
1054,6,3,13645.399999,356,38.32977527808988
1054,6,4,9184.866667,356,25.800187266853932
1054,6,5,15273.238100999999,356,42.90235421629213
1054,6,6,53976.93333,356,151.62059924157305
1054,6,7,156073.333334,356,438.40823970224716
1054,6,8,195347.866667,356,548.7299625477528
1054,6,9,211182.866667,356,593.2102996264044
1054,6,10,218502.466666,356,613.7709737808989
1054,6,11,224319.733331,356,630.111610480337
1054,6,12,225672.276191,356,633.9108881769663
1054,6,13,216180.847615,352,614.1501352698864
1054,6,14,214368.742858,356,602.1593900505618
1054,6,15,189158.828573,356,531.3450240814607
1054,6,16,197081.333333,356,553.5992509353932
1054,6,17,212106.066669,351,604.2907882307692
1054,6,18,213458.019048,353,604.6969378130311
1054,6,19,213148.200001,354,602.1135593248588
1054,6,20,210953.866668,356,592.5670412022472
1054,6,21,210933.257145,356,592.5091492837079
1054,6,22,201059.199998,355,566.363943656338
1054,6,23,159988.600002,354,451.9451977457627
1057,0,0,148946.111112,452,329.52679449557525
1057,0,1,96978.222222,458,211.74284327947598
1057,0,2,64677.249999,458,141.21670305458514
1057,0,3,58514.888887,456,128.322124752193
1057,0,4,62957.0,456,138.06359649122808
1057,0,5,65650.888888,456,143.97124756140352
1057,0,6,119515.777778,456,262.0960038991228
1057,0,7,298471.984126,456,654.5438248377194
1057,0,8,356056.555554,449,792.9990101425391
1057,0,9,388215.333333,454,855.0998531563877
1057,0,10,406955.555554,456,892.4463937587719
1057,0,11,414756.888888,456,909.5545808947368
1057,0,12,415268.0,456,910.6754385964912
1057,0,13,407762.777778,456,894.2166179342105
1057,0,14,398572.0,456,874.061403508772
1057,0,15,349238.333333,456,765.8735380109649
1057,0,16,363447.111111,455,798.7848595846154
1057,0,17,396779.666667,452,877.8311209446903
1057,0,18,401529.666666,452,888.3399704999999
1057,0,19,401859.666668,452,889.070059
1057,0,20,389380.55555499997,452,861.4614060951327
1057,0,21,357980.777779,452,791.9928711924779
1057,0,22,303422.999999,452,671.2898230066371
1057,0,23,223572.000001,452,494.6283185862832
1057,1,0,153862.777778,446,344.98380667713
1057,1,1,94262.0,448,210.40625
1057,1,2,62829.444445,448,140.24429563616073
1057,1,3,61090.88889,448,136.36359127232143
1057,1,4,64656.666667,448,144.3229166674107
1057,1,5,68380.777778,448,152.6356646830357
1057,1,6,119313.00000100001,448,266.32366071651785
1057,1,7,288334.055554,448,643.602802575893
1057,1,8,357170.999998,452,790.2013274292035
1057,1,9,380845.444446,447,852.0032314228188
1057,1,10,395859.666667,444,891.5758258265765
1057,1,11,403482.222223,447,902.6447924451902
1057,1,12,401300.333334,445,901.7985018741574
1057,1,13,394705.222224,445,886.978027469663
1057,1,14,387069.111112,448,863.9935515892857
1057,1,15,340332.999998,449,757.9799554521157
1057,1,16,357846.000001,452,791.6946902676991
1057,1,17,395651.333333,452,875.3348082588496
1057,1,18,400601.333334,452,886.2861356946903
1057,1,19,401996.111112,451,891.3439270776054
1057,1,20,385168.888887,451,854.0330130532151
1057,1,21,354449.777776,452,784.1809242831857
1057,1,22,299643.666666,449,667.3578322182627
1057,1,23,222166.44444300001,451,492.6085242638581
1057,2,0,154438.0,449,343.95991091314033
1057,2,1,95664.333334,452,211.6467551637168
1057,2,2,66157.111111,452,146.36529006858407
1057,2,3,62271.999999,452,137.76991150221238
1057,2,4,68308.000002,452,151.1238938097345
1057,2,5,67334.777778,452,148.9707472964602
1057,2,6,122916.65079300001,452,271.9394929048673
1057,2,7,288890.194442,451,640.5547548603105
1057,2,8,351568.333333,452,777.8060471969027
1057,2,9,383290.781746,452,847.9884551902654
1057,2,10,403078.36111,452,891.766285641593
1057,2,11,409138.111111,452,905.1728121924779
1057,2,12,407161.555556,451,902.7972407006652
1057,2,13,400562.0,451,888.1640798226164
1057,2,14,392628.555554,451,870.5732939113083
1057,2,15,346359.444444,452,766.2819567345133
1057,2,16,364420.11111,451,808.026853902439
1057,2,17,393409.44444500003,446,882.0839561547086
1057,2,18,400719.44444500003,452,886.5474434623894
1057,2,19,402244.000001,452,889.9203539845133
1057,2,20,387426.777778,451,859.0394185764967
1057,2,21,358017.333331,451,793.8300073858093
1057,2,22,308704.666666,452,682.9749262522123
1057,2,23,231900.333333,448,517.6346726183035
1057,3,0,162248.0,445,364.60224719101126
1057,3,1,102684.333334,448,229.20610119196428
1057,3,2,67354.222223,448,150.34424603348216
1057,3,3,59970.444443,450,133.26765431777778
1057,3,4,66340.111112,454,146.12359275770925
1057,3,5,69277.666667,456,151.92470760307017
1057,3,6,119468.777777,456,261.9929337214912
1057,3,7,257442.333332,456,564.5665204649123
1057,3,8,340439.0,456,746.5767543859649
1057,3,9,391239.44444500003,455,859.866910868132
1057,3,10,415459.222223,456,911.0947855767545
1057,3,11,418303.111113,455,919.3474969516484
1057,3,12,416771.777778,456,913.9731968815789
1057,3,13,412670.444444,456,904.9790448333334
1057,3,14,400628.555556,456,878.5713937631579
1057,3,15,342934.111111,456,752.0484892785088
1057,3,16,348218.88889,456,763.6379142324562
1057,3,17,388357.333332,456,851.6608187105263
1057,3,18,400051.888889,456,877.3067738793859
1057,3,19,403232.888889,456,884.2826510723684
1057,3,20,393718.222223,456,863.4171539978071
1057,3,21,362544.444444,456,795.0536062368421
1057,3,22,312773.777778,456,685.9074074078948
1057,3,23,253213.0,456,555.2916666666666
1057,4,0,198476.000001,451,440.0798226186253
1057,4,1,135628.777778,456,297.43153021491224
1057,4,2,85895.666667,456,188.36769005921053
1057,4,3,61448.777776,454,135.34973078414097
1057,4,4,53829.222223,452,119.09119960840707
1057,4,5,59088.000001,452,130.72566371902656
1057,4,6,88092.555556,452,194.89503441592922
1057,4,7,133746.333333,452,295.89896755088495
1057,4,8,177562.222222,452,392.83677482743366
1057,4,9,225037.0,452,497.8694690265487
1057,4,10,307260.333333,454,676.7848751828194
1057,4,11,368043.333334,454,810.6681350969163
1057,4,12,391465.222222,454,862.2581987268723
1057,4,13,374495.888888,456,821.2629142280701
1057,4,14,313756.999999,451,695.6917960066519
1057,4,15,249795.333331,452,552.6445427676991
1057,4,16,255106.777778,455,560.6742368747252
1057,4,17,295181.333333,460,641.6985507239131
1057,4,18,329750.650794,457,721.555034560175
1057,4,19,357816.777778,460,777.8625603869565
1057,4,20,349661.88889,460,760.1345410652174
1057,4,21,313182.0,460,680.8304347826087
1057,4,22,279180.222223,460,606.9135265717392
1057,4,23,241844.888888,460,525.7497584521739
1057,5,0,181459.777777,456,397.9381091600877
1057,5,1,111023.888889,460,241.35628019347826
1057,5,2,68076.333333,457,148.96353026914662
1057,5,3,62250.777777,459,135.62260953594773
1057,5,4,70206.555555,460,152.62294685869566
1057,5,5,71929.777779,460,156.36908212826086
1057,5,6,125848.222222,460,273.5830917869565
1057,5,7,300456.666665,460,653.1666666630435
1057,5,8,357601.777776,460,777.3951690782608
1057,5,9,389351.444444,460,846.4161835739131
1057,5,10,408422.666668,458,891.7525473100436
1057,5,11,415957.666665,459,906.2258533006536
1057,5,12,418405.0,458,913.5480349344978
1057,5,13,409410.777778,459,891.9624788191721
1057,5,14,400982.777777,460,871.7016908195652
1057,5,15,346888.777777,458,757.3990781157205
1057,5,16,362624.55555499997,458,791.7566715174672
1057,5,17,403716.555554,460,877.6446859869566
1057,5,18,409332.11111,460,889.8524154565217
1057,5,19,409434.111111,460,890.0741545891304
1057,5,20,391056.888889,460,850.1236714978261
1057,5,21,357240.111113,460,776.6089372021739
1057,5,22,298360.222222,460,648.6091787434783
1057,5,23,216582.111112,460,470.8306763304348
1057,6,0,145228.11111,445,326.35530586516853
1057,6,1,96940.333333,456,212.58845029166667
1057,6,2,60756.555555,456,133.23806042763158
1057,6,3,56342.222223,453,124.37576649668874
1057,6,4,64643.555557,455,142.07374847692307
1057,6,5,68928.777778,456,151.15960039035087
1057,6,6,122583.999999,456,268.8245614013158
1057,6,7,291290.115081,456,638.7941120197369
1057,6,8,354897.333334,456,778.2836257324562
1057,6,9,386952.777778,456,848.5806530219298
1057,6,10,408418.666666,456,895.6549707587719
1057,6,11,415671.44444500003,456,911.5601851864036
1057,6,12,416250.55555499997,460,904.8925120760869
1057,6,13,403299.44444500003,454,888.3247675000001
1057,6,14,392000.777778,453,865.3438803046357
1057,6,15,341804.444443,456,749.5711500942983
1057,6,16,357769.999999,456,784.5833333311404
1057,6,17,395600.444443,456,867.5448343048246
1057,6,18,404072.503967,452,893.9657167411505
1057,6,19,401659.444443,453,886.6654402715233
1057,6,20,388399.444443,456,851.753167638158
1057,6,21,353135.999999,456,774.4210526293859
1057,6,22,300996.111112,456,660.0791910350878
1057,6,23,220837.444445,456,484.2926413267544
1058,0,0,94725.555556,390,242.8860398871795
1058,0,1,51894.222222,394,131.71122391370557
1058,0,2,25170.0,391,64.37340153452685
1058,0,3,13170.222223,388,33.94387170876289
1058,0,4,10707.333333,388,27.59621993041237
1058,0,5,19268.111111,388,49.66008018298969
1058,0,6,57793.158731,388,148.95144002835053
1058,0,7,139837.333334,388,360.40549828350515
1058,0,8,178865.55555699999,385,464.5858585896103
1058,0,9,192073.222222,388,495.0340778917526
1058,0,10,201958.444444,384,525.9334490729167
1058,0,11,209215.555556,386,542.0092112849741
1058,0,12,214633.0,384,558.9401041666666
1058,0,13,214523.666667,384,558.6553819453126
1058,0,14,186556.777778,384,485.8249421302083
1058,0,15,164869.666667,386,427.1234887746114
1058,0,16,180604.111111,388,465.4745131726804
1058,0,17,205679.777779,385,534.2331890363637
1058,0,18,219913.111111,388,566.7863688427835
1058,0,19,225485.111112,384,587.2008101875
1058,0,20,223797.555555,384,582.8061342578125
1058,0,21,206913.666667,384,538.8376736119792
1058,0,22,179502.888889,384,467.45543981510417
1058,0,23,137631.111111,384,358.4143518515625
1058,1,0,93629.444444,378,247.69694297354496
1058,1,1,51808.666668,380,136.33859649473683
1058,1,2,24961.333333,380,65.68771929736842
1058,1,3,12283.0,380,32.32368421052632
1058,1,4,10227.555555,380,26.91461988157895
1058,1,5,19549.333333,380,51.44561403421052
1058,1,6,57266.11111,380,150.70029239473683
1058,1,7,138261.666665,382,361.9415357722513
1058,1,8,177875.11111,384,463.21643518229166
1058,1,9,185646.555555,379,489.83260040897096
1058,1,10,196451.555555,377,521.0916592970822
1058,1,11,206891.0,386,535.9870466321244
1058,1,12,213444.111111,385,554.4002886000001
1058,1,13,212820.555556,384,554.2201967604167
1058,1,14,187227.666666,388,482.5455326443299
1058,1,15,165838.333333,389,426.31962296401025
1058,1,16,183123.777778,392,467.1524943316326
1058,1,17,209998.999999,392,535.7117346913265
1058,1,18,223082.999999,392,569.0892857117346
1058,1,19,229715.444444,392,586.0087868469387
1058,1,20,227544.305556,393,578.993143908397
1058,1,21,213300.777777,396,538.638327719697
1058,1,22,184250.333332,396,465.27861952525257
1058,1,23,142586.444445,397,359.15980968513855
1058,2,0,98298.555556,396,248.22867564646467
1058,2,1,54192.444444,400,135.48111111
1058,2,2,26978.444445,400,67.4461111125
1058,2,3,14643.333333,400,36.6083333325
1058,2,4,11772.666666000001,400,29.431666665
1058,2,5,21101.777778,400,52.754444445
1058,2,6,60548.555557,400,151.3713888925
1058,2,7,142084.555556,398,356.9963707437186
1058,2,8,182295.444446,396,460.34203142929294
1058,2,9,195025.333333,397,491.24769101511333
1058,2,10,208160.039682,396,525.6566658636364
1058,2,11,217137.777778,400,542.844444445
1058,2,12,223667.666668,399,560.5705931528822
1058,2,13,221862.0,396,560.2575757575758
1058,2,14,189433.333333,390,485.726495725641
1058,2,15,166102.333334,387,429.2049956950904
1058,2,16,181664.777778,389,467.0045701233933
1058,2,17,210684.0,391,538.8337595907929
1058,2,18,224393.555554,392,572.4325396785714
1058,2,19,229834.888889,392,586.3134920637755
1058,2,20,226971.0,391,580.4884910485933
1058,2,21,211234.888889,391,540.2426825805627
1058,2,22,186310.222221,398,468.1161362336683
1058,2,23,146029.333334,396,368.76094276262626
1058,3,0,103317.222223,390,264.91595441794874
1058,3,1,59163.000001,392,150.92602041071427
1058,3,2,28407.999999,391,72.65473145524297
1058,3,3,14105.11111,390,36.16695156410256
1058,3,4,11060.0,394,28.071065989847718
1058,3,5,20437.888888,396,51.61083052525253
1058,3,6,53963.333334,397,135.92779177329976
1058,3,7,119428.333334,396,301.5867003383838
1058,3,8,170649.88889,394,433.1215454060914
1058,3,9,194463.666667,392,496.08078231377556
1058,3,10,215544.222223,396,544.3035914722223
1058,3,11,227714.333333,400,569.2858333324999
1058,3,12,229237.777778,400,573.094444445
1058,3,13,226912.0,400,567.28
1058,3,14,207844.333334,400,519.6108333349999
1058,3,15,170608.88889,396,430.8305275
1058,3,16,180368.777777,395,456.6298171569621
1058,3,17,205326.777777,394,521.133953748731
1058,3,18,223652.333333,396,564.7786195277778
1058,3,19,230536.11111,395,583.6357243291139
1058,3,20,228736.444444,396,577.6172839494949
1058,3,21,209870.777777,396,529.9767115580809
1058,3,22,183382.777778,396,463.08782267171716
1058,3,23,151412.444444,396,382.3546576868687
1058,4,0,120739.777778,392,308.0096371887755
1058,4,1,79972.666666,396,201.95117844949496
1058,4,2,45386.777779,396,114.61307519949494
1058,4,3,23889.666666,394,60.63367174111676
1058,4,4,14990.111111,392,38.24007936479592
1058,4,5,18699.88889,392,47.70379818877551
1058,4,6,36392.111111,392,92.83701814030611
1058,4,7,65186.111111,392,166.29109977295917
1058,4,8,90078.444444,396,227.47081930303028
1058,4,9,120000.111111,400,300.0002777775
1058,4,10,162618.333334,406,400.5377668325123
1058,4,11,197318.444445,404,488.41199120049504
1058,4,12,211727.777779,407,520.2156702186732
1058,4,13,202637.555556,408,496.66067538235296
1058,4,14,171136.777778,406,421.51915708866994
1058,4,15,139253.0,404,344.68564356435644
1058,4,16,142546.888889,401,355.47852590773067
1058,4,17,167958.777777,400,419.8969444425
1058,4,18,194706.444445,403,483.1425420471464
1058,4,19,209260.111112,404,517.970572059406
1058,4,20,206741.777778,404,511.7370737079208
1058,4,21,188205.333334,404,465.854785480198
1058,4,22,172448.999999,404,426.85396039356436
1058,4,23,149626.444446,404,370.36248625247526
1058,5,0,112321.666667,401,280.1039069002494
1058,5,1,63229.222222,404,156.5079757970297
1058,5,2,28585.333334,399,71.64243943358396
1058,5,3,14132.444444,400,35.33111111
1058,5,4,10723.333334,400,26.808333335
1058,5,5,19309.0,400,48.2725
1058,5,6,58335.111111,400,145.8377777775
1058,5,7,141719.222223,402,352.53537866417906
1058,5,8,184807.888888,404,457.44526952475246
1058,5,9,197523.888888,404,488.9205170495049
1058,5,10,208527.666667,400,521.3191666675
1058,5,11,217865.222222,401,543.3047935710723
1058,5,12,225136.333334,403,558.6509512009925
1058,5,13,223579.777779,402,556.1686014402985
1058,5,14,194816.555555,402,484.6182974004975
1058,5,15,169729.444445,400,424.3236111125
1058,5,16,185587.444445,401,462.81158215710724
1058,5,17,216444.777777,402,538.4198452164179
1058,5,18,233180.111112,407,572.9241059262899
1058,5,19,238087.444444,405,587.8702331950617
1058,5,20,232848.555555,404,576.357810779703
1058,5,21,214171.777778,401,534.0942089226933
1058,5,22,186610.444444,404,461.9070407029703
1058,5,23,139953.333333,404,346.41914191336633
1058,6,0,92498.111111,389,237.78434732904887
1058,6,1,52069.444444,400,130.17361111
1058,6,2,25508.75,399,63.93170426065163
1058,6,3,13236.333333,395,33.50970464050633
1058,6,4,10904.777778,398,27.398939140703515
1058,6,5,20083.111112,400,50.207777779999994
1058,6,6,58964.13889,400,147.410347225
1058,6,7,140954.746031,400,352.3868650775
1058,6,8,181688.111112,397,457.6526728261965
1058,6,9,190941.222221,392,487.09495464540817
1058,6,10,201685.333333,388,519.8075601365979
1058,6,11,210560.555556,390,539.8988604
1058,6,12,219221.000001,395,554.9898734202532
1058,6,13,214216.333334,387,553.5305770904392
1058,6,14,185402.222222,387,479.0755096175711
1058,6,15,165786.555556,391,424.00653594884915
1058,6,16,180290.222223,391,461.10031259079284
1058,6,17,209273.555556,391,535.226484797954
1058,6,18,222111.888889,388,572.453321878866
1058,6,19,228652.222222,389,587.7949157377892
1058,6,20,227228.111112,392,579.663548755102
1058,6,21,210013.999999,392,535.749999997449
1058,6,22,183154.0,395,463.68101265822787
1058,6,23,139751.666667,396,352.90824915909093
1059,0,0,51413.0,229,224.5109170305677
1059,0,1,31950.0,232,137.7155172413793
1059,0,2,18432.0,232,79.44827586206897
1059,0,3,11529.0,232,49.69396551724138
1059,0,4,14158.0,232,61.025862068965516
1059,0,5,24031.0,232,103.58189655172414
1059,0,6,50013.0,232,215.57327586206895
1059,0,7,87188.0,232,375.8103448275862
1059,0,8,104826.0,234,447.97435897435895
1059,0,9,104024.0,236,440.77966101694915
1059,0,10,105990.0,236,449.1101694915254
1059,0,11,107514.0,236,455.56779661016947
1059,0,12,108365.0,236,459.1737288135593
1059,0,13,108104.0,232,465.9655172413793
1059,0,14,99111.0,232,427.20258620689657
1059,0,15,94837.0,232,408.7801724137931
1059,0,16,98363.0,231,425.8138528138528
1059,0,17,104397.0,232,449.98706896551727
1059,0,18,104321.0,232,449.6594827586207
1059,0,19,103157.0,232,444.64224137931035
1059,0,20,100025.0,232,431.14224137931035
1059,0,21,92024.0,232,396.6551724137931
1059,0,22,83860.0,232,361.4655172413793
1059,0,23,70500.0,236,298.728813559322
1059,1,0,52957.0,230,230.2478260869565
1059,1,1,32189.0,232,138.7456896551724
1059,1,2,18186.0,232,78.38793103448276
1059,1,3,10914.0,232,47.043103448275865
1059,1,4,13978.0,232,60.25
1059,1,5,24977.0,232,107.65948275862068
1059,1,6,50082.0,232,215.8706896551724
1059,1,7,86227.0,232,371.6681034482759
1059,1,8,102719.0,232,442.75431034482756
1059,1,9,100619.0,229,439.3842794759825
1059,1,10,102962.0,229,449.6157205240175
1059,1,11,102110.0,228,447.85087719298247
1059,1,12,105102.0,231,454.987012987013
1059,1,13,107437.0,233,461.1030042918455
1059,1,14,99936.0,236,423.45762711864404
1059,1,15,95642.0,236,405.26271186440675
1059,1,16,99900.0,236,423.3050847457627
1059,1,17,106157.0,236,449.81779661016947
1059,1,18,104932.0,236,444.6271186440678
1059,1,19,105130.0,236,445.46610169491527
1059,1,20,101000.0,236,427.96610169491527
1059,1,21,94506.0,236,400.4491525423729
1059,1,22,83592.0,233,358.7639484978541
1059,1,23,70191.0,234,299.96153846153845
1059,2,0,53854.0,230,234.1478260869565
1059,2,1,32893.0,228,144.26754385964912
1059,2,2,19352.0,229,84.5065502183406
1059,2,3,11663.0,229,50.930131004366814
1059,2,4,14359.0,231,62.16017316017316
1059,2,5,24458.0,232,105.42241379310344
1059,2,6,50304.0,232,216.82758620689654
1059,2,7,86276.0,232,371.87931034482756
1059,2,8,103467.0,232,445.9784482758621
1059,2,9,103144.0,232,444.58620689655174
1059,2,10,104150.0,232,448.92241379310343
1059,2,11,105533.0,232,454.8836206896552
1059,2,12,107150.0,232,461.8534482758621
1059,2,13,108669.0,232,468.4008620689655
1059,2,14,98841.0,230,429.74347826086955
1059,2,15,93221.0,227,410.6651982378855
1059,2,16,98139.0,229,428.55458515283846
1059,2,17,103360.0,229,451.353711790393
1059,2,18,103560.0,232,446.37931034482756
1059,2,19,103762.0,232,447.25
1059,2,20,99880.0,233,428.6695278969957
1059,2,21,91623.0,230,398.3608695652174
1059,2,22,82877.0,231,358.7748917748918
1059,2,23,71352.0,232,307.55172413793105
1059,3,0,57456.0,234,245.53846153846155
1059,3,1,36579.0,236,154.99576271186442
1059,3,2,20374.0,236,86.33050847457628
1059,3,3,12355.0,237,52.130801687763714
1059,3,4,15099.0,236,63.978813559322035
1059,3,5,25596.0,236,108.45762711864407
1059,3,6,47357.0,236,200.66525423728814
1059,3,7,80941.428571,236,342.9721549618644
1059,3,8,101134.0,231,437.8095238095238
1059,3,9,103938.0,232,448.0086206896552
1059,3,10,107831.0,232,464.78879310344826
1059,3,11,109303.0,235,465.11914893617023
1059,3,12,110933.0,235,472.0553191489362
1059,3,13,112151.0,236,475.21610169491527
1059,3,14,106806.0,236,452.56779661016947
1059,3,15,99856.0,236,423.1186440677966
1059,3,16,104153.0,236,441.3262711864407
1059,3,17,108304.0,236,458.91525423728814
1059,3,18,107188.0,236,454.1864406779661
1059,3,19,106317.4,236,450.4974576271186
1059,3,20,101343.0,236,429.4194915254237
1059,3,21,91785.0,236,388.9194915254237
1059,3,22,82389.0,236,349.10593220338984
1059,3,23,74398.0,236,315.2457627118644
1059,4,0,65330.0,233,280.3862660944206
1059,4,1,47454.0,236,201.07627118644066
1059,4,2,29721.0,236,125.9364406779661
1059,4,3,15731.0,236,66.65677966101696
1059,4,4,11398.0,236,48.29661016949152
1059,4,5,14378.0,236,60.92372881355932
1059,4,6,25816.0,237,108.92827004219409
1059,4,7,43159.0,236,182.8771186440678
1059,4,8,56350.0,236,238.77118644067798
1059,4,9,70905.0,236,300.4449152542373
1059,4,10,88622.0,235,377.11489361702127
1059,4,11,101175.0,236,428.70762711864404
1059,4,12,103341.0,236,437.885593220339
1059,4,13,97316.0,236,412.35593220338984
1059,4,14,86781.0,236,367.71610169491527
1059,4,15,81900.0,236,347.03389830508473
1059,4,16,87353.0,236,370.1398305084746
1059,4,17,95683.0,237,403.7257383966245
1059,4,18,101426.0,236,429.771186440678
1059,4,19,101311.0,236,429.28389830508473
1059,4,20,93668.0,236,396.89830508474574
1059,4,21,86821.0,236,367.885593220339
1059,4,22,83673.0,236,354.54661016949154
1059,4,23,76250.0,236,323.09322033898303
1059,5,0,61522.0,234,262.9145299145299
1059,5,1,37910.0,236,160.635593220339
1059,5,2,20672.0,236,87.59322033898304
1059,5,3,11656.0,236,49.389830508474574
1059,5,4,14540.0,236,61.610169491525426
1059,5,5,24179.0,236,102.45338983050847
1059,5,6,49710.0,235,211.53191489361703
1059,5,7,85945.0,233,368.862660944206
1059,5,8,104563.0,233,448.76824034334766
1059,5,9,104680.0,234,447.35042735042737
1059,5,10,106346.0,234,454.47008547008545
1059,5,11,108053.0,236,457.85169491525426
1059,5,12,108946.0,236,461.635593220339
1059,5,13,109915.0,235,467.72340425531917
1059,5,14,98986.0,232,426.66379310344826
1059,5,15,89956.0,225,399.80444444444447
1059,5,16,92556.0,220,420.7090909090909
1059,5,17,98208.0,220,446.4
1059,5,18,99608.0,221,450.71493212669685
1059,5,19,100127.0,224,446.9955357142857
1059,5,20,96539.0,224,430.97767857142856
1059,5,21,88729.0,224,396.11160714285717
1059,5,22,79256.0,224,353.82142857142856
1059,5,23,65237.0,224,291.23660714285717
1059,6,0,48797.0,219,222.8173515981735
1059,6,1,30626.0,224,136.72321428571428
1059,6,2,17476.0,224,78.01785714285714
1059,6,3,10154.0,224,45.330357142857146
1059,6,4,13661.0,224,60.986607142857146
1059,6,5,24079.0,224,107.49553571428571
1059,6,6,48515.0,226,214.66814159292036
1059,6,7,84178.0,228,369.20175438596493
1059,6,8,102037.0,228,447.530701754386
1059,6,9,102840.0,230,447.1304347826087
1059,6,10,103146.0,228,452.39473684210526
1059,6,11,104236.0,228,457.17543859649123
1059,6,12,104940.0,228,460.2631578947368
1059,6,13,107433.0,228,471.19736842105266
1059,6,14,98051.0,229,428.1703056768559
1059,6,15,92711.0,228,406.62719298245617
1059,6,16,97537.0,228,427.7938596491228
1059,6,17,103507.0,228,453.9780701754386
1059,6,18,103733.0,228,454.969298245614
1059,6,19,102967.0,228,451.609649122807
1059,6,20,99004.0,228,434.2280701754386
1059,6,21,92231.0,228,404.5219298245614
1059,6,22,81754.0,228,358.5701754385965
1059,6,23,67482.0,228,295.9736842105263
1064,0,0,60957.14286,219,278.3431180821918
1064,0,1,34871.571426,222,157.07915056756758
1064,0,2,17322.742859,222,78.03037323873875
1064,0,3,8572.999996,216,39.6898147962963
1064,0,4,6010.142855,220,27.31883115909091
1064,0,5,10408.000002,220,47.30909091818182
1064,0,6,37119.904763,220,168.72683983181818
1064,0,7,96122.952381,220,436.92251082272725
1064,0,8,112790.190476,217,519.7704630230415
1064,0,9,115167.428569,218,528.2909567385321
1064,0,10,116261.857148,221,526.071751800905
1064,0,11,118296.857138,223,530.4791799910314
1064,0,12,118950.857139,221,538.2391725746606
1064,0,13,121047.142861,222,545.2574002747748
1064,0,14,121297.571425,223,543.9352978699552
1064,0,15,104115.380951,222,468.988202481982
1064,0,16,104886.476186,222,472.46160444144147
1064,0,17,118030.142861,227,519.9565764801762
1064,0,18,122995.71428700001,228,539.4548872236843
1064,0,19,122923.714284,228,539.1390977368421
1064,0,20,122721.857141,228,538.2537593903509
1064,0,21,118724.0,228,520.719298245614
1064,0,22,106481.142857,228,467.02255639035087
1064,0,23,86343.285712,228,378.69862154385964
1064,1,0,61496.999998,223,275.77130043946187
1064,1,1,34970.285718,224,156.11734695535714
1064,1,2,17393.285714999998,220,79.06038961363636
1064,1,3,8468.000003,221,38.31674209502262
1064,1,4,5836.657143,218,26.773656619266056
1064,1,5,10847.200004,220,49.30545456363637
1064,1,6,36791.247617,220,167.23294371363636
1064,1,7,93027.952379,220,422.8543289954545
1064,1,8,111080.495239,221,502.62667528959275
1064,1,9,111968.019049,222,504.36044616666663
1064,1,10,111768.371427,220,508.0380519409091
1064,1,11,114417.285717,220,520.0785714409092
1064,1,12,115184.095236,218,528.3674093394495
1064,1,13,118134.57143,220,536.9753246818182
1064,1,14,117756.619047,220,535.2573593045455
1064,1,15,102736.999997,222,462.7792792657658
1064,1,16,105822.857147,226,468.24273073893806
1064,1,17,118160.000004,228,518.2456140526316
1064,1,18,121626.714289,230,528.8118012565217
1064,1,19,121461.857145,228,532.727443618421
1064,1,20,119490.142857,225,531.0673015866666
1064,1,21,115249.857148,226,509.9551201238938
1064,1,22,103245.285719,224,460.9164541026786
1064,1,23,84088.999995,225,373.7288888666667
1064,2,0,63425.428572,229,276.96693699563315
1064,2,1,37221.000003,228,163.2500000131579
1064,2,2,18479.57143,227,81.40780365638767
1064,2,3,9387.714287,227,41.35556954625551
1064,2,4,7120.142859,228,31.228696749999997
1064,2,5,11582.571429,227,51.024543740088106
1064,2,6,37054.999998,224,165.42410713392857
1064,2,7,94438.714289,225,419.72761906222223
1064,2,8,113883.28571,228,499.4880952192982
1064,2,9,113929.142857,225,506.35174603111113
1064,2,10,114714.666668,223,514.4155455964126
1064,2,11,116572.857143,224,520.4145408169643
1064,2,12,114669.857137,218,526.0085189770642
1064,2,13,115415.857145,215,536.8179402093024
1064,2,14,112838.761909,214,527.2839341542056
1064,2,15,99905.380952,218,458.281564
1064,2,16,101392.571426,217,467.24687293087555
1064,2,17,110568.714287,216,511.8921957731481
1064,2,18,118143.047619,222,532.1758901756757
1064,2,19,124194.857142,232,535.3226600948276
1064,2,20,123449.66666799999,232,532.1106321896551
1064,2,21,119138.38095199999,231,515.7505668917748
1064,2,22,108508.380947,232,467.70853856465516
1064,2,23,87524.857139,227,385.5720578810573
1064,3,0,64712.571433,219,295.49119375799086
1064,3,1,38861.619047,221,175.8444300769231
1064,3,2,19610.619048,223,87.9399957309417
1064,3,3,9634.047616,224,43.00914114285714
1064,3,4,6782.095236,227,29.877071524229077
1064,3,5,10819.904765,228,47.45572265350877
1064,3,6,34056.761905,228,149.37176274122805
1064,3,7,85150.285713,228,373.4661654078948
1064,3,8,111141.142858,228,487.46115288596496
1064,3,9,114761.000003,227,505.55506609251097
1064,3,10,122646.571427,234,524.1306471239317
1064,3,11,125253.142852,234,535.2698412478633
1064,3,12,129167.999997,238,542.7226890630252
1064,3,13,129607.714286,238,544.570228092437
1064,3,14,122399.952378,237,516.4554952658228
1064,3,15,103140.190478,239,431.54891413389123
1064,3,16,103999.00000100001,236,440.67372881779664
1064,3,17,115165.285716,237,485.9294755949367
1064,3,18,121774.619055,232,524.890599375
1064,3,19,121868.428574,226,539.2408343982302
1064,3,20,120228.904764,224,536.7361819821429
1064,3,21,112625.619046,221,509.61818572850683
1064,3,22,102761.428573,221,464.98383969683255
1064,3,23,91351.14285999999,223,409.64638053811655
1064,4,0,78690.857143,222,354.46332046396395
1064,4,1,56892.857143,224,253.98596938839287
1064,4,2,34138.999998,227,150.39207047577094
1064,4,3,18277.000002,226,80.87168142477877
1064,4,4,10872.571427,224,48.538265299107145
1064,4,5,10731.857141,221,48.5604395520362
1064,4,6,20043.714285000002,223,89.88212683856503
1064,4,7,38951.428570000004,220,177.05194804545457
1064,4,8,51204.857144,219,233.8121330776256
1064,4,9,60202.000001,219,274.894977173516
1064,4,10,77534.571431,220,352.4298701409091
1064,4,11,92121.142859,220,418.7324675409091
1064,4,12,103040.857143,223,462.0666239596413
1064,4,13,102191.714287,226,452.1757269336283
1064,4,14,88989.857139,223,399.0576553318386
1064,4,15,74420.095239,229,324.97858182969435
1064,4,16,78537.80952,227,345.9815397356828
1064,4,17,92836.857139,226,410.78255371238936
1064,4,18,107892.80952,228,473.2140768421052
1064,4,19,112864.523808,222,508.3987558918919
1064,4,20,113660.142855,224,507.41135203125
1064,4,21,105815.28572,224,472.3896683928571
1064,4,22,101788.428573,228,446.4404761973684
1064,4,23,92541.380953,227,407.67128173127753
1064,5,0,74635.666669,229,325.9199417860262
1064,5,1,43584.047615,232,187.8622742025862
1064,5,2,20111.761907,226,88.99009693362832
1064,5,3,9941.714282,227,43.79609815859031
1064,5,4,6920.428574,231,29.958565255411255
1064,5,5,11283.714285,234,48.22100121794872
1064,5,6,38904.666669,234,166.25925926923077
1064,5,7,99092.095238,232,427.1211001637931
1064,5,8,117452.523812,233,504.0880850300429
1064,5,9,121546.23809299999,237,512.8533252869198
1064,5,10,123375.809529,238,518.3857543235295
1064,5,11,124216.285711,237,524.1193489915612
1064,5,12,125605.952384,235,534.4934144
1064,5,13,128058.571427,241,531.3633669170125
1064,5,14,127735.42857,244,523.505854795082
1064,5,15,112386.999997,244,460.60245900409836
1064,5,16,112839.33333,244,462.45628413934423
1064,5,17,123465.76190499999,241,512.3060659958506
1064,5,18,128754.52381,240,536.4771825416667
1064,5,19,127832.142857,239,534.862522414226
1064,5,20,126292.714286,237,532.8806509957806
1064,5,21,119131.428572,236,504.7941888644068
1064,5,22,106542.571423,236,451.4515738262712
1064,5,23,85079.857145,235,362.04194529787236
1064,6,0,58232.000002,222,262.30630631531534
1064,6,1,34847.428572,229,152.17217717030567
1064,6,2,17700.22857,236,75.00096851694914
1064,6,3,9186.000005,234,39.256410277777775
1064,6,4,6590.714288,232,28.40825124137931
1064,6,5,10804.714288,232,46.57204434482758
1064,6,6,36736.476191,231,159.03236446320346
1064,6,7,94795.495237,228,415.7697159517544
1064,6,8,112356.857143,229,490.64129756768557
1064,6,9,115502.142854,230,502.18322980000005
1064,6,10,117877.428574,228,517.0062656754386
1064,6,11,119421.714283,228,523.7794486096491
1064,6,12,122313.285709,231,529.4947433290043
1064,6,13,119493.285711,223,535.8443305426009
1064,6,14,113135.857141,219,516.6020874018265
1064,6,15,100780.14285799999,219,460.18330072146114
1064,6,16,103741.857141,220,471.55389609545455
1064,6,17,114011.85714400001,221,515.8907563076923
1064,6,18,118913.000002,220,540.5136363727273
1064,6,19,117283.571432,220,533.1071428727273
1064,6,20,119888.57143,224,535.2168367410715
1064,6,21,115113.857142,224,513.9011479553571
1064,6,22,103643.000004,224,462.6919643035714
1064,6,23,83916.285712,224,374.62627549999996
1065,0,0,78220.464289,233,335.7101471630901
1065,0,1,43515.821426,236,184.38907383898305
1065,0,2,20733.089288,236,87.85207325423728
1065,0,3,11570.285717,236,49.0266343940678
1065,0,4,8581.410712,236,36.36190979661017
1065,0,5,13150.303573000001,236,55.721625309322036
1065,0,6,52138.803582,236,220.9271338220339
1065,0,7,117757.03572,236,498.97049033898304
1065,0,8,132579.035709,236,561.7755750381356
1065,0,9,142734.178573,236,604.805841411017
1065,0,10,147419.178566,236,624.6575362966101
1065,0,11,146222.535712,236,619.5870157288136
1065,0,12,148454.285718,236,629.0435835508474
1065,0,13,146589.089283,236,621.1402088262712
1065,0,14,147221.178575,236,623.8185532838983
1065,0,15,135613.428567,230,589.6236024652173
1065,0,16,143315.87500200002,236,607.2706567881356
1065,0,17,145312.482144,233,623.6587216480688
1065,0,18,143150.017859,236,606.5678722838984
1065,0,19,141054.94643,236,597.6904509745763
1065,0,20,139073.625001,236,589.295021190678
1065,0,21,138377.214288,236,586.344128338983
1065,0,22,134940.482147,236,571.7817040127119
1065,0,23,113351.767851,240,472.2990327125
1065,1,0,79642.017854,234,340.35050364957266
1065,1,1,43882.142857,236,185.94128329237287
1065,1,2,20825.107144,236,88.24197942372882
1065,1,3,10313.821428,236,43.70263316949152
1065,1,4,7966.392858,236,33.755901940677965
1065,1,5,13385.553572,236,56.718447338983054
1065,1,6,51216.946425,236,217.02095942796612
1065,1,7,115744.553569,236,490.4430235974576
1065,1,8,129883.73213599999,236,550.3547971864407
1065,1,9,139374.125,233,598.1722103004291
1065,1,10,139710.053569,232,602.1985067629311
1065,1,11,142586.892858,232,614.598676112069
1065,1,12,143355.892858,232,617.9133312844828
1065,1,13,141300.446433,233,606.4396842618025
1065,1,14,142758.23214500002,236,604.9077633262713
1065,1,15,136941.946426,236,580.2624848559323
1065,1,16,139317.446429,236,590.3281628347457
1065,1,17,143193.91071,236,606.7538589406779
1065,1,18,142749.732144,236,604.8717463728814
1065,1,19,139188.767859,233,597.3766860901288
1065,1,20,137783.357147,233,591.3448804592275
1065,1,21,141048.964283,236,597.6651028940678
1065,1,22,132048.678567,233,566.7325260386266
1065,1,23,108579.821431,231,470.042517017316
1065,2,0,77259.499998,223,346.45515694170405
1065,2,1,43333.392850000004,224,193.45264665178573
1065,2,2,21725.58928,227,95.70744176211454
1065,2,3,12331.017853,232,53.15093902155172
1065,2,4,8569.839284,232,36.93896243103448
1065,2,5,13750.19643,232,59.26808806034483
1065,2,6,50932.178570000004,232,219.53525245689656
1065,2,7,115784.803577,232,499.0724292112069
1065,2,8,128350.16072,232,553.2334513793104
1065,2,9,141896.232146,232,611.6216902844827
1065,2,10,143145.857138,231,619.6790352294372
1065,2,11,142718.446432,232,615.1657173793103
1065,2,12,146717.250001,232,632.4019396594828
1065,2,13,143217.875001,232,617.3184267284483
1065,2,14,142565.553569,232,614.5066964181035
1065,2,15,136135.410711,231,589.3307822987014
1065,2,16,141381.035721,232,609.401016038793
1065,2,17,144417.464287,232,622.4890702025863
1065,2,18,142779.142857,232,615.4273399008621
1065,2,19,141010.499997,232,607.8038792974138
1065,2,20,140012.571427,233,600.91232372103
1065,2,21,137651.374996,232,593.3248922241379
1065,2,22,132398.678569,232,570.6839593491379
1065,2,23,114467.767856,232,493.3955511034483
1065,3,0,85443.19643,231,369.8839672294372
1065,3,1,48656.660716,232,209.72698584482757
1065,3,2,22641.142851,232,97.59113297844827
1065,3,3,12199.892862,233,52.36005520171674
1065,3,4,8663.69643,232,37.343519094827585
1065,3,5,13701.339286,232,59.0574969224138
1065,3,6,44680.053572,231,193.42014533333332
1065,3,7,100911.857142,230,438.74720496521735
1065,3,8,129323.55357,228,567.2085682894736
1065,3,9,142861.107148,231,618.4463512900434
1065,3,10,145486.874993,231,629.8133116580087
1065,3,11,144132.071424,231,623.9483611428572
1065,3,12,142998.857136,232,616.3743842068966
1065,3,13,145782.357143,232,628.3722290646551
1065,3,14,143317.303572,232,617.7469981551724
1065,3,15,131325.035713,232,566.0561884181034
1065,3,16,134150.696428,232,578.2357604655173
1065,3,17,143862.892862,232,620.0986761293104
1065,3,18,146466.910717,232,631.3228910215516
1065,3,19,147528.982144,232,635.9007851034484
1065,3,20,143718.446436,232,619.4760622241379
1065,3,21,140871.57143,231,609.8336425541127
1065,3,22,134921.428567,232,581.5578817543103
1065,3,23,119897.285721,232,516.7986453491379
1065,4,0,100541.053568,229,439.04390204366814
1065,4,1,70952.910715,232,305.8315117025862
1065,4,2,39786.714288,232,171.49445813793105
1065,4,3,20222.964288,232,87.16794951724138
1065,4,4,12105.196425,232,52.17757079741379
1065,4,5,13779.857145,232,59.39593596982758
1065,4,6,30056.375003999998,233,128.99731761373388
1065,4,7,53854.000008999996,232,232.12931038362066
1065,4,8,76031.71429,232,327.7229064224138
1065,4,9,89415.892857,232,385.41333128017243
1065,4,10,112279.535713,232,483.96351600431035
1065,4,11,125820.12500100001,229,549.4328602663755
1065,4,12,133325.482145,228,584.7608866008771
1065,4,13,132519.839288,230,576.1732142956521
1065,4,14,118704.053572,232,511.6554033275862
1065,4,15,102672.714291,232,442.55480297844827
1065,4,16,106410.392858,232,458.6654864568966
1065,4,17,119058.499997,232,513.1831896422414
1065,4,18,135392.48214500002,231,586.1146413203464
1065,4,19,145524.339285,232,627.2600831249999
1065,4,20,143132.160713,231,619.6197433463203
1065,4,21,134483.39285899999,230,584.7104037347825
1065,4,22,129214.51785999999,232,556.9591287068965
1065,4,23,117166.696428,232,505.0288639137931
1065,5,0,91302.98213799999,230,396.9694875565217
1065,5,1,51591.410715,232,222.37677032327585
1065,5,2,22818.410711,232,98.35521858189655
1065,5,3,11036.857145,232,47.57266010775862
1065,5,4,7902.785717,232,34.0637315387931
1065,5,5,12799.696433000001,232,55.17110531465518
1065,5,6,49272.803568,228,216.10878757894739
1065,5,7,113749.089284,231,492.42029993073595
1065,5,8,128534.928575,231,556.4282622294372
1065,5,9,140258.214291,232,604.5612684956897
1065,5,10,142384.846428,231,616.3846165714285
1065,5,11,141043.324995,232,607.9453663577586
1065,5,12,138498.778572,228,607.4507832105263
1065,5,13,141388.267858,236,599.1028299067797
1065,5,14,143753.192867,236,609.1236985889831
1065,5,15,132884.910718,236,563.0716555847457
1065,5,16,139214.285713,235,592.4012157999999
1065,5,17,145915.035715,235,620.9150455957447
1065,5,18,144371.714285,236,611.7445520550847
1065,5,19,139367.089284,234,595.5858516410256
1065,5,20,135505.571428,232,584.0757389137931
1065,5,21,136856.107139,232,589.8970135301724
1065,5,22,131688.571426,232,567.6231526982759
1065,5,23,106647.571432,232,459.6878078965517
1065,6,0,74201.142866,227,326.8772813480176
1065,6,1,41463.999993,232,178.72413790086205
1065,6,2,19360.0,231,83.80952380952381
1065,6,3,9774.571423,232,42.131773374999995
1065,6,4,7358.660711,232,31.71836513362069
1065,6,5,12810.821436,232,55.2190579137931
1065,6,6,49254.285714,232,212.30295566379309
1065,6,7,112399.196425,232,484.47929493534485
1065,6,8,130217.500001,232,561.2823275905172
1065,6,9,140760.699997,232,606.7271551594827
1065,6,10,144443.982139,232,622.6033712887931
1065,6,11,146721.589286,232,632.4206434741379
1065,6,12,148253.267856,232,639.022706275862
1065,6,13,145850.642862,232,628.6665640603449
1065,6,14,143566.553574,233,616.1654659828325
1065,6,15,133496.803569,229,582.9554741004367
1065,6,16,138070.285711,229,602.9270118384279
1065,6,17,143546.017858,231,621.4113327186147
1065,6,18,141872.303572,232,611.5185498793104
1065,6,19,140849.946427,232,607.1118380474137
1065,6,20,138005.839291,232,594.8527555646552
1065,6,21,138009.446427,232,594.8683035646551
1065,6,22,132012.749999,232,569.0204741336206
1065,6,23,108624.285712,232,468.2081280689655
1066,0,0,121346.0,341,355.8533724340176
1066,0,1,76242.0,344,221.63372093023256
1066,0,2,46491.0,344,135.14825581395348
1066,0,3,35758.0,344,103.94767441860465
1066,0,4,27941.0,344,81.22383720930233
1066,0,5,34530.363637,344,100.37896406104652
1066,0,6,86737.030303,344,252.1425299505814
1066,0,7,215467.060606,344,626.3577343197675
1066,0,8,241913.0,341,709.4222873900293
1066,0,9,248889.0,344,723.5145348837209
1066,0,10,255012.454545,342,745.6504518859649
1066,0,11,257230.0,341,754.3401759530792
1066,0,12,263794.0,344,766.8430232558139
1066,0,13,256187.0,341,751.2815249266862
1066,0,14,240968.0,340,708.7294117647059
1066,0,15,217348.0,339,641.1445427728613
1066,0,16,235165.0,344,683.6191860465116
1066,0,17,257516.0,344,748.5930232558139
1066,0,18,259334.0,344,753.8779069767442
1066,0,19,260362.0,344,756.8662790697674
1066,0,20,257069.0,344,747.2936046511628
1066,0,21,239564.0,344,696.4069767441861
1066,0,22,211411.0,344,614.5668604651163
1066,0,23,170589.0,348,490.19827586206895
1066,1,0,126997.0,342,371.3362573099415
1066,1,1,81038.0,344,235.57558139534885
1066,1,2,48795.0,344,141.84593023255815
1066,1,3,35790.0,344,104.04069767441861
1066,1,4,31711.0,344,92.18313953488372
1066,1,5,38674.0,344,112.42441860465117
1066,1,6,87586.4,344,254.61162790697674
1066,1,7,210857.272727,344,612.9571881598837
1066,1,8,233619.0,344,679.125
1066,1,9,238763.090909,335,712.7256445044776
1066,1,10,243672.636364,332,733.9537239879518
1066,1,11,250701.181819,335,748.3617367731343
1066,1,12,253950.0,333,762.6126126126126
1066,1,13,247560.0,333,743.4234234234234
1066,1,14,233199.0,336,694.0446428571429
1066,1,15,211157.0,336,628.4434523809524
1066,1,16,225997.0,336,672.610119047619
1066,1,17,248010.0,335,740.3283582089553
1066,1,18,253828.0,336,755.4404761904761
1066,1,19,255290.0,336,759.7916666666666
1066,1,20,248026.0,336,738.172619047619
1066,1,21,234385.0,336,697.5744047619048
1066,1,22,205284.0,333,616.4684684684685
1066,1,23,164127.0,334,491.39820359281435
1066,2,0,123966.0,331,374.51963746223566
1066,2,1,79100.0,336,235.41666666666666
1066,2,2,49994.0,336,148.79166666666666
1066,2,3,36435.0,336,108.4375
1066,2,4,31751.0,336,94.49702380952381
1066,2,5,38074.636363,336,113.31737012797619
1066,2,6,89439.327272,336,266.18847402380953
1066,2,7,207904.781818,335,620.6112890089552
1066,2,8,233652.0,336,695.3928571428571
1066,2,9,243840.054545,336,725.7144480505953
1066,2,10,251895.8,336,749.6898809523809
1066,2,11,253718.6,334,759.6365269461078
1066,2,12,258750.0,335,772.3880597014926
1066,2,13,251416.0,334,752.7425149700599
1066,2,14,235486.0,333,707.1651651651651
1066,2,15,218216.0,336,649.452380952381
1066,2,16,233032.0,335,695.6179104477612
1066,2,17,249808.33333300002,333,750.1751751741742
1066,2,18,254664.0,336,757.9285714285714
1066,2,19,255274.0,336,759.7440476190476
1066,2,20,250038.0,337,741.9525222551929
1066,2,21,236928.0,336,705.1428571428571
1066,2,22,212100.0,336,631.25
1066,2,23,172490.0,336,513.3630952380952
1066,3,0,134505.0,338,397.9437869822485
1066,3,1,89293.0,340,262.6264705882353
1066,3,2,54729.0,340,160.96764705882353
1066,3,3,38143.0,341,111.85630498533725
1066,3,4,31912.0,340,93.85882352941177
1066,3,5,41903.454546,340,123.24545454705883
1066,3,6,84075.303031,339,248.0097434542773
1066,3,7,178576.272727,339,526.7736658613569
1066,3,8,219590.0,340,645.8529411764706
1066,3,9,245050.0,340,720.7352941176471
1066,3,10,258375.0,340,759.9264705882352
1066,3,11,259557.0,335,774.7970149253731
1066,3,12,262740.0,339,775.0442477876106
1066,3,13,253971.0,334,760.3922155688623
1066,3,14,239945.0,336,714.1220238095239
1066,3,15,205292.0,340,603.8
1066,3,16,213508.0,340,627.964705882353
1066,3,17,236178.0,340,694.6411764705882
1066,3,18,250030.0,340,735.3823529411765
1066,3,19,256950.0,340,755.7352941176471
1066,3,20,254146.0,340,747.4882352941177
1066,3,21,237548.0,340,698.6705882352941
1066,3,22,213363.0,340,627.5382352941176
1066,3,23,184075.0,340,541.3970588235294
1066,4,0,154583.0,336,460.0684523809524
1066,4,1,113784.0,340,334.6588235294118
1066,4,2,75461.0,340,221.94411764705882
1066,4,3,50874.0,340,149.62941176470588
1066,4,4,39427.0,340,115.96176470588236
1066,4,5,40453.0,337,120.03857566765579
1066,4,6,62333.0,341,182.79472140762462
1066,4,7,101179.0,340,297.58529411764704
1066,4,8,128095.0,340,376.75
1066,4,9,140887.0,340,414.3735294117647
1066,4,10,176436.0,340,518.9294117647058
1066,4,11,208168.0,340,612.2588235294118
1066,4,12,216568.0,335,646.4716417910448
1066,4,13,212257.0,338,627.9792899408284
1066,4,14,185206.0,340,544.7235294117647
1066,4,15,156363.0,340,459.8911764705882
1066,4,16,165795.0,340,487.63235294117646
1066,4,17,190398.0,340,559.9941176470588
1066,4,18,217373.0,339,641.2182890855457
1066,4,19,237155.0,340,697.5147058823529
1066,4,20,233673.333333,339,689.301868238938
1066,4,21,215209.0,338,636.7130177514792
1066,4,22,200603.0,340,590.0088235294118
1066,4,23,176804.0,340,520.0117647058823
1066,5,0,140666.0,337,417.406528189911
1066,5,1,88664.0,340,260.77647058823527
1066,5,2,50693.0,337,150.42433234421364
1066,5,3,32794.0,339,96.73746312684366
1066,5,4,27756.0,340,81.63529411764706
1066,5,5,33523.636363,340,98.59893047941176
1066,5,6,84502.090909,336,251.49431818154764
1066,5,7,214453.636364,339,632.6065969439528
1066,5,8,233769.0,336,695.7410714285714
1066,5,9,246456.0,339,727.0088495575221
1066,5,10,253070.0,338,748.7278106508876
1066,5,11,258121.0,340,759.1794117647058
1066,5,12,259775.0,338,768.5650887573964
1066,5,13,251800.0,335,751.6417910447761
1066,5,14,236850.0,336,704.9107142857143
1066,5,15,216667.0,340,637.2558823529412
1066,5,16,232619.0,340,684.1735294117647
1066,5,17,255116.0,340,750.3411764705883
1066,5,18,260412.909091,340,765.9203208558823
1066,5,19,259603.0,340,763.5382352941176
1066,5,20,252032.0,340,741.2705882352941
1066,5,21,234020.0,340,688.2941176470588
1066,5,22,204940.0,340,602.7647058823529
1066,5,23,160303.0,340,471.4794117647059
1066,6,0,113327.0,329,344.45896656534956
1066,6,1,72798.0,340,214.11176470588236
1066,6,2,44219.0,340,130.05588235294118
1066,6,3,32855.0,340,96.63235294117646
1066,6,4,28263.0,340,83.12647058823529
1066,6,5,36847.181819,340,108.3740641735294
1066,6,6,85988.2,340,252.9064705882353
1066,6,7,207904.272727,340,611.4831550794117
1066,6,8,232443.363636,336,691.7957251071429
1066,6,9,243806.727273,338,721.3216783224852
1066,6,10,253245.0,337,751.4688427299703
1066,6,11,258077.0,340,759.05
1066,6,12,263538.0,344,766.0988372093024
1066,6,13,256525.0,340,754.4852941176471
1066,6,14,237180.0,339,699.6460176991151
1066,6,15,212558.0,340,625.1705882352941
1066,6,16,230133.0,340,676.8617647058824
1066,6,17,253689.0,340,746.1441176470588
1066,6,18,257114.0,336,765.2202380952381
1066,6,19,260483.0,340,766.1264705882353
1066,6,20,252799.0,340,743.5264705882353
1066,6,21,235376.0,340,692.2823529411764
1066,6,22,206757.0,340,608.1088235294118
1066,6,23,164415.0,339,485.0
1067,0,0,165695.333333,233,711.1387696695278
1067,0,1,154126.888891,236,653.0800376737288
1067,0,2,148795.777779,236,630.4905838093221
1067,0,3,155450.777777,235,661.4926713914894
1067,0,4,180580.0,234,771.7094017094017
1067,0,5,169898.666666,236,719.9096045169491
1067,0,6,170386.305556,236,721.975871
1067,0,7,209522.000001,236,887.80508475
1067,0,8,225028.66666699998,236,953.5112994364406
1067,0,9,220021.222221,236,932.2933144957627
1067,0,10,217066.11111,236,919.7716572457628
1067,0,11,217888.44444300001,236,923.2561205211865
1067,0,12,214390.888888,236,908.4359698644067
1067,0,13,223103.777779,236,945.354990588983
1067,0,14,227508.444445,236,964.0188323940678
1067,0,15,217204.000001,236,920.3559322076271
1067,0,16,211247.222223,235,898.9243498851064
1067,0,17,200842.666666,232,865.7011494224138
1067,0,18,197947.777778,232,853.2231800775861
1067,0,19,192059.666666,232,827.8433908017241
1067,0,20,196955.222223,232,848.9449233749999
1067,0,21,207073.000001,231,896.4199134242425
1067,0,22,209479.555555,231,906.8379028354979
1067,0,23,192540.111111,236,815.8479284364407
1067,1,0,164199.333334,230,713.9101449304347
1067,1,1,141386.0,232,609.4224137931035
1067,1,2,136208.44444300001,232,587.1053639784484
1067,1,3,139487.333335,230,606.4666666739131
1067,1,4,160157.611113,230,696.3374396217391
1067,1,5,157566.444444,232,679.1657088103448
1067,1,6,164779.888889,232,710.258141762931
1067,1,7,203176.11111,232,875.759099612069
1067,1,8,222616.111111,236,943.2886064025424
1067,1,9,214802.33333300002,233,921.8984263218885
1067,1,10,211767.888891,232,912.7926245301725
1067,1,11,210741.666668,232,908.3692528793104
1067,1,12,210411.0,232,906.9439655172414
1067,1,13,212285.999999,231,918.987012982684
1067,1,14,224405.111113,235,954.9153664382978
1067,1,15,212522.333334,236,900.5183615847458
1067,1,16,211261.222222,236,895.1746704322035
1067,1,17,199803.555553,236,846.6252353940679
1067,1,18,194502.555556,236,824.163371
1067,1,19,194849.111112,236,825.6318267457627
1067,1,20,202191.666668,236,856.7443502881356
1067,1,21,210635.88889,236,892.5249529237288
1067,1,22,208728.000001,233,895.8283261845494
1067,1,23,187214.888889,234,800.0636277307692
1067,2,0,160247.222222,232,690.7207854396552
1067,2,1,144638.222222,232,623.4406130258621
1067,2,2,141912.888888,231,614.3415103376623
1067,2,3,154370.444446,232,665.3898467500001
1067,2,4,176185.888889,230,766.0256038652174
1067,2,5,168639.333335,232,726.8936781681034
1067,2,6,170081.777777,232,733.1111111077587
1067,2,7,205954.111113,232,887.7332375560344
1067,2,8,218648.222222,232,942.4492337155173
1067,2,9,213724.000001,231,925.2121212164502
1067,2,10,214286.555556,232,923.648946362069
1067,2,11,209728.777777,232,904.003352487069
1067,2,12,207809.555556,232,895.7308429137931
1067,2,13,213721.111111,232,921.2116858232758
1067,2,14,220471.444444,232,950.3079501896551
1067,2,15,210354.027777,232,906.6983955905173
1067,2,16,206207.555555,231,892.6734006709956
1067,2,17,195857.777778,229,855.2741387685589
1067,2,18,191924.444444,232,827.2605363965517
1067,2,19,189623.55555699999,232,817.3429118836207
1067,2,20,197991.88889,233,849.7505960944206
1067,2,21,210191.444444,232,905.997605362069
1067,2,22,210739.777778,232,908.3611111120689
1067,2,23,195634.333335,232,843.2514367887932
1067,3,0,170073.0,234,726.8076923076923
1067,3,1,148999.555556,236,631.3540489661017
1067,3,2,138809.888889,236,588.1774952923729
1067,3,3,144515.888889,237,609.7716830759493
1067,3,4,165155.555551,236,699.8116760635593
1067,3,5,160384.999999,236,679.5974576228813
1067,3,6,163239.666667,236,691.6935028262712
1067,3,7,203920.22222300002,236,864.0687382330509
1067,3,8,217885.000001,236,923.2415254279662
1067,3,9,216978.444444,236,919.4001883220338
1067,3,10,213128.888888,236,903.0885122372881
1067,3,11,209458.66666699998,235,891.3134751787234
1067,3,12,210870.222223,236,893.5178907754237
1067,3,13,218553.555556,236,926.0743879491525
1067,3,14,229017.333334,236,970.4124293813559
1067,3,15,221587.888891,235,942.9271867702128
1067,3,16,217469.88889,235,925.4037825106383
1067,3,17,208625.444446,236,884.0061205338983
1067,3,18,200086.777777,236,847.8253295635594
1067,3,19,194609.111111,236,824.6148775889831
1067,3,20,197574.0,236,837.1779661016949
1067,3,21,205685.444444,236,871.5484934067796
1067,3,22,209062.111112,236,885.8564030169492
1067,3,23,200118.999999,236,847.9618644025423
1067,4,0,180668.111111,233,775.3996185021459
1067,4,1,154657.777778,236,655.3295668559322
1067,4,2,138660.222222,236,587.5433145000001
1067,4,3,128916.222223,236,546.255178911017
1067,4,4,129171.0,234,552.0128205128206
1067,4,5,141002.666666,236,597.4689265508475
1067,4,6,137377.111113,237,579.6502578607594
1067,4,7,139380.333334,236,590.5946327711864
1067,4,8,166637.999999,236,706.0932203347458
1067,4,9,185602.333334,236,786.4505649745762
1067,4,10,216775.333334,235,922.4482269531915
1067,4,11,219472.111112,235,933.9238770723405
1067,4,12,210557.222222,236,892.1916195847458
1067,4,13,209341.555553,236,887.040489631356
1067,4,14,207679.444445,236,879.9976459533898
1067,4,15,202504.222222,236,858.0687382288136
1067,4,16,206013.00000200002,236,872.9364406864407
1067,4,17,200190.999999,237,844.6877637088608
1067,4,18,207052.444444,236,877.3408662881355
1067,4,19,202408.44444300001,236,857.6629001822034
1067,4,20,197210.33333300002,236,835.6370056483051
1067,4,21,201112.22222300002,236,852.1704331483052
1067,4,22,205908.0,236,872.4915254237288
1067,4,23,199361.0,236,844.75
1067,5,0,174530.222222,234,745.8556505213676
1067,5,1,147666.0,236,625.7033898305085
1067,5,2,136281.0,236,577.4618644067797
1067,5,3,146163.444445,235,621.9721040212766
1067,5,4,174871.444444,235,744.1338061446809
1067,5,5,163975.999999,236,694.8135593177966
1067,5,6,168257.555555,236,712.9557438771186
1067,5,7,208159.777779,236,882.0329566906779
1067,5,8,224087.444444,235,953.5635933787233
1067,5,9,219438.444445,236,929.8239171398305
1067,5,10,218638.333333,236,926.4336158177965
1067,5,11,219447.666666,236,929.8629943474576
1067,5,12,213944.333332,236,906.5437853050848
1067,5,13,220426.777777,236,934.0117702415255
1067,5,14,225501.444444,236,955.5145951016949
1067,5,15,212704.888889,236,901.2919020720338
1067,5,16,207861.777777,236,880.7702448177967
1067,5,17,199608.33333300002,236,845.7980225974577
1067,5,18,190815.111111,230,829.6309178739131
1067,5,19,189258.0,228,830.078947368421
1067,5,20,194924.88889,228,854.9337232017544
1067,5,21,206770.000001,228,906.8859649166667
1067,5,22,207310.666667,228,909.2573099429825
1067,5,23,186722.888889,228,818.960038986842
1067,6,0,158696.777776,223,711.6447433901345
1067,6,1,147669.444445,228,647.6730019517544
1067,6,2,144387.88889,228,633.2802144298246
1067,6,3,153550.000001,228,673.4649122850877
1067,6,4,174438.222223,228,765.0799220307017
1067,6,5,167294.222223,228,733.7465886973683
1067,6,6,165276.222221,228,724.895711495614
1067,6,7,203007.666666,228,890.3845029210527
1067,6,8,218540.222222,228,958.5097465877193
1067,6,9,214123.666666,227,943.2760646079296
1067,6,10,216949.999999,232,935.1293103405172
1067,6,11,215260.33333300002,230,935.9144927521739
1067,6,12,214499.333334,232,924.5660919568966
1067,6,13,219108.333332,232,944.4324712586207
1067,6,14,224568.222223,232,967.9664750991379
1067,6,15,212102.444444,232,914.2346743275862
1067,6,16,212248.0,232,914.8620689655172
1067,6,17,202070.888889,231,874.7657527662337
1067,6,18,196275.777779,232,846.0162835301724
1067,6,19,194127.222221,232,836.7552681939655
1067,6,20,198857.444444,232,857.1441570862069
1067,6,21,209625.111111,232,903.5565134094828
1067,6,22,211664.444444,232,912.3467432931034
1067,6,23,192093.333335,232,827.9885057543104
1068,0,0,165196.961908,448,368.74321854464284
1068,0,1,100644.085714,454,221.68300818061675
1068,0,2,60031.209519000004,454,132.22733374229077
1068,0,3,59285.409522,452,131.16241044690267
1068,0,4,87486.828574,452,193.55493047345132
1068,0,5,93392.371431,452,206.6202907765487
1068,0,6,154779.161904,452,342.43177412389383
1068,0,7,290331.590476,452,642.3265276017698
1068,0,8,331306.466668,449,737.8763177461024
1068,0,9,338776.31428,452,749.5051200884956
1068,0,10,349783.60952,450,777.2969100444444
1068,0,11,355826.14286100003,451,788.9714919312639
1068,0,12,363655.54285800003,451,806.331580616408
1068,0,13,362204.971429,452,801.3384323650444
1068,0,14,352081.504758,449,784.1458903296215
1068,0,15,319762.857143,449,712.1667196948775
1068,0,16,327977.29524,452,725.6134850442478
1068,0,17,353194.704761,450,784.8771216911111
1068,0,18,365390.761904,452,808.386641380531
1068,0,19,368775.828576,452,815.875726938053
1068,0,20,363643.542859,452,804.5211125199114
1068,0,21,339115.285718,452,750.2550568982301
1068,0,22,301360.380956,452,666.726506539823
1068,0,23,237686.104761,452,525.8542140730088
1068,1,0,168815.904765,446,378.5109972309417
1068,1,1,100365.142855,448,224.0293367299107
1068,1,2,60258.219042,448,134.50495321875
1068,1,3,56757.647617,446,127.25929958968611
1068,1,4,82482.847621,448,184.11349915401783
1068,1,5,89951.199998,448,200.78392856696428
1068,1,6,149892.752384,448,334.58203657142855
1068,1,7,278438.704759,448,621.5149659799107
1068,1,8,321232.95238,443,725.130818013544
1068,1,9,324582.495241,438,741.0559252077626
1068,1,10,337023.780953,437,771.2214667116705
1068,1,11,345904.485709,442,782.5893341832578
1068,1,12,352617.647618,441,799.5865025351474
1068,1,13,350518.485714,441,794.8264982176871
1068,1,14,342967.780952,444,772.4499570990992
1068,1,15,311667.142859,445,700.3756019303371
1068,1,16,324416.361903,448,724.1436649620535
1068,1,17,350688.980954,448,782.7879039151786
1068,1,18,360109.304766,448,803.8154124241072
1068,1,19,363748.095234,448,811.9377125758929
1068,1,20,355864.676188,446,797.9028614080718
1068,1,21,330712.21905,444,744.8473402027028
1068,1,22,292050.209526,444,657.7707421756758
1068,1,23,231491.152381,443,522.5533913792325
1068,2,0,168426.266664,441,381.9189720272109
1068,2,1,102430.419048,444,230.699142
1068,2,2,62103.961903,444,139.87378806981982
1068,2,3,59115.057145,442,133.74447317873302
1068,2,4,87272.923805,442,197.45005385746606
1068,2,5,92231.695239,444,207.72904333108107
1068,2,6,149629.371425,444,337.003088795045
1068,2,7,275817.314285,443,622.6124475959367
1068,2,8,319883.523808,444,720.458386954955
1068,2,9,331288.971427,444,746.1463320427928
1068,2,10,345612.990474,444,778.4076362027026
1068,2,11,350706.62857400003,443,791.6628184514674
1068,2,12,353940.771429,442,800.7709760837105
1068,2,13,355043.628573,443,801.4528861693003
1068,2,14,345332.64762,442,781.2955828506788
1068,2,15,315822.895239,444,711.3128271148648
1068,2,16,325183.999999,443,734.0496613972912
1068,2,17,344573.761902,440,783.1221861409091
1068,2,18,357210.247618,440,811.8414718590909
1068,2,19,358036.46666700003,440,813.7192424250001
1068,2,20,353750.47619,443,798.5338062979685
1068,2,21,335289.695243,443,756.861614544018
1068,2,22,302961.580956,448,676.2535289196429
1068,2,23,243568.123811,444,548.5768554301802
1068,3,0,181325.980949,441,411.17002482766435
1068,3,1,113136.609524,444,254.8121836126126
1068,3,2,67317.371434,444,151.61570142792792
1068,3,3,61176.657143000004,446,137.16739269730942
1068,3,4,89227.457141,450,198.28323809111112
1068,3,5,93920.580954,452,207.7888959159292
1068,3,6,143411.42857,451,317.9854292017738
1068,3,7,245250.657142,451,543.7930313569846
1068,3,8,313909.83809699997,452,694.4907922499999
1068,3,9,342119.695237,451,758.5802555144124
1068,3,10,357976.685721,449,797.275469311804
1068,3,11,359759.647619,451,797.6932319711751
1068,3,12,371350.323806,452,821.5715128451327
1068,3,13,375447.885713,452,830.6369152942478
1068,3,14,377046.17143,456,826.8556391008772
1068,3,15,335735.504764,456,736.2620718508772
1068,3,16,343431.399999,456,753.1390350855263
1068,3,17,364530.047624,456,799.4079991754386
1068,3,18,377096.990481,456,826.9670843881579
1068,3,19,376121.82857,456,824.8285714254387
1068,3,20,370466.00952099997,456,812.4254594758771
1068,3,21,344869.266663,456,756.2922514539473
1068,3,22,308985.180953,456,677.5990810372806
1068,3,23,266913.438098,456,585.3364870570176
1068,4,0,220592.161906,451,489.11787562305983
1068,4,1,156729.819048,456,343.7057435263158
1068,4,2,94206.514286,456,206.59323308333333
1068,4,3,53822.46667,454,118.55168870044054
1068,4,4,36257.790475,452,80.21635060840708
1068,4,5,42413.676191,452,93.83556679424778
1068,4,6,88804.419043,452,196.46995363495574
1068,4,7,133739.552379,452,295.8839654402655
1068,4,8,183306.361906,452,405.5450484646018
1068,4,9,229245.342855,451,508.3045296119734
1068,4,10,320697.628576,455,704.8299529142857
1068,4,11,371524.999999,454,818.3370044030837
1068,4,12,375682.63809100003,451,832.9991975410201
1068,4,13,358335.171427,456,785.8227443574561
1068,4,14,314554.152382,456,689.8117376798245
1068,4,15,276320.533335,456,605.966081875
1068,4,16,290628.847624,454,640.1516467488987
1068,4,17,327580.34286,460,712.1311801304347
1068,4,18,361867.876191,456,793.5699039276316
1068,4,19,371228.485716,460,807.0184472086958
1068,4,20,356310.866668,460,774.5888405826087
1068,4,21,322723.114282,460,701.5719875695652
1068,4,22,299060.571425,460,650.1316770108695
1068,4,23,271284.904759,460,589.7497929543479
1068,5,0,212327.447616,456,465.63036757894736
1068,5,1,125017.095237,460,271.77629399347825
1068,5,2,69473.51428999999,456,152.35419800438595
1068,5,3,65137.29524,459,141.9113186056645
1068,5,4,95244.161904,460,207.05252587826087
1068,5,5,96572.780946,460,209.94082814347826
1068,5,6,158442.780952,460,344.4408281565217
1068,5,7,292405.952382,460,635.665113873913
1068,5,8,333071.533332,460,724.0685507217391
1068,5,9,340669.409525,459,742.1991492919391
1068,5,10,353580.295236,458,772.0093782445414
1068,5,11,359393.133331,458,784.7011644781659
1068,5,12,363229.219053,458,793.0768974956331
1068,5,13,362319.228576,459,789.3665110588236
1068,5,14,351962.72381,460,765.1363561086956
1068,5,15,315247.961911,460,685.3216563282609
1068,5,16,324736.552381,460,705.9490269152175
1068,5,17,354037.152384,460,769.6459834434783
1068,5,18,367505.590475,460,798.9251966847826
1068,5,19,368350.580957,460,800.7621325152174
1068,5,20,363261.219048,459,791.418777882353
1068,5,21,334724.42857,456,734.044799495614
1068,5,22,296158.942861,456,649.4713659232457
1068,5,23,228899.171427,456,501.9718671644737
1068,6,0,158967.45714399999,441,360.47042436281174
1068,6,1,100660.285717,449,224.18771874610246
1068,6,2,59078.14286,451,130.99366487804878
1068,6,3,57305.295237,452,126.78162663053097
1068,6,4,87897.733334,452,194.46401180088498
1068,6,5,92844.342855,448,207.24183672991072
1068,6,6,150015.990483,449,334.11133737861917
1068,6,7,279435.161905,449,622.3500265144766
1068,6,8,327594.838102,452,724.7673409336284
1068,6,9,336288.61904900003,452,744.0013695774337
1068,6,10,349005.171429,451,773.8473867605321
1068,6,11,356576.228573,451,790.6346531552107
1068,6,12,361080.438099,451,800.6218139667407
1068,6,13,361263.038092,448,806.3907100267858
1068,6,14,344951.152386,447,771.7028017583892
1068,6,15,316675.885714,452,700.6103666238937
1068,6,16,329030.695234,452,727.9440160044247
1068,6,17,355723.447616,452,786.9987779115045
1068,6,18,365578.23809,448,816.0228528794643
1068,6,19,366783.409524,450,815.0742433866667
1068,6,20,363214.895239,452,803.5727770774336
1068,6,21,339063.752383,452,750.1410450951327
1068,6,22,298920.514283,452,661.3285714225665
1068,6,23,232637.171431,452,514.684007590708
1069,0,0,160231.222222,449,356.86241029398667
1069,0,1,99236.027778,454,218.58155898237885
1069,0,2,58445.083332,454,128.73366372687224
1069,0,3,48182.333334,452,106.59808259734514
1069,0,4,53893.111111,452,119.23254670575221
1069,0,5,58402.555556,452,129.2091937079646
1069,0,6,126351.972221,452,279.539761550885
1069,0,7,293223.658729,449,653.0593735612473
1069,0,8,343482.333335,449,764.9940608797327
1069,0,9,374354.222222,449,833.7510517193764
1069,0,10,408768.777778,449,910.3981687706013
1069,0,11,423570.444444,447,947.5848868993289
1069,0,12,419182.666666,445,941.9835205977528
1069,0,13,404746.222221,442,915.7154348891403
1069,0,14,377827.999999,437,864.5949656727688
1069,0,15,324507.888888,436,744.284148825688
1069,0,16,342151.666668,435,786.5555555586207
1069,0,17,375386.138888,432,868.9493955740741
1069,0,18,389518.666666,431,903.755607113689
1069,0,19,395140.666665,431,916.7996906380511
1069,0,20,393446.333332,437,900.3348588832952
1069,0,21,349057.11111,437,798.7576913272311
1069,0,22,290452.222221,441,658.6218190952382
1069,0,23,219060.444445,444,493.3793793806306
1069,1,0,158313.666666,438,361.4467275479452
1069,1,1,98230.999999,436,225.30045871330276
1069,1,2,57044.555555,436,130.8361365940367
1069,1,3,45504.555556,438,103.89167935159817
1069,1,4,51202.0,440,116.36818181818182
1069,1,5,56991.333333999995,440,129.5257575772727
1069,1,6,121420.13888700001,440,275.9548611068182
1069,1,7,279285.722221,440,634.740277775
1069,1,8,327118.999999,442,740.0882352918552
1069,1,9,362083.539682,438,826.6747481324201
1069,1,10,393068.972223,438,897.4177448013698
1069,1,11,406925.777778,443,918.5683471286682
1069,1,12,408687.333333,439,930.950645405467
1069,1,13,398372.166667,436,913.6976299701835
1069,1,14,372673.999999,437,852.8009153295194
1069,1,15,328235.222224,440,745.9891414181819
1069,1,16,349589.198415,437,799.9752824141876
1069,1,17,383635.027778,440,871.8977904045454
1069,1,18,392942.083332,437,899.1809687231122
1069,1,19,396407.333333,429,924.0264180256411
1069,1,20,392020.75,437,897.0726544622426
1069,1,21,348423.333334,435,800.973180078161
1069,1,22,282688.88889,435,649.8595146896552
1069,1,23,216391.611112,439,492.91938749886106
1069,2,0,160459.777778,437,367.184846173913
1069,2,1,99495.444444,444,224.0888388378378
1069,2,2,59198.999998,444,133.33108107657657
1069,2,3,50057.777779,444,112.74274274549549
1069,2,4,56126.777779,444,126.41166166441441
1069,2,5,58752.11111,444,132.32457457207207
1069,2,6,123558.611113,444,278.28516016441444
1069,2,7,282413.555556,443,637.502382744921
1069,2,8,334236.638891,444,752.7852227274775
1069,2,9,370055.45238,444,833.458226081081
1069,2,10,407783.388888,448,910.2307787678571
1069,2,11,421937.111108,448,941.8239087232142
1069,2,12,420631.111109,447,941.0091971118568
1069,2,13,404502.777778,440,919.32449495
1069,2,14,372818.611112,435,857.0542784183908
1069,2,15,324685.833333,433,749.8518090831409
1069,2,16,349476.476191,429,814.6304806317016
1069,2,17,377139.813493,427,883.2314133325527
1069,2,18,393450.837302,431,912.8789728584687
1069,2,19,397280.444444,430,923.9080103348838
1069,2,20,393872.999999,438,899.2534246552511
1069,2,21,364618.555557,443,823.0667168329571
1069,2,22,300731.999998,444,677.3243243198198
1069,2,23,231417.333335,444,521.2102102139639
1069,3,0,175207.777778,441,397.2965482494331
1069,3,1,112291.444446,444,252.90865866216214
1069,3,2,66465.444444,444,149.69694694594594
1069,3,3,51477.111111,446,115.41953163901344
1069,3,4,56664.444444,450,125.92098765333334
1069,3,5,60410.555558,451,133.94801675831485
1069,3,6,121717.388889,448,271.6906001986607
1069,3,7,245237.750001,445,551.0960674179776
1069,3,8,320836.11111,450,712.9691358
1069,3,9,375619.555554,445,844.0888888853933
1069,3,10,413518.111111,444,931.3470970968468
1069,3,11,436433.666667,442,987.4064856719457
1069,3,12,437235.444445,443,986.9874592437923
1069,3,13,416163.555557,441,943.6815318752834
1069,3,14,387327.0,434,892.4585253456221
1069,3,15,320198.888888,435,736.0893997425287
1069,3,16,333291.555559,438,760.9396245639269
1069,3,17,363427.666668,440,825.9719696999999
1069,3,18,390943.111109,436,896.6585117178898
1069,3,19,403218.777778,437,922.69743198627
1069,3,20,404476.666666,442,915.1055806923076
1069,3,21,368367.777777,448,822.2495039665179
1069,3,22,309470.55555499997,448,690.782490078125
1069,3,23,252559.111112,448,563.7480158750001
1069,4,0,211160.777777,445,474.5186017460674
1069,4,1,155198.666667,452,343.3598820066372
1069,4,2,98166.333333,452,217.18215339159292
1069,4,3,61781.777778,450,137.29283950666667
1069,4,4,42951.88889,448,95.87475198660715
1069,4,5,45255.444444,448,101.0166170625
1069,4,6,84035.333333,452,185.91887905530973
1069,4,7,129949.444445,452,287.4987708960177
1069,4,8,167508.999999,452,370.59513274115045
1069,4,9,206202.777779,445,463.37702871685394
1069,4,10,285713.111111,447,639.1792194876957
1069,4,11,346615.333332,446,777.1644245112108
1069,4,12,382984.111111,452,847.3099803340708
1069,4,13,356067.111112,447,796.5707183713647
1069,4,14,299642.777777,440,681.0063131295454
1069,4,15,256808.333334,440,583.6553030318182
1069,4,16,258702.0,440,587.959090909091
1069,4,17,289279.666666,444,651.5307807792792
1069,4,18,319654.222222,436,733.1518858302752
1069,4,19,344236.888889,437,787.7274345286041
1069,4,20,344131.555555,448,768.1507936495536
1069,4,21,306024.111111,448,683.0895337299107
1069,4,22,274004.222223,451,607.5481645742794
1069,4,23,239406.666666,452,529.660766960177
1069,5,0,191248.88889,454,421.2530592290749
1069,5,1,118427.777778,460,257.45169082173913
1069,5,2,64084.555556,457,140.22878677461708
1069,5,3,52394.777779,459,114.14984265577341
1069,5,4,57211.333333,460,124.37246376739131
1069,5,5,59283.527779,460,128.87723430217392
1069,5,6,127347.38888700001,460,276.8421497543479
1069,5,7,297603.944444,460,646.9650966173914
1069,5,8,342395.888885,456,750.868177379386
1069,5,9,372785.555554,452,824.7468043230089
1069,5,10,395793.000001,442,895.459276020362
1069,5,11,413813.333332,440,940.4848484818182
1069,5,12,410326.444444,440,932.560101009091
1069,5,13,397640.999998,441,901.6802721043083
1069,5,14,370818.444446,441,840.8581506712018
1069,5,15,322925.333334,444,727.3093093108108
1069,5,16,348048.888889,444,783.8938938941442
1069,5,17,388873.333334,444,875.8408408423423
1069,5,18,402553.888889,443,908.6995234514673
1069,5,19,408547.777777,446,916.0264075717488
1069,5,20,399576.444444,448,891.9117063482144
1069,5,21,356479.888888,448,795.7140376964286
1069,5,22,292640.777778,455,643.1665445670329
1069,5,23,216336.666667,456,474.42251462061404
1069,6,0,152278.333332,440,346.0871212090909
1069,6,1,98007.555556,456,214.9288499035088
1069,6,2,56677.638889,456,124.2930677390351
1069,6,3,45875.555556,456,100.6042885
1069,6,4,52326.111113,456,114.75024366885965
1069,6,5,57734.111115,456,126.60989279605263
1069,6,6,124502.611113,456,273.0320419144737
1069,6,7,287125.892854,456,629.6620457324561
1069,6,8,341203.333331,456,748.2529239714912
1069,6,9,373847.111111,452,827.0953785641593
1069,6,10,405961.222222,452,898.1442969513274
1069,6,11,421285.444443,449,938.2749319443208
1069,6,12,424943.777777,456,931.8942495109649
1069,6,13,408076.44444500003,451,904.8258191685145
1069,6,14,376397.444443,446,843.9404583923767
1069,6,15,324269.555557,444,730.3368368400901
1069,6,16,341369.333334,440,775.8393939409092
1069,6,17,383365.222221,439,873.2692989088838
1069,6,18,395899.777778,434,912.2114695345622
1069,6,19,411458.666667,444,926.7087087094594
1069,6,20,402025.333335,446,901.4020926793721
1069,6,21,357731.999999,447,800.2953020111856
1069,6,22,297335.55555499997,454,654.9241311784141
1069,6,23,220497.666665,456,483.54751461622806
1070,0,0,126450.0,233,542.7038626609442
1070,0,1,79558.0,236,337.1101694915254
1070,0,2,43177.0,236,182.95338983050848
1070,0,3,28475.0,236,120.65677966101696
1070,0,4,26761.222222,236,113.39500941525424
1070,0,5,32069.416666,236,135.88735875423728
1070,0,6,91051.5,236,385.8114406779661
1070,0,7,202866.011904,236,859.6017453559323
1070,0,8,216434.0,236,917.0932203389831
1070,0,9,215579.0,236,913.4703389830509
1070,0,10,217263.0,236,920.6059322033898
1070,0,11,216748.0,236,918.4237288135594
1070,0,12,213958.0,236,906.6016949152543
1070,0,13,219162.222223,236,928.6534839957627
1070,0,14,220332.0,236,933.6101694915254
1070,0,15,216875.0,233,930.793991416309
1070,0,16,216942.0,236,919.2457627118644
1070,0,17,216152.0,236,915.8983050847457
1070,0,18,211269.0,236,895.207627118644
1070,0,19,206248.0,236,873.9322033898305
1070,0,20,204240.0,236,865.4237288135594
1070,0,21,205648.0,236,871.3898305084746
1070,0,22,205555.0,236,870.9957627118644
1070,0,23,177658.0,240,740.2416666666667
1070,1,0,128163.0,234,547.7051282051282
1070,1,1,80247.0,236,340.02966101694915
1070,1,2,43879.0,236,185.92796610169492
1070,1,3,27825.0,236,117.90254237288136
1070,1,4,25640.0,236,108.64406779661017
1070,1,5,32773.333334,236,138.8700565
1070,1,6,90740.111111,236,384.4919962330509
1070,1,7,202435.0,236,857.7754237288135
1070,1,8,213699.0,236,905.5042372881356
1070,1,9,213701.0,233,917.1716738197425
1070,1,10,213092.0,230,926.4869565217391
1070,1,11,213176.75,231,922.8430735930735
1070,1,12,212029.0,232,913.9181034482758
1070,1,13,217362.0,233,932.8841201716738
1070,1,14,222303.0,236,941.9618644067797
1070,1,15,216936.0,236,919.2203389830509
1070,1,16,218988.0,236,927.9152542372881
1070,1,17,216848.0,236,918.8474576271186
1070,1,18,210078.0,236,890.1610169491526
1070,1,19,205757.0,236,871.8516949152543
1070,1,20,203217.0,236,861.0889830508474
1070,1,21,204155.0,236,865.0635593220339
1070,1,22,204233.0,233,876.5364806866953
1070,1,23,177335.0,234,757.8418803418804
1070,2,0,132376.0,232,570.5862068965517
1070,2,1,82376.0,232,355.0689655172414
1070,2,2,46221.0,232,199.22844827586206
1070,2,3,30759.0,232,132.58189655172413
1070,2,4,27527.0,232,118.65086206896552
1070,2,5,33537.444445,232,144.55795019396552
1070,2,6,90482.555556,232,390.0110153275862
1070,2,7,199054.444445,232,857.9932950215517
1070,2,8,210365.0,231,910.6709956709957
1070,2,9,214466.0,232,924.4224137931035
1070,2,10,219543.0,232,946.3060344827586
1070,2,11,215290.0,232,927.9741379310345
1070,2,12,214242.0,231,927.4545454545455
1070,2,13,217630.0,232,938.0603448275862
1070,2,14,219747.0,232,947.1853448275862
1070,2,15,218315.0,232,941.0129310344828
1070,2,16,218900.0,231,947.6190476190476
1070,2,17,215312.0,231,932.08658008658
1070,2,18,207390.0,232,893.9224137931035
1070,2,19,197908.0,232,853.051724137931
1070,2,20,191975.0,233,823.9270386266095
1070,2,21,195599.0,232,843.0991379310345
1070,2,22,202928.0,232,874.6896551724138
1070,2,23,183119.0,232,789.3060344827586
1070,3,0,140793.0,234,601.6794871794872
1070,3,1,89854.0,236,380.73728813559325
1070,3,2,49536.0,236,209.89830508474577
1070,3,3,31818.0,237,134.25316455696202
1070,3,4,29093.0,236,123.27542372881356
1070,3,5,34428.555556,236,145.88370998305084
1070,3,6,90127.555557,236,381.8964218516949
1070,3,7,186017.66666699998,236,788.2104519788135
1070,3,8,209887.0,236,889.3516949152543
1070,3,9,220377.0,236,933.8008474576271
1070,3,10,221932.0,236,940.3898305084746
1070,3,11,208748.0,235,888.2893617021276
1070,3,12,195403.0,236,827.978813559322
1070,3,13,197356.0,236,836.2542372881356
1070,3,14,204422.0,236,866.1949152542373
1070,3,15,206775.0,236,876.1652542372881
1070,3,16,207012.0,236,877.1694915254237
1070,3,17,214685.0,236,909.6822033898305
1070,3,18,212456.0,236,900.2372881355932
1070,3,19,207576.0,236,879.5593220338983
1070,3,20,201551.0,236,854.0296610169491
1070,3,21,203850.0,236,863.771186440678
1070,3,22,212454.0,236,900.228813559322
1070,3,23,204528.0,236,866.6440677966102
1070,4,0,176179.0,233,756.1330472103004
1070,4,1,130152.0,236,551.4915254237288
1070,4,2,79540.0,236,337.03389830508473
1070,4,3,43602.0,236,184.75423728813558
1070,4,4,25217.0,233,108.2274678111588
1070,4,5,26082.0,234,111.46153846153847
1070,4,6,52000.555556,237,219.4116268185654
1070,4,7,94428.222222,236,400.11958568644064
1070,4,8,127166.0,236,538.8389830508474
1070,4,9,148437.0,235,631.6468085106383
1070,4,10,192962.0,236,817.6355932203389
1070,4,11,216647.0,236,917.9957627118644
1070,4,12,222390.0,236,942.3305084745763
1070,4,13,218346.0,236,925.1949152542373
1070,4,14,204784.0,236,867.728813559322
1070,4,15,185089.0,236,784.2754237288135
1070,4,16,190741.0,236,808.2245762711865
1070,4,17,203874.0,237,860.2278481012659
1070,4,18,210137.888889,236,890.4147834279661
1070,4,19,214250.0,236,907.8389830508474
1070,4,20,210003.0,235,893.6297872340425
1070,4,21,205954.0,236,872.6864406779661
1070,4,22,205015.0,236,868.707627118644
1070,4,23,190778.0,236,808.3813559322034
1070,5,0,150836.0,234,644.5982905982906
1070,5,1,93421.0,236,395.85169491525426
1070,5,2,48805.0,236,206.80084745762713
1070,5,3,30002.0,236,127.12711864406779
1070,5,4,27630.0,236,117.07627118644068
1070,5,5,33234.222222,236,140.82297551694913
1070,5,6,93448.888888,236,395.9698681694915
1070,5,7,206211.0,236,873.7754237288135
1070,5,8,214520.0,235,912.8510638297872
1070,5,9,218167.0,235,928.3702127659575
1070,5,10,215079.888889,232,927.0684865905172
1070,5,11,217016.0,236,919.5593220338983
1070,5,12,215559.638889,236,913.3883003771186
1070,5,13,216444.777778,236,917.1388888898305
1070,5,14,219360.0,236,929.4915254237288
1070,5,15,215278.0,234,919.991452991453
1070,5,16,214188.0,232,923.2241379310345
1070,5,17,215641.0,232,929.4870689655172
1070,5,18,205785.0,232,887.0043103448276
1070,5,19,199004.0,232,857.7758620689655
1070,5,20,196206.0,232,845.7155172413793
1070,5,21,199629.0,232,860.4698275862069
1070,5,22,197622.0,232,851.8189655172414
1070,5,23,168079.0,232,724.4784482758621
1070,6,0,121534.0,227,535.3920704845815
1070,6,1,78166.0,232,336.92241379310343
1070,6,2,42824.0,232,184.58620689655172
1070,6,3,26618.0,232,114.73275862068965
1070,6,4,25528.0,232,110.03448275862068
1070,6,5,31513.333333,230,137.0144927521739
1070,6,6,89244.333334,228,391.422514622807
1070,6,7,200666.555556,232,864.9420498103449
1070,6,8,214786.0,232,925.801724137931
1070,6,9,216603.0,230,941.7521739130435
1070,6,10,220048.0,232,948.4827586206897
1070,6,11,217492.0,232,937.4655172413793
1070,6,12,211407.0,232,911.2370689655172
1070,6,13,214637.0,232,925.1594827586207
1070,6,14,216826.0,233,930.5836909871244
1070,6,15,212274.0,230,922.9304347826087
1070,6,16,216590.0,232,933.5775862068965
1070,6,17,217931.0,232,939.3577586206897
1070,6,18,210775.0,232,908.5129310344828
1070,6,19,200867.0,232,865.8060344827586
1070,6,20,194665.0,232,839.073275862069
1070,6,21,197192.0,232,849.9655172413793
1070,6,22,197484.0,232,851.2241379310345
1070,6,23,170781.0,232,736.125
1071,0,0,207209.0,380,545.2868421052632
1071,0,1,133983.0,386,347.1062176165803
1071,0,2,75861.619047,382,198.5906257774869
1071,0,3,43745.666667,380,115.12017543947368
1071,0,4,33723.333333,380,88.74561403421053
1071,0,5,47922.266666999996,380,126.11122807105262
1071,0,6,131948.257142,380,347.23225563684207
1071,0,7,333602.290842,380,877.9007653736842
1071,0,8,365078.742857,377,968.3786282679044
1071,0,9,364614.866667,380,959.5128070184211
1071,0,10,371171.466667,380,976.7670175447367
1071,0,11,369458.0,380,972.2578947368421
1071,0,12,367684.0,380,967.5894736842105
1071,0,13,372501.0,382,975.1335078534031
1071,0,14,379708.0,384,988.8229166666666
1071,0,15,350915.8,384,913.8432291666667
1071,0,16,358894.0,384,934.6197916666666
1071,0,17,381695.0,384,993.9973958333334
1071,0,18,384719.0,384,1001.8723958333334
1071,0,19,381313.0,384,993.0026041666666
1071,0,20,370973.0,384,966.0755208333334
1071,0,21,355926.0,384,926.890625
1071,0,22,336903.0,384,877.3515625
1071,0,23,281930.0,384,734.1927083333334
1071,1,0,207475.0,378,548.8756613756614
1071,1,1,134096.0,380,352.88421052631577
1071,1,2,75008.0,380,197.38947368421051
1071,1,3,41781.466666,380,109.95122806842106
1071,1,4,32646.485715,380,85.91180451315789
1071,1,5,48419.771431,380,127.42045113421052
1071,1,6,131704.020511,380,346.58952766052636
1071,1,7,331781.138461,380,873.1082591078947
1071,1,8,361479.0,380,951.2605263157894
1071,1,9,361838.466666,377,959.7837312095492
1071,1,10,361287.933333,373,968.600357461126
1071,1,11,366146.466667,379,966.0856640290236
1071,1,12,362937.733333,377,962.6995579124668
1071,1,13,364811.0,377,967.6684350132626
1071,1,14,371904.0,380,978.6947368421053
1071,1,15,344146.266667,381,903.2710411207349
1071,1,16,357479.0,383,933.3655352480417
1071,1,17,379161.0,382,992.5680628272252
1071,1,18,383645.0,384,999.0755208333334
1071,1,19,380590.0,384,991.1197916666666
1071,1,20,370455.0,384,964.7265625
1071,1,21,355272.0,384,925.1875
1071,1,22,329879.0,377,875.0106100795756
1071,1,23,279416.0,379,737.2453825857519
1071,2,0,210274.0,374,562.2299465240642
1071,2,1,135994.0,376,361.68617021276594
1071,2,2,78444.0,375,209.184
1071,2,3,46321.333332,372,124.51971325806453
1071,2,4,33989.009525,372,91.36830517473119
1071,2,5,48749.190477000004,372,131.04621095967744
1071,2,6,129279.835165,371,348.46316756064687
1071,2,7,319576.799999,371,861.3929919110511
1071,2,8,352608.72381,372,947.8729134677419
1071,2,9,360137.238096,375,960.365968256
1071,2,10,368190.857143,376,979.2310030398936
1071,2,11,364667.0,376,969.8590425531914
1071,2,12,366013.0,376,973.438829787234
1071,2,13,367910.0,375,981.0933333333334
1071,2,14,369788.0,375,986.1013333333333
1071,2,15,346615.0,376,921.8484042553191
1071,2,16,354914.466667,375,946.4385777786666
1071,2,17,375533.466667,375,1001.4225777786666
1071,2,18,377880.0,376,1005.0
1071,2,19,371320.0,376,987.5531914893617
1071,2,20,359399.0,375,958.3973333333333
1071,2,21,347456.0,375,926.5493333333334
1071,2,22,331952.0,376,882.8510638297872
1071,2,23,286274.0,372,769.5537634408602
1071,3,0,219529.0,369,594.9295392953929
1071,3,1,143358.0,372,385.3709677419355
1071,3,2,81907.0,370,221.37027027027028
1071,3,3,47683.866667,373,127.83878463002682
1071,3,4,35645.2,378,94.29947089947089
1071,3,5,49435.809522,380,130.09423558421054
1071,3,6,124466.851284,377,330.1507991618037
1071,3,7,290362.266666,378,768.1541446190477
1071,3,8,341660.533333,382,894.3993019188482
1071,3,9,360658.333333,379,951.6051011424803
1071,3,10,373533.428571,380,982.9827067657894
1071,3,11,369028.285713,383,963.520328232376
1071,3,12,376077.285714,386,974.2934863056995
1071,3,13,382294.990475,388,985.2963672036083
1071,3,14,368568.571429,388,949.9189985283505
1071,3,15,324870.857142,388,837.2960235618557
1071,3,16,327851.0,385,851.561038961039
1071,3,17,358268.0,384,932.9895833333334
1071,3,18,371789.0,384,968.2005208333334
1071,3,19,376544.0,384,980.5833333333334
1071,3,20,369880.0,384,963.2291666666666
1071,3,21,359612.0,384,936.4895833333334
1071,3,22,343847.0,384,895.4348958333334
1071,3,23,315913.0,384,822.6901041666666
1071,4,0,270008.0,379,712.4221635883905
1071,4,1,199352.0,384,519.1458333333334
1071,4,2,127333.0,384,331.5963541666667
1071,4,3,76445.0,382,200.11780104712042
1071,4,4,48623.333333,380,127.95614035000001
1071,4,5,49051.266667,380,129.08228070263158
1071,4,6,84002.8,380,221.06
1071,4,7,134903.0,380,355.0078947368421
1071,4,8,176414.0,380,464.2473684210526
1071,4,9,208309.0,377,552.5437665782493
1071,4,10,281058.0,379,741.5778364116095
1071,4,11,335067.0,383,874.8485639686684
1071,4,12,355122.0,383,927.2114882506528
1071,4,13,346355.0,381,909.0682414698163
1071,4,14,309798.0,383,808.8720626631854
1071,4,15,258620.0,384,673.4895833333334
1071,4,16,266238.0,384,693.328125
1071,4,17,304245.0,383,794.3733681462141
1071,4,18,350412.0,384,912.53125
1071,4,19,376162.0,382,984.717277486911
1071,4,20,373678.0,384,973.1197916666666
1071,4,21,347737.0,384,905.5651041666666
1071,4,22,329668.0,384,858.5104166666666
1071,4,23,303573.0,384,790.5546875
1071,5,0,245184.0,381,643.5275590551181
1071,5,1,157113.0,384,409.1484375
1071,5,2,82012.0,381,215.25459317585302
1071,5,3,45737.799999,383,119.4198433394256
1071,5,4,32830.038095,384,85.49489087239584
1071,5,5,48909.352381,384,127.36810515885416
1071,5,6,133450.447619,384,347.52720734114587
1071,5,7,333670.714286,384,868.9341517864583
1071,5,8,359078.09523700003,384,935.0992063463542
1071,5,9,363204.0,383,948.313315926893
1071,5,10,368507.0,383,962.1592689295039
1071,5,11,369856.0,382,968.2094240837696
1071,5,12,370146.0,386,958.9274611398964
1071,5,13,373206.0,387,964.3565891472869
1071,5,14,378070.0,388,974.4072164948453
1071,5,15,346923.0,386,898.7642487046633
1071,5,16,357821.0,384,931.8255208333334
1071,5,17,381465.0,383,995.9921671018277
1071,5,18,382967.0,384,997.3098958333334
1071,5,19,380609.0,384,991.1692708333334
1071,5,20,368382.0,384,959.328125
1071,5,21,352073.8,384,916.8588541666667
1071,5,22,330281.0,384,860.1067708333334
1071,5,23,273322.0,384,711.7760416666666
1071,6,0,196913.0,371,530.7628032345013
1071,6,1,129284.0,380,340.22105263157897
1071,6,2,73906.428571,383,192.96717642558747
1071,6,3,42787.133333,384,111.42482638802083
1071,6,4,32817.733333,384,85.46284722135415
1071,6,5,48083.533331,382,125.87312390314136
1071,6,6,130546.257141,380,343.54278195
1071,6,7,330166.240292,384,859.8079174270833
1071,6,8,363714.733333,384,947.1737847213541
1071,6,9,368764.0,384,960.3229166666666
1071,6,10,376038.0,384,979.265625
1071,6,11,376626.0,384,980.796875
1071,6,12,374158.0,388,964.3247422680413
1071,6,13,375234.0,384,977.171875
1071,6,14,379374.0,385,985.387012987013
1071,6,15,344203.0,382,901.0549738219895
1071,6,16,358982.0,384,934.8489583333334
1071,6,17,385849.333333,383,1007.439512618799
1071,6,18,376505.0,374,1006.6978609625669
1071,6,19,379011.545455,381,994.7809591994751
1071,6,20,369849.0,384,963.1484375
1071,6,21,354097.0,384,922.1276041666666
1071,6,22,333044.0,384,867.3020833333334
1071,6,23,279363.0,384,727.5078125
1072,0,0,204675.181819,233,878.4342567339055
1072,0,1,137914.818182,234,589.3795648803418
1072,0,2,80090.636364,232,345.2182601896552
1072,0,3,50669.272727,232,218.40203761637932
1072,0,4,45954.909091,232,198.08150470258622
1072,0,5,69934.454545,232,301.4416144181034
1072,0,6,161177.363636,232,694.7300156724137
1072,0,7,290958.181818,232,1254.1300940431033
1072,0,8,310251.636364,234,1325.8616938632479
1072,0,9,315690.90909,236,1337.6733436016948
1072,0,10,317643.636363,236,1345.9476117076272
1072,0,11,316051.272728,236,1339.2003081694916
1072,0,12,321495.090909,236,1362.2673343601696
1072,0,13,316931.072727,236,1342.928274266949
1072,0,14,314517.6,236,1332.7016949152542
1072,0,15,297716.6,236,1261.5110169491525
1072,0,16,307006.0,236,1300.8728813559321
1072,0,17,315741.0,236,1337.885593220339
1072,0,18,313547.0,236,1328.5889830508474
1072,0,19,307230.4,236,1301.8237288135595
1072,0,20,294783.6,236,1249.0830508474576
1072,0,21,277336.4,233,1190.2849785407727
1072,0,22,278443.4,232,1200.1870689655173
1072,0,23,250733.6,232,1080.748275862069
1072,1,0,196881.0,226,871.1548672566372
1072,1,1,135086.0,228,592.4824561403509
1072,1,2,78344.2,225,348.1964444444444
1072,1,3,47751.4,223,214.13183856502243
1072,1,4,42771.4,220,194.41545454545457
1072,1,5,67640.2,217,311.70599078341013
1072,1,6,153127.8,216,708.925
1072,1,7,273799.0,220,1244.540909090909
1072,1,8,298914.0,229,1305.301310043668
1072,1,9,300294.0,227,1322.8810572687225
1072,1,10,304195.4,228,1334.1903508771932
1072,1,11,305539.909091,228,1340.0873205745613
1072,1,12,308097.0,228,1351.3026315789473
1072,1,13,301457.0,229,1316.406113537118
1072,1,14,301821.0,232,1300.9525862068965
1072,1,15,286056.0,232,1233.0
1072,1,16,297113.0,232,1280.6594827586207
1072,1,17,305752.0,231,1323.6017316017317
1072,1,18,305500.0,231,1322.5108225108224
1072,1,19,300886.0,232,1296.9224137931035
1072,1,20,285841.0,232,1232.073275862069
1072,1,21,272330.0,232,1173.8362068965516
1072,1,22,271219.0,229,1184.3624454148471
1072,1,23,245959.0,226,1088.3141592920354
1072,2,0,194218.0,222,874.8558558558559
1072,2,1,133952.0,219,611.6529680365297
1072,2,2,79988.0,216,370.31481481481484
1072,2,3,51588.0,219,235.56164383561645
1072,2,4,47097.0,223,211.19730941704037
1072,2,5,71381.0,224,318.66517857142856
1072,2,6,156383.0,220,710.8318181818182
1072,2,7,273786.0,220,1244.4818181818182
1072,2,8,291988.0,224,1303.517857142857
1072,2,9,299254.0,225,1330.0177777777778
1072,2,10,308249.0,227,1357.9251101321586
1072,2,11,306086.0,228,1342.482456140351
1072,2,12,306871.0,228,1345.9254385964912
1072,2,13,301514.90909,228,1322.4338117982454
1072,2,14,290266.181818,228,1273.0972886754384
1072,2,15,278755.818182,228,1222.613237640351
1072,2,16,297469.727273,228,1304.6917862850878
1072,2,17,309149.909091,228,1355.9206539078946
1072,2,18,296470.818182,228,1300.3106060614036
1072,2,19,295283.0,231,1278.2813852813854
1072,2,20,286284.0,233,1228.6866952789699
1072,2,21,273948.0,232,1180.8103448275863
1072,2,22,276780.0,230,1203.391304347826
1072,2,23,258216.0,232,1113.0
1072,3,0,219775.0,234,939.2094017094017
1072,3,1,150609.0,233,646.3905579399142
1072,3,2,89098.0,232,384.0431034482759
1072,3,3,56942.0,233,244.3862660944206
1072,3,4,50188.0,232,216.32758620689654
1072,3,5,72251.0,232,311.42672413793105
1072,3,6,152804.545454,232,658.6402821293103
1072,3,7,269912.727273,232,1163.416927900862
1072,3,8,304232.727273,233,1305.7198595407726
1072,3,9,316096.545455,236,1339.3921417584747
1072,3,10,321458.363637,236,1362.1117103262711
1072,3,11,314372.272727,234,1343.4712509700855
1072,3,12,310471.636363,233,1332.4962934034336
1072,3,13,311466.0,236,1319.7711864406779
1072,3,14,292686.0,236,1240.1949152542372
1072,3,15,278359.181819,235,1184.5071566765957
1072,3,16,301978.090909,236,1279.5681818177966
1072,3,17,312813.09091,236,1325.4791987711865
1072,3,18,315730.636362,236,1337.8416795
1072,3,19,318145.0,236,1348.072033898305
1072,3,20,307750.363637,236,1304.0269645635592
1072,3,21,293095.272727,236,1241.9291217245764
1072,3,22,281491.727272,236,1192.761556237288
1072,3,23,264865.727273,233,1136.7627779957081
1072,4,0,243762.363637,233,1046.1904018755365
1072,4,1,191341.181817,233,821.2067889141631
1072,4,2,129359.727274,236,548.1344376016949
1072,4,3,79293.818182,236,335.9907550084746
1072,4,4,56516.545454,236,239.47688751694915
1072,4,5,61759.000001,236,261.690677970339
1072,4,6,103179.272726,237,435.3555811223629
1072,4,7,152414.818181,235,648.5736943872341
1072,4,8,185390.545454,235,788.8959381021277
1072,4,9,222420.272728,236,942.4587827457627
1072,4,10,269937.363637,236,1143.8023882923728
1072,4,11,298975.545454,236,1266.8455315847457
1072,4,12,303696.909092,235,1292.327272731915
1072,4,13,303322.181818,236,1285.263482279661
1072,4,14,282054.727273,236,1195.1471494618645
1072,4,15,258740.818181,234,1105.7299922264958
1072,4,16,263808.363637,232,1137.105015676724
1072,4,17,285347.545454,233,1224.667577055794
1072,4,18,299017.272727,232,1288.8675548577587
1072,4,19,303540.454545,232,1308.364028211207
1072,4,20,300825.545454,232,1296.6618338534483
1072,4,21,284774.545454,232,1227.476489025862
1072,4,22,280368.636363,230,1218.9940711434783
1072,4,23,265512.454545,232,1144.4502351077585
1072,5,0,216787.454545,230,942.5541501956521
1072,5,1,157905.363636,232,680.6265673965516
1072,5,2,90987.818182,232,392.18887147413795
1072,5,3,52822.727273,230,229.66403162173913
1072,5,4,46439.818182,228,203.68341307894738
1072,5,5,73899.636363,228,324.12121211842106
1072,5,6,167601.636364,228,735.0948963333334
1072,5,7,287338.363637,228,1260.2559808640349
1072,5,8,300601.272727,232,1295.6951410646552
1072,5,9,309253.909091,232,1332.9909874612067
1072,5,10,311068.909091,232,1340.8142633232758
1072,5,11,311758.636363,232,1343.7872257025863
1072,5,12,315385.818182,236,1336.3805855169492
1072,5,13,308504.454546,233,1324.0534529871245
1072,5,14,294630.909091,231,1275.4584809134199
1072,5,15,283253.909091,232,1220.9220219439653
1072,5,16,297392.090909,231,1287.41164895671
1072,5,17,312014.181818,230,1356.5833992086955
1072,5,18,307762.272727,232,1326.561520375
1072,5,19,301999.090909,232,1301.720219435345
1072,5,20,285341.90909,232,1229.922021939655
1072,5,21,265130.545454,232,1142.8040752327586
1072,5,22,273287.272727,232,1177.9623824439655
1072,5,23,244436.909091,231,1058.1684376233766
1072,6,0,191284.545455,223,857.7782307399103
1072,6,1,132775.090909,228,582.3468899517543
1072,6,2,77647.727272,228,340.5602073333333
1072,6,3,47191.545455,225,209.7402020222222
1072,6,4,42381.818182,222,190.90909090990993
1072,6,5,67848.272728,220,308.40123967272723
1072,6,6,155745.272727,220,707.9330578500001
1072,6,7,276970.090909,220,1258.9549586772728
1072,6,8,297311.0,225,1321.3822222222223
1072,6,9,309824.272727,232,1335.4494514094827
1072,6,10,316257.454545,232,1363.1786833836206
1072,6,11,314467.545454,232,1355.4635579913793
1072,6,12,315167.545454,231,1364.3616686320347
1072,6,13,313600.363636,232,1351.7257053275864
1072,6,14,308781.818182,233,1325.243854858369
1072,6,15,292743.181818,232,1261.8240595603447
1072,6,16,304903.0,232,1314.2370689655172
1072,6,17,319376.363635,232,1376.6222570474138
1072,6,18,316529.636365,232,1364.3518808836207
1072,6,19,307163.363636,232,1323.9800156724139
1072,6,20,293876.181817,230,1277.7225296391302
1072,6,21,271308.090909,227,1195.1898277929515
1072,6,22,280047.272726,232,1207.100313474138
1072,6,23,253483.181818,232,1092.5999216293103
1074,0,0,103005.0,229,449.8034934497817
1074,0,1,67695.0,232,291.78879310344826
1074,0,2,40771.0,232,175.73706896551724
1074,0,3,27437.0,232,118.26293103448276
1074,0,4,26013.0,232,112.125
1074,0,5,40994.0,230,178.23478260869564
1074,0,6,108746.0,228,476.9561403508772
1074,0,7,184876.0,228,810.859649122807
1074,0,8,190896.571429,226,844.6750948185841
1074,0,9,188882.0,228,828.4298245614035
1074,0,10,182472.0,228,800.3157894736842
1074,0,11,181298.0,228,795.1666666666666
1074,0,12,185030.0,228,811.5350877192982
1074,0,13,191385.0,228,839.4078947368421
1074,0,14,190266.0,228,834.5
1074,0,15,184318.857143,228,808.4160401008772
1074,0,16,193809.857142,228,850.0432330789473
1074,0,17,195979.0,228,859.5570175438596
1074,0,18,188752.285714,228,827.8609022543859
1074,0,19,188000.714286,228,824.5645363421053
1074,0,20,183793.0,228,806.109649122807
1074,0,21,171747.0,228,753.2763157894736
1074,0,22,156451.0,226,692.2610619469026
1074,0,23,134364.0,231,581.6623376623377
1074,1,0,100368.0,226,444.1061946902655
1074,1,1,65280.0,228,286.3157894736842
1074,1,2,39130.0,228,171.62280701754386
1074,1,3,26018.0,228,114.1140350877193
1074,1,4,24682.0,228,108.25438596491227
1074,1,5,41425.0,228,181.68859649122808
1074,1,6,108251.0,228,474.78508771929825
1074,1,7,183094.0,228,803.0438596491229
1074,1,8,188330.0,226,833.3185840707964
1074,1,9,185913.0,225,826.28
1074,1,10,181653.0,224,810.9508928571429
1074,1,11,179873.0,224,803.0044642857143
1074,1,12,181343.0,225,805.9688888888888
1074,1,13,190526.285714,229,831.9925140349345
1074,1,14,190348.0,232,820.4655172413793
1074,1,15,182967.0,232,788.6508620689655
1074,1,16,195672.0,232,843.4137931034483
1074,1,17,198060.0,232,853.7068965517242
1074,1,18,191690.857143,232,826.2536945818965
1074,1,19,192065.0,232,827.8663793103449
1074,1,20,188679.0,232,813.2715517241379
1074,1,21,176980.0,232,762.8448275862069
1074,1,22,162519.0,229,709.6899563318777
1074,1,23,137512.0,230,597.8782608695652
1074,2,0,105728.0,228,463.719298245614
1074,2,1,69000.0,228,302.63157894736844
1074,2,2,41780.0,228,183.24561403508773
1074,2,3,28687.0,228,125.8201754385965
1074,2,4,26759.0,228,117.3640350877193
1074,2,5,43089.0,228,188.98684210526315
1074,2,6,110197.0,228,483.3201754385965
1074,2,7,184534.0,226,816.5221238938053
1074,2,8,195646.0,227,861.8766519823788
1074,2,9,193231.0,228,847.5043859649123
1074,2,10,186972.0,228,820.0526315789474
1074,2,11,185452.0,228,813.3859649122807
1074,2,12,189234.0,228,829.9736842105264
1074,2,13,193759.0,228,849.8201754385965
1074,2,14,193070.0,228,846.7982456140351
1074,2,15,189812.0,228,832.5087719298245
1074,2,16,198894.0,228,872.3421052631579
1074,2,17,198759.857143,228,871.7537593991228
1074,2,18,190499.0,228,835.5219298245614
1074,2,19,189529.0,228,831.2675438596491
1074,2,20,187011.0,228,820.2236842105264
1074,2,21,175459.0,226,776.3672566371681
1074,2,22,166641.0,228,730.8815789473684
1074,2,23,143819.0,227,633.5638766519824
1074,3,0,115149.0,228,505.0394736842105
1074,3,1,78073.0,232,336.5215517241379
1074,3,2,46873.0,232,202.03879310344828
1074,3,3,32023.0,233,137.43776824034336
1074,3,4,28547.0,232,123.04741379310344
1074,3,5,43302.0,232,186.64655172413794
1074,3,6,97265.0,232,419.24568965517244
1074,3,7,170665.000001,232,735.6250000043103
1074,3,8,195856.285714,232,844.2081280775863
1074,3,9,199456.571429,232,859.726600987069
1074,3,10,196169.571428,232,845.5584975344827
1074,3,11,191186.142857,227,842.229704215859
1074,3,12,197589.142857,232,851.6773399008621
1074,3,13,204478.0,232,881.3706896551724
1074,3,14,207627.0,232,894.9439655172414
1074,3,15,189675.0,232,817.5646551724138
1074,3,16,195531.0,232,842.8060344827586
1074,3,17,202003.714286,232,870.7056650258621
1074,3,18,197121.714286,232,849.6625615775862
1074,3,19,194703.0,232,839.2370689655172
1074,3,20,189185.0,232,815.4525862068965
1074,3,21,178551.0,232,769.6163793103449
1074,3,22,168384.0,232,725.7931034482758
1074,3,23,156395.0,232,674.1163793103449
1074,4,0,139816.0,229,610.5502183406113
1074,4,1,100000.0,232,431.0344827586207
1074,4,2,61878.0,232,266.7155172413793
1074,4,3,36847.0,232,158.82327586206895
1074,4,4,27705.0,232,119.41810344827586
1074,4,5,33486.0,232,144.33620689655172
1074,4,6,57004.0,233,244.65236051502146
1074,4,7,82988.0,232,357.7068965517241
1074,4,8,102585.0,232,442.17672413793105
1074,4,9,122945.0,232,529.9353448275862
1074,4,10,163181.0,232,703.3663793103449
1074,4,11,193684.0,232,834.8448275862069
1074,4,12,198148.8,232,854.0896551724137
1074,4,13,195071.0,232,840.823275862069
1074,4,14,172687.114285,232,744.3410098491379
1074,4,15,152399.0,232,656.8922413793103
1074,4,16,161463.742857,232,695.9644088663794
1074,4,17,182358.4,233,782.6540772532188
1074,4,18,194071.0,232,836.5129310344828
1074,4,19,199374.0,232,859.3706896551724
1074,4,20,191360.0,232,824.8275862068965
1074,4,21,177199.0,232,763.7887931034483
1074,4,22,172467.428571,232,743.3940886681034
1074,4,23,162478.0,232,700.3362068965517
1074,5,0,132596.0,230,576.5043478260869
1074,5,1,81865.0,232,352.8663793103448
1074,5,2,45932.0,232,197.98275862068965
1074,5,3,29278.0,232,126.19827586206897
1074,5,4,27181.0,232,117.15948275862068
1074,5,5,43880.0,232,189.13793103448276
1074,5,6,112820.0,232,486.2931034482759
1074,5,7,188673.0,232,813.2456896551724
1074,5,8,197682.6,232,852.0801724137931
1074,5,9,191942.142857,232,827.3368226594828
1074,5,10,188448.999999,232,812.2801724094827
1074,5,11,186440.0,232,803.6206896551724
1074,5,12,188074.0,232,810.6637931034483
1074,5,13,192723.0,232,830.7025862068965
1074,5,14,189799.0,232,818.0991379310345
1074,5,15,185052.0,232,797.6379310344828
1074,5,16,194582.0,232,838.7155172413793
1074,5,17,196995.0,232,849.1163793103449
1074,5,18,192190.0,230,835.6086956521739
1074,5,19,189904.0,228,832.9122807017544
1074,5,20,180512.571429,224,805.8596938794643
1074,5,21,169490.0,228,743.3771929824561
1074,5,22,158224.0,228,693.9649122807018
1074,5,23,131356.0,228,576.1228070175439
1074,6,0,98009.0,223,439.50224215246635
1074,6,1,65791.0,228,288.5570175438597
1074,6,2,38756.0,228,169.98245614035088
1074,6,3,26251.0,228,115.1359649122807
1074,6,4,25058.0,228,109.90350877192982
1074,6,5,41551.0,228,182.24122807017545
1074,6,6,108429.0,228,475.5657894736842
1074,6,7,183802.0,228,806.1491228070175
1074,6,8,195636.0,228,858.0526315789474
1074,6,9,192545.0,228,844.4956140350877
1074,6,10,188374.0,228,826.2017543859649
1074,6,11,185110.857143,228,811.8897243114035
1074,6,12,187181.0,228,820.969298245614
1074,6,13,187655.0,224,837.7455357142857
1074,6,14,184640.8,224,824.2892857142857
1074,6,15,182682.0,228,801.2368421052631
1074,6,16,195452.0,228,857.2456140350877
1074,6,17,197989.0,228,868.3728070175439
1074,6,18,192442.0,228,844.0438596491229
1074,6,19,190851.0,228,837.0657894736842
1074,6,20,183866.0,228,806.4298245614035
1074,6,21,172620.0,228,757.1052631578947
1074,6,22,160534.0,228,704.0964912280701
1074,6,23,135373.0,228,593.7412280701755
1075,0,0,202747.888891,432,469.3238168773148
1075,0,1,120343.444445,438,274.756722477169
1075,0,2,64958.777777,438,148.3077118196347
1075,0,3,57594.999996,432,133.32175924999999
1075,0,4,65428.777777,432,151.45550411342595
1075,0,5,66448.777776,432,153.81661522222223
1075,0,6,145905.22222,428,340.90005191588784
1075,0,7,406745.333331,427,952.5651834449649
1075,0,8,531054.555559,423,1255.4481218888889
1075,0,9,570130.000001,425,1341.4823529435293
1075,0,10,583886.333333,423,1380.3459416855792
1075,0,11,577285.999999,423,1364.742316782506
1075,0,12,578535.555554,423,1367.696348827423
1075,0,13,582968.222221,416,1401.3659188004808
1075,0,14,591871.333333,421,1405.8701504346793
1075,0,15,531208.111113,421,1261.776986016627
1075,0,16,550920.999997,421,1308.600950111639
1075,0,17,588735.333336,423,1391.8092986666666
1075,0,18,592608.999998,426,1391.1009389624412
1075,0,19,579859.111114,421,1377.3375560902612
1075,0,20,584962.6666689999,436,1341.6574923600915
1075,0,21,552481.777778,440,1255.640404040909
1075,0,22,456761.777776,440,1038.0949494909091
1075,0,23,311102.222219,436,713.5372069243119
1075,1,0,205339.333336,426,482.0172144037559
1075,1,1,118867.222225,428,277.7271547313084
1075,1,2,63349.666662999996,428,148.01323986682243
1075,1,3,54708.222222000004,428,127.82294911682244
1075,1,4,62808.777777,432,145.3906892986111
1075,1,5,65147.000002,432,150.80324074537037
1075,1,6,143100.777779,428,334.34761163317756
1075,1,7,394364.999999,427,923.5714285690866
1075,1,8,510495.444448,426,1198.3461137276995
1075,1,9,549172.111115,420,1307.5526455119048
1075,1,10,560284.805558,416,1346.8384748990384
1075,1,11,556779.333333,419,1328.8289578353222
1075,1,12,554643.805554,418,1326.8990563492823
1075,1,13,573045.999999,417,1374.211031172662
1075,1,14,577298.666668,420,1374.5206349238097
1075,1,15,518438.000001,420,1234.3761904785715
1075,1,16,541745.694442,425,1274.6957516282353
1075,1,17,573830.555552,424,1353.3739517735848
1075,1,18,572216.111112,424,1349.5662997924528
1075,1,19,566952.999999,423,1340.3144208014185
1075,1,20,551825.555554,423,1304.552140789598
1075,1,21,513241.666668,423,1213.3372734468085
1075,1,22,422826.222222,421,1004.3378200047506
1075,1,23,294664.66667,422,698.257503957346
1075,2,0,203034.888889,419,484.5701405465394
1075,2,1,120011.55556000001,424,283.0461216037736
1075,2,2,66061.555557,426,155.0740740774648
1075,2,3,59074.333331,426,138.67214396948359
1075,2,4,66130.666671,428,154.5109034369159
1075,2,5,66665.888888,428,155.761422635514
1075,2,6,143711.666665,427,336.5612802459016
1075,2,7,388827.33333399997,422,921.3917851516587
1075,2,8,509281.999994,419,1215.4701670501195
1075,2,9,552067.000001,423,1305.1229314444445
1075,2,10,573406.333332,426,1346.0242566478871
1075,2,11,572322.222222,425,1346.6405228752942
1075,2,12,557577.222219,418,1333.9167995669857
1075,2,13,566958.666666,415,1366.1654618457833
1075,2,14,573733.111114,416,1379.1661324855768
1075,2,15,529679.555555,422,1255.1648235900473
1075,2,16,552787.111113,423,1306.8253217801418
1075,2,17,578910.777774,422,1371.8264876161136
1075,2,18,582851.222224,428,1361.801921084112
1075,2,19,573025.111108,430,1332.6165374604652
1075,2,20,548763.888891,427,1285.1613322974238
1075,2,21,521374.222224,427,1221.0169138735364
1075,2,22,429119.888891,417,1029.0644817529976
1075,2,23,306429.222225,413,741.9593758474575
1075,3,0,213036.222221,414,514.580246910628
1075,3,1,128415.555551,416,308.69123930528843
1075,3,2,69536.111114,416,167.1541132548077
1075,3,3,57552.777779,417,138.01625366666667
1075,3,4,64778.888888,416,155.71848290384617
1075,3,5,65593.000001,418,156.92105263397127
1075,3,6,137768.666668,422,326.4660347582938
1075,3,7,338070.361108,424,797.3357573301886
1075,3,8,483970.000002,424,1141.43867925
1075,3,9,557519.777777,423,1318.0136590472812
1075,3,10,588114.555555,421,1396.9466877790974
1075,3,11,553578.888889,422,1311.7983149028437
1075,3,12,524478.666666,422,1242.840442336493
1075,3,13,528306.555556,420,1257.8727513238096
1075,3,14,550555.333336,423,1301.5492513853428
1075,3,15,505964.222227,431,1173.9309100394432
1075,3,16,493820.222224,427,1156.4876398688525
1075,3,17,541233.222221,426,1270.50052164554
1075,3,18,557409.11111,424,1314.6441299764151
1075,3,19,560231.3333310001,424,1321.3003144599058
1075,3,20,552009.444442,430,1283.742894051163
1075,3,21,520535.888891,431,1207.7398814176333
1075,3,22,451311.222225,424,1064.4132599646225
1075,3,23,354162.888887,424,835.2898322806603
1075,4,0,277719.666666,424,654.9992138349056
1075,4,1,190700.888889,432,441.4372427986111
1075,4,2,113861.222219,432,263.567644025463
1075,4,3,65687.222222,426,154.1953573286385
1075,4,4,37733.333332,421,89.62787014726841
1075,4,5,40321.000004,420,96.00238096190476
1075,4,6,80620.444442,424,190.14255764622644
1075,4,7,151964.222224,428,355.0565939813084
1075,4,8,203169.222225,424,479.1726939268868
1075,4,9,260486.111112,420,620.2050264571429
1075,4,10,396301.11111,423,936.8820593617021
1075,4,11,513697.222223,426,1205.8620239976526
1075,4,12,558476.222226,428,1304.8509865093458
1075,4,13,555240.666665,435,1276.4153256666668
1075,4,14,469487.88889,436,1076.8070846100918
1075,4,15,370768.333331,436,850.3860856215597
1075,4,16,378579.555558,436,868.3017329311926
1075,4,17,439975.000002,437,1006.8077803249429
1075,4,18,493391.777778,433,1139.4729278937643
1075,4,19,538724.222226,432,1247.0468107083334
1075,4,20,517344.587304,429,1205.931438937063
1075,4,21,467216.222223,435,1074.060280972414
1075,4,22,408158.777777,435,938.2960408666667
1075,4,23,341768.444443,436,783.8725789977065
1075,5,0,253030.777782,429,589.8153328251748
1075,5,1,145789.66667,432,337.47608025462966
1075,5,2,72207.888888,423,170.7042290496454
1075,5,3,60576.777781,427,141.86599011943792
1075,5,4,68595.111111,429,159.8953638951049
1075,5,5,66352.00000100001,432,153.59259259490742
1075,5,6,146556.777777,435,336.9121328206897
1075,5,7,398404.88889,432,922.2335390972222
1075,5,8,522774.777776,432,1210.1268004074072
1075,5,9,566904.333333,435,1303.228352489655
1075,5,10,575098.111108,426,1349.9955659812208
1075,5,11,584489.555556,428,1365.6298027009345
1075,5,12,575467.777778,421,1366.9068355771972
1075,5,13,586066.333333,427,1372.5206869625292
1075,5,14,598575.555558,428,1398.5410176588784
1075,5,15,526825.888886,430,1225.1764857813955
1075,5,16,552295.888893,435,1269.6457215931034
1075,5,17,595964.888891,438,1360.6504312579907
1075,5,18,593409.000002,436,1361.0298165183488
1075,5,19,594666.333335,439,1354.593014430524
1075,5,20,572157.222222,440,1300.357323231818
1075,5,21,531446.888885,440,1207.8338383750001
1075,5,22,426202.88889,440,968.6429292954546
1075,5,23,294011.333333,437,672.7948131189931
1075,6,0,192833.77778,422,456.9520800473934
1075,6,1,118450.888893,432,274.19187243749997
1075,6,2,64255.888888,432,148.74048353703705
1075,6,3,55012.555555,434,126.75704044930875
1075,6,4,63669.333332,432,147.3827160462963
1075,6,5,66036.88889,430,153.57416020930233
1075,6,6,141911.015871,429,330.79490879020983
1075,6,7,390960.527777,433,902.9111496004618
1075,6,8,517660.111109,432,1198.2872942337963
1075,6,9,548330.888891,424,1293.2332285165094
1075,6,10,571654.999999,422,1354.6327014194312
1075,6,11,567585.222221,422,1344.9886782488152
1075,6,12,568864.8888900001,426,1335.363588943662
1075,6,13,583273.444443,425,1372.4081045717649
1075,6,14,584772.555557,426,1372.7055294765257
1075,6,15,504692.380952,418,1207.398040555024
1075,6,16,525289.222225,417,1259.686384232614
1075,6,17,566160.777777,420,1348.0018518499999
1075,6,18,578554.111113,419,1380.7974012243435
1075,6,19,581302.222221,424,1370.995807125
1075,6,20,562860.6666689999,428,1315.0950155817757
1075,6,21,523028.44444500003,432,1210.7139917708334
1075,6,22,428244.222223,432,991.3060699606482
1075,6,23,298112.333334,433,688.481139339492
1077,0,0,123458.428571,435,283.8124794735632
1077,0,1,72571.857144,439,165.3117474806378
1077,0,2,39713.904762,442,89.85046326244344
1077,0,3,31662.285714999998,439,72.12365766514806
1077,0,4,32929.571429,437,75.3537103638444
1077,0,5,37316.47619,440,84.81017315909091
1077,0,6,95554.571429,440,217.16948052045456
1077,0,7,238974.523809,440,543.1239177477273
1077,0,8,270118.380953,437,618.1198648810068
1077,0,9,279315.571428,440,634.8081168818181
1077,0,10,285252.142858,438,651.2606001324201
1077,0,11,287802.714285,436,660.097968543578
1077,0,12,287353.999999,436,659.0688073371559
1077,0,13,287884.0,435,661.8022988505747
1077,0,14,281460.857143,435,647.0364532022988
1077,0,15,261065.0,440,593.3295454545455
1077,0,16,271650.857143,440,617.3883116886363
1077,0,17,283187.0,440,643.6068181818182
1077,0,18,285091.714286,440,647.9357142863637
1077,0,19,284000.142857,440,645.4548701295455
1077,0,20,280528.999999,440,637.5659090886363
1077,0,21,265740.0,440,603.9545454545455
1077,0,22,231336.0,437,529.3729977116705
1077,0,23,179397.0,440,407.7204545454546
1077,1,0,125601.0,434,289.4032258064516
1077,1,1,73462.0,436,168.4908256880734
1077,1,2,39450.0,436,90.48165137614679
1077,1,3,30420.0,436,69.77064220183486
1077,1,4,31868.666667,436,73.09327217201835
1077,1,5,36327.857144,436,83.32077326605506
1077,1,6,94577.523808,436,216.92092616513762
1077,1,7,234069.54285600001,436,536.8567496697248
1077,1,8,266630.714286,436,611.5383355183486
1077,1,9,269912.238096,431,626.2464921020882
1077,1,10,278212.857142,428,650.0300400514019
1077,1,11,281786.904761,430,655.3183831651163
1077,1,12,280214.0,427,656.2388758782201
1077,1,13,282677.428572,429,658.921744923077
1077,1,14,278536.0,432,644.7592592592592
1077,1,15,254925.571429,433,588.7426591893765
1077,1,16,266733.571428,436,611.7742463944954
1077,1,17,279198.714287,436,640.3640235940367
1077,1,18,279850.571428,436,641.8591087798166
1077,1,19,282288.857142,436,647.451507206422
1077,1,20,277098.857143,436,635.5478374839449
1077,1,21,262463.857143,436,601.9813237224771
1077,1,22,227402.0,433,525.1778290993071
1077,1,23,177012.571428,435,406.9254515586207
1077,2,0,126993.285714,433,293.28703398152425
1077,2,1,75866.428572,436,174.00557011926605
1077,2,2,42167.0,436,96.71330275229357
1077,2,3,33510.428571,436,76.85878112614678
1077,2,4,34230.809525,436,78.51103102064219
1077,2,5,37745.47619,436,86.57219309633028
1077,2,6,94209.714284,436,216.07732633944954
1077,2,7,230870.0,435,530.735632183908
1077,2,8,264112.333333,436,605.7622324151376
1077,2,9,270559.761905,434,623.4095896428572
1077,2,10,281668.857143,436,646.0294888600918
1077,2,11,286963.047619,437,656.6660128581236
1077,2,12,288731.333333,439,657.702353833713
1077,2,13,291731.0,439,664.5353075170843
1077,2,14,284651.0,439,648.4077448747153
1077,2,15,261265.0,437,597.8604118993135
1077,2,16,271423.428572,440,616.8714285727273
1077,2,17,283149.285715,440,643.5211038977272
1077,2,18,283158.999999,440,643.5431818159091
1077,2,19,283353.428572,438,646.9256360091324
1077,2,20,278976.571429,439,635.4819394738041
1077,2,21,266605.0,439,607.3006833712984
1077,2,22,235862.571428,440,536.0512987
1077,2,23,186641.857142,439,425.1522941731207
1077,3,0,136386.428572,437,312.09709055377573
1077,3,1,82885.857143,440,188.37694805227272
1077,3,2,45190.0,440,102.70454545454545
1077,3,3,33841.0,441,76.73696145124717
1077,3,4,34967.523809,443,78.93346232279909
1077,3,5,37498.666667,441,85.03099017460318
1077,3,6,90030.142855,443,203.22831344243792
1077,3,7,207712.095234,442,469.9368670452489
1077,3,8,258045.428571,444,581.1833976824324
1077,3,9,276790.999999,443,624.810383744921
1077,3,10,289667.428571,441,656.8422416575963
1077,3,11,291222.000001,443,657.38600451693
1077,3,12,289786.428572,444,652.6721364234235
1077,3,13,293891.857142,444,661.9185971666667
1077,3,14,286279.428571,444,644.7734877725226
1077,3,15,242545.0,444,546.2725225225225
1077,3,16,244589.0,444,550.8761261261261
1077,3,17,265680.0,444,598.3783783783783
1077,3,18,277634.0,444,625.3018018018018
1077,3,19,286392.42857,444,645.0279922747748
1077,3,20,285881.0,444,643.8761261261261
1077,3,21,272609.0,444,613.9842342342342
1077,3,22,248630.0,444,559.9774774774775
1077,3,23,214866.999999,444,483.9346846824324
1077,4,0,176948.857143,440,402.1564935068182
1077,4,1,125333.142857,444,282.28185328153154
1077,4,2,75191.0,444,169.3490990990991
1077,4,3,42423.857144,442,95.98157724886879
1077,4,4,26007.285714,440,59.10746753181819
1077,4,5,30064.0,440,68.32727272727273
1077,4,6,68356.142858,440,155.3548701318182
1077,4,7,121718.0,440,276.6318181818182
1077,4,8,149496.0,440,339.76363636363635
1077,4,9,165662.142857,440,376.50487012954545
1077,4,10,222589.714286,443,502.45985166139957
1077,4,11,263089.714286,444,592.544401545045
1077,4,12,273912.428571,442,619.711376857466
1077,4,13,263925.285714,440,599.8301948045455
1077,4,14,229192.0,440,520.8909090909091
1077,4,15,192374.0,440,437.21363636363634
1077,4,16,199973.0,440,454.4840909090909
1077,4,17,227339.0,441,515.5079365079365
1077,4,18,255325.0,440,580.2840909090909
1077,4,19,274666.0,440,624.2409090909091
1077,4,20,271357.0,440,616.7204545454546
1077,4,21,250967.0,440,570.3795454545455
1077,4,22,230829.0,440,524.6113636363636
1077,4,23,204361.142857,440,464.45714285681817
1077,5,0,156023.714286,436,357.8525557018349
1077,5,1,91731.142857,440,208.47987012954545
1077,5,2,45955.857143,437,105.16214449199084
1077,5,3,33884.999999,439,77.18678815261958
1077,5,4,34646.523811,439,78.92146653986332
1077,5,5,37220.238097,438,84.97771255022832
1077,5,6,95284.095238,440,216.55476190454544
1077,5,7,236060.095238,440,536.50021645
1077,5,8,268183.714286,440,609.5084415590909
1077,5,9,271603.428572,440,617.2805194818181
1077,5,10,283124.571428,436,649.3682830917431
1077,5,11,287523.714286,439,654.9515131799544
1077,5,12,287949.0,437,658.9221967963387
1077,5,13,290506.0,437,664.7734553775744
1077,5,14,283015.0,440,643.2159090909091
1077,5,15,257141.0,440,584.4113636363636
1077,5,16,268335.0,440,609.8522727272727
1077,5,17,281683.0,440,640.1886363636364
1077,5,18,284170.0,440,645.8409090909091
1077,5,19,283960.0,440,645.3636363636364
1077,5,20,278637.0,440,633.2659090909091
1077,5,21,260852.0,440,592.8454545454546
1077,5,22,223375.0,440,507.67045454545456
1077,5,23,169929.0,440,386.2022727272727
1077,6,0,116695.0,425,274.5764705882353
1077,6,1,71656.0,436,164.348623853211
1077,6,2,39980.0,436,91.69724770642202
1077,6,3,30311.0,436,69.52064220183486
1077,6,4,32189.238094,436,73.82852773853212
1077,6,5,36432.666669,436,83.56116208486239
1077,6,6,93172.190476,436,213.69768457798165
1077,6,7,231875.047619,436,531.8235037133028
1077,6,8,266001.571429,436,610.0953473142201
1077,6,9,275602.333333,436,632.1154434243119
1077,6,10,288263.0,438,658.134703196347
1077,6,11,292410.428571,440,664.5691558431818
1077,6,12,292728.285714,442,662.28118939819
1077,6,13,289576.0,437,662.6453089244851
1077,6,14,279005.0,435,641.3908045977012
1077,6,15,254677.857143,436,584.1235255573395
1077,6,16,266847.857143,436,612.0363695940367
1077,6,17,280652.428572,437,642.225237006865
1077,6,18,283753.0,436,650.809633027523
1077,6,19,280795.0,437,642.5514874141876
1077,6,20,278155.0,440,632.1704545454545
1077,6,21,262140.0,440,595.7727272727273
1077,6,22,227655.0,440,517.3977272727273
1077,6,23,175360.0,440,398.54545454545456
1078,0,0,125892.983335,448,281.011123515625
1078,0,1,78004.88333,454,171.81692363436122
1078,0,2,41599.766669,451,92.23895048558758
1078,0,3,36091.46667,452,79.84837758849558
1078,0,4,38749.250004,452,85.72842921238939
1078,0,5,42415.0,452,93.83849557522124
1078,0,6,106100.466673,452,234.73554573672567
1078,0,7,252068.45,452,557.6735619469027
1078,0,8,286913.849999,449,639.0063474365256
1078,0,9,290271.64999,449,646.4847438530066
1078,0,10,292123.716676,448,652.0618675803571
1078,0,11,291824.783334,448,651.39460565625
1078,0,12,291607.916667,448,650.9105282745535
1078,0,13,301491.500005,448,672.9720982254464
1078,0,14,302798.750002,448,675.89006696875
1078,0,15,275659.433335,448,615.3112351227679
1078,0,16,287394.766669,448,641.5061756004463
1078,0,17,305361.983336,448,681.6115699464286
1078,0,18,309781.183333,448,691.4758556540179
1078,0,19,306869.150001,448,684.9757812522321
1078,0,20,305798.883332,448,682.5867931517857
1078,0,21,283182.650007,448,632.1041294799107
1078,0,22,240162.833331,448,536.0777529709821
1078,0,23,182831.983323,448,408.1071056316964
1078,1,0,130195.266661,442,294.55942683484164
1078,1,1,80391.149997,444,181.0611486418919
1078,1,2,46048.700002,444,103.71328829279278
1078,1,3,38187.083337000004,444,86.00694445270271
1078,1,4,41987.300007,444,94.56599100675675
1078,1,5,44983.316669,444,101.31377628153153
1078,1,6,105462.083337,442,238.6019985
1078,1,7,244095.149999,443,551.0048532708803
1078,1,8,283259.033328,444,637.9707957837837
1078,1,9,282720.966662,439,644.0113135808656
1078,1,10,285866.133337,436,655.6562691215596
1078,1,11,282778.516665,438,645.6130517465754
1078,1,12,277350.616666,429,646.5049339533799
1078,1,13,288298.316671,433,665.8159738360276
1078,1,14,293536.750003,436,673.2494266123854
1078,1,15,268400.650001,437,614.1891304370708
1078,1,16,282999.850004,440,643.1814772818182
1078,1,17,305743.583336,443,690.1661023386004
1078,1,18,307871.950003,444,693.4052927995494
1078,1,19,308126.099996,444,693.9777026936937
1078,1,20,302081.683331,444,680.3641516463963
1078,1,21,278543.566658,442,630.1890648371041
1078,1,22,234889.016668,440,533.8386742454545
1078,1,23,182604.766665,443,412.20037621896165
1078,2,0,130774.366671,441,296.5405139931973
1078,2,1,81336.316672,444,183.1899024144144
1078,2,2,46698.033326,444,105.17575073423423
1078,2,3,40171.5,444,90.47635135135135
1078,2,4,40933.599998,444,92.19279278828829
1078,2,5,45054.483328,444,101.47406154954956
1078,2,6,104648.366668,444,235.69451952252254
1078,2,7,241959.23332200001,443,546.1833709300226
1078,2,8,282641.983336,444,636.5810435495496
1078,2,9,287273.316667,442,649.9396304683258
1078,2,10,287973.683333,442,651.5241704366516
1078,2,11,288739.883338,441,654.7389644852607
1078,2,12,287162.083335,441,651.1611867006802
1078,2,13,300094.650001,443,677.4145598216704
1078,2,14,302882.333331,443,683.7072987155756
1078,2,15,279529.649996,444,629.5712837747748
1078,2,16,289858.549995,444,652.8345720608108
1078,2,17,305024.349995,444,686.991779268018
1078,2,18,307220.016664,443,693.4989089480813
1078,2,19,305871.566666,442,692.0171191538461
1078,2,20,300912.93332999997,443,679.2617005191873
1078,2,21,281534.933334,443,635.5190368713319
1078,2,22,242557.400002,444,546.300450454955
1078,2,23,186725.849998,440,424.37693181363636
1078,3,0,140429.066667,437,321.3479786430206
1078,3,1,85425.816666,439,194.59183750797266
1078,3,2,47982.849997,436,110.05240825
1078,3,3,38342.566671,438,87.54010655479452
1078,3,4,39833.133336,442,90.1202111674208
1078,3,5,41944.366666,444,94.4692942927928
1078,3,6,97039.449999,444,218.5573198175676
1078,3,7,212992.900002,444,479.71373874324325
1078,3,8,270951.933329,442,613.013423821267
1078,3,9,288059.333333,443,650.2468021060948
1078,3,10,293998.899997,444,662.1596846779279
1078,3,11,292624.333331,443,660.5515425079006
1078,3,12,293330.100002,444,660.6533783828829
1078,3,13,307574.766663,447,688.0867263154362
1078,3,14,310502.616673,448,693.0861979308036
1078,3,15,260917.050004,448,582.4041294732143
1078,3,16,261689.633334,448,584.1286458348214
1078,3,17,287610.633331,448,641.988020828125
1078,3,18,303895.149991,448,678.3373883727679
1078,3,19,310766.833337,448,693.6759672700892
1078,3,20,308870.200001,448,689.4424107165179
1078,3,21,287051.533339,448,640.7400297745536
1078,3,22,254519.666659,448,568.1242559352679
1078,3,23,214741.666662,448,479.33407737053574
1078,4,0,181837.56667,443,410.4685477878104
1078,4,1,132887.483344,448,296.62384675000004
1078,4,2,82531.166667,448,184.2213541674107
1078,4,3,48248.800007,446,108.18116593497757
1078,4,4,32970.683342,444,74.25829581531531
1078,4,5,34767.133334,444,78.30435435585585
1078,4,6,77211.949992,444,173.90078827027025
1078,4,7,120853.266666,444,272.1920420405405
1078,4,8,148078.049999,444,333.5091216193694
1078,4,9,178724.266668,440,406.19151515454547
1078,4,10,233030.216664,443,526.0275771196389
1078,4,11,276100.250005,445,620.4500000112359
1078,4,12,289137.850003,448,645.3969866138393
1078,4,13,277671.966665,448,619.8034970200894
1078,4,14,242174.616673,448,540.5683407879465
1078,4,15,207477.733337,448,463.11994048437504
1078,4,16,219090.516668,448,489.04133184821427
1078,4,17,253311.383335,452,560.4234144579646
1078,4,18,281614.283335,448,628.603311015625
1078,4,19,309238.983337,452,684.1570427809735
1078,4,20,301899.149999,452,667.918473449115
1078,4,21,270190.41667299997,452,597.766408568584
1078,4,22,244698.833328,452,541.3691002831858
1078,4,23,219194.883336,452,484.94443215929203
1078,5,0,174169.083336,448,388.77027530357145
1078,5,1,105614.366672,450,234.69859260444446
1078,5,2,55494.183328,449,123.59506309131403
1078,5,3,44631.633331,451,98.96149297339245
1078,5,4,46563.683332,452,103.0169985221239
1078,5,5,49771.516665999996,452,110.11397492477874
1078,5,6,113428.883338,452,250.94885694247787
1078,5,7,251264.449996,452,555.8948008761063
1078,5,8,284889.300002,448,635.9136160758928
1078,5,9,286479.300005,448,639.4627232254464
1078,5,10,291593.716666,448,650.87883184375
1078,5,11,294892.066663,451,653.8626755277161
1078,5,12,291860.733333,450,648.5794074066666
1078,5,13,303562.766656,455,667.1709157274726
1078,5,14,310007.10001,456,679.8401316008772
1078,5,15,280438.50000400003,456,614.9967105350878
1078,5,16,292009.149995,456,640.3709429714912
1078,5,17,308595.666664,456,676.7448830350878
1078,5,18,314949.033329,456,690.6777046688596
1078,5,19,313424.116669,456,687.3335891864035
1078,5,20,305237.133331,456,669.3796783574561
1078,5,21,280943.333335,456,616.1038011732455
1078,5,22,232089.399997,456,508.9679824495614
1078,5,23,175939.166668,456,385.8315058508772
1078,6,0,125205.766666,441,283.91330309750566
1078,6,1,77703.016667,452,171.90932890929204
1078,6,2,46788.700003,452,103.51482301548673
1078,6,3,36916.133335,452,81.67286136061946
1078,6,4,42587.933327,452,94.22109143141593
1078,6,5,44681.416659,452,98.85269172345133
1078,6,6,104575.033327,452,231.36069320132742
1078,6,7,243794.133336,452,539.3675516283186
1078,6,8,285095.883325,450,633.5464073888888
1078,6,9,284838.916665,448,635.8011532700893
1078,6,10,292270.599993,450,649.4902222066667
1078,6,11,292855.48332400003,452,647.9103613362832
1078,6,12,293971.516662,456,644.6743786447367
1078,6,13,302026.433336,452,668.2000737522125
1078,6,14,303262.166669,451,672.4216555853659
1078,6,15,275213.116669,452,608.8785767013275
1078,6,16,287295.433339,452,635.6093657942478
1078,6,17,308223.083337,452,681.909476409292
1078,6,18,312245.183328,447,698.5350857449665
1078,6,19,310727.116665,449,692.042576091314
1078,6,20,303932.533336,452,672.4171091504425
1078,6,21,278337.149996,450,618.5269999911111
1078,6,22,235669.883338,448,526.0488467366072
1078,6,23,177298.9,448,395.7564732142857
1079,0,0,132358.46667,449,294.7850037193764
1079,0,1,76275.799999,454,168.0083700418502
1079,0,2,41934.900001,454,92.3676211475771
1079,0,3,31343.533335,452,69.34410029867257
1079,0,4,31412.016666,451,69.64970435920178
1079,0,5,36280.516668,452,80.26662979646017
1079,0,6,91593.533337,452,202.6405604800885
1079,0,7,237223.366668,451,525.9941611263858
1079,0,8,280032.983333,449,623.6814773563474
1079,0,9,288124.566664,452,637.4437315575221
1079,0,10,293057.200002,453,646.9253863178809
1079,0,11,296426.233338,452,655.8102507477877
1079,0,12,299285.849998,452,662.136836278761
1079,0,13,293979.550001,454,647.5320484603524
1079,0,14,294699.600003,452,651.9902654933628
1079,0,15,278196.166667,455,611.420146520879
1079,0,16,290575.533328,456,637.2270467719298
1079,0,17,302152.700001,456,662.6155701776316
1079,0,18,303447.566663,456,665.4551900504385
1079,0,19,301388.833336,456,660.9404239824561
1079,0,20,294967.266664,456,646.8580409298246
1079,0,21,285044.999999,456,625.0986842083333
1079,0,22,255984.600002,456,561.3697368464913
1079,0,23,199604.500002,456,437.7291666710526
1079,1,0,135562.300003,450,301.24955556222227
1079,1,1,78021.899999,452,172.61482300663718
1079,1,2,42275.500002,452,93.52986726106195
1079,1,3,30284.699998,451,67.15011086031042
1079,1,4,30681.700002,451,68.03037694456764
1079,1,5,36455.366665,452,80.65346607300886
1079,1,6,91845.116667,452,203.1971607676991
1079,1,7,235430.56667,451,522.0189948337029
1079,1,8,278000.633332,452,615.0456489646018
1079,1,9,284475.783328,447,636.4111483847875
1079,1,10,285139.266668,444,642.2055555585587
1079,1,11,289196.783336,446,648.4232810224215
1079,1,12,289343.133336,445,650.2092883955057
1079,1,13,285420.76667,444,642.839564572072
1079,1,14,287314.100001,445,645.6496629235954
1079,1,15,270284.1,448,603.3127232142857
1079,1,16,282543.249995,449,629.2722717037863
1079,1,17,296835.716662,450,659.6349259155555
1079,1,18,297868.133331,451,660.4614929733924
1079,1,19,296371.233335,452,655.6885693252212
1079,1,20,290540.766668,452,642.7893067876107
1079,1,21,278489.466664,452,616.1271386371682
1079,1,22,248935.46666,449,554.4219747438752
1079,1,23,195629.100004,451,433.76740577383595
1079,2,0,137815.533329,449,306.93882701336304
1079,2,1,79833.133338,452,176.62197641150442
1079,2,2,44172.333333,452,97.72640117920355
1079,2,3,33178.966669,451,73.56755358980044
1079,2,4,32331.700001,448,72.16897321651786
1079,2,5,37231.366664,450,82.73637036444444
1079,2,6,91588.300001,451,203.0782705121951
1079,2,7,231788.133333,451,513.9426459711751
1079,2,8,277644.100003,452,614.2568584137168
1079,2,9,286600.133331,450,636.88918518
1079,2,10,294108.799999,452,650.6831858384955
1079,2,11,295819.250003,452,654.4673672632744
1079,2,12,295879.516663,449,658.9744246391982
1079,2,13,292787.166665,450,650.6381481444445
1079,2,14,294114.299997,451,652.138137465632
1079,2,15,277385.333334,451,615.0450849977827
1079,2,16,285787.700002,448,637.91897321875
1079,2,17,298083.033332,452,659.475737460177
1079,2,18,298087.499995,452,659.4856194579646
1079,2,19,294236.133335,452,650.9648967588496
1079,2,20,287227.599998,451,636.8682926784923
1079,2,21,281202.4,451,623.508647450111
1079,2,22,255849.066667,452,566.0377581128319
1079,2,23,204965.233339,447,458.5351976263982
1079,3,0,146884.899999,445,330.0784269640449
1079,3,1,85776.766672,448,191.46599703571428
1079,3,2,46934.066666,448,104.76354166517856
1079,3,3,33181.333333,450,73.73629629555556
1079,3,4,32970.166665,454,72.62151247797357
1079,3,5,38241.733338,456,83.86345030263158
1079,3,6,86746.833329,452,191.9177728517699
1079,3,7,207843.099998,449,462.90222716703784
1079,3,8,268153.700001,448,598.5573660736608
1079,3,9,285264.133336,452,631.1153392389381
1079,3,10,296483.333333,456,650.1827485372808
1079,3,11,291039.750002,455,639.6478022021978
1079,3,12,287152.949996,454,632.4954845726871
1079,3,13,294426.600001,453,649.9483443730684
1079,3,14,299341.100001,456,656.4497807039473
1079,3,15,268201.366662,456,588.1608918026316
1079,3,16,267846.716667,455,588.6741025648352
1079,3,17,288637.6,454,635.7656387665198
1079,3,18,296683.266665,455,652.0511355274725
1079,3,19,303628.666666,456,665.8523391798245
1079,3,20,300813.566669,456,659.6788742741229
1079,3,21,290210.399997,456,636.4263157828948
1079,3,22,267797.033329,456,587.2741958969298
1079,3,23,229931.46666900002,456,504.23567251973685
1079,4,0,187253.466664,451,415.19615668292687
1079,4,1,128343.033327,456,281.45402045394735
1079,4,2,76335.266667,456,167.40190058552633
1079,4,3,43071.600004,454,94.8713656475771
1079,4,4,24854.466668,452,54.98775811504425
1079,4,5,27212.066668,452,60.203687318584066
1079,4,6,55935.300004,452,123.75066372566371
1079,4,7,101966.783334,450,226.59285185333334
1079,4,8,134984.35,451,299.300110864745
1079,4,9,164647.316669,450,365.8829259311111
1079,4,10,225159.900002,451,499.2458980088692
1079,4,11,270384.333333,452,598.1954277278761
1079,4,12,292053.083335,453,644.7087932339955
1079,4,13,288486.8,452,638.2451327433628
1079,4,14,255150.600005,453,563.2463576269315
1079,4,15,209615.383336,456,459.68285819298245
1079,4,16,211691.950002,454,466.28182819823786
1079,4,17,237223.96666499999,451,525.995491496674
1079,4,18,266013.050001,449,592.4566815167037
1079,4,19,282488.566671,449,629.1504825634744
1079,4,20,286163.616665,452,633.1053466039823
1079,4,21,264538.899995,456,580.1291666557017
1079,4,22,245042.766667,454,539.7417767995595
1079,4,23,215608.433337,454,474.9084434735683
1079,5,0,165282.9,452,365.67013274336284
1079,5,1,94452.666668,456,207.1330409385965
1079,5,2,46886.466668,453,103.50213392494481
1079,5,3,32395.300001,455,71.19846154065934
1079,5,4,32543.93333,456,71.36827484649123
1079,5,5,36625.866665,456,80.3198830372807
1079,5,6,93493.466662,456,205.0295321535088
1079,5,7,237359.55,455,521.6693406593406
1079,5,8,280065.183338,455,615.5278754681318
1079,5,9,287544.700004,456,630.5804824649123
1079,5,10,292272.883333,454,643.7728707775331
1079,5,11,297121.683334,456,651.5826388903508
1079,5,12,294739.566661,451,653.5245380509979
1079,5,13,290657.649999,448,648.7893973191965
1079,5,14,292698.433335,454,644.7102055837005
1079,5,15,271993.199999,455,597.787252745055
1079,5,16,281189.016665,452,622.099594391593
1079,5,17,291885.6,450,648.6346666666666
1079,5,18,292353.816662,451,648.2346267450112
1079,5,19,292200.65,451,647.8950110864746
1079,5,20,287596.850001,452,636.2762168163716
1079,5,21,274446.5,448,612.6037946428571
1079,5,22,244017.133334,451,541.057945308204
1079,5,23,187033.000003,452,413.7898230154867
1079,6,0,125422.166666,437,287.00724637528606
1079,6,1,75605.366668,448,168.76197916964287
1079,6,2,41979.600003,448,93.70446429241072
1079,6,3,29712.766668,448,66.32313988392858
1079,6,4,30198.000001,448,67.40625000223214
1079,6,5,36920.200008,448,82.41116073214286
1079,6,6,89423.93333100001,447,200.0535421275168
1079,6,7,227229.883333,446,509.48404334753366
1079,6,8,271802.966667,445,610.7931835213483
1079,6,9,282445.099999,448,630.4578124977679
1079,6,10,292652.583331,449,651.787490714922
1079,6,11,291205.183332,444,655.867530027027
1079,6,12,292827.6,448,653.6330357142857
1079,6,13,288758.633336,448,644.5505208392858
1079,6,14,292914.366663,454,645.1858296541851
1079,6,15,273314.316667,456,599.3735014627193
1079,6,16,284723.966669,454,627.1453010330396
1079,6,17,299536.966666,456,656.8793128640351
1079,6,18,296165.200005,448,661.0830357254464
1079,6,19,295660.899998,452,654.1170353938053
1079,6,20,289992.933336,454,638.7509544845815
1079,6,21,279315.749999,456,612.5345394714913
1079,6,22,247658.166666,452,547.9162979336284
1079,6,23,192976.266665,456,423.19356724780704
1080,0,0,150717.0,381,395.5826771653543
1080,0,1,91627.0,386,237.37564766839378
1080,0,2,47905.0,386,124.10621761658031
1080,0,3,25469.625,384,66.3271484375
1080,0,4,16420.875,384,42.7626953125
1080,0,5,23313.5,382,61.03010471204188
1080,0,6,87750.892857,380,230.92340225526314
1080,0,7,271786.160714,380,715.2267387210526
1080,0,8,300539.125,377,797.1860079575597
1080,0,9,295959.375,379,780.8954485488126
1080,0,10,301664.0,376,802.2978723404256
1080,0,11,308872.125,376,821.4684175531914
1080,0,12,311545.0,376,828.5771276595744
1080,0,13,316055.0,377,838.342175066313
1080,0,14,310716.0,384,809.15625
1080,0,15,281130.0,384,732.109375
1080,0,16,285262.0,381,748.7191601049868
1080,0,17,297740.0,384,775.3645833333334
1080,0,18,306937.875,387,793.1211240310078
1080,0,19,314697.375,388,811.0757087628866
1080,0,20,319285.875,388,822.9017396907217
1080,0,21,308242.5,388,794.4394329896908
1080,0,22,272235.0,388,701.6365979381443
1080,0,23,216255.0,388,557.3582474226804
1080,1,0,151848.625,379,400.6560026385224
1080,1,1,90311.625,384,235.1865234375
1080,1,2,46884.0,384,122.09375
1080,1,3,24621.375,384,64.1181640625
1080,1,4,16378.125,384,42.6513671875
1080,1,5,23637.0,382,61.87696335078534
1080,1,6,87234.142857,380,229.56353383421052
1080,1,7,268503.625,380,706.5884868421052
1080,1,8,299265.5,383,781.3720626631854
1080,1,9,294836.660714,382,771.8237191465969
1080,1,10,295780.017857,372,795.1075748844086
1080,1,11,300586.5,376,799.4321808510638
1080,1,12,304482.5,375,811.9533333333334
1080,1,13,308435.625,374,824.6941844919786
1080,1,14,305275.125,377,809.7483421750663
1080,1,15,271108.25,372,728.7856182795699
1080,1,16,279673.767857,377,741.8402330424403
1080,1,17,292244.75,380,769.0651315789473
1080,1,18,298232.875,380,784.8233552631579
1080,1,19,308516.625,381,809.7549212598425
1080,1,20,315608.25,384,821.896484375
1080,1,21,301863.5,384,786.1028645833334
1080,1,22,266517.125,381,699.5200131233596
1080,1,23,214654.375,383,560.4552872062663
1080,2,0,155592.625,382,407.31053664921467
1080,2,1,93176.0,384,242.64583333333334
1080,2,2,49317.0,383,128.7650130548303
1080,2,3,26185.25,384,68.19075520833333
1080,2,4,17593.625,384,45.816731770833336
1080,2,5,23939.625,384,62.3427734375
1080,2,6,88370.946428,384,230.1326729895833
1080,2,7,266760.642857,379,703.8539389366755
1080,2,8,301068.75,380,792.2861842105264
1080,2,9,294231.767857,380,774.2941259394737
1080,2,10,304166.160715,380,800.4372650394737
1080,2,11,307485.571429,376,817.7807750771277
1080,2,12,309631.25,374,827.8910427807486
1080,2,13,312668.875,374,836.0130347593583
1080,2,14,306806.75,375,818.1513333333334
1080,2,15,278999.053571,376,742.0187594973404
1080,2,16,279422.678571,371,753.1608586819407
1080,2,17,285684.75,371,770.0397574123989
1080,2,18,292926.0,376,779.0585106382979
1080,2,19,303715.625,376,807.7543218085107
1080,2,20,308252.875,375,822.0076666666666
1080,2,21,297912.732143,373,798.6936518579089
1080,2,22,272293.75,376,724.1855053191489
1080,2,23,222514.375,372,598.1569220430108
1080,3,0,163231.5,370,441.16621621621624
1080,3,1,99651.25,372,267.87970430107526
1080,3,2,52499.375,372,141.12735215053763
1080,3,3,28981.5,374,77.49064171122994
1080,3,4,18815.5,378,49.776455026455025
1080,3,5,23249.5,380,61.18289473684211
1080,3,6,77506.875,380,203.96546052631578
1080,3,7,215924.125,379,569.7206464379947
1080,3,8,265948.75,378,703.5681216931217
1080,3,9,278974.0,379,736.0791556728232
1080,3,10,299024.25,380,786.9059210526316
1080,3,11,307329.75,379,810.896437994723
1080,3,12,313865.25,380,825.9611842105263
1080,3,13,316496.25,378,837.2916666666666
1080,3,14,288207.375,380,758.4404605263157
1080,3,15,236290.025,375,630.1067333333333
1080,3,16,238112.625,375,634.967
1080,3,17,256642.375,376,682.5595079787234
1080,3,18,279839.375,380,736.4194078947369
1080,3,19,294357.375,380,774.6246710526316
1080,3,20,306800.25,380,807.3690789473684
1080,3,21,302646.0,378,800.6507936507936
1080,3,22,287921.375,376,765.7483377659574
1080,3,23,262497.5,376,698.1316489361702
1080,4,0,213093.5,371,574.3760107816712
1080,4,1,149893.3,377,397.59496021220156
1080,4,2,88990.125,380,234.1845394736842
1080,4,3,49304.875,377,130.78216180371354
1080,4,4,27641.125,376,73.51363031914893
1080,4,5,23990.25,376,63.80385638297872
1080,4,6,44895.375,376,119.40259308510639
1080,4,7,105838.625,375,282.23633333333333
1080,4,8,146360.75,375,390.29533333333336
1080,4,9,139504.25,372,375.0114247311828
1080,4,10,176102.75,376,468.35837765957444
1080,4,11,216901.625,379,572.299802110818
1080,4,12,243448.0,377,645.7506631299734
1080,4,13,235937.125,375,629.1656666666667
1080,4,14,207201.0,376,551.0664893617021
1080,4,15,179527.875,376,477.46775265957444
1080,4,16,191376.0,377,507.6286472148541
1080,4,17,220820.125,382,578.0631544502618
1080,4,18,256681.975,379,677.2611477572559
1080,4,19,291288.125,384,758.5628255208334
1080,4,20,304771.875,384,793.6767578125
1080,4,21,292988.875,384,762.9918619791666
1080,4,22,268491.75,382,702.8579842931937
1080,4,23,228465.5,380,601.225
1080,5,0,172691.0,380,454.45
1080,5,1,101411.5,384,264.0924479166667
1080,5,2,49981.5,381,131.18503937007873
1080,5,3,25288.75,381,66.3746719160105
1080,5,4,17772.25,380,46.76907894736842
1080,5,5,27006.125,380,71.06875
1080,5,6,91970.5,380,242.02763157894736
1080,5,7,274439.125,379,724.1137862796834
1080,5,8,304146.0,384,792.046875
1080,5,9,297397.25,383,776.4941253263707
1080,5,10,310793.0,388,801.0128865979382
1080,5,11,316237.75,392,806.7289540816327
1080,5,12,318812.714286,390,817.4684981692308
1080,5,13,317708.125,387,820.9512273901809
1080,5,14,314377.875,388,810.2522551546392
1080,5,15,280482.125,389,721.0337403598971
1080,5,16,289615.25,392,738.8144132653061
1080,5,17,302232.875,392,771.0022321428571
1080,5,18,309704.25,392,790.061862244898
1080,5,19,318074.0,391,813.4884910485933
1080,5,20,317760.0,388,818.9690721649484
1080,5,21,298638.625,386,773.6751943005181
1080,5,22,262337.625,388,676.1278994845361
1080,5,23,208699.0,388,537.8840206185567
1080,6,0,145058.25,373,388.8961126005362
1080,6,1,89374.25,384,232.74544270833334
1080,6,2,47344.0,384,123.29166666666667
1080,6,3,25804.5,383,67.37467362924282
1080,6,4,17256.875,383,45.057114882506525
1080,6,5,22836.125,384,59.469075520833336
1080,6,6,84351.910714,384,219.66643415104167
1080,6,7,260989.35,384,679.659765625
1080,6,8,291543.232143,383,761.2094834020887
1080,6,9,286413.25,378,757.7070105820105
1080,6,10,301401.125,381,791.0790682414698
1080,6,11,306726.75,383,800.853133159269
1080,6,12,307799.0,384,801.5598958333334
1080,6,13,312220.625,382,817.3314790575917
1080,6,14,305239.75,381,801.1541994750656
1080,6,15,270137.25,380,710.8875
1080,6,16,280348.0,382,733.8952879581152
1080,6,17,289249.0,383,755.2193211488251
1080,6,18,297987.0,378,788.3253968253969
1080,6,19,304147.0,381,798.2860892388452
1080,6,20,314376.0,384,818.6875
1080,6,21,298257.5,383,778.7402088772845
1080,6,22,264250.0,384,688.1510416666666
1080,6,23,210172.0,384,547.3229166666666
1081,0,0,123357.969694,428,288.21955535981306
1081,0,1,76201.345459,434,175.57913700230415
1081,0,2,41475.39394,434,95.5654238248848
1081,0,3,22637.466668,432,52.40154321296296
1081,0,4,14968.845451,432,34.65010521064815
1081,0,5,19816.581819,432,45.87171717361111
1081,0,6,80598.066665,432,186.5695987615741
1081,0,7,219820.242421,432,508.84315375231483
1081,0,8,257834.672724,429,601.0132231328671
1081,0,9,259916.636367,430,604.4572938767442
1081,0,10,270674.472728,427,633.8980625948478
1081,0,11,271572.448486,425,638.9939964376471
1081,0,12,271930.927271,427,636.840579088993
1081,0,13,267591.65455,428,625.2141461448598
1081,0,14,260252.781819,428,608.0672472406542
1081,0,15,230387.509091,428,538.2885726425234
1081,0,16,244773.872728,430,569.2415644837209
1081,0,17,271050.509091,432,627.4317340069445
1081,0,18,280313.581816,432,648.8740319814815
1081,0,19,280536.945455,430,652.4115010581395
1081,0,20,278178.127273,432,643.9308501689816
1081,0,21,258914.036365,432,599.3380471412037
1081,0,22,225821.890908,432,522.7358585833333
1081,0,23,177581.054551,432,411.0672559050926
1081,1,0,124393.963634,426,292.00460946948357
1081,1,1,75210.436359,428,175.7253185957944
1081,1,2,41445.490913,428,96.83525914252337
1081,1,3,22780.654544,428,53.225828373831774
1081,1,4,15243.054544999999,428,35.61461342289719
1081,1,5,21867.472723,428,51.09222598831776
1081,1,6,79452.309094,428,185.63623620093458
1081,1,7,213684.018184,428,499.26172472897196
1081,1,8,251226.963638,428,586.9788870046729
1081,1,9,253686.327277,425,596.9090053576471
1081,1,10,263401.381818,424,621.2296740990566
1081,1,11,268789.563632,427,629.4837555784543
1081,1,12,267051.818182,425,628.3572192517647
1081,1,13,261770.090906,425,615.9296256611765
1081,1,14,254295.200003,426,596.9370892089202
1081,1,15,226495.563636,429,527.9616867972028
1081,1,16,240600.272724,432,556.94507575
1081,1,17,268658.963637,432,621.8957491597222
1081,1,18,277111.690906,431,642.9505589466356
1081,1,19,280660.381822,432,649.6768097731482
1081,1,20,275234.054545,432,637.1158670023149
1081,1,21,257674.381818,432,596.4684764305556
1081,1,22,225231.927273,429,525.0161474895106
1081,1,23,177783.436362,431,412.49057160556845
1081,2,0,127503.6,424,300.71603773584906
1081,2,1,79015.41818000001,426,185.4822023004695
1081,2,2,44190.563634,428,103.24898045327103
1081,2,3,23896.309092,428,55.832497878504675
1081,2,4,15925.345455,426,37.38344003521127
1081,2,5,20195.727274,428,47.186278677570094
1081,2,6,78880.642426,428,184.30056641588786
1081,2,7,212156.981818,425,499.1928983952941
1081,2,8,251554.58182,428,587.744350046729
1081,2,9,253994.181819,425,597.6333689858824
1081,2,10,267265.884847,428,624.453001978972
1081,2,11,270023.363637,427,632.3732169484776
1081,2,12,272751.200002,428,637.2691588831776
1081,2,13,265356.727275,427,621.4443261709603
1081,2,14,260357.363637,427,609.7362146065574
1081,2,15,233201.036365,428,544.8622344976636
1081,2,16,245405.13333,428,573.3764797429907
1081,2,17,268925.000001,428,628.3294392546729
1081,2,18,276732.236364,428,646.5706457102804
1081,2,19,279950.527275,428,654.0900169976635
1081,2,20,274926.636363,427,643.8562912482437
1081,2,21,259318.618181,427,607.3035554590164
1081,2,22,229973.6,428,537.3214953271029
1081,2,23,183274.327273,424,432.250771870283
1081,3,0,133346.309092,421,316.7370762280285
1081,3,1,84388.89091,424,199.03040308962264
1081,3,2,47013.781818999996,424,110.88156089386791
1081,3,3,26080.109091,426,61.22091335915493
1081,3,4,17408.172726,430,40.48412261860465
1081,3,5,21528.454549000002,432,49.8343855300926
1081,3,6,74128.399999,432,171.59351851620372
1081,3,7,181049.01818,431,420.0673275638051
1081,3,8,231374.03636199998,430,538.0791543302325
1081,3,9,254107.8,431,589.5772621809745
1081,3,10,272965.909094,432,631.8655303101851
1081,3,11,278610.800001,431,646.4287703039444
1081,3,12,278141.272727,432,643.8455387199074
1081,3,13,273284.690905,432,632.6034511689816
1081,3,14,250135.47272700001,432,579.0172979791668
1081,3,15,202615.709091,432,469.01784511805556
1081,3,16,208551.054546,431,483.8771567192575
1081,3,17,234034.818184,430,544.2670190325581
1081,3,18,256309.036363,432,593.3079545439815
1081,3,19,272287.145455,432,630.2943181828704
1081,3,20,281280.581817,432,651.1124579097223
1081,3,21,267159.527267,432,618.424831636574
1081,3,22,242519.56363699998,431,562.6904028700695
1081,3,23,213041.563635,430,495.4454968255814
1081,4,0,172966.563636,427,405.0739195222483
1081,4,1,124964.509087,431,289.94085635034804
1081,4,2,79923.018181,432,185.0069865300926
1081,4,3,46135.072731,430,107.29086681627906
1081,4,4,26909.890909,428,62.87357689018692
1081,4,5,25544.090911,428,59.68245539953271
1081,4,6,49573.400003,428,115.82570094158879
1081,4,7,105416.509093,428,246.30025489018692
1081,4,8,137830.854548,428,322.03470688785046
1081,4,9,140544.509093,428,328.3750212453271
1081,4,10,172237.672727,431,399.6233705962877
1081,4,11,200232.709088,432,463.5016414074074
1081,4,12,217309.563638,432,503.0313973101852
1081,4,13,208960.18182,429,487.0866709090909
1081,4,14,182274.236361,428,425.874384021028
1081,4,15,160974.127272,428,376.107774
1081,4,16,173665.799998,428,405.76121494859814
1081,4,17,198516.381824,432,459.52866162962965
1081,4,18,230844.763638,428,539.3569243878504
1081,4,19,260923.327277,432,603.9891835115741
1081,4,20,269697.47272900003,432,624.2997053912038
1081,4,21,254325.272724,432,588.7159090833334
1081,4,22,228957.70909299998,432,529.994696974537
1081,4,23,194257.563641,432,449.6702862060185
1081,5,0,147898.254546,428,345.5566695
1081,5,1,90100.49091,432,208.56595118055554
1081,5,2,46063.781817,429,107.37478279020979
1081,5,3,23618.254538,431,54.79873442691416
1081,5,4,15575.527273,432,36.05446128009259
1081,5,5,21878.345456,432,50.644318185185185
1081,5,6,81627.799999,432,188.9532407384259
1081,5,7,215431.854549,430,501.0043129046512
1081,5,8,249916.236363,431,579.8520565266822
1081,5,9,256259.054546,432,593.1922558935186
1081,5,10,266490.145453,430,619.7445243093023
1081,5,11,272585.127278,432,630.9840909212963
1081,5,12,269630.981817,430,627.0487949232559
1081,5,13,266965.854546,435,613.7146081517242
1081,5,14,258466.890915,436,592.8139699885321
1081,5,15,227782.363635,436,522.4366138417431
1081,5,16,241788.03636600001,436,554.5597164357798
1081,5,17,270376.781819,434,622.9879765414747
1081,5,18,278620.363637,432,644.9545454560184
1081,5,19,281959.054541,432,652.6829966226852
1081,5,20,274018.145457,431,635.7729592969838
1081,5,21,250845.436364,428,586.087468140187
1081,5,22,215944.254545,428,504.5426508060748
1081,5,23,167431.709094,428,391.1955819953271
1081,6,0,115163.363635,413,278.84591679176754
1081,6,1,71036.98181699999,424,167.54005145518866
1081,6,2,39224.254544,424,92.5100343018868
1081,6,3,21607.400002,424,50.96084906132075
1081,6,4,14616.636363,424,34.47319896933962
1081,6,5,19318.381821,424,45.56222127594339
1081,6,6,74654.363637,424,176.0716123514151
1081,6,7,208137.163635,424,490.88953687500003
1081,6,8,246074.454546,424,580.3642795896226
1081,6,9,252703.654548,424,595.999185254717
1081,6,10,263423.181816,424,621.2810891886793
1081,6,11,272330.381817,430,633.3264693418604
1081,6,12,272242.818182,436,624.4101334449541
1081,6,13,264697.490911,431,614.1473106983759
1081,6,14,257127.739399,433,593.8284974572748
1081,6,15,226356.321214,432,523.9729657731482
1081,6,16,238252.109095,432,551.5095117939815
1081,6,17,267140.557573,431,619.815678823666
1081,6,18,274002.369695,426,643.19805092723
1081,6,19,278328.254541,428,650.2996601425234
1081,6,20,275816.369697,432,638.4638187430556
1081,6,21,257139.569697,432,595.2304854097222
1081,6,22,222579.684849,432,515.2307519652778
1081,6,23,174430.73939,432,403.77485969907406
1082,0,0,154943.0,452,342.79424778761063
1082,0,1,92498.0,458,201.96069868995633
1082,0,2,48613.333334,458,106.14264920087336
1082,0,3,23976.0,456,52.578947368421055
1082,0,4,13717.0,456,30.08114035087719
1082,0,5,18136.0,456,39.771929824561404
1082,0,6,67497.079365,456,148.01991088815788
1082,0,7,228588.75,454,503.49944933920705
1082,0,8,276920.333333,450,615.3785185177778
1082,0,9,282122.0,452,624.1637168141593
1082,0,10,301184.0,452,666.3362831858407
1082,0,11,308557.111111,452,682.6484759092921
1082,0,12,312146.44444500003,452,690.5894788606196
1082,0,13,313435.777778,452,693.4419862345133
1082,0,14,304534.222222,452,673.7482792522125
1082,0,15,274415.888889,452,607.1147984269911
1082,0,16,289773.222222,452,641.0911996061947
1082,0,17,305239.222222,452,675.3080137654867
1082,0,18,302455.222223,452,669.1487217323009
1082,0,19,307492.333333,452,680.2927728606195
1082,0,20,309131.777778,452,683.9198623407079
1082,0,21,306666.0,452,678.4646017699115
1082,0,22,276962.0,452,612.7477876106195
1082,0,23,221171.666667,452,489.3178466084071
1082,1,0,154611.0,446,346.6614349775785
1082,1,1,92435.888889,448,206.33010912723213
1082,1,2,47258.333333,448,105.48735118973215
1082,1,3,23627.0,448,52.738839285714285
1082,1,4,13140.0,448,29.330357142857142
1082,1,5,16623.0,448,37.104910714285715
1082,1,6,63768.333333,448,142.3400297611607
1082,1,7,222691.222222,448,497.07862103125
1082,1,8,271286.333333,448,605.5498511897322
1082,1,9,271032.0,443,611.8103837471783
1082,1,10,286498.555555,439,652.616299669704
1082,1,11,295254.222221,441,669.510707984127
1082,1,12,300193.111111,441,680.7100025192744
1082,1,13,302332.0,441,685.5600907029478
1082,1,14,294071.666666,444,662.3235735720721
1082,1,15,264490.444446,445,594.3605493168538
1082,1,16,281777.666668,448,628.9680059553572
1082,1,17,301010.44444500003,448,671.8983134933036
1082,1,18,302528.222221,448,675.2862103147321
1082,1,19,306979.444444,448,685.2219742053572
1082,1,20,307260.666667,448,685.8497023816964
1082,1,21,299649.0,448,668.859375
1082,1,22,270465.222222,445,607.7870162292135
1082,1,23,218055.285714,447,487.8194311275168
1082,2,0,156078.0,445,350.7370786516854
1082,2,1,91934.666666,448,205.21130952232144
1082,2,2,49147.0,448,109.703125
1082,2,3,24149.333333,448,53.90476190401785
1082,2,4,14155.000001,448,31.595982145089287
1082,2,5,16281.571429,445,36.587800964044945
1082,2,6,64436.027778,444,145.1261886891892
1082,2,7,218099.25,443,492.3233634311512
1082,2,8,268457.0,444,604.6328828828829
1082,2,9,273113.761904,447,610.9927559373602
1082,2,10,295870.793652,448,660.4258786875
1082,2,11,304674.444444,448,680.0768849196429
1082,2,12,308965.444444,447,691.1978622908277
1082,2,13,309549.999999,448,690.9598214263393
1082,2,14,301277.777778,448,672.4950396830357
1082,2,15,274545.111112,448,612.8239087321429
1082,2,16,287720.77778,447,643.670643803132
1082,2,17,295068.222222,444,664.5680680675675
1082,2,18,288482.0,448,643.9330357142857
1082,2,19,291716.111111,448,651.1520337299107
1082,2,20,297089.0,447,664.6286353467561
1082,2,21,301237.888888,447,673.91026596868
1082,2,22,281742.190477,448,628.8888180290179
1082,2,23,230374.857142,444,518.8622908603603
1082,3,0,166587.0,441,377.7482993197279
1082,3,1,100205.0,444,225.68693693693695
1082,3,2,52402.0,444,118.02252252252252
1082,3,3,26587.341271,446,59.612872804932735
1082,3,4,18585.0,450,41.3
1082,3,5,18785.75,452,41.561393805309734
1082,3,6,59066.333333,452,130.67772861283186
1082,3,7,183980.000001,452,407.0353982323009
1082,3,8,241733.333334,452,534.8082595884956
1082,3,9,266181.666667,450,591.5148148155555
1082,3,10,299188.222222,452,661.9208456238938
1082,3,11,313047.888888,451,694.119487556541
1082,3,12,314150.11111,452,695.0223697123894
1082,3,13,316007.666666,452,699.1320058982301
1082,3,14,286187.666666,452,633.1585545707964
1082,3,15,226722.0,452,501.5973451327434
1082,3,16,230653.555555,452,510.2954768915929
1082,3,17,255262.555555,452,564.7401671570797
1082,3,18,277461.444444,452,613.8527531946903
1082,3,19,298827.888889,452,661.1236479845132
1082,3,20,310573.888888,452,687.1103736460177
1082,3,21,303940.444443,452,672.4346115995576
1082,3,22,289620.666667,452,640.7536873163716
1082,3,23,258482.972222,452,571.8649827920354
1082,4,0,201884.222222,447,451.64255530648774
1082,4,1,144549.444444,452,319.7996558495575
1082,4,2,88064.555556,452,194.83308751327436
1082,4,3,47447.0,450,105.43777777777778
1082,4,4,25673.0,448,57.30580357142857
1082,4,5,19192.0,444,43.22522522522522
1082,4,6,35070.714287,448,78.282844390625
1082,4,7,79214.333333,448,176.8177083325893
1082,4,8,119697.111111,448,267.18105158705356
1082,4,9,125451.031746,448,280.0246244330357
1082,4,10,165830.444445,451,367.6949987694013
1082,4,11,207210.507936,452,458.43032729203543
1082,4,12,233376.999999,452,516.3207964579645
1082,4,13,234791.666666,452,519.4505899690265
1082,4,14,204421.333333,452,452.25958701991146
1082,4,15,174569.555556,452,386.2158308761062
1082,4,16,182138.333333,452,402.9609144535398
1082,4,17,206855.444444,455,454.6273504263736
1082,4,18,244288.555554,453,539.2683345562914
1082,4,19,284246.777777,456,623.3481968793859
1082,4,20,302789.69841199997,456,664.0124965175438
1082,4,21,293731.111112,456,644.147173491228
1082,4,22,270283.999999,456,592.7280701732456
1082,4,23,230035.666667,456,504.4641812872807
1082,5,0,170561.111111,452,377.34759095353985
1082,5,1,102495.857143,456,224.77161654166667
1082,5,2,51307.666667,453,113.2619573222958
1082,5,3,24398.583334,455,53.62326007472527
1082,5,4,14583.222222,456,31.980750486842105
1082,5,5,16980.015873,456,37.23687691447368
1082,5,6,65011.892858,456,142.56994047807018
1082,5,7,228312.333333,456,500.6849415197368
1082,5,8,276936.666667,456,607.3172514627192
1082,5,9,281269.44444500003,456,616.8189571162281
1082,5,10,297795.888888,454,655.9380812511013
1082,5,11,309057.11111,456,677.7568226096491
1082,5,12,311449.111111,453,687.5256315916115
1082,5,13,312697.555555,455,687.2473748461539
1082,5,14,305267.222221,459,665.0702009172113
1082,5,15,275924.777778,460,599.8364734304348
1082,5,16,294633.88889,460,640.5084541086957
1082,5,17,306985.333333,459,668.8133623812637
1082,5,18,301443.111111,460,655.3111111108695
1082,5,19,303501.111112,460,659.7850241565218
1082,5,20,309742.555555,460,673.3533816413044
1082,5,21,306016.650795,460,665.2535886847827
1082,5,22,276678.0,460,601.4739130434782
1082,5,23,217142.0,460,472.04782608695655
1082,6,0,147042.857143,445,330.43338683820224
1082,6,1,89333.0,456,195.90570175438597
1082,6,2,47215.0,456,103.54166666666667
1082,6,3,24841.0,456,54.47587719298246
1082,6,4,14985.0,456,32.86184210526316
1082,6,5,16618.861111,456,36.44487085745614
1082,6,6,62480.0,456,137.01754385964912
1082,6,7,220157.253968,456,482.80099554385964
1082,6,8,273195.555556,456,599.1130604298245
1082,6,9,279703.555555,456,613.384990252193
1082,6,10,299169.666667,456,656.0738304100877
1082,6,11,305473.111111,453,674.3335786114791
1082,6,12,313147.222221,460,680.7548309152174
1082,6,13,312409.0,456,685.1074561403509
1082,6,14,300850.555556,455,661.2100122109889
1082,6,15,270009.444444,456,592.1259746578947
1082,6,16,289561.55555499997,456,635.0034113048245
1082,6,17,304935.821429,455,670.1886185252747
1082,6,18,305489.0,452,675.8606194690266
1082,6,19,307590.714286,454,677.5125865330397
1082,6,20,313203.0,456,686.8486842105264
1082,6,21,307041.0,456,673.3355263157895
1082,6,22,276147.0,456,605.5855263157895
1082,6,23,221096.0,456,484.859649122807
1083,0,0,188252.793646,188,1001.3446470531915
1083,0,1,124197.396825,186,667.7279399193549
1083,0,2,75994.111114,188,404.22399528723406
1083,0,3,44810.809521999996,188,238.35536979787233
1083,0,4,28052.85714,188,149.21732521276596
1083,0,5,30095.539681000002,186,161.8039767795699
1083,0,6,87438.301588,184,475.2081608043478
1083,0,7,202958.079368,184,1103.0330400434782
1083,0,8,237906.999997,184,1292.9728260706522
1083,0,9,235537.492065,184,1280.0950655706522
1083,0,10,245181.57143,184,1332.5085403804349
1083,0,11,252734.46031700002,186,1358.78742105914
1083,0,12,256838.349208,188,1366.161431957447
1083,0,13,252675.206347,184,1373.2348171032609
1083,0,14,243160.761909,184,1321.5258799402175
1083,0,15,231071.253973,184,1255.8220324619565
1083,0,16,237971.031746,184,1293.3208247065218
1083,0,17,248765.015876,184,1351.9837819347827
1083,0,18,250000.841272,184,1358.7002243043478
1083,0,19,250739.349206,184,1362.713854380435
1083,0,20,253572.492063,184,1378.1113699076088
1083,0,21,260626.174604,184,1416.4466011086956
1083,0,22,255541.936507,184,1388.8148723206523
1083,0,23,230235.809528,184,1251.2815735217391
1083,1,0,185519.984129,183,1013.7704050765027
1083,1,1,122938.079369,184,668.141735701087
1083,1,2,74294.238096,184,403.7730331304348
1083,1,3,40122.269843,184,218.05581436413044
1083,1,4,26437.682541000002,184,143.6830572880435
1083,1,5,29813.190478,184,162.02820911956522
1083,1,6,86883.20635,184,472.1913388586956
1083,1,7,207232.492066,184,1126.2635438369566
1083,1,8,233551.190471,184,1269.2999482119565
1083,1,9,230972.936509,184,1255.2876984184782
1083,1,10,236278.968258,182,1298.2360893296704
1083,1,11,239070.634918,181,1320.832237116022
1083,1,12,242489.428573,182,1332.3594976538461
1083,1,13,242593.920641,181,1340.2979040939226
1083,1,14,234041.936505,182,1285.9447060714285
1083,1,15,224980.888891,184,1222.7222222336957
1083,1,16,228136.30159000002,184,1239.8712042934783
1083,1,17,240636.321429,184,1307.8060947228262
1083,1,18,254155.285711,184,1381.2787266902174
1083,1,19,251596.714287,184,1367.3734472119565
1083,1,20,254445.333331,184,1382.855072451087
1083,1,21,256732.63492,184,1395.286059347826
1083,1,22,245665.269842,181,1357.2666842099447
1083,1,23,223289.06349,182,1226.8629862087912
1083,2,0,176460.174603,178,991.3492955224718
1083,2,1,120070.920632,180,667.0606701777778
1083,2,2,74229.206351,180,412.3844797277778
1083,2,3,41717.809523,180,231.76560846111113
1083,2,4,27440.126986,180,152.4451499222222
1083,2,5,28457.206348,180,158.09559082222222
1083,2,6,82595.015872,180,458.8611992888889
1083,2,7,197281.841271,180,1096.0102292833335
1083,2,8,227950.222219,180,1266.3901234388888
1083,2,9,226997.190476,180,1261.0955026444444
1083,2,10,242654.730158,184,1318.7757073804348
1083,2,11,252858.095241,182,1389.330193631868
1083,2,12,258097.968256,184,1402.7063492173913
1083,2,13,254641.920635,184,1383.9234817119564
1083,2,14,244037.587297,184,1326.2912353097825
1083,2,15,232776.285715,184,1265.0885093206523
1083,2,16,240225.492066,184,1305.5733264456521
1083,2,17,247998.873018,184,1347.8199620543478
1083,2,18,253909.111114,184,1379.9408212717392
1083,2,19,255235.650791,184,1387.1502760380433
1083,2,20,256487.761906,185,1386.420334627027
1083,2,21,258360.333329,180,1435.335185161111
1083,2,22,256516.11111199998,183,1401.727383125683
1083,2,23,241519.015876,184,1312.603347152174
1083,3,0,196735.000002,186,1057.7150537741934
1083,3,1,134872.555557,188,717.4072104095745
1083,3,2,81466.333333,184,442.75181159239133
1083,3,3,47869.95238,185,258.75649935135135
1083,3,4,31669.0,184,172.1141304347826
1083,3,5,31863.730155999998,184,173.17244649999998
1083,3,6,79359.666671,184,431.3025362554348
1083,3,7,176402.79365,184,958.7108350543479
1083,3,8,221633.98412799998,184,1204.5325224347825
1083,3,9,230792.761907,184,1254.308488625
1083,3,10,248576.952382,184,1350.9616977282608
1083,3,11,253166.46032,184,1375.904675652174
1083,3,12,251221.587299,186,1350.653695155914
1083,3,13,248973.158731,187,1331.4072659411765
1083,3,14,240573.920633,184,1307.4669599619565
1083,3,15,213361.031747,184,1159.5708247119564
1083,3,16,218552.539688,183,1194.2761731584699
1083,3,17,230332.476196,182,1265.5630560219781
1083,3,18,248059.523803,184,1348.1495858858696
1083,3,19,261135.730159,184,1419.215924777174
1083,3,20,261662.380953,184,1422.0781573532608
1083,3,21,264298.333334,184,1436.4039855108697
1083,3,22,262140.84127,184,1424.6784851630434
1083,3,23,252268.238098,184,1371.0230331413043
1083,4,0,220187.84127,180,1223.2657848333333
1083,4,1,178950.777773,184,972.5585748532609
1083,4,2,121009.603176,184,657.660886826087
1083,4,3,73552.253972,184,399.7405107173913
1083,4,4,45631.873015,184,247.99930986413042
1083,4,5,39298.174601,184,213.577035875
1083,4,6,63003.253969,185,340.55812956216215
1083,4,7,103458.682542,184,562.2754485978261
1083,4,8,153096.761904,184,832.0476190434783
1083,4,9,157111.98413,182,863.2526600549451
1083,4,10,185819.349207,184,1009.8877674293478
1083,4,11,209360.71428699998,184,1137.8299689510868
1083,4,12,229682.61904800002,184,1248.2751035217393
1083,4,13,231396.587303,184,1257.5901483858695
1083,4,14,207677.90476200002,184,1128.6842650108697
1083,4,15,189189.14285499998,184,1028.201863342391
1083,4,16,193783.38095,184,1053.1705486413043
1083,4,17,212472.396828,185,1148.4994423135136
1083,4,18,245481.317464,182,1348.7984476043955
1083,4,19,263339.04761999997,183,1439.0111891803276
1083,4,20,265638.301586,184,1443.6864216630436
1083,4,21,263674.412697,184,1433.0131124836957
1083,4,22,257996.063491,184,1402.152518972826
1083,4,23,239552.253967,184,1301.9144237336957
1083,5,0,196785.345236,182,1081.2381606373626
1083,5,1,129724.26984,184,705.0232056521738
1083,5,2,74396.52381,184,404.32893375
1083,5,3,41423.222223,184,225.12620773369562
1083,5,4,25288.793649,180,140.49329805
1083,5,5,30078.000002,180,167.10000001111112
1083,5,6,85953.507938,180,477.5194885444444
1083,5,7,198362.777775,178,1114.3976279494382
1083,5,8,225005.730158,179,1257.0152522793296
1083,5,9,232011.507939,180,1288.9528218833334
1083,5,10,241567.777777,180,1342.0432098722222
1083,5,11,255017.873016,184,1385.966701173913
1083,5,12,257819.523808,187,1378.7140310588236
1083,5,13,260016.698411,184,1413.1342304945651
1083,5,14,252479.873014,184,1372.173222902174
1083,5,15,231950.031742,184,1260.597998597826
1083,5,16,235400.047619,184,1279.3480848858694
1083,5,17,249872.650793,184,1358.0035369184784
1083,5,18,252499.698409,184,1372.2809696141305
1083,5,19,255060.174598,184,1386.196601076087
1083,5,20,256776.206354,183,1403.1486686010928
1083,5,21,250216.57143,180,1390.0920635
1083,5,22,246548.428575,180,1369.7134920833332
1083,5,23,222449.206351,180,1235.8289241722223
1083,6,0,168445.26984300002,176,957.0753968352274
1083,6,1,117054.603176,180,650.3033509777778
1083,6,2,68922.968257,180,382.90537920555556
1083,6,3,40638.349208,180,225.76860671111112
1083,6,4,26909.777777000003,180,149.49876542777778
1083,6,5,29696.809524,180,164.98227513333333
1083,6,6,81820.301584,180,454.55723102222225
1083,6,7,194699.317462,180,1081.662874788889
1083,6,8,225181.063495,180,1251.0059083055555
1083,6,9,232634.396826,180,1292.4133157
1083,6,10,239569.428573,184,1302.0077639836957
1083,6,11,247411.873018,183,1351.9774481857924
1083,6,12,248402.44444300001,185,1342.7159159081082
1083,6,13,253237.523811,185,1368.8514800594594
1083,6,14,249585.238097,189,1320.5568153280424
1083,6,15,238436.60317699998,188,1268.2798041329786
1083,6,16,249844.492064,188,1328.9600641702127
1083,6,17,263675.634918,188,1402.5299729680853
1083,6,18,264866.28571,188,1408.8632218617022
1083,6,19,267912.920636,186,1440.3920464301075
1083,6,20,269329.920633,188,1432.6059608138296
1083,6,21,269932.873014,188,1435.8131543297873
1083,6,22,263093.809523,188,1399.435157037234
1083,6,23,238333.031747,188,1267.7288922712767
1084,0,0,174416.46154299998,421,414.29088252494057
1084,0,1,113193.192309,422,268.23031352843606
1084,0,2,66291.025641,422,157.08773848578198
1084,0,3,41920.769227,420,99.81135530238095
1084,0,4,31134.974356,420,74.13089132380952
1084,0,5,45798.871804,420,109.04493286666667
1084,0,6,137401.951285,420,327.1475030595238
1084,0,7,266383.125642,418,637.2802048851674
1084,0,8,297192.841958,414,717.857106178744
1084,0,9,305925.643355,424,721.5227437617925
1084,0,10,317117.673077,421,753.2486296365796
1084,0,11,323474.000002,424,762.9103773632075
1084,0,12,330273.384616,423,780.7881433002364
1084,0,13,326715.615385,422,774.2076193957346
1084,0,14,314110.692306,424,740.8271044952829
1084,0,15,287168.46154,424,677.2841074056604
1084,0,16,296907.538462,424,700.2536284481133
1084,0,17,317094.461537,424,747.8642960778302
1084,0,18,324146.923075,424,764.4974600825471
1084,0,19,324839.923076,424,766.1318940471698
1084,0,20,325060.230771,424,766.6514876674528
1084,0,21,312905.846155,424,737.9854862146226
1084,0,22,282139.538459,424,665.4234397617925
1084,0,23,230104.499999,424,542.6992924504717
1084,1,0,174991.102563,415,421.6653073807229
1084,1,1,113929.871797,420,271.26159951666665
1084,1,2,66034.858976,420,157.2258547047619
1084,1,3,41230.576923,418,98.63774383492823
1084,1,4,30954.73077,416,74.41041050480769
1084,1,5,47641.21795,414,115.0754056763285
1084,1,6,139436.128202,420,331.9907814333333
1084,1,7,272309.659444,419,649.903721823389
1084,1,8,302662.814684,418,724.0737193397129
1084,1,9,297951.307693,411,724.942354484185
1084,1,10,304343.205127,408,745.939228252451
1084,1,11,311941.769231,411,758.9824068880778
1084,1,12,311820.628205,409,762.3976239731052
1084,1,13,313239.230768,409,765.8660898973105
1084,1,14,305979.076922,412,742.6676624320388
1084,1,15,279394.076924,417,670.009776796163
1084,1,16,291655.320511,420,694.4174297880952
1084,1,17,308602.384616,420,734.7675824190476
1084,1,18,315588.538462,420,751.401282052381
1084,1,19,316359.076924,420,753.2358974380952
1084,1,20,316372.846155,420,753.2686813214285
1084,1,21,305124.384617,420,726.4866300404761
1084,1,22,272552.397434,417,653.6028715443645
1084,1,23,227661.179488,419,543.3441037899761
1084,2,0,176552.858974,417,423.3881510167866
1084,2,1,116143.666663,420,276.53253967380954
1084,2,2,68531.320516,420,163.16981075238098
1084,2,3,41428.512816,420,98.63931622857143
1084,2,4,30373.433339,419,72.49029436515512
1084,2,5,45436.923078,420,108.18315018571428
1084,2,6,135676.15384400001,420,323.03846153333336
1084,2,7,266043.320515,419,634.9482589856802
1084,2,8,303426.076923,420,722.4430402928571
1084,2,9,303027.775058,416,728.4321515817307
1084,2,10,316845.833332,420,754.3948412666667
1084,2,11,319996.102563,420,761.8954822928571
1084,2,12,322408.628207,419,769.4716663651551
1084,2,13,321896.031701,419,768.2482856825776
1084,2,14,312874.718803,419,746.717705973747
1084,2,15,289195.607693,420,688.560970697619
1084,2,16,298293.52331,420,710.2226745476191
1084,2,17,313316.637529,420,745.9919941166667
1084,2,18,319802.636364,420,761.4348484857143
1084,2,19,319943.461539,420,761.7701465214285
1084,2,20,316672.589741,419,755.7818370906921
1084,2,21,310827.948718,419,741.8328131694511
1084,2,22,284286.910256,420,676.8735958476191
1084,2,23,236396.679487,416,568.2612487668268
1084,3,0,185939.179489,413,450.2159309661017
1084,3,1,125656.961539,416,302.0600036995192
1084,3,2,72735.641026,416,174.8452909278846
1084,3,3,42936.307692,418,102.71843945454546
1084,3,4,31366.015144,421,74.5035989168646
1084,3,5,44309.836831,424,104.50433214858491
1084,3,6,121650.525639,424,286.91161707311323
1084,3,7,236480.23077,424,557.7363933254717
1084,3,8,289914.448716,424,683.7604922547171
1084,3,9,303971.454544,420,723.7415584380952
1084,3,10,323240.782051,421,767.7928314750593
1084,3,11,332530.153847,423,786.1232951465721
1084,3,12,330915.984616,424,780.4622278679244
1084,3,13,330437.038461,424,779.332637879717
1084,3,14,308425.717948,428,720.6208363271028
1084,3,15,258816.705127,428,604.7119278668224
1084,3,16,267106.752139,428,624.0811965864485
1084,3,17,293810.615386,428,686.4734004345795
1084,3,18,312515.769232,428,730.1770309158878
1084,3,19,319642.076923,428,746.8272825303739
1084,3,20,324824.461539,428,758.9356578014018
1084,3,21,313247.230769,428,731.8860531985981
1084,3,22,289896.923078,428,677.3292595280375
1084,3,23,263048.897436,428,614.6002276542056
1084,4,0,228204.29487399998,423,539.4900588037825
1084,4,1,173854.74359,427,407.1539662529274
1084,4,2,113877.846154,426,267.318887685446
1084,4,3,68926.987182,426,161.80043939436618
1084,4,4,42673.615389,424,100.64531931367924
1084,4,5,41931.435898,424,98.89489598584906
1084,4,6,74306.076918,424,175.25018141037737
1084,4,7,140200.192309,422,332.2279438601896
1084,4,8,178615.076923,420,425.2739926738095
1084,4,9,178619.615387,421,424.274620871734
1084,4,10,218540.999999,427,511.80562060655734
1084,4,11,262457.076922,428,613.2174694439252
1084,4,12,283594.756409,428,662.6045710490655
1084,4,13,271834.628206,428,635.1276359953272
1084,4,14,234752.48718,428,548.4871195794392
1084,4,15,204421.784615,428,477.62099209112154
1084,4,16,216351.042732,428,505.4930904953271
1084,4,17,251429.153846,432,582.0119301990741
1084,4,18,281506.076926,428,657.7244787990654
1084,4,19,306000.692309,432,708.3349359004629
1084,4,20,308423.846152,430,717.2647584930232
1084,4,21,291122.538463,432,673.8947649606481
1084,4,22,269839.192309,432,624.6277599745371
1084,4,23,235387.641025,431,546.1430186194896
1084,5,0,193930.307693,428,453.1081955443926
1084,5,1,126346.602565,431,293.1475697563805
1084,5,2,70138.256412,428,163.87443086915889
1084,5,3,41241.692308,428,96.35909417757009
1084,5,4,31337.358973,428,73.21812844158877
1084,5,5,50924.410251,427,119.26091393676815
1084,5,6,145843.79371,428,340.7565273598131
1084,5,7,275428.846155,428,643.5253414836448
1084,5,8,304438.602565,427,712.9709661943795
1084,5,9,310636.000001,432,719.0648148171297
1084,5,10,319068.153847,430,742.0189624348836
1084,5,11,326424.538462,431,757.3655184733179
1084,5,12,329247.46154,430,765.6917710232558
1084,5,13,328372.999999,431,761.8863109025522
1084,5,14,312984.0359,432,724.5000831018519
1084,5,15,283584.581195,432,656.4457898032407
1084,5,16,295200.440174,432,683.3343522546296
1084,5,17,317892.230766,432,735.8616452916666
1084,5,18,322507.384614,424,760.6306240896226
1084,5,19,329464.538463,428,769.7769590257009
1084,5,20,324584.23077,427,760.1504233489462
1084,5,21,306470.307691,423,724.5160938321513
1084,5,22,274403.52564,420,653.3417277142858
1084,5,23,223244.756409,420,531.5351343071428
1084,6,0,166175.37179,406,409.2989452955665
1084,6,1,109555.782052,416,263.35524531730766
1084,6,2,64356.846151,416,154.70395709375
1084,6,3,39593.371792,416,95.1763745
1084,6,4,29812.875292,416,71.66556560576923
1084,6,5,43028.801868,416,103.43461987500001
1084,6,6,132728.609326,416,319.05915703365383
1084,6,7,260867.011187,416,627.0841615072115
1084,6,8,294775.643356,416,708.5952965288462
1084,6,9,299781.153849,418,717.1797938971292
1084,6,10,314492.907694,418,752.3753772583732
1084,6,11,322360.769232,421,765.7025397434679
1084,6,12,329235.423079,428,769.2416427079438
1084,6,13,321850.471794,421,764.4904318147269
1084,6,14,309056.43076899997,423,730.6298599739952
1084,6,15,282198.769231,424,665.5631349787735
1084,6,16,294704.675215,424,695.0581962617924
1084,6,17,314230.307691,424,741.1092162523585
1084,6,18,317596.384613,417,761.6220254508393
1084,6,19,323449.692308,423,764.656482997636
1084,6,20,324983.076921,428,759.3062544883178
1084,6,21,307674.213676,425,723.9393262964707
1084,6,22,275620.179487,424,650.0475931297169
1084,6,23,227849.628207,428,532.3589444088785
1085,0,0,103499.599999,253,409.0893280592885
1085,0,1,65433.399999,256,255.59921874609375
1085,0,2,36771.600002,256,143.6390625078125
1085,0,3,20861.363635,256,81.48970169921876
1085,0,4,13828.6,256,54.01796875
1085,0,5,23183.454547,256,90.56036932421875
1085,0,6,70357.327273,256,274.83330966015626
1085,0,7,131688.54545499998,256,514.4083806835937
1085,0,8,150180.363634,256,586.6420454453125
1085,0,9,155177.818182,256,606.1633522734375
1085,0,10,160464.272726,256,626.8135653359375
1085,0,11,161566.363636,256,631.118607953125
1085,0,12,161372.181818,256,630.3600852265625
1085,0,13,155287.636366,256,606.5923295546875
1085,0,14,154545.454548,256,603.693181828125
1085,0,15,148463.727272,256,579.93643465625
1085,0,16,153932.09091,256,601.2972301171875
1085,0,17,158685.272728,256,619.86434659375
1085,0,18,157577.000001,256,615.5351562539063
1085,0,19,157230.454547,256,614.1814630742188
1085,0,20,156857.272727,256,612.7237215898438
1085,0,21,157700.999999,256,616.0195312460937
1085,0,22,151327.272728,256,591.12215909375
1085,0,23,136226.981818,260,523.9499300692307
1085,1,0,104645.327272,254,411.9894774488189
1085,1,1,66543.272728,256,259.93465909375
1085,1,2,36496.545455,256,142.56463068359375
1085,1,3,19794.909091,256,77.32386363671876
1085,1,4,13479.454547,256,52.65411932421875
1085,1,5,23639.490907,256,92.34176135546875
1085,1,6,68998.99999899999,256,269.5273437460937
1085,1,7,130694.363636,256,510.524857953125
1085,1,8,145346.636364,255,569.9868092705883
1085,1,9,149750.090909,253,591.8975925256917
1085,1,10,154596.818181,252,613.4794372261905
1085,1,11,158425.818181,252,628.673881670635
1085,1,12,157019.0,252,623.0912698412699
1085,1,13,152362.727273,253,602.2242184703557
1085,1,14,152094.727272,254,598.7981388661417
1085,1,15,146719.090909,256,573.1214488632812
1085,1,16,151608.63636499998,255,594.5436720196078
1085,1,17,155951.636363,256,609.1860795429687
1085,1,18,156646.636364,256,611.900923296875
1085,1,19,158033.545455,256,617.3185369335938
1085,1,20,157270.09091,256,614.3362926171875
1085,1,21,157826.0,256,616.5078125
1085,1,22,149314.0,253,590.1739130434783
1085,1,23,133248.818181,254,524.6016463818899
1085,2,0,105331.454548,252,417.9819624920635
1085,2,1,67405.99999699999,252,267.4841269722222
1085,2,2,38098.727271,252,151.18542567857145
1085,2,3,21505.272725,252,85.33838382936507
1085,2,4,14461.345451,252,57.38629147222222
1085,2,5,23233.181817,252,92.19516594047619
1085,2,6,67941.909089,252,269.6107503531746
1085,2,7,128244.181818,252,508.90548340476187
1085,2,8,145952.363637,252,579.1760461785715
1085,2,9,153885.181818,252,610.655483404762
1085,2,10,158955.909091,252,630.7774170277778
1085,2,11,159090.727273,252,631.3124098134921
1085,2,12,158740.727273,252,629.9235209246032
1085,2,13,154081.181817,252,611.4332611785715
1085,2,14,153090.181818,252,607.5007215
1085,2,15,147895.545453,252,586.8870851309524
1085,2,16,153310.181817,252,608.3737373690476
1085,2,17,157070.727273,252,623.2965367976191
1085,2,18,154937.363637,252,614.8308080833333
1085,2,19,155483.363636,252,616.9974747460317
1085,2,20,155048.090909,253,612.8383039881422
1085,2,21,156279.81818,252,620.1580086507937
1085,2,22,151115.818182,252,599.6659451666666
1085,2,23,136696.272729,248,551.1946481008064
1085,3,0,110790.363637,246,450.36733185772357
1085,3,1,73388.181818,248,295.92008797580644
1085,3,2,41016.363636,248,165.3885630483871
1085,3,3,22212.727275,250,88.85090910000001
1085,3,4,15513.636367,254,61.07730853149606
1085,3,5,24061.545455,256,93.99041193359375
1085,3,6,62460.454545,256,243.98615056640625
1085,3,7,115921.763639,256,452.81938921484374
1085,3,8,146842.90908800001,256,573.6051136250001
1085,3,9,156336.200001,256,610.6882812539062
1085,3,10,163773.709088,256,639.741051125
1085,3,11,161536.545454,255,633.4766488392157
1085,3,12,161767.363637,256,631.9037642070313
1085,3,13,159960.090909,256,624.8441051132812
1085,3,14,154820.454547,256,604.7674005742188
1085,3,15,142396.363637,256,556.2357954570313
1085,3,16,147620.090909,256,576.6409801132812
1085,3,17,156388.090909,256,610.8909801132812
1085,3,18,160309.181818,256,626.2077414765625
1085,3,19,161385.454544,256,630.4119318125
1085,3,20,162012.454545,256,632.8611505664062
1085,3,21,160904.454546,256,628.5330255703125
1085,3,22,156787.999999,256,612.4531249960937
1085,3,23,148601.236363,256,580.4735795429688
1085,4,0,131221.727272,252,520.721139968254
1085,4,1,102305.909091,256,399.6324573867187
1085,4,2,64866.363636,256,253.384232953125
1085,4,3,36691.181821,256,143.32492898828124
1085,4,4,22094.727272,256,86.30752840625
1085,4,5,21490.727272,256,83.94815340625
1085,4,6,44249.636364,257,172.17757340077821
1085,4,7,77585.0,256,303.06640625
1085,4,8,102347.909091,256,399.7965198867187
1085,4,9,110348.00000100001,256,431.0468750039063
1085,4,10,130481.818182,256,509.6946022734375
1085,4,11,150523.636363,256,587.9829545429687
1085,4,12,157436.090911,256,614.9847301210938
1085,4,13,151357.181818,256,591.2389914765625
1085,4,14,137262.909093,256,536.1832386445312
1085,4,15,126713.363636,256,494.974076703125
1085,4,16,132267.818183,256,516.6711647773437
1085,4,17,146251.09091,260,562.5041958076923
1085,4,18,158690.818181,256,619.8860085195313
1085,4,19,169101.454546,260,650.3902097923077
1085,4,20,169207.636363,260,650.7986013961538
1085,4,21,162162.363636,260,623.7013986
1085,4,22,153879.90909,260,591.8458041923077
1085,4,23,142151.454549,260,546.7363636499999
1085,5,0,115258.000003,258,446.736434120155
1085,5,1,74684.218183,260,287.2469930115385
1085,5,2,39919.872726,260,153.53797202307692
1085,5,3,20892.363634,260,80.35524474615386
1085,5,4,13854.436363,258,53.69936574806202
1085,5,5,25564.08485,260,98.32340326923077
1085,5,6,73761.769699,260,283.6991142269231
1085,5,7,134675.606059,260,517.9831002269232
1085,5,8,152284.181819,260,585.7083916115384
1085,5,9,158322.818182,260,608.9339160846154
1085,5,10,164043.272728,260,630.9356643384616
1085,5,11,164123.727272,260,631.2451048923076
1085,5,12,161132.545454,260,619.7405594384616
1085,5,13,156249.545455,260,600.9597902115385
1085,5,14,155498.454544,260,598.0709790153846
1085,5,15,148651.818184,260,571.7377622461538
1085,5,16,153901.363636,260,591.928321676923
1085,5,17,158714.272725,256,619.9776278320312
1085,5,18,156853.90909,256,612.7105823828125
1085,5,19,156810.181817,256,612.5397727226563
1085,5,20,155620.818183,255,610.2777183647058
1085,5,21,154740.0,252,614.047619047619
1085,5,22,147925.727273,252,587.0068542579365
1085,5,23,128330.072727,252,509.24632034523813
1085,6,0,97778.145458,247,395.86293707692306
1085,6,1,63527.454546,252,252.0930735952381
1085,6,2,35489.272727,252,140.8304473293651
1085,6,3,19163.636366,252,76.04617605555555
1085,6,4,13470.272729,252,53.45346321031746
1085,6,5,22494.054549,252,89.26212122619047
1085,6,6,67577.563635,252,268.1649350595238
1085,6,7,127843.854548,252,507.3168831269841
1085,6,8,148161.363635,252,587.9419191865079
1085,6,9,152464.636362,252,605.0183982619047
1085,6,10,159323.090908,252,632.2344877301588
1085,6,11,161943.181816,255,635.0713012392157
1085,6,12,161329.545454,256,630.1935369296875
1085,6,13,156849.727273,255,615.0969696980392
1085,6,14,154678.272728,257,601.8609833774319
1085,6,15,148263.090907,256,579.1526988554688
1085,6,16,154404.090906,256,603.1409801015625
1085,6,17,158565.272729,256,619.3955965976562
1085,6,18,156214.272729,256,610.2120028476562
1085,6,19,155876.818181,253,616.113905853755
1085,6,20,155362.636366,256,606.8852983046875
1085,6,21,156794.4,256,612.478125
1085,6,22,150194.727274,256,586.6981534140625
1085,6,23,132060.618181,256,515.8617897695312
1086,0,0,139692.333334,437,319.6620900091533
1086,0,1,83168.888889,442,188.16490698868776
1086,0,2,44143.0,442,99.8710407239819
1086,0,3,21796.444445,440,49.53737373863637
1086,0,4,15313.0,440,34.80227272727273
1086,0,5,25606.333334,443,57.80210684875846
1086,0,6,104557.111111,437,239.26112382379864
1086,0,7,249299.305556,437,570.4789600823799
1086,0,8,282961.222221,425,665.7911111082353
1086,0,9,281696.0,418,673.9138755980862
1086,0,10,282959.0,403,702.1315136476427
1086,0,11,279368.0,394,709.0558375634517
1086,0,12,283277.0,393,720.8066157760815
1086,0,13,280340.0,390,718.8205128205128
1086,0,14,271182.0,398,681.3618090452261
1086,0,15,242919.0,399,608.8195488721805
1086,0,16,265389.5,415,639.4927710843374
1086,0,17,294808.0,425,693.6658823529411
1086,0,18,296851.0,426,696.8333333333334
1086,0,19,295741.0,427,692.6018735362998
1086,0,20,295992.0,434,682.0092165898618
1086,0,21,285290.0,440,648.3863636363636
1086,0,22,254438.0,440,578.2681818181818
1086,0,23,201617.0,440,458.2204545454546
1086,1,0,141853.0,434,326.85023041474653
1086,1,1,82241.0,434,189.49539170506912
1086,1,2,43818.0,433,101.19630484988453
1086,1,3,22143.0,437,50.670480549199084
1086,1,4,15215.222222,439,34.658820551252845
1086,1,5,26412.222222,440,60.027777777272725
1086,1,6,103122.999999,440,234.37045454318184
1086,1,7,248022.694445,440,563.6879419204546
1086,1,8,287250.0,438,655.8219178082192
1086,1,9,282293.873015,426,662.6616737441315
1086,1,10,282594.0,411,687.5766423357665
1086,1,11,283277.0,405,699.4493827160494
1086,1,12,280273.0,398,704.2035175879397
1086,1,13,277676.444444,391,710.1699346393863
1086,1,14,265552.0,388,684.4123711340206
1086,1,15,235044.0,392,599.6020408163265
1086,1,16,252543.0,400,631.3575
1086,1,17,285809.0,413,692.0314769975787
1086,1,18,295870.0,422,701.1137440758293
1086,1,19,295507.0,422,700.2535545023696
1086,1,20,294482.0,429,686.4382284382284
1086,1,21,277632.0,426,651.7183098591549
1086,1,22,244550.0,422,579.5023696682465
1086,1,23,196499.0,430,456.97441860465113
1086,2,0,144684.0,434,333.37327188940094
1086,2,1,86457.333333,440,196.49393939318182
1086,2,2,46383.333334,437,106.14035087871854
1086,2,3,23757.333333,435,54.61455938620689
1086,2,4,16368.111111,433,37.8016422886836
1086,2,5,26138.444444,434,60.226830516129034
1086,2,6,101126.88889,435,232.47560664367816
1086,2,7,243197.11111,436,557.7915392431192
1086,2,8,285948.777778,437,654.3450292402746
1086,2,9,286548.126985,431,664.8448421925754
1086,2,10,292199.888889,420,695.7140211642857
1086,2,11,290252.888889,410,707.9338753390243
1086,2,12,283886.0,399,711.4937343358396
1086,2,13,270917.0,383,707.355091383812
1086,2,14,259673.0,380,683.35
1086,2,15,230259.555556,379,607.5450014670184
1086,2,16,253620.0,399,635.6390977443609
1086,2,17,284361.0,415,685.2072289156627
1086,2,18,296113.555556,428,691.8541017663551
1086,2,19,297377.222222,430,691.5749354000001
1086,2,20,286664.555555,425,674.5048366000001
1086,2,21,275441.777778,423,651.1625952198581
1086,2,22,252968.0,430,588.2976744186046
1086,2,23,205035.0,428,479.053738317757
1086,3,0,151384.111111,429,352.8767158764569
1086,3,1,92709.0,430,215.60232558139535
1086,3,2,48865.0,428,114.17056074766356
1086,3,3,25325.0,436,58.0848623853211
1086,3,4,16608.0,432,38.44444444444444
1086,3,5,26030.527778,436,59.70304536238532
1086,3,6,88554.99999899999,433,204.5150115450346
1086,3,7,204036.666667,436,467.97400611697253
1086,3,8,256094.666667,427,599.7533177213115
1086,3,9,263598.333333,405,650.8600823037037
1086,3,10,273279.0,393,695.3664122137404
1086,3,11,273233.0,385,709.6961038961039
1086,3,12,270282.0,386,700.2124352331606
1086,3,13,274747.0,387,709.9405684754522
1086,3,14,243003.777778,371,654.9967056010781
1086,3,15,195352.777778,363,538.1619222534435
1086,3,16,217487.0,393,553.4020356234097
1086,3,17,253323.888889,415,610.4190093710844
1086,3,18,275864.0,421,655.2589073634205
1086,3,19,294140.650793,433,679.3086623394919
1086,3,20,297415.821429,434,685.2899111267282
1086,3,21,282839.714286,433,653.2095018152424
1086,3,22,259925.428571,439,592.0852587038725
1086,3,23,229994.0,444,518.0045045045046
1086,4,0,186970.0,439,425.8997722095672
1086,4,1,131630.0,440,299.15909090909093
1086,4,2,80642.0,446,180.81165919282512
1086,4,3,42681.0,443,96.34537246049662
1086,4,4,25250.0,439,57.51708428246014
1086,4,5,24315.0,436,55.768348623853214
1086,4,6,47541.0,432,110.04861111111111
1086,4,7,100792.777778,434,232.24142345161292
1086,4,8,131337.0,426,308.30281690140845
1086,4,9,140028.0,418,334.9952153110048
1086,4,10,179818.0,414,434.34299516908214
1086,4,11,216584.0,410,528.2536585365854
1086,4,12,232512.0,408,569.8823529411765
1086,4,13,223123.571429,399,559.2069459373433
1086,4,14,192171.111111,401,479.2297035187033
1086,4,15,161505.0,401,402.7556109725686
1086,4,16,173458.0,420,412.9952380952381
1086,4,17,204946.0,426,481.09389671361504
1086,4,18,242190.142857,429,564.5457875454546
1086,4,19,271161.0,434,624.794930875576
1086,4,20,279622.0,436,641.3348623853211
1086,4,21,264113.0,440,600.2568181818182
1086,4,22,239747.0,440,544.8795454545455
1086,4,23,208771.0,441,473.40362811791385
1086,5,0,162559.0,441,368.6145124716553
1086,5,1,97064.888889,448,216.6626984129464
1086,5,2,48649.888889,445,109.32559300898876
1086,5,3,23323.222222,448,52.060763888392856
1086,5,4,16861.0,448,37.636160714285715
1086,5,5,29234.444445,448,65.25545635044644
1086,5,6,111066.222222,448,247.91567460267856
1086,5,7,255348.444444,445,573.8167290876404
1086,5,8,289757.0,437,663.0594965675057
1086,5,9,290470.444444,432,672.3852880648149
1086,5,10,287982.0,411,700.6861313868613
1086,5,11,291556.0,413,705.9467312348668
1086,5,12,280805.0,397,707.3173803526448
1086,5,13,285225.0,402,709.5149253731344
1086,5,14,278119.0,408,681.6642156862745
1086,5,15,251529.0,416,604.6370192307693
1086,5,16,269384.0,423,636.8416075650118
1086,5,17,299944.0,432,694.3148148148148
1086,5,18,296952.0,425,698.7105882352942
1086,5,19,297038.0,427,695.639344262295
1086,5,20,292703.0,430,680.7046511627907
1086,5,21,277948.0,432,643.3981481481482
1086,5,22,241441.0,428,564.1144859813085
1086,5,23,189843.0,430,441.4953488372093
1086,6,0,130687.0,413,316.4334140435835
1086,6,1,79671.0,430,185.2813953488372
1086,6,2,43034.0,434,99.15668202764977
1086,6,3,21583.0,436,49.50229357798165
1086,6,4,15299.0,433,35.33256351039261
1086,6,5,25074.777779,436,57.51095820871559
1086,6,6,100035.111111,435,229.96577266896554
1086,6,7,239559.555556,435,550.7116219678161
1086,6,8,276587.222222,428,646.2318276214953
1086,6,9,270547.0,410,659.8707317073171
1086,6,10,272817.0,394,692.4289340101523
1086,6,11,284093.0,401,708.4613466334165
1086,6,12,297316.0,423,702.8747044917258
1086,6,13,298466.0,422,707.2654028436019
1086,6,14,279097.0,415,672.5228915662651
1086,6,15,244673.0,413,592.4285714285714
1086,6,16,264709.333333,423,625.7903861300236
1086,6,17,300857.0,435,691.6252873563218
1086,6,18,303280.0,430,705.3023255813954
1086,6,19,303430.0,433,700.7621247113163
1086,6,20,299841.0,434,690.8778801843318
1086,6,21,285766.0,440,649.4681818181818
1086,6,22,250741.0,440,569.8659090909091
1086,6,23,196660.0,441,445.94104308390024
1088,0,0,120746.0,233,518.2231759656653
1088,0,1,77719.0,235,330.7191489361702
1088,0,2,43414.0,236,183.95762711864407
1088,0,3,24630.0,236,104.36440677966101
1088,0,4,18882.0,236,80.00847457627118
1088,0,5,33506.0,236,141.97457627118644
1088,0,6,98274.0,236,416.41525423728814
1088,0,7,181177.0,236,767.6991525423729
1088,0,8,192635.0,236,816.25
1088,0,9,191927.0,235,816.7106382978724
1088,0,10,197361.0,235,839.8340425531915
1088,0,11,192364.0,232,829.1551724137931
1088,0,12,189990.0,227,836.9603524229075
1088,0,13,191755.0,230,833.7173913043479
1088,0,14,188868.0,235,803.6936170212766
1088,0,15,184285.0,235,784.1914893617021
1088,0,16,191126.0,236,809.8559322033898
1088,0,17,194789.0,231,843.2424242424242
1088,0,18,184863.285714,218,847.9967234587156
1088,0,19,185382.714286,222,835.0572715585586
1088,0,20,181758.571428,222,818.7323037297297
1088,0,21,183492.0,232,790.9137931034483
1088,0,22,176422.0,236,747.5508474576271
1088,0,23,157889.0,240,657.8708333333333
1088,1,0,122262.0,234,522.4871794871794
1088,1,1,79855.0,236,338.3686440677966
1088,1,2,43573.0,236,184.63135593220338
1088,1,3,23930.0,236,101.39830508474576
1088,1,4,19073.0,236,80.8177966101695
1088,1,5,34881.142856,236,147.80145277966102
1088,1,6,97917.428571,236,414.9043583516949
1088,1,7,179575.428572,236,760.9128329322034
1088,1,8,190833.142857,236,808.6150121059322
1088,1,9,188455.285714,233,808.8209687296137
1088,1,10,190879.285715,231,826.3172541774892
1088,1,11,191226.285714,229,835.0492825938865
1088,1,12,190183.857143,229,830.4971927641922
1088,1,13,186815.428571,227,822.9754562599119
1088,1,14,180842.285714,227,796.6620516035242
1088,1,15,180163.714286,231,779.9294990735931
1088,1,16,186635.857142,231,807.9474335151515
1088,1,17,192726.142857,231,834.3123067402597
1088,1,18,191361.314286,228,839.3040100263158
1088,1,19,193348.142857,230,840.6440993782609
1088,1,20,191738.142857,234,819.3937728931623
1088,1,21,182271.571428,230,792.4850931652173
1088,1,22,172382.857143,229,752.7635683100436
1088,1,23,155969.857143,234,666.5378510384616
1088,2,0,124335.571428,232,535.9291871896552
1088,2,1,82222.571429,232,354.4076354698276
1088,2,2,46921.714286,232,202.24876847413793
1088,2,3,26280.142857,232,113.27647783189654
1088,2,4,19899.714286,232,85.77463054310344
1088,2,5,34365.571428,232,148.12746305172416
1088,2,6,96892.00000100001,232,417.6379310387931
1088,2,7,176897.142856,232,762.4876847241379
1088,2,8,189627.428571,232,817.3596059094828
1088,2,9,190072.428572,232,819.277709362069
1088,2,10,192404.142857,229,840.1927635676856
1088,2,11,192746.514286,227,849.1035871629956
1088,2,12,187485.714286,221,848.3516483529412
1088,2,13,184819.0,221,836.2850678733032
1088,2,14,186747.0,231,808.4285714285714
1088,2,15,183824.571429,231,795.7773654935065
1088,2,16,188351.57143,227,829.7426054185022
1088,2,17,190788.285714,223,855.552850735426
1088,2,18,183574.142858,217,845.9637919723502
1088,2,19,190783.428572,227,840.4556324757709
1088,2,20,184700.571429,226,817.2591656150443
1088,2,21,181136.0,228,794.4561403508771
1088,2,22,177393.571429,232,764.6274630560345
1088,2,23,160304.0,232,690.9655172413793
1088,3,0,132137.0,234,564.6880341880342
1088,3,1,89126.0,236,377.6525423728813
1088,3,2,48704.0,236,206.3728813559322
1088,3,3,26381.0,237,111.31223628691983
1088,3,4,19991.0,236,84.70762711864407
1088,3,5,33274.428571,236,140.99334140254237
1088,3,6,90165.571428,236,382.05750605084745
1088,3,7,157803.714286,236,668.6598062966102
1088,3,8,187670.428572,236,795.2136803898305
1088,3,9,194698.571428,236,824.9939467288135
1088,3,10,199009.0,231,861.5108225108225
1088,3,11,193668.0,223,868.4663677130045
1088,3,12,195791.0,230,851.2652173913043
1088,3,13,191250.0,227,842.5110132158591
1088,3,14,185534.0,229,810.1921397379913
1088,3,15,175376.0,234,749.4700854700855
1088,3,16,182086.0,232,784.8534482758621
1088,3,17,189558.0,228,831.3947368421053
1088,3,18,189214.0,223,848.493273542601
1088,3,19,190561.0,223,854.5336322869955
1088,3,20,191741.0,228,840.969298245614
1088,3,21,189027.0,232,814.7715517241379
1088,3,22,187662.0,234,801.974358974359
1088,3,23,183393.0,236,777.0889830508474
1088,4,0,167464.0,233,718.7296137339056
1088,4,1,133040.0,236,563.728813559322
1088,4,2,83478.0,236,353.72033898305085
1088,4,3,44940.0,236,190.42372881355934
1088,4,4,26631.0,236,112.84322033898304
1088,4,5,28002.0,236,118.65254237288136
1088,4,6,58333.0,237,246.13080168776372
1088,4,7,93911.0,236,397.9279661016949
1088,4,8,119653.0,236,507.0042372881356
1088,4,9,136072.0,235,579.0297872340426
1088,4,10,167774.0,236,710.9067796610169
1088,4,11,187753.0,234,802.3632478632478
1088,4,12,188281.0,228,825.7938596491229
1088,4,13,180805.0,232,779.3318965517242
1088,4,14,165642.0,232,713.9741379310345
1088,4,15,157155.0,229,686.2663755458515
1088,4,16,171821.0,230,747.0478260869565
1088,4,17,191777.0,233,823.0772532188842
1088,4,18,203317.0,232,876.3663793103449
1088,4,19,205242.0,230,892.3565217391305
1088,4,20,201796.0,232,869.8103448275862
1088,4,21,195904.0,232,844.4137931034483
1088,4,22,194360.0,232,837.7586206896551
1088,4,23,182803.0,232,787.9439655172414
1088,5,0,150355.0,230,653.7173913043479
1088,5,1,95060.0,232,409.7413793103448
1088,5,2,48950.0,232,210.99137931034483
1088,5,3,24944.0,232,107.51724137931035
1088,5,4,19363.857142,232,83.46490147413793
1088,5,5,37266.714286,232,160.6323891637931
1088,5,6,102951.0,232,443.75431034482756
1088,5,7,181499.0,232,782.323275862069
1088,5,8,192129.0,232,828.1422413793103
1088,5,9,191276.0,230,831.6347826086957
1088,5,10,194646.0,230,846.2869565217392
1088,5,11,192791.0,228,845.5745614035088
1088,5,12,184264.0,221,833.7737556561086
1088,5,13,184076.190475,223,825.4537689461883
1088,5,14,174313.285714,222,785.1949806936937
1088,5,15,179106.0,230,778.7217391304348
1088,5,16,185398.0,228,813.1491228070175
1088,5,17,190545.0,225,846.8666666666667
1088,5,18,182679.0,215,849.6697674418605
1088,5,19,189534.714286,225,842.3765079377778
1088,5,20,184995.0,227,814.9559471365639
1088,5,21,183427.0,232,790.6336206896551
1088,5,22,171387.0,231,741.9350649350649
1088,5,23,149378.0,232,643.8706896551724
1088,6,0,114750.0,227,505.50660792951544
1088,6,1,76253.0,232,328.67672413793105
1088,6,2,42082.0,232,181.38793103448276
1088,6,3,22704.0,232,97.86206896551724
1088,6,4,18282.0,232,78.80172413793103
1088,6,5,33371.0,232,143.8405172413793
1088,6,6,96739.571429,232,416.98091133189655
1088,6,7,177688.142857,232,765.8971674870689
1088,6,8,189070.857144,228,829.2581453684211
1088,6,9,188301.857142,227,829.5235997444934
1088,6,10,196414.0,231,850.2770562770563
1088,6,11,194925.0,229,851.2008733624455
1088,6,12,193946.0,230,843.2434782608696
1088,6,13,189499.666667,226,838.4941002964603
1088,6,14,183309.0,229,800.4759825327511
1088,6,15,178564.0,230,776.3652173913043
1088,6,16,185541.0,228,813.7763157894736
1088,6,17,186803.714286,220,849.1077922090909
1088,6,18,189982.0,224,848.1339285714286
1088,6,19,191717.571428,228,840.8665413508771
1088,6,20,184506.0,226,816.3982300884956
1088,6,21,178813.0,225,794.7244444444444
1088,6,22,173346.0,232,747.1810344827586
1088,6,23,151841.0,232,654.4870689655172
1090,0,0,129553.0,436,297.13990825688074
1090,0,1,75530.0,442,170.88235294117646
1090,0,2,38355.444444,442,86.77702362895928
1090,0,3,19218.333333,440,43.678030302272724
1090,0,4,11722.000001,440,26.64090909318182
1090,0,5,13956.166669,440,31.718560611363635
1090,0,6,51857.666669,440,117.85833333863636
1090,0,7,187678.222222,440,426.5414141409091
1090,0,8,236306.444445,436,541.9872579013761
1090,0,9,255216.111111,436,585.3580530068807
1090,0,10,286436.0,437,655.4599542334096
1090,0,11,303187.0,440,689.0613636363636
1090,0,12,310828.0,440,706.4272727272727
1090,0,13,308827.0,440,701.8795454545455
1090,0,14,288820.0,440,656.4090909090909
1090,0,15,257457.0,440,585.1295454545455
1090,0,16,273287.0,440,621.1068181818182
1090,0,17,298413.0,440,678.2113636363637
1090,0,18,293073.0,440,666.075
1090,0,19,286854.0,440,651.9409090909091
1090,0,20,275761.0,440,626.7295454545455
1090,0,21,268156.0,440,609.4454545454546
1090,0,22,248253.0,440,564.2113636363637
1090,0,23,194882.0,440,442.9136363636364
1090,1,0,129875.0,434,299.2511520737327
1090,1,1,74944.0,436,171.88990825688074
1090,1,2,37967.0,436,87.0802752293578
1090,1,3,18905.0,436,43.36009174311926
1090,1,4,11356.88889,436,26.04791029816514
1090,1,5,14385.777780999999,436,32.99490316743119
1090,1,6,51435.444445,436,117.97120285550459
1090,1,7,185237.111111,436,424.8557594288991
1090,1,8,233247.555556,431,541.177623099768
1090,1,9,247381.333333,426,580.7073552417841
1090,1,10,277661.0,424,654.8608490566038
1090,1,11,285727.0,419,681.926014319809
1090,1,12,297541.0,424,701.747641509434
1090,1,13,297674.0,426,698.7652582159625
1090,1,14,280726.0,432,649.8287037037037
1090,1,15,247973.0,433,572.6859122401847
1090,1,16,267110.0,436,612.6376146788991
1090,1,17,290148.0,436,665.4770642201835
1090,1,18,292237.0,440,664.175
1090,1,19,288932.0,440,656.6636363636363
1090,1,20,280233.0,440,636.8931818181818
1090,1,21,266878.0,440,606.540909090909
1090,1,22,245185.0,437,561.0640732265447
1090,1,23,197063.0,437,450.94508009153316
1090,2,0,134887.0,441,305.8662131519274
1090,2,1,78980.0,444,177.88288288288288
1090,2,2,40981.0,444,92.29954954954955
1090,2,3,21221.0,444,47.79504504504504
1090,2,4,12535.111111,444,28.232232231981982
1090,2,5,14278.444443,444,32.158658655405404
1090,2,6,51285.694445,444,115.50832082207208
1090,2,7,185680.194444,443,419.1426511151241
1090,2,8,234987.333333,444,529.25075075
1090,2,9,250796.222222,439,571.289800050114
1090,2,10,284532.0,436,652.5963302752293
1090,2,11,298992.0,439,681.0751708428246
1090,2,12,305785.0,439,696.5489749430524
1090,2,13,308988.0,439,703.8451025056947
1090,2,14,288642.0,439,657.498861047836
1090,2,15,260000.0,440,590.9090909090909
1090,2,16,278078.888889,443,627.7175821422122
1090,2,17,295905.666667,440,672.5128787886363
1090,2,18,291158.222222,444,655.7617617612613
1090,2,19,277520.888889,444,625.0470470472973
1090,2,20,256679.111111,443,579.4110860293454
1090,2,21,251512.111111,442,569.0319255904977
1090,2,22,251068.0,440,570.6090909090909
1090,2,23,209500.444444,438,478.31151699543375
1090,3,0,143457.222222,434,330.54659498156684
1090,3,1,84546.99999899999,436,193.9151376123853
1090,3,2,43178.666667,436,99.03363914449541
1090,3,3,22027.111112,438,50.290208018264835
1090,3,4,13004.222224,442,29.421317248868778
1090,3,5,14529.888891,444,32.72497497972973
1090,3,6,48160.777777,444,108.47022021846847
1090,3,7,148536.79365099999,442,336.0560942330316
1090,3,8,208427.0,444,469.4301801801802
1090,3,9,249100.0,443,562.3024830699774
1090,3,10,291337.555557,444,656.1656656689189
1090,3,11,307510.0,444,692.5900900900901
1090,3,12,306339.0,444,689.9527027027027
1090,3,13,306497.0,444,690.3085585585585
1090,3,14,273403.0,444,615.7725225225225
1090,3,15,209034.111111,444,470.7975475472973
1090,3,16,214146.0,444,482.31081081081084
1090,3,17,243746.0,444,548.9774774774775
1090,3,18,264587.0,444,595.9166666666666
1090,3,19,271683.0,444,611.8986486486486
1090,3,20,260060.0,444,585.7207207207207
1090,3,21,248409.0,444,559.4797297297297
1090,3,22,246858.0,444,555.9864864864865
1090,3,23,236260.0,444,532.1171171171171
1090,4,0,184101.0,439,419.3644646924829
1090,4,1,124492.0,444,280.3873873873874
1090,4,2,73580.0,444,165.72072072072072
1090,4,3,39798.0,442,90.04072398190046
1090,4,4,21628.444444,440,49.15555555454546
1090,4,5,17300.444445,440,39.31919192045455
1090,4,6,29974.555556,437,68.59166031121282
1090,4,7,63779.555556,436,146.2833843027523
1090,4,8,94577.888888,436,216.92176350458715
1090,4,9,107600.111111,436,246.7892456674312
1090,4,10,150628.0,442,340.7873303167421
1090,4,11,196195.0,444,441.8806306306306
1090,4,12,224607.0,443,507.01354401805867
1090,4,13,221287.0,444,498.39414414414415
1090,4,14,186442.0,444,419.9144144144144
1090,4,15,151832.0,444,341.963963963964
1090,4,16,161227.222222,444,363.1243743738739
1090,4,17,196007.777778,448,437.5173611116071
1090,4,18,235492.0,445,529.1955056179776
1090,4,19,265549.0,448,592.7433035714286
1090,4,20,273098.0,448,609.59375
1090,4,21,262235.0,448,585.3459821428571
1090,4,22,249459.0,448,556.828125
1090,4,23,207994.0,448,464.27232142857144
1090,5,0,147426.0,444,332.0405405405405
1090,5,1,86188.0,448,192.38392857142858
1090,5,2,42260.0,445,94.96629213483146
1090,5,3,20312.111112,447,45.44096445637584
1090,5,4,12223.11111,448,27.283730156249998
1090,5,5,14711.277776,446,32.984927748878924
1090,5,6,52250.388889,448,116.63033234151786
1090,5,7,189174.999999,448,422.2656249977678
1090,5,8,237326.111111,448,529.7457837299107
1090,5,9,256095.666667,447,572.9209545123043
1090,5,10,289111.0,449,643.8997772828508
1090,5,11,308491.0,452,682.5022123893805
1090,5,12,312670.0,450,694.8222222222222
1090,5,13,314360.0,451,697.0288248337029
1090,5,14,292758.0,452,647.6946902654868
1090,5,15,262172.0,452,580.0265486725664
1090,5,16,279533.0,451,619.8070953436807
1090,5,17,304724.0,452,674.1681415929204
1090,5,18,303376.0,452,671.1858407079646
1090,5,19,295717.0,452,654.2411504424779
1090,5,20,286722.0,452,634.3407079646017
1090,5,21,276388.0,452,611.4778761061947
1090,5,22,253460.0,452,560.7522123893805
1090,5,23,192880.0,452,426.72566371681415
1090,6,0,124401.0,437,284.6704805491991
1090,6,1,74264.0,448,165.76785714285714
1090,6,2,38468.0,448,85.86607142857143
1090,6,3,19570.0,448,43.683035714285715
1090,6,4,11472.777777,448,25.608878966517857
1090,6,5,13884.777777,448,30.992807537946426
1090,6,6,50942.972222,448,113.71199156696427
1090,6,7,182405.805555,446,408.9816268049327
1090,6,8,234431.888889,448,523.2854662700893
1090,6,9,256074.111111,448,571.5939980156251
1090,6,10,290702.444444,448,648.8893849196429
1090,6,11,304460.666667,448,679.5997023816964
1090,6,12,312532.0,452,691.4424778761062
1090,6,13,312680.0,448,697.9464285714286
1090,6,14,285859.0,446,640.9394618834081
1090,6,15,251859.0,448,562.1852678571429
1090,6,16,270917.777777,448,604.7271825379464
1090,6,17,297158.285714,448,663.2997448973214
1090,6,18,301022.0,443,679.507900677201
1090,6,19,288920.333333,439,658.1328777517085
1090,6,20,278032.0,440,631.8909090909091
1090,6,21,265350.0,440,603.0681818181819
1090,6,22,247352.0,440,562.1636363636363
1090,6,23,193329.0,440,439.3840909090909
1092,0,0,153257.566435,280,547.3484515535714
1092,0,1,100691.020978,284,354.5458485140845
1092,0,2,55072.559442,284,193.91746282394365
1092,0,3,27261.265734,284,95.99037230281691
1092,0,4,17433.636363,284,61.38604353169015
1092,0,5,25275.163637,284,88.99705505985916
1092,0,6,93459.67832199999,284,329.0833743732394
1092,0,7,239836.531469,284,844.4948291161973
1092,0,8,278277.006992,284,979.848616169014
1092,0,9,278259.062938,285,976.3475892561404
1092,0,10,281744.244755,286,985.1197369055943
1092,0,11,280389.37063,284,987.286516302817
1092,0,12,287114.678323,284,1010.9671771936619
1092,0,13,292633.797203,284,1030.4006943767606
1092,0,14,285727.083915,288,992.1079302604168
1092,0,15,263626.090908,288,915.3683712083334
1092,0,16,273503.713287,288,949.6656711354167
1092,0,17,288718.650349,288,1002.4953137118056
1092,0,18,286050.811188,288,993.2319832916668
1092,0,19,289544.447553,288,1005.3626651145834
1092,0,20,286556.573426,288,994.9881021736112
1092,0,21,274177.685316,288,952.0058517916667
1092,0,22,251084.433566,288,871.8209498819444
1092,0,23,214042.48950999998,292,733.022224349315
1092,1,0,159733.244756,287,556.5618284181185
1092,1,1,102223.699301,288,354.94340035069445
1092,1,2,56480.902097,288,196.11424339236112
1092,1,3,28096.999999,288,97.55902777430555
1092,1,4,17806.566433,288,61.82835567013889
1092,1,5,26846.685315,288,93.21765734374999
1092,1,6,94420.657343,288,327.84950466319447
1092,1,7,240487.909092,288,835.0274621249999
1092,1,8,278052.034965,288,965.4584547395833
1092,1,9,274857.18182,285,964.4111642807018
1092,1,10,275571.083917,284,970.3207180176056
1092,1,11,278728.692308,284,981.4390574225353
1092,1,12,283013.0,283,1000.0459363957597
1092,1,13,291652.0,285,1023.340350877193
1092,1,14,287767.0,288,999.1909722222222
1092,1,15,262344.0,288,910.9166666666666
1092,1,16,270321.0,286,945.1783216783217
1092,1,17,285221.0,284,1004.2992957746479
1092,1,18,288939.0,288,1003.2604166666666
1092,1,19,290808.0,288,1009.75
1092,1,20,287104.0,288,996.8888888888889
1092,1,21,272572.0,288,946.4305555555555
1092,1,22,249214.0,285,874.4350877192983
1092,1,23,210285.0,286,735.2622377622378
1092,2,0,161789.0,283,571.6925795053004
1092,2,1,104746.0,284,368.82394366197184
1092,2,2,59642.0,284,210.00704225352112
1092,2,3,30552.0,284,107.5774647887324
1092,2,4,18852.0,284,66.38028169014085
1092,2,5,25711.769229999998,284,90.5343986971831
1092,2,6,90608.307692,284,319.043336943662
1092,2,7,229202.0,284,807.0492957746479
1092,2,8,270338.0,284,951.8943661971831
1092,2,9,273087.0,284,961.5739436619718
1092,2,10,276191.0,284,972.5035211267606
1092,2,11,277327.0,284,976.5035211267606
1092,2,12,282068.0,281,1003.8007117437722
1092,2,13,290782.0,284,1023.8802816901408
1092,2,14,284642.0,284,1002.2605633802817
1092,2,15,262638.0,284,924.7816901408451
1092,2,16,270797.0,284,953.5105633802817
1092,2,17,283925.0,284,999.7359154929577
1092,2,18,280325.0,285,983.5964912280701
1092,2,19,289484.0,288,1005.1527777777778
1092,2,20,285916.0,287,996.2229965156795
1092,2,21,275482.0,288,956.5347222222222
1092,2,22,258594.0,288,897.8958333333334
1092,2,23,221808.0,284,781.0140845070423
1092,3,0,172901.0,282,613.1241134751773
1092,3,1,114920.0,284,404.6478873239437
1092,3,2,63580.0,284,223.8732394366197
1092,3,3,32151.0,286,112.41608391608392
1092,3,4,20023.0,290,69.04482758620689
1092,3,5,26401.461538,292,90.41596417123287
1092,3,6,85884.076923,292,294.12355110616437
1092,3,7,209574.0,292,717.7191780821918
1092,3,8,261867.0,292,896.804794520548
1092,3,9,276287.0,289,956.0103806228374
1092,3,10,288058.0,291,989.8900343642612
1092,3,11,287702.0,288,998.9652777777778
1092,3,12,298864.090909,291,1027.0243673848797
1092,3,13,306802.0,294,1043.544217687075
1092,3,14,293195.0,296,990.5236486486486
1092,3,15,242784.0,296,820.2162162162163
1092,3,16,247171.0,296,835.0371621621622
1092,3,17,267751.538461,296,904.5660083141893
1092,3,18,280447.384616,296,947.4573804594595
1092,3,19,288674.846154,296,975.2528586283785
1092,3,20,290608.153847,296,981.7843035371621
1092,3,21,281507.769231,296,951.0397609155405
1092,3,22,266786.923077,296,901.3071725574325
1092,3,23,246040.538461,296,831.2180353412161
1092,4,0,215099.23076900002,292,736.6412012636987
1092,4,1,168126.538462,296,567.9950623716217
1092,4,2,112772.692307,296,380.9888253614865
1092,4,3,64592.230769,294,219.70146520068027
1092,4,4,35999.76923,292,123.28688092465752
1092,4,5,27279.769232,288,94.72142094444445
1092,4,6,48975.615386,292,167.72471022602738
1092,4,7,103649.076924,292,354.96259220547944
1092,4,8,140374.153845,292,480.7334035787671
1092,4,9,156263.538461,289,540.7042853321799
1092,4,10,202942.538461,295,687.9408083423729
1092,4,11,239800.769232,296,810.1377338918919
1092,4,12,256350.23077,296,866.0480769256757
1092,4,13,252622.615385,296,853.4547817060811
1092,4,14,226409.692307,296,764.8976091452703
1092,4,15,197083.923076,296,665.824064445946
1092,4,16,207566.769231,296,701.239085239865
1092,4,17,230183.846153,300,767.2794871766666
1092,4,18,252562.615385,296,853.2520790033784
1092,4,19,274652.076923,300,915.5069230766666
1092,4,20,273718.76923,298,918.5193598322147
1092,4,21,262760.769231,300,875.86923077
1092,4,22,249601.846154,300,832.0061538466666
1092,4,23,227185.538462,298,762.3675787315436
1092,5,0,178369.0,294,606.6972789115646
1092,5,1,119090.076923,300,396.96692307666666
1092,5,2,62181.538461000004,300,207.27179487
1092,5,3,29247.076924,300,97.49025641333334
1092,5,4,18521.923077,300,61.739743589999996
1092,5,5,29003.461538,300,96.67820512666667
1092,5,6,104365.692308,300,347.88564102666663
1092,5,7,257155.846154,300,857.1861538466667
1092,5,8,297950.0,299,996.4882943143813
1092,5,9,297564.769231,300,991.8825641033333
1092,5,10,297681.076922,300,992.2702564066666
1092,5,11,296705.923077,300,989.0197435900001
1092,5,12,298184.461539,298,1000.61899845302
1092,5,13,305479.384615,299,1021.6701826588628
1092,5,14,300512.076922,300,1001.7069230733333
1092,5,15,274611.461538,300,915.3715384599999
1092,5,16,285452.384616,300,951.50794872
1092,5,17,302255.307692,300,1007.5176923066666
1092,5,18,295107.076922,296,996.9833679797297
1092,5,19,297394.923078,296,1004.7125779662163
1092,5,20,295105.615385,296,996.9784303547298
1092,5,21,278100.846153,296,939.5298856520271
1092,5,22,252526.153845,296,853.128898125
1092,5,23,207456.307693,296,700.8659043682433
1092,6,0,151748.615385,291,521.4729051030928
1092,6,1,100107.769232,296,338.2019230810811
1092,6,2,54101.538461000004,296,182.77546777364867
1092,6,3,26930.384616,296,90.9810291081081
1092,6,4,17660.307692,294,60.06907378231292
1092,6,5,26240.153846,292,89.86354056849315
1092,6,6,94061.384616,292,322.1280295068493
1092,6,7,240866.23076900002,292,824.8843519486302
1092,6,8,282628.956877,292,967.9073865650685
1092,6,9,284590.804194,292,974.626041760274
1092,6,10,287957.489512,292,986.155786
1092,6,11,289284.769229,292,990.7012644828768
1092,6,12,293176.496503,292,1004.0290976130136
1092,6,13,299477.76923,292,1025.6087987328767
1092,6,14,289052.510489,291,993.3075961821306
1092,6,15,262134.881119,288,910.1905594409723
1092,6,16,272323.328673,288,945.5671134479167
1092,6,17,289684.636365,288,1005.8494318229166
1092,6,18,286957.258742,284,1010.4128828943661
1092,6,19,288294.328672,284,1015.1208756056337
1092,6,20,283087.104896,284,996.7855806197183
1092,6,21,267280.188812,284,941.1274253943661
1092,6,22,245435.258741,284,864.2086575387324
1092,6,23,204804.027973,284,721.1409435669013
1093,0,0,199891.588893,428,467.0364226471963
1093,0,1,123567.688891,434,284.71817716820277
1093,0,2,64019.447221,434,147.5102470529954
1093,0,3,32342.822223,432,74.86764403472222
1093,0,4,18984.177778,432,43.944855967592595
1093,0,5,23051.488893,432,53.35992799305556
1093,0,6,83024.301588,432,192.18588330555556
1093,0,7,271864.650001,432,629.3163194467592
1093,0,8,337414.874606,429,786.5148592214452
1093,0,9,358185.88889,431,831.0577468445475
1093,0,10,374362.455559,434,862.5863031313364
1093,0,11,371205.988891,436,851.3898827775229
1093,0,12,368700.066668,439,839.8634776036447
1093,0,13,361000.644446,437,826.0884312265446
1093,0,14,346587.911111,436,794.926401630734
1093,0,15,320022.600002,436,733.9967889954128
1093,0,16,337141.022225,435,775.0368327011495
1093,0,17,357641.163891,432,827.8730645625
1093,0,18,361720.730554,430,841.2110012883721
1093,0,19,351460.997221,428,821.170554254673
1093,0,20,364467.133335,435,837.8554789310346
1093,0,21,362380.944448,434,834.979134672811
1093,0,22,337101.52222,432,780.3275977314814
1093,0,23,277923.955553,432,643.3424897060185
1093,1,0,202064.033333,426,474.32871674413144
1093,1,1,122559.644439,428,286.35430943691586
1093,1,2,62745.355556,428,146.60129802803738
1093,1,3,31310.255554,428,73.15480269626168
1093,1,4,18425.366666,428,43.04992211682244
1093,1,5,23636.655555,428,55.22583073598131
1093,1,6,81678.774999,428,190.83825934345793
1093,1,7,266288.649607,427,623.6268140679157
1093,1,8,336029.383728,429,783.2852767552447
1093,1,9,353674.497223,427,828.2775110608899
1093,1,10,361241.7,424,851.985141509434
1093,1,11,360069.233333,427,843.2534738477751
1093,1,12,358170.411112,425,842.7539084988235
1093,1,13,348015.433336,425,818.8598431435295
1093,1,14,337959.65556,428,789.6253634579439
1093,1,15,307822.177779,429,717.534213937063
1093,1,16,329690.199997,432,763.1717592523148
1093,1,17,354003.977776,432,819.4536522592592
1093,1,18,358929.52222,432,830.8553755092593
1093,1,19,355944.397621,428,831.6457888341122
1093,1,20,361370.600001,428,844.3238317780374
1093,1,21,358603.788887,428,837.8593198294393
1093,1,22,334012.088886,425,785.9107973788235
1093,1,23,278960.766667,427,653.3039032014052
1093,2,0,208802.899999,425,491.3009411741176
1093,2,1,128847.58889,428,301.04576843457943
1093,2,2,67519.888889,426,158.49739175821594
1093,2,3,35109.544443,428,82.0316458948598
1093,2,4,19980.755553,428,46.68400830140187
1093,2,5,23755.969443,428,55.504601502336456
1093,2,6,80821.322223,428,188.83486500700934
1093,2,7,259593.647222,427,607.9476515737705
1093,2,8,330091.288886,428,771.2413291728972
1093,2,9,350407.215081,428,818.7084464509346
1093,2,10,367487.98889,428,858.6167964719625
1093,2,11,362253.966667,428,846.3877725864485
1093,2,12,361718.62222200003,427,847.1162112927401
1093,2,13,350292.355553,427,820.3568045737705
1093,2,14,334975.44444500003,427,784.4858183723654
1093,2,15,314327.466671,428,734.4099688574767
1093,2,16,333963.066671,428,780.2875389509345
1093,2,17,349062.586111,428,815.5667899789719
1093,2,18,351376.927776,428,820.974130317757
1093,2,19,348730.524999,428,814.7909462593458
1093,2,20,351751.855555,425,827.6514248352942
1093,2,21,353626.988885,427,828.1662503161592
1093,2,22,339345.62222,430,789.175865627907
1093,2,23,290377.133336,424,684.8517295660378
1093,3,0,221152.877779,421,525.3037476935867
1093,3,1,140775.244444,424,332.0170859528302
1093,3,2,74232.988892,424,175.07780399056603
1093,3,3,37325.644445,426,87.61888367370892
1093,3,4,21610.088882,430,50.256020655813955
1093,3,5,23820.713889,432,55.14054140972222
1093,3,6,74069.78849400001,432,171.45784373611113
1093,3,7,229217.663889,432,530.5964441875
1093,3,8,306694.108333,432,709.9400655856481
1093,3,9,344986.599998,431,800.4329466310905
1093,3,10,370493.466668,431,859.6136117587007
1093,3,11,366592.966665,431,850.5637277610209
1093,3,12,364006.944444,431,844.5636762041764
1093,3,13,357149.944446,432,826.7359825138889
1093,3,14,329362.222223,432,762.4125514421297
1093,3,15,272028.466666,432,629.6955246898149
1093,3,16,281083.213891,433,649.1529189168592
1093,3,17,318048.302775,436,729.4685843463302
1093,3,18,341182.086113,433,787.949390561201
1093,3,19,351070.182934,433,810.7856418799075
1093,3,20,365940.411111,435,841.2423243931034
1093,3,21,372374.844446,435,856.0341251632184
1093,3,22,366521.877776,436,840.6465086605505
1093,3,23,342723.33333,436,786.0626911238531
1093,4,0,299186.055554,431,694.1671822598609
1093,4,1,225093.811105,433,519.8471388106235
1093,4,2,141852.488892,436,325.3497451651376
1093,4,3,76934.744445,434,177.2689964170507
1093,4,4,39840.388887,432,92.22312242361112
1093,4,5,29485.3,432,68.25300925925926
1093,4,6,44982.633335,432,104.12646605324073
1093,4,7,99836.247621,432,231.1024250486111
1093,4,8,147027.141669,434,338.772215827189
1093,4,9,175809.133333,432,406.9655864189815
1093,4,10,235892.944441,435,542.2826308988506
1093,4,11,284147.077774,436,651.7134811330276
1093,4,12,309480.733336,436,709.8181957247707
1093,4,13,298495.788888,436,684.6233690091743
1093,4,14,262420.955556,436,601.8829255871559
1093,4,15,223422.39999900002,436,512.4366972454129
1093,4,16,235261.705552,436,539.5910677798165
1093,4,17,278321.108328,440,632.5479734727272
1093,4,18,320880.226985,435,737.6556942183909
1093,4,19,354660.972223,440,806.0476641431818
1093,4,20,376166.644442,440,854.9241919136364
1093,4,21,373337.866666,440,848.4951515136363
1093,4,22,352760.166665,440,801.7276515113637
1093,4,23,312147.477777,440,709.4260858568182
1093,5,0,244498.577775,436,560.7765545298165
1093,5,1,150133.58889,440,341.2127020227273
1093,5,2,72762.366668,437,166.50427155148742
1093,5,3,34154.011112,439,77.79956973120728
1093,5,4,19363.41111,436,44.41149337155964
1093,5,5,23875.766667,436,54.760932722477065
1093,5,6,83501.280552,436,191.51669851376147
1093,5,7,271399.049997,436,622.4748853142203
1093,5,8,339776.316663,437,777.5201754302059
1093,5,9,361447.000003,440,821.4704545522728
1093,5,10,376175.5,438,858.8481735159818
1093,5,11,372962.56667,440,847.6421969772726
1093,5,12,365650.811107,436,838.6486493279816
1093,5,13,361316.600003,439,823.0446469316629
1093,5,14,344981.977776,438,787.6300862465753
1093,5,15,317110.175001,438,723.9958333356165
1093,5,16,338711.048416,439,771.5513631343963
1093,5,17,360918.038891,436,827.7936671811926
1093,5,18,366808.177778,436,841.3031600412844
1093,5,19,362182.613886,436,830.6940685458716
1093,5,20,372214.188886,436,853.702268087156
1093,5,21,365868.233332,436,839.1473241559632
1093,5,22,331641.899999,436,760.646559630734
1093,5,23,269880.488887,436,618.9919469885322
1093,6,0,192117.055555,421,456.335048824228
1093,6,1,120139.455556,432,278.1005915648148
1093,6,2,62909.011111,431,145.96058262412993
1093,6,3,31496.68889,432,72.90900206018519
1093,6,4,18518.27778,432,42.866383750000004
1093,6,5,22797.619445,432,52.7722672337963
1093,6,6,80436.674602,432,186.19600602314816
1093,6,7,263649.393652,432,610.2995223425926
1093,6,8,333497.475,434,768.427361751152
1093,6,9,356669.999999,436,818.0504587133028
1093,6,10,372965.733334,435,857.3924904229884
1093,6,11,370237.866665,436,849.169418956422
1093,6,12,372040.200001,440,845.5459090931819
1093,6,13,359559.811108,436,824.6784658440367
1093,6,14,337604.03333299997,435,776.1012260528735
1093,6,15,310830.822222,436,712.9147298669725
1093,6,16,333238.375002,436,764.3081995458716
1093,6,17,359600.536114,436,824.771871821101
1093,6,18,363638.466663,431,843.7087393573086
1093,6,19,359643.169442,432,832.5073366712962
1093,6,20,370221.833331,436,849.1326452545871
1093,6,21,364185.422226,435,837.2078671862068
1093,6,22,333608.533335,432,772.2419753125
1093,6,23,274985.144447,432,636.5396862199074
1094,0,0,325472.8,444,733.0468468468468
1094,0,1,234000.6,450,520.0013333333334
1094,0,2,168887.583333,450,375.30574074
1094,0,3,134163.818182,448,299.4728084419643
1094,0,4,112538.57575799999,448,251.20217803124999
1094,0,5,120710.999998,448,269.44419642410713
1094,0,6,211223.227778,448,471.4804191473214
1094,0,7,429660.95202,446,963.3653632735427
1094,0,8,455791.563132,445,1024.2507036674158
1094,0,9,450868.623231,448,1006.4031768549106
1094,0,10,458513.811112,448,1023.468328375
1094,0,11,469371.556565,448,1047.7043673325893
1094,0,12,471063.461617,448,1051.480941109375
1094,0,13,463454.194444,451,1027.614621827051
1094,0,14,456831.022224,448,1019.7121031785715
1094,0,15,429475.400002,448,958.6504464330357
1094,0,16,453870.555556,447,1015.3703703713646
1094,0,17,474018.31111,444,1067.6088088063063
1094,0,18,488980.984847,444,1101.3085244301801
1094,0,19,497558.333335,444,1120.6268768806306
1094,0,20,498292.333332,448,1112.2596726160714
1094,0,21,488800.088889,451,1083.8139443215077
1094,0,22,463264.922221,446,1038.710587939462
1094,0,23,414590.171718,447,927.4947913154363
1094,1,0,333600.888889,442,754.7531422828055
1094,1,1,238885.999999,444,538.0315315292793
1094,1,2,169530.222223,444,381.82482482657656
1094,1,3,135965.868687,444,306.2294339797298
1094,1,4,117576.262627,444,264.81140231306307
1094,1,5,124314.989898,444,279.9887159864865
1094,1,6,213016.40252499998,443,480.84966709932274
1094,1,7,430721.153536,444,970.0926881441442
1094,1,8,455927.5,444,1026.8637387387387
1094,1,9,444787.081818,439,1013.1824187198177
1094,1,10,446868.783333,437,1022.583028221968
1094,1,11,459417.1,439,1046.508200455581
1094,1,12,461728.3,437,1056.5864988558353
1094,1,13,452066.7,437,1034.4775743707094
1094,1,14,445244.0,440,1011.9181818181818
1094,1,15,419199.418182,441,950.5655741088435
1094,1,16,454770.9,443,1026.570880361174
1094,1,17,476786.767677,441,1081.1491330544218
1094,1,18,488288.5,444,1099.748873873874
1094,1,19,502113.0,444,1130.8851351351352
1094,1,20,498209.9,444,1122.0943693693694
1094,1,21,493377.9,444,1111.2114864864866
1094,1,22,466410.563636,441,1057.6203257052155
1094,1,23,410934.323232,443,927.6169824650112
1094,2,0,335188.3,441,760.0641723356009
1094,2,1,248261.5,444,559.1475225225225
1094,2,2,179132.555555,442,405.2772750113122
1094,2,3,143021.7,444,322.12094594594595
1094,2,4,116611.0,444,262.6373873873874
1094,2,5,122298.444443,444,275.4469469436937
1094,2,6,218225.905555,444,491.49978728603605
1094,2,7,419131.799999,441,950.4122448956915
1094,2,8,451761.320707,444,1017.4804520427928
1094,2,9,446374.5,444,1005.347972972973
1094,2,10,454184.478536,442,1027.566693520362
1094,2,11,462695.399999,443,1044.4591422099322
1094,2,12,462714.78888999997,442,1046.8660382126695
1094,2,13,459130.677777,442,1038.757189540724
1094,2,14,448963.311112,443,1013.4611988984199
1094,2,15,425728.244444,443,961.0118384740407
1094,2,16,452507.750001,440,1028.4267045477272
1094,2,17,474411.877778,442,1073.3300402217194
1094,2,18,482768.933334,440,1097.2021212136365
1094,2,19,489281.216668,442,1106.971078434389
1094,2,20,489281.377777,443,1104.472636065463
1094,2,21,485236.038384,442,1097.819091366516
1094,2,22,469047.233334,444,1056.4126876891892
1094,2,23,420779.266667,443,949.8403310767495
1094,3,0,348083.166667,441,789.3042328049886
1094,3,1,257959.388888,444,580.9896146126126
1094,3,2,180131.477777,444,405.70152652477475
1094,3,3,140683.422222,445,316.142521847191
1094,3,4,120723.077778,447,270.0739995033557
1094,3,5,126014.858586,448,281.2831664866072
1094,3,6,207399.159595,448,462.94455266741073
1094,3,7,387287.169697,448,864.4802895022322
1094,3,8,437285.869191,448,976.0845294441964
1094,3,9,438256.611111,447,980.439845885906
1094,3,10,451937.176766,448,1008.7883409955357
1094,3,11,458060.1,447,1024.742953020134
1094,3,12,462259.7,447,1034.1380313199106
1094,3,13,456443.3,448,1018.8466517857142
1094,3,14,435537.833333,448,972.1826636897322
1094,3,15,378701.9,448,845.3167410714286
1094,3,16,391879.345455,448,874.7306818191964
1094,3,17,436386.5,448,974.0770089285714
1094,3,18,472273.0,448,1054.1808035714287
1094,3,19,497418.1,448,1110.3082589285714
1094,3,20,494919.2,448,1104.7303571428572
1094,3,21,494504.8,448,1103.805357142857
1094,3,22,485343.3,448,1083.3555803571428
1094,3,23,464947.663636,448,1037.8296063303571
1094,4,0,424283.3,444,955.593018018018
1094,4,1,344468.8,448,768.9035714285714
1094,4,2,259901.6,448,580.1375
1094,4,3,183923.9,446,412.3854260089686
1094,4,4,142241.254546,444,320.36318591441443
1094,4,5,131830.318182,444,296.91513104054053
1094,4,6,165497.85454600002,444,372.7429156441442
1094,4,7,229405.176263,444,516.6783249166667
1094,4,8,261156.227273,444,588.1897010653153
1094,4,9,262162.866667,444,590.4569069076576
1094,4,10,313447.816666,446,702.7977952152467
1094,4,11,377529.9,448,842.7006696428572
1094,4,12,410734.766666,448,916.8186755937501
1094,4,13,401403.583333,448,895.9901413683036
1094,4,14,353243.563636,448,788.4900974017856
1094,4,15,305203.2,448,681.2571428571429
1094,4,16,330872.0,448,738.5535714285714
1094,4,17,379106.7,448,846.2203125
1094,4,18,440303.887878,444,991.6754231486486
1094,4,19,488042.612121,448,1089.3808306272322
1094,4,20,493380.055556,448,1101.2947668660713
1094,4,21,484210.011112,448,1080.8259176607141
1094,4,22,464273.622222,448,1036.3250496026785
1094,4,23,430444.722222,448,960.8141121026786
1094,5,0,359003.1,444,808.5655405405405
1094,5,1,257613.8,448,575.0308035714286
1094,5,2,173025.4,445,388.8211235955056
1094,5,3,130477.6,447,291.896196868009
1094,5,4,106594.183334,448,237.9334449419643
1094,5,5,117227.056061,448,261.6675358504464
1094,5,6,210773.479294,448,470.47651628125
1094,5,7,427859.436364,448,955.0433847410715
1094,5,8,453627.137373,448,1012.5605744933035
1094,5,9,454427.466666,452,1005.3705014734513
1094,5,10,463419.383333,450,1029.8208518511112
1094,5,11,470940.077778,452,1041.9028269424778
1094,5,12,470412.9,450,1045.362
1094,5,13,461244.533334,451,1022.7151515166297
1094,5,14,460615.055556,452,1019.0598574247787
1094,5,15,430507.633334,452,952.4505162256637
1094,5,16,461117.337877,452,1020.1711014977876
1094,5,17,478763.252525,452,1059.2107356747788
1094,5,18,494768.811113,452,1094.6212635243362
1094,5,19,506028.933334,452,1119.5330383495575
1094,5,20,505941.477778,452,1119.3395526061947
1094,5,21,494175.927273,452,1093.3095736128319
1094,5,22,461885.427273,452,1021.8704143207965
1094,5,23,398333.644445,452,881.2691248783185
1094,6,0,310118.2,437,709.6526315789474
1094,6,1,231061.022222,448,515.7612103169643
1094,6,2,161300.5,448,360.04575892857144
1094,6,3,126127.9,448,281.53549107142857
1094,6,4,106922.309091,448,238.66586850669643
1094,6,5,115538.430808,448,257.89828305357145
1094,6,6,205794.071717,448,459.36176722544644
1094,6,7,415358.115152,448,927.1386498928571
1094,6,8,448888.22474700003,448,1001.9826445245536
1094,6,9,449356.990909,448,1003.0289975647321
1094,6,10,456440.4,448,1018.8401785714286
1094,6,11,466362.110606,448,1040.98685403125
1094,6,12,474540.2,450,1054.533777777778
1094,6,13,464432.728571,448,1036.680197703125
1094,6,14,453948.233333,447,1015.5441461588366
1094,6,15,422931.6,448,944.0437499999999
1094,6,16,453450.0,448,1012.1651785714286
1094,6,17,480292.916667,446,1076.8899476838565
1094,6,18,486464.427778,441,1103.0939405396825
1094,6,19,501774.744444,442,1135.2369783800905
1094,6,20,504393.1,448,1125.8774553571427
1094,6,21,495625.136363,448,1106.306107953125
1094,6,22,466602.5,448,1041.5234375
1094,6,23,404582.316667,448,903.0855282745536
1095,0,0,43487.0,135,322.1259259259259
1095,0,1,24994.0,136,183.77941176470588
1095,0,2,12612.0,136,92.73529411764706
1095,0,3,6386.0,136,46.955882352941174
1095,0,4,4741.0,136,34.86029411764706
1095,0,5,8443.0,136,62.080882352941174
1095,0,6,31109.0,130,239.3
1095,0,7,78475.0,128,613.0859375
1095,0,8,91001.0,128,710.9453125
1095,0,9,91227.142857,128,712.7120535703125
1095,0,10,99267.0,133,746.3684210526316
1095,0,11,103495.6,135,766.6340740740741
1095,0,12,102897.0,132,779.5227272727273
1095,0,13,101934.0,133,766.421052631579
1095,0,14,98496.0,136,724.2352941176471
1095,0,15,93980.0,136,691.0294117647059
1095,0,16,101640.285714,136,747.3550420147059
1095,0,17,107318.0,140,766.5571428571428
1095,0,18,103568.0,140,739.7714285714286
1095,0,19,102911.0,139,740.3669064748201
1095,0,20,103869.0,140,741.9214285714286
1095,0,21,100335.333333,140,716.6809523785714
1095,0,22,86747.0,140,619.6214285714286
1095,0,23,66507.0,140,475.05
1095,1,0,46076.0,139,331.48201438848923
1095,1,1,25589.0,140,182.77857142857144
1095,1,2,13083.0,136,96.19852941176471
1095,1,3,6587.0,136,48.43382352941177
1095,1,4,4760.0,136,35.0
1095,1,5,8497.0,136,62.47794117647059
1095,1,6,31349.0,139,225.53237410071944
1095,1,7,81526.285714,140,582.3306122428571
1095,1,8,95200.0,139,684.8920863309353
1095,1,9,93378.0,133,702.0902255639098
1095,1,10,96627.0,132,732.0227272727273
1095,1,11,100795.0,132,763.5984848484849
1095,1,12,96815.0,126,768.3730158730159
1095,1,13,94279.8,125,754.2384000000001
1095,1,14,93746.0,130,721.123076923077
1095,1,15,88479.0,131,675.412213740458
1095,1,16,92520.0,128,722.8125
1095,1,17,101349.0,133,762.0225563909775
1095,1,18,100777.0,136,741.0073529411765
1095,1,19,98868.0,133,743.3684210526316
1095,1,20,99283.0,136,730.0220588235294
1095,1,21,94278.0,135,698.3555555555556
1095,1,22,80065.0,129,620.6589147286821
1095,1,23,62398.0,131,476.3206106870229
1095,2,0,42458.0,128,331.703125
1095,2,1,24457.0,128,191.0703125
1095,2,2,13125.0,129,101.74418604651163
1095,2,3,7138.0,132,54.07575757575758
1095,2,4,5195.0,132,39.35606060606061
1095,2,5,8255.0,132,62.53787878787879
1095,2,6,29164.571428,132,220.94372293939392
1095,2,7,75351.714286,132,570.8463203484848
1095,2,8,91385.0,134,681.9776119402985
1095,2,9,92928.0,135,688.3555555555556
1095,2,10,100004.6,136,735.3279411764706
1095,2,11,102651.333333,134,766.0547263656716
1095,2,12,101002.0,130,776.9384615384615
1095,2,13,99625.0,132,754.7348484848485
1095,2,14,96883.0,132,733.9621212121212
1095,2,15,90912.0,132,688.7272727272727
1095,2,16,100285.0,136,737.3897058823529
1095,2,17,103198.0,136,758.8088235294117
1095,2,18,100411.0,136,738.3161764705883
1095,2,19,101652.0,136,747.4411764705883
1095,2,20,101659.0,137,742.0364963503649
1095,2,21,97598.0,136,717.6323529411765
1095,2,22,87498.0,136,643.3676470588235
1095,2,23,70440.0,135,521.7777777777778
1095,3,0,49856.0,135,369.3037037037037
1095,3,1,30048.0,136,220.94117647058823
1095,3,2,15220.0,136,111.91176470588235
1095,3,3,8417.0,137,61.43795620437956
1095,3,4,5920.0,139,42.589928057553955
1095,3,5,9204.0,140,65.74285714285715
1095,3,6,29078.428571,140,207.70306122142858
1095,3,7,65104.714286,140,465.0336734714286
1095,3,8,84085.0,140,600.6071428571429
1095,3,9,94015.0,140,671.5357142857143
1095,3,10,105240.0,140,751.7142857142857
1095,3,11,104139.0,137,760.1386861313869
1095,3,12,102420.0,132,775.9090909090909
1095,3,13,99921.0,132,756.9772727272727
1095,3,14,91037.0,129,705.7131782945736
1095,3,15,75070.2,129,581.9395348837209
1095,3,16,80045.0,134,597.3507462686567
1095,3,17,88584.0,134,661.0746268656717
1095,3,18,94503.333333,136,694.8774509779412
1095,3,19,98786.333333,139,710.693045561151
1095,3,20,101637.0,141,720.8297872340426
1095,3,21,99867.6,142,703.2929577464789
1095,3,22,92862.6,143,649.3888111888112
1095,3,23,81707.0,144,567.4097222222222
1095,4,0,65584.0,142,461.85915492957747
1095,4,1,45020.0,144,312.6388888888889
1095,4,2,25317.0,142,178.2887323943662
1095,4,3,13219.714286,142,93.09657947887324
1095,4,4,7975.142857,144,55.382936506944446
1095,4,5,7515.428571,139,54.067831446043165
1095,4,6,14565.0,140,104.03571428571429
1095,4,7,32146.0,140,229.61428571428573
1095,4,8,44528.0,140,318.0571428571429
1095,4,9,47473.0,138,344.0072463768116
1095,4,10,60146.0,134,448.85074626865674
1095,4,11,75945.0,132,575.3409090909091
1095,4,12,79636.0,128,622.15625
1095,4,13,81105.285714,132,614.4339826818182
1095,4,14,70575.0,132,534.6590909090909
1095,4,15,60934.0,135,451.36296296296297
1095,4,16,68898.0,144,478.4583333333333
1095,4,17,79450.0,145,547.9310344827586
1095,4,18,88332.0,144,613.4166666666666
1095,4,19,97446.0,144,676.7083333333334
1095,4,20,100081.0,144,695.0069444444445
1095,4,21,94055.0,144,653.1597222222222
1095,4,22,85998.0,144,597.2083333333334
1095,4,23,72709.0,144,504.9236111111111
1095,5,0,52671.0,142,370.9225352112676
1095,5,1,29149.0,144,202.42361111111111
1095,5,2,14645.0,144,101.70138888888889
1095,5,3,7662.0,144,53.208333333333336
1095,5,4,5624.0,144,39.05555555555556
1095,5,5,10040.000001,144,69.72222222916668
1095,5,6,35123.285714,144,243.9117063472222
1095,5,7,86822.0,144,602.9305555555555
1095,5,8,101614.0,144,705.6527777777778
1095,5,9,103722.0,144,720.2916666666666
1095,5,10,109174.0,144,758.1527777777778
1095,5,11,110475.0,142,777.9929577464789
1095,5,12,110163.0,139,792.5395683453237
1095,5,13,104611.0,139,752.5971223021583
1095,5,14,102048.0,139,734.158273381295
1095,5,15,96106.0,140,686.4714285714285
1095,5,16,107370.0,143,750.8391608391609
1095,5,17,107988.0,140,771.3428571428572
1095,5,18,100238.0,135,742.5037037037036
1095,5,19,100014.0,136,735.3970588235294
1095,5,20,99950.0,135,740.3703703703703
1095,5,21,95588.0,136,702.8529411764706
1095,5,22,84425.0,140,603.0357142857143
1095,5,23,63388.0,140,452.77142857142854
1095,6,0,42641.0,136,313.5367647058824
1095,6,1,25836.0,142,181.94366197183098
1095,6,2,13183.0,142,92.83802816901408
1095,6,3,6640.0,138,48.11594202898551
1095,6,4,5017.0,140,35.83571428571429
1095,6,5,8690.571429,139,62.52209661151079
1095,6,6,32389.142857,141,229.71023302836878
1095,6,7,84490.0,144,586.7361111111111
1095,6,8,99130.0,144,688.4027777777778
1095,6,9,98570.0,139,709.136690647482
1095,6,10,102598.2,137,748.8919708029197
1095,6,11,106079.0,139,763.158273381295
1095,6,12,105130.6,137,767.3766423357665
1095,6,13,107220.285714,142,755.0724346056338
1095,6,14,106640.190477,145,735.4495894965517
1095,6,15,96478.4,143,674.6741258741258
1095,6,16,104864.0,144,728.2222222222222
1095,6,17,110412.0,144,766.75
1095,6,18,109252.0,144,758.6944444444445
1095,6,19,109289.0,144,758.9513888888889
1095,6,20,107904.0,144,749.3333333333334
1095,6,21,101770.0,143,711.6783216783217
1095,6,22,87371.0,142,615.2887323943662
1095,6,23,65571.0,140,468.3642857142857
1096,0,0,2310.0,20,115.5
1096,0,1,1362.333333,20,68.11666665
1096,0,2,781.333333,20,39.06666665
1096,0,3,390.0,20,19.5
1096,0,4,487.0,20,24.35
1096,0,5,1019.0,20,50.95
1096,0,6,3876.0,19,204.0
1096,0,7,11061.0,20,553.05
1096,0,8,11999.0,20,599.95
1096,0,9,11536.0,20,576.8
1096,0,10,11482.0,20,574.1
1096,0,11,10537.333333,20,526.8666666500001
1096,0,12,11511.0,20,575.55
1096,0,13,12476.0,20,623.8
1096,0,14,12103.0,20,605.15
1096,0,15,11314.0,20,565.7
1096,0,16,11594.0,20,579.7
1096,0,17,12513.0,20,625.65
1096,0,18,11898.0,20,594.9
1096,0,19,11762.0,20,588.1
1096,0,20,11225.0,20,561.25
1096,0,21,8546.0,20,427.3
1096,0,22,4569.6666669999995,20,228.48333334999998
1096,0,23,3313.333333,20,165.66666665
1096,1,0,2205.0,20,110.25
1096,1,1,1278.0,20,63.9
1096,1,2,715.0,20,35.75
1096,1,3,463.0,20,23.15
1096,1,4,475.0,20,23.75
1096,1,5,1088.0,20,54.4
1096,1,6,4187.0,20,209.35
1096,1,7,10987.0,20,549.35
1096,1,8,11900.0,20,595.0
1096,1,9,11372.0,20,568.6
1096,1,10,10899.0,20,544.95
1096,1,11,10369.0,20,518.45
1096,1,12,9555.0,20,477.75
1096,1,13,8675.0,20,433.75
1096,1,14,9693.0,20,484.65
1096,1,15,10950.0,20,547.5
1096,1,16,12764.0,20,638.2
1096,1,17,12960.0,20,648.0
1096,1,18,13175.0,20,658.75
1096,1,19,12384.0,20,619.2
1096,1,20,11556.0,20,577.8
1096,1,21,8436.333333,20,421.81666665
1096,1,22,4795.0,20,239.75
1096,1,23,3455.0,20,172.75
1096,2,0,2398.0,20,119.9
1096,2,1,1343.0,20,67.15
1096,2,2,765.0,20,38.25
1096,2,3,429.0,20,21.45
1096,2,4,496.0,20,24.8
1096,2,5,1091.0,20,54.55
1096,2,6,4099.0,20,204.95
1096,2,7,10962.0,20,548.1
1096,2,8,11691.0,20,584.55
1096,2,9,11350.0,20,567.5
1096,2,10,12542.0,20,627.1
1096,2,11,15138.0,20,756.9
1096,2,12,16462.0,20,823.1
1096,2,13,17341.0,20,867.05
1096,2,14,15410.0,20,770.5
1096,2,15,14733.0,20,736.65
1096,2,16,13488.0,20,674.4
1096,2,17,14162.0,20,708.1
1096,2,18,13303.0,20,665.15
1096,2,19,13038.0,20,651.9
1096,2,20,12736.0,20,636.8
1096,2,21,8773.0,20,438.65
1096,2,22,5392.0,20,269.6
1096,2,23,3273.0,16,204.5625
1096,3,0,1501.0,12,125.08333333333333
1096,3,1,888.0,12,74.0
1096,3,2,525.0,12,43.75
1096,3,3,313.0,14,22.357142857142858
1096,3,4,481.0,18,26.72222222222222
1096,3,5,1057.0,20,52.85
1096,3,6,3622.0,20,181.1
1096,3,7,9643.0,19,507.5263157894737
1096,3,8,11291.0,20,564.55
1096,3,9,11526.0,20,576.3
1096,3,10,11757.666667,20,587.8833333499999
1096,3,11,11868.0,20,593.4
1096,3,12,11815.0,20,590.75
1096,3,13,12969.0,20,648.45
1096,3,14,13182.0,20,659.1
1096,3,15,9672.0,20,483.6
1096,3,16,10694.0,20,534.7
1096,3,17,11156.0,20,557.8
1096,3,18,11894.0,20,594.7
1096,3,19,11784.333333,20,589.21666665
1096,3,20,11092.666667,20,554.6333333499999
1096,3,21,8021.666668,20,401.0833334
1096,3,22,5754.0,20,287.7
1096,3,23,4643.0,20,232.15
1096,4,0,3605.666667,19,189.77192984210527
1096,4,1,2400.0,20,120.0
1096,4,2,1497.0,20,74.85
1096,4,3,913.0,20,45.65
1096,4,4,819.0,20,40.95
1096,4,5,973.0,20,48.65
1096,4,6,1935.0,20,96.75
1096,4,7,4346.0,20,217.3
1096,4,8,5200.0,20,260.0
1096,4,9,6244.0,20,312.2
1096,4,10,7609.0,20,380.45
1096,4,11,9316.0,20,465.8
1096,4,12,9048.0,20,452.4
1096,4,13,9691.0,20,484.55
1096,4,14,9175.0,20,458.75
1096,4,15,8585.0,20,429.25
1096,4,16,9254.0,20,462.7
1096,4,17,10420.0,20,521.0
1096,4,18,10208.0,20,510.4
1096,4,19,10398.000001,20,519.90000005
1096,4,20,10385.0,20,519.25
1096,4,21,7538.0,20,376.9
1096,4,22,5162.0,20,258.1
1096,4,23,4189.3333330000005,20,209.46666665000004
1096,5,0,3020.0,20,151.0
1096,5,1,1522.0000009999999,20,76.10000004999999
1096,5,2,769.333334,20,38.466666700000005
1096,5,3,409.0,20,20.45
1096,5,4,478.0,20,23.9
1096,5,5,1058.0,20,52.9
1096,5,6,4099.0,20,204.95
1096,5,7,11184.0,20,559.2
1096,5,8,11714.0,20,585.7
1096,5,9,11565.0,20,578.25
1096,5,10,10804.0,20,540.2
1096,5,11,11589.0,20,579.45
1096,5,12,13195.0,20,659.75
1096,5,13,15784.0,21,751.6190476190476
1096,5,14,16818.0,24,700.75
1096,5,15,14782.0,24,615.9166666666666
1096,5,16,14552.0,24,606.3333333333334
1096,5,17,14119.0,24,588.2916666666666
1096,5,18,14168.333333,24,590.3472222083334
1096,5,19,12765.333333999999,24,531.8888889166666
1096,5,20,12313.666667,24,513.0694444583334
1096,5,21,9279.333333999999,24,386.63888891666664
1096,5,22,5550.6666669999995,24,231.27777779166664
1096,5,23,4283.3333330000005,24,178.47222220833336
1096,6,0,2962.666666,24,123.44444441666667
1096,6,1,1616.333334,24,67.34722225
1096,6,2,939.0,24,39.125
1096,6,3,509.0,24,21.208333333333332
1096,6,4,610.0,24,25.416666666666668
1096,6,5,1187.0,24,49.458333333333336
1096,6,6,4650.0,24,193.75
1096,6,7,12261.0,24,510.875
1096,6,8,13083.0,24,545.125
1096,6,9,13376.0,24,557.3333333333334
1096,6,10,14441.0,24,601.7083333333334
1096,6,11,15890.0,24,662.0833333333334
1096,6,12,16423.0,24,684.2916666666666
1096,6,13,18740.0,24,780.8333333333334
1096,6,14,17527.0,24,730.2916666666666
1096,6,15,13787.0,24,574.4583333333334
1096,6,16,13493.0,24,562.2083333333334
1096,6,17,15125.666667,24,630.236111125
1096,6,18,14305.0,24,596.0416666666666
1096,6,19,14373.0,24,598.875
1096,6,20,14049.0,24,585.375
1096,6,21,9113.666666000001,24,379.73611108333336
1096,6,22,5880.0,24,245.0
1096,6,23,4145.0,24,172.70833333333334
1109,0,0,183553.0,449,408.80400890868594
1109,0,1,112199.4,447,251.00536912751676
1109,0,2,57316.585715,437,131.1592350457666
1109,0,3,27942.7,433,64.53279445727483
1109,0,4,14272.342857,432,33.0378306875
1109,0,5,15185.932143,433,35.07143681986143
1109,0,6,62404.046429,440,141.82737824772727
1109,0,7,243374.321429,441,551.8692095895692
1109,0,8,304512.825,437,696.8256864988558
1109,0,9,321450.825,450,714.3351666666667
1109,0,10,341452.778571,440,776.0290422068181
1109,0,11,352784.75,444,794.5602477477478
1109,0,12,362683.6,450,805.9635555555556
1109,0,13,362878.196429,453,801.0556212560706
1109,0,14,348177.0,456,763.546052631579
1109,0,15,302028.8,456,662.3438596491228
1109,0,16,318330.0,455,699.6263736263736
1109,0,17,348636.625,456,764.5540021929825
1109,0,18,363907.0,454,801.5572687224669
1109,0,19,370429.0,456,812.344298245614
1109,0,20,371918.0,456,815.609649122807
1109,0,21,352053.0,454,775.4471365638766
1109,0,22,314179.0,456,688.9890350877193
1109,0,23,249920.857143,453,551.701671397351
1109,1,0,183906.5,447,411.42393736017897
1109,1,1,109578.47857199999,437,250.75166721281462
1109,1,2,55575.746428,428,129.8498748317757
1109,1,3,25853.260715,429,60.26401099067599
1109,1,4,13545.342857,427,31.722114419203745
1109,1,5,15519.607143,426,36.43100268309859
1109,1,6,62330.75,432,144.2841435185185
1109,1,7,241011.589286,437,551.5139342929061
1109,1,8,306682.446429,440,697.0055600659091
1109,1,9,310957.789286,436,713.2059387293579
1109,1,10,331815.089286,432,768.0904844583333
1109,1,11,349649.375,443,789.2762415349887
1109,1,12,355582.5,444,800.8614864864865
1109,1,13,352075.0,445,791.1797752808989
1109,1,14,339767.0,448,758.4084821428571
1109,1,15,290212.125,448,647.794921875
1109,1,16,309333.7,450,687.4082222222222
1109,1,17,341565.375,452,755.6756084070796
1109,1,18,359377.0,452,795.0818584070796
1109,1,19,363893.0,452,805.0730088495575
1109,1,20,366270.0,452,810.3318584070796
1109,1,21,349093.0,451,774.0421286031042
1109,1,22,308703.0,443,696.8465011286681
1109,1,23,249619.0,445,560.9415730337079
1109,2,0,188271.375,445,423.0817415730337
1109,2,1,116073.125,443,262.01608352144467
1109,2,2,58575.014286,425,137.82356302588235
1109,2,3,29381.482143,426,68.97061535915493
1109,2,4,14988.714285,426,35.18477531690141
1109,2,5,16496.735715,440,37.49258117045454
1109,2,6,62457.021428,440,141.94777597272727
1109,2,7,236355.3,443,533.533408577878
1109,2,8,302043.5,445,678.7494382022472
1109,2,9,306057.071429,436,701.9657601582569
1109,2,10,333983.978571,440,759.0544967522727
1109,2,11,355923.75,448,794.47265625
1109,2,12,360006.3,450,800.014
1109,2,13,359364.0,451,796.8159645232817
1109,2,14,344231.0,451,763.2616407982262
1109,2,15,301722.875,452,667.5284845132743
1109,2,16,316863.75,447,708.8674496644295
1109,2,17,341941.25,447,764.9692393736018
1109,2,18,362997.625,452,803.0920907079646
1109,2,19,364666.5,450,810.37
1109,2,20,366903.625,451,813.5335365853658
1109,2,21,352309.8,448,786.4058035714286
1109,2,22,318380.2,450,707.5115555555556
1109,2,23,259707.75,447,581.001677852349
1109,3,0,199492.0,444,449.3063063063063
1109,3,1,124867.957143,435,287.05277504137933
1109,3,2,64326.017857,422,152.43132193601895
1109,3,3,31532.778571,424,74.36976078066037
1109,3,4,16570.9,432,38.35856481481482
1109,3,5,16523.339286,441,37.46788953741496
1109,3,6,55382.95,441,125.58492063492062
1109,3,7,199446.25,448,445.19252232142856
1109,3,8,278454.75,456,610.6463815789474
1109,3,9,308080.0,450,684.6222222222223
1109,3,10,338805.785714,444,763.0760939504504
1109,3,11,364802.375,451,808.874445676275
1109,3,12,364293.5,453,804.1799116997793
1109,3,13,368321.0,455,809.4967032967033
1109,3,14,321210.0,452,710.641592920354
1109,3,15,248561.0,452,549.9137168141593
1109,3,16,250756.0,452,554.7699115044247
1109,3,17,280670.0,452,620.9513274336283
1109,3,18,315980.0,453,697.5275938189845
1109,3,19,343378.0,456,753.0219298245614
1109,3,20,362999.0,456,796.0504385964912
1109,3,21,355339.0,455,780.9648351648351
1109,3,22,333652.0,456,731.6929824561404
1109,3,23,299827.0,456,657.515350877193
1109,4,0,253132.642857,449,563.7698059175947
1109,4,1,187886.125,454,413.84609030837004
1109,4,2,116280.346429,450,258.4007698422222
1109,4,3,62696.910714,440,142.49297889545454
1109,4,4,33699.800001,440,76.59045454772728
1109,4,5,23483.192858,439,53.492466646924825
1109,4,6,33309.828571,434,76.75075707603686
1109,4,7,71372.382142,428,166.75790220093458
1109,4,8,118782.346429,439,270.574821022779
1109,4,9,133799.828571,448,298.6603316316964
1109,4,10,178359.767857,454,392.8629247951542
1109,4,11,227438.0,456,498.7675438596491
1109,4,12,259240.0,456,568.5087719298245
1109,4,13,261025.0,456,572.4232456140351
1109,4,14,224214.0,456,491.69736842105266
1109,4,15,179630.0,455,394.7912087912088
1109,4,16,185154.0,456,406.0394736842105
1109,4,17,218005.125,460,473.9241847826087
1109,4,18,265285.464286,457,580.4933572997812
1109,4,19,313953.0,460,682.5065217391304
1109,4,20,341496.0,460,742.3826086956522
1109,4,21,331909.0,460,721.5413043478261
1109,4,22,309815.0,460,673.5108695652174
1109,4,23,268305.75,457,587.1022975929978
1109,5,0,205202.25,449,457.0206013363029
1109,5,1,128863.1,450,286.36244444444446
1109,5,2,64166.414286,442,145.17288299999998
1109,5,3,29608.3,437,67.75354691075515
1109,5,4,14423.55,437,33.0058352402746
1109,5,5,16317.514286,441,37.00116618140589
1109,5,6,62822.167857,448,140.22805325223214
1109,5,7,249091.696429,458,543.8683328144105
1109,5,8,313876.25,460,682.3396739130435
1109,5,9,325063.5,460,706.6597826086957
1109,5,10,342658.075,450,761.4623888888889
1109,5,11,360833.0,457,789.5689277899344
1109,5,12,366752.0,458,800.768558951965
1109,5,13,364869.0,459,794.9215686274509
1109,5,14,348733.0,458,761.4257641921397
1109,5,15,297798.0,453,657.3907284768212
1109,5,16,320383.0,456,702.594298245614
1109,5,17,350353.0,456,768.3179824561404
1109,5,18,368083.0,457,805.4332603938731
1109,5,19,372462.0,456,816.8026315789474
1109,5,20,374507.0,459,815.9193899782135
1109,5,21,351099.0,457,768.269146608315
1109,5,22,308296.171429,456,676.088095239035
1109,5,23,242801.6,458,530.1344978165939
1109,6,0,175442.053571,443,396.0317236365688
1109,6,1,109960.65,447,245.9969798657718
1109,6,2,56574.582143,443,127.70786036794583
1109,6,3,26245.3,439,59.78428246013667
1109,6,4,13751.282143,438,31.39562133105023
1109,6,5,15495.407141,442,35.057482219457015
1109,6,6,61573.521429,446,138.05722293497757
1109,6,7,233858.875,443,527.898137697517
1109,6,8,305307.75,446,684.5465246636771
1109,6,9,314926.0,444,709.2927927927927
1109,6,10,346338.5,446,776.5437219730942
1109,6,11,361229.8,450,802.7328888888889
1109,6,12,366965.0,460,797.75
1109,6,13,359415.0,450,798.7
1109,6,14,334870.0,449,745.8129175946548
1109,6,15,292770.0,452,647.7212389380531
1109,6,16,312193.0,452,690.6924778761062
1109,6,17,337929.0,447,755.993288590604
1109,6,18,353165.571429,440,802.649025975
1109,6,19,360360.0,446,807.9820627802691
1109,6,20,362962.0,448,810.1830357142857
1109,6,21,347524.8,450,772.2773333333333
1109,6,22,312643.0,455,687.1274725274725
1109,6,23,249711.0,455,548.8153846153846
1112,0,0,210182.0,443,474.45146726862305
1112,0,1,129742.0,449,288.9576837416481
1112,0,2,68809.714286,450,152.91047619111112
1112,0,3,37142.0,448,82.90625
1112,0,4,23065.0,447,51.59955257270693
1112,0,5,29162.428573,448,65.09470663616072
1112,0,6,107321.095238,448,239.55601615625
1112,0,7,303129.0,448,676.6272321428571
1112,0,8,343420.0,445,771.7303370786517
1112,0,9,353220.0,448,788.4375
1112,0,10,364924.0,447,816.3847874720358
1112,0,11,364131.0,445,818.2719101123596
1112,0,12,366477.0,451,812.5875831485588
1112,0,13,360260.0,452,797.0353982300885
1112,0,14,363747.0,452,804.75
1112,0,15,338730.0,452,749.4026548672566
1112,0,16,349782.0,452,773.8539823008849
1112,0,17,373485.0,452,826.2942477876106
1112,0,18,382108.0,452,845.3716814159292
1112,0,19,389074.0,452,860.7831858407079
1112,0,20,387610.0,452,857.5442477876106
1112,0,21,376294.0,452,832.5088495575221
1112,0,22,349173.0,452,772.5066371681415
1112,0,23,289042.0,448,645.1830357142857
1112,1,0,210901.0,442,477.15158371040724
1112,1,1,127564.0,445,286.6606741573034
1112,1,2,67929.0,448,151.62723214285714
1112,1,3,36598.0,448,81.69196428571429
1112,1,4,23334.0,448,52.08482142857143
1112,1,5,30460.857143,448,67.99298469419644
1112,1,6,107149.428571,448,239.17283163169643
1112,1,7,301107.333333,448,672.1145833325893
1112,1,8,339748.0,448,758.3660714285714
1112,1,9,345278.47619,443,779.4096527990971
1112,1,10,354739.857144,440,806.2269480545455
1112,1,11,359035.571428,443,810.4640438555305
1112,1,12,355400.0,441,805.8956916099773
1112,1,13,347444.0,441,787.8548752834467
1112,1,14,355881.0,444,801.5337837837837
1112,1,15,328878.0,445,739.0516853932585
1112,1,16,340273.0,444,766.3806306306307
1112,1,17,364324.0,444,820.5495495495495
1112,1,18,370494.0,444,834.4459459459459
1112,1,19,380573.0,444,857.1463963963964
1112,1,20,380984.0,444,858.072072072072
1112,1,21,370130.428571,444,833.6270913761261
1112,1,22,341076.0,441,773.4149659863946
1112,1,23,289683.0,443,653.9119638826185
1112,2,0,216924.0,441,491.89115646258506
1112,2,1,131970.0,441,299.2517006802721
1112,2,2,71196.0,444,160.35135135135135
1112,2,3,38932.0,444,87.68468468468468
1112,2,4,24249.0,444,54.61486486486486
1112,2,5,30667.371427,444,69.07065636711711
1112,2,6,105839.885714,444,238.3781209774775
1112,2,7,290313.885714,440,659.8042857136363
1112,2,8,336286.571429,444,757.4021879031532
1112,2,9,342421.533333,442,774.7093514321267
1112,2,10,358095.6,444,806.5216216216215
1112,2,11,361530.0,444,814.2567567567568
1112,2,12,356232.714286,443,804.1370525643341
1112,2,13,349656.0,442,791.0769230769231
1112,2,14,355928.0,443,803.4492099322799
1112,2,15,335417.285714,444,755.4443371936937
1112,2,16,343015.857143,439,781.3573055649202
1112,2,17,363122.142857,440,825.2775974022727
1112,2,18,367931.571429,444,828.6747104256757
1112,2,19,380284.0,444,856.4954954954954
1112,2,20,380425.0,443,858.747178329571
1112,2,21,368571.0,443,831.9887133182845
1112,2,22,349634.0,444,787.4639639639639
1112,2,23,300302.0,440,682.5045454545455
1112,3,0,228933.0,437,523.8741418764303
1112,3,1,144474.0,440,328.35
1112,3,2,78010.0,440,177.29545454545453
1112,3,3,41375.0,442,93.60859728506787
1112,3,4,26081.0,446,58.47757847533632
1112,3,5,31408.285714,448,70.10778061160714
1112,3,6,98329.714285,448,219.4859693861607
1112,3,7,255640.0,448,570.625
1112,3,8,312658.0,448,697.8973214285714
1112,3,9,331474.0,447,741.5525727069352
1112,3,10,359608.0,447,804.4921700223714
1112,3,11,364315.0,443,822.3814898419864
1112,3,12,360292.0,440,818.8454545454546
1112,3,13,370311.0,444,834.0337837837837
1112,3,14,349598.0,444,787.3828828828829
1112,3,15,299281.0,443,675.5778781038375
1112,3,16,299976.0,444,675.6216216216217
1112,3,17,327660.0,444,737.972972972973
1112,3,18,355239.0,444,800.0878378378378
1112,3,19,377531.0,444,850.2950450450451
1112,3,20,383797.0,444,864.4076576576576
1112,3,21,379675.0,444,855.1238738738739
1112,3,22,364636.0,444,821.2522522522522
1112,3,23,337234.0,444,759.5360360360361
1112,4,0,286697.0,439,653.0683371298405
1112,4,1,213623.0,444,481.1328828828829
1112,4,2,132682.0,444,298.8333333333333
1112,4,3,74940.0,442,169.54751131221718
1112,4,4,43169.0,440,98.11136363636363
1112,4,5,37169.0,440,84.475
1112,4,6,65128.0,440,148.01818181818183
1112,4,7,132553.0,440,301.2568181818182
1112,4,8,172830.0,440,392.79545454545456
1112,4,9,177816.0,440,404.1272727272727
1112,4,10,223573.0,443,504.67945823927766
1112,4,11,271028.0,444,610.4234234234234
1112,4,12,294742.428571,444,663.8342985833333
1112,4,13,289948.285714,442,655.991596638009
1112,4,14,265212.0,444,597.3243243243244
1112,4,15,235781.0,444,531.0382882882883
1112,4,16,250989.0,444,565.2905405405405
1112,4,17,287948.0,448,642.7410714285714
1112,4,18,334834.0,444,754.1306306306307
1112,4,19,373422.0,448,833.53125
1112,4,20,386586.0,448,862.9151785714286
1112,4,21,374964.0,448,836.9732142857143
1112,4,22,350946.0,448,783.3616071428571
1112,4,23,312127.0,448,696.7120535714286
1112,5,0,244660.0,444,551.0360360360361
1112,5,1,149730.0,448,334.21875
1112,5,2,75857.0,445,170.46516853932584
1112,5,3,38215.0,447,85.49217002237137
1112,5,4,24410.0,448,54.486607142857146
1112,5,5,34116.428570000004,448,76.15274234375
1112,5,6,111710.142857,448,249.35299744866072
1112,5,7,304282.0,447,680.7203579418344
1112,5,8,341366.0,448,761.9776785714286
1112,5,9,350743.0,451,777.7006651884701
1112,5,10,366355.0,450,814.1222222222223
1112,5,11,363119.0,447,812.3467561521253
1112,5,12,358549.0,445,805.7280898876404
1112,5,13,354453.0,449,789.4276169265033
1112,5,14,356165.0,449,793.2405345211581
1112,5,15,335681.0,452,742.6570796460177
1112,5,16,349244.0,452,772.6637168141593
1112,5,17,373129.0,452,825.5066371681415
1112,5,18,374716.0,452,829.0176991150443
1112,5,19,382129.0,452,845.4181415929204
1112,5,20,384697.0,452,851.0995575221239
1112,5,21,371488.0,452,821.8761061946902
1112,5,22,341357.0,452,755.2146017699115
1112,5,23,282012.0,452,623.9203539823009
1112,6,0,201205.0,437,460.4233409610984
1112,6,1,125856.0,448,280.92857142857144
1112,6,2,66155.142857,446,148.32991671973093
1112,6,3,35607.0,444,80.19594594594595
1112,6,4,22397.0,444,50.443693693693696
1112,6,5,29201.142857,444,65.76833976801801
1112,6,6,103152.0,444,232.32432432432432
1112,6,7,291339.857143,444,656.1708494211712
1112,6,8,333630.0,444,751.418918918919
1112,6,9,345800.4,447,773.6026845637584
1112,6,10,361272.0,448,806.4107142857143
1112,6,11,363560.0,448,811.5178571428571
1112,6,12,361568.0,452,799.929203539823
1112,6,13,355024.0,448,792.4642857142857
1112,6,14,353111.0,449,786.4387527839643
1112,6,15,329867.0,448,736.3102678571429
1112,6,16,341478.0,447,763.9328859060403
1112,6,17,364565.2,448,813.7616071428572
1112,6,18,372019.0,444,837.8806306306307
1112,6,19,379250.0,445,852.2471910112359
1112,6,20,383978.0,448,857.09375
1112,6,21,372032.0,448,830.4285714285714
1112,6,22,343393.666667,448,766.5037202388393
1112,6,23,284776.0,446,638.5112107623319
1113,0,0,180071.285715,448,401.9448341852679
1113,0,1,114357.714286,454,251.8892385154185
1113,0,2,62546.285714,454,137.76714914977973
1113,0,3,38289.714285,455,84.15321820879122
1113,0,4,29627.428571,456,64.97243107675439
1113,0,5,49722.857145,456,109.0413533881579
1113,0,6,152595.027778,456,334.6382188114035
1113,0,7,379267.634919,456,831.7272695592105
1113,0,8,406076.634921,453,896.416412629139
1113,0,9,379974.285713,456,833.2769423530701
1113,0,10,381166.142856,455,837.7277864967033
1113,0,11,370115.857144,453,817.0327972273731
1113,0,12,378811.666667,454,834.3869309845815
1113,0,13,388469.714284,454,855.6601636211453
1113,0,14,376008.000001,456,824.5789473706141
1113,0,15,344424.571429,456,755.3170426074562
1113,0,16,354531.142858,456,777.4805764429825
1113,0,17,396516.714285,456,869.554197993421
1113,0,18,403186.142859,456,884.1801378486842
1113,0,19,392892.285712,456,861.6058897192983
1113,0,20,381985.571431,455,839.5287284197802
1113,0,21,349551.714286,456,766.5607769429824
1113,0,22,299032.285714,456,655.7725563903509
1113,0,23,244439.142857,456,536.050751879386
1113,1,0,183073.428571,450,406.82984126888886
1113,1,1,114493.428571,452,253.30404551106193
1113,1,2,63110.428573,452,139.6248419756637
1113,1,3,36819.238095,452,81.45849136061948
1113,1,4,29128.468253,452,64.4435138340708
1113,1,5,50870.928570000004,452,112.54630214601771
1113,1,6,150530.531744,452,333.0321498761062
1113,1,7,371257.257936,452,821.3656149026549
1113,1,8,388440.769842,445,872.9006063865168
1113,1,9,359010.876983,439,817.7924304851937
1113,1,10,357126.511905,436,819.0975043692661
1113,1,11,355001.658731,444,799.5532854301802
1113,1,12,361603.519841,445,812.5921794179775
1113,1,13,369647.214286,444,832.5387709144144
1113,1,14,369009.285715,448,823.6814413281251
1113,1,15,335255.083331,449,746.6705642115813
1113,1,16,352476.63889,452,779.8155727654868
1113,1,17,388460.357141,452,859.4255688960177
1113,1,18,396123.82143,452,876.3801359070796
1113,1,19,389089.642858,452,860.8177939336283
1113,1,20,378283.503968,452,836.9104070088496
1113,1,21,346000.821427,452,765.4885429800885
1113,1,22,296117.178571,449,659.5037384654788
1113,1,23,245035.801587,451,543.3166332305987
1113,2,0,187308.714285,449,417.1686286971047
1113,2,1,118584.071429,449,264.10706331625835
1113,2,2,66158.273811,452,146.36786241371684
1113,2,3,39854.142857,452,88.17288242699115
1113,2,4,31084.968254,452,68.77205365929204
1113,2,5,52251.619048,452,115.60092709734514
1113,2,6,149600.72619,451,331.70892725055427
1113,2,7,366084.626984,450,813.5213932977778
1113,2,8,395116.444443,452,874.1514257588495
1113,2,9,368919.888888,447,825.3241362147651
1113,2,10,367378.984126,443,829.2979325643341
1113,2,11,361192.230159,444,813.4960138716217
1113,2,12,363883.746031,443,821.40800458465
1113,2,13,374421.904761,443,845.196173275395
1113,2,14,365211.999998,441,828.1451247120181
1113,2,15,335002.5873,440,761.3695165909091
1113,2,16,346332.575395,437,792.5230558237986
1113,2,17,384714.920634,443,868.4309720857788
1113,2,18,400682.015876,448,894.3794997232143
1113,2,19,396724.999998,451,879.656319286031
1113,2,20,383114.42857,451,849.4776686696231
1113,2,21,350255.158729,451,776.6189772261641
1113,2,22,303608.428572,452,671.7000632123894
1113,2,23,251754.984127,448,561.9530895691964
1113,3,0,197312.000003,445,443.3977528157303
1113,3,1,129404.857144,448,288.85012755357144
1113,3,2,70836.285715,444,159.5411840427928
1113,3,3,41593.571428,446,93.25912876233184
1113,3,4,31276.857143,451,69.35001583813748
1113,3,5,50460.936506,456,110.65994847807018
1113,3,6,137611.587306,456,301.7797967236842
1113,3,7,306322.904762,456,671.7607560570176
1113,3,8,354036.357144,456,776.3955200526316
1113,3,9,359939.238093,455,791.075248556044
1113,3,10,375593.619046,451,832.8018160665189
1113,3,11,374959.0,449,835.097995545657
1113,3,12,374836.38889,448,836.6883680580357
1113,3,13,379018.857142,452,838.5372945619469
1113,3,14,355807.999999,452,787.1858407057522
1113,3,15,310833.285715,451,689.2090592350332
1113,3,16,318581.142857,452,704.8255372942477
1113,3,17,353417.714285,452,781.8975979756638
1113,3,18,377449.428572,452,835.065107460177
1113,3,19,391252.285714,452,865.6024020221239
1113,3,20,390122.285715,452,863.1024020243362
1113,3,21,366099.428572,452,809.9544879911505
1113,3,22,329981.857143,452,730.0483565110619
1113,3,23,292049.000001,452,646.1261061969027
1113,4,0,250539.428573,447,560.4908916621924
1113,4,1,187455.999999,452,414.72566371460175
1113,4,2,116914.00000100001,452,258.6592920376106
1113,4,3,66891.714285,450,148.64825396666666
1113,4,4,41366.714287,448,92.33641581919643
1113,4,5,45544.571429999996,448,101.66198979910713
1113,4,6,86076.714286,448,192.13552295982143
1113,4,7,148758.428572,448,332.05006377678575
1113,4,8,183570.142858,448,409.7547831651786
1113,4,9,197788.142857,448,441.4913903058036
1113,4,10,238463.999999,451,528.7450110842572
1113,4,11,274449.714286,452,607.1896333761061
1113,4,12,293366.714286,452,649.0414032876106
1113,4,13,288133.285715,449,641.7222398997773
1113,4,14,264545.142856,452,585.2768647256637
1113,4,15,245132.142859,452,542.3277496880531
1113,4,16,264653.202382,451,586.8141959689578
1113,4,17,304725.349205,455,669.7260422087911
1113,4,18,347680.126983,452,769.2038207588496
1113,4,19,379462.571427,456,832.1547619013157
1113,4,20,388332.412702,460,844.2008971782609
1113,4,21,361543.841271,460,785.9648723282609
1113,4,22,328710.571431,460,714.5881987630435
1113,4,23,292217.285713,460,635.2549689413044
1113,5,0,231450.714284,456,507.5673558859649
1113,5,1,141583.428572,460,307.79006211304346
1113,5,2,70754.714285,457,154.82432009846826
1113,5,3,38145.428570000004,459,83.1055088671024
1113,5,4,29599.865077,460,64.34753277608695
1113,5,5,55460.531746,460,120.56637336086956
1113,5,6,159834.091269,460,347.4654158021739
1113,5,7,383106.539682,459,834.6547705490196
1113,5,8,402970.158728,459,877.9306290370371
1113,5,9,377563.285715,460,820.7897515543478
1113,5,10,376924.460318,458,822.979171
1113,5,11,366920.174604,455,806.4179661626374
1113,5,12,366702.619047,453,809.4980552913908
1113,5,13,380463.571429,459,828.8966697799565
1113,5,14,375320.571429,460,815.9142857152174
1113,5,15,341769.587302,460,742.9773637000001
1113,5,16,353621.619048,460,768.7426501043478
1113,5,17,394545.746033,460,857.70814355
1113,5,18,403427.396825,460,877.0160800543479
1113,5,19,389599.428571,460,846.9552795021739
1113,5,20,380395.06349,460,826.9457901956521
1113,5,21,342503.714283,460,744.5732919195651
1113,5,22,290750.857143,460,632.0670807456522
1113,5,23,234798.285714,460,510.4310559
1113,6,0,173567.857143,445,390.04012841123597
1113,6,1,113323.285715,456,248.51597744517545
1113,6,2,61180.857145,456,134.16854637061405
1113,6,3,36802.079365,456,80.70631439692983
1113,6,4,28910.142859,456,63.399436094298245
1113,6,5,50240.571428,456,110.17669172807018
1113,6,6,147774.111111,456,324.06603313815793
1113,6,7,366151.436508,456,802.9636765526316
1113,6,8,395039.84127,456,866.3154413815789
1113,6,9,372371.142855,453,822.0113528807947
1113,6,10,376712.999999,454,829.7643171784141
1113,6,11,368314.857144,456,807.7080200526316
1113,6,12,370933.857144,460,806.3779503130435
1113,6,13,377819.857143,456,828.5523182960526
1113,6,14,367949.000001,452,814.0464601792036
1113,6,15,337664.000001,456,740.4912280723685
1113,6,16,354374.0,455,778.843956043956
1113,6,17,387073.428572,453,854.4667297395143
1113,6,18,396294.000001,450,880.6533333355555
1113,6,19,390907.714286,454,861.0302076784141
1113,6,20,381243.714286,456,836.0607769429824
1113,6,21,346504.0,456,759.8771929824561
1113,6,22,296323.714286,456,649.8327067675439
1113,6,23,238392.428572,451,528.5863161241685
1115,0,0,98934.0,233,424.6094420600858
1115,0,1,59970.5,236,254.11228813559322
1115,0,2,32535.0,236,137.86016949152543
1115,0,3,19843.5,236,84.08262711864407
1115,0,4,18101.875,236,76.70286016949153
1115,0,5,32643.5,236,138.3199152542373
1115,0,6,100213.5,236,424.63347457627117
1115,0,7,194353.0,236,823.5296610169491
1115,0,8,225042.5,236,953.5699152542373
1115,0,9,226617.375,236,960.2431144067797
1115,0,10,224119.125,236,949.6573093220339
1115,0,11,224085.25,236,949.5137711864406
1115,0,12,221216.875,236,937.3596398305085
1115,0,13,219327.75,236,929.354872881356
1115,0,14,205593.75,236,871.1599576271186
1115,0,15,198689.625,236,841.9051906779661
1115,0,16,207805.0,236,880.5296610169491
1115,0,17,216338.375,236,916.6880296610169
1115,0,18,217619.625,236,922.1170550847457
1115,0,19,217085.875,236,919.8554025423729
1115,0,20,210708.625,236,892.8331567796611
1115,0,21,186817.875,236,791.6011652542373
1115,0,22,161457.625,236,684.1424788135594
1115,0,23,131061.75,239,548.3755230125523
1115,1,0,97083.0,231,420.27272727272725
1115,1,1,59477.5,236,252.02330508474577
1115,1,2,32084.0,234,137.11111111111111
1115,1,3,18457.5,234,78.87820512820512
1115,1,4,17266.5,236,73.16313559322033
1115,1,5,33152.5,236,140.47669491525423
1115,1,6,98535.5,236,417.52330508474574
1115,1,7,190445.0,236,806.9703389830509
1115,1,8,226539.0,236,959.9110169491526
1115,1,9,222766.5,233,956.0793991416309
1115,1,10,216774.5,232,934.3728448275862
1115,1,11,217721.5,232,938.4547413793103
1115,1,12,214270.5,232,923.5797413793103
1115,1,13,211620.5,233,908.2424892703863
1115,1,14,203558.25,236,862.5349576271186
1115,1,15,199759.0,236,846.4364406779661
1115,1,16,206544.875,236,875.1901483050848
1115,1,17,215280.75,236,912.2065677966102
1115,1,18,216033.125,236,915.3945974576271
1115,1,19,217514.625,236,921.6721398305085
1115,1,20,207669.0,236,879.9533898305085
1115,1,21,184447.125,235,784.8813829787234
1115,1,22,159819.0,233,685.9184549356223
1115,1,23,132709.5,234,567.1346153846154
1115,2,0,101898.0,231,441.1168831168831
1115,2,1,61155.5,231,264.74242424242425
1115,2,2,35065.0,232,151.14224137931035
1115,2,3,21680.5,232,93.45043103448276
1115,2,4,19426.0,232,83.73275862068965
1115,2,5,34209.0,232,147.45258620689654
1115,2,6,99399.5,232,428.4461206896552
1115,2,7,188556.5,232,812.7435344827586
1115,2,8,225421.5,232,971.6443965517242
1115,2,9,223336.5,232,962.6573275862069
1115,2,10,221812.5,232,956.0883620689655
1115,2,11,220828.5,232,951.8469827586207
1115,2,12,218696.5,232,942.6573275862069
1115,2,13,215645.0,232,929.5043103448276
1115,2,14,203410.5,232,876.7693965517242
1115,2,15,196267.5,232,845.9806034482758
1115,2,16,201874.5,232,870.1487068965517
1115,2,17,212675.5,232,916.7047413793103
1115,2,18,214999.0,232,926.7198275862069
1115,2,19,212738.5,229,928.9890829694323
1115,2,20,208318.0,232,897.9224137931035
1115,2,21,186432.5,232,803.5883620689655
1115,2,22,160508.5,232,691.8469827586207
1115,2,23,133291.0,232,574.5301724137931
1115,3,0,107293.5,234,458.5192307692308
1115,3,1,66053.0,236,279.885593220339
1115,3,2,35055.0,236,148.53813559322035
1115,3,3,21158.5,237,89.27637130801688
1115,3,4,18789.5,236,79.61652542372882
1115,3,5,33079.5,236,140.16737288135593
1115,3,6,91301.5,236,386.8707627118644
1115,3,7,174696.0,236,740.2372881355932
1115,3,8,227413.5,236,963.6165254237288
1115,3,9,228157.5,236,966.7690677966102
1115,3,10,230171.0,236,975.3008474576271
1115,3,11,228309.0,235,971.5276595744681
1115,3,12,225417.5,236,955.1588983050848
1115,3,13,221948.0,236,940.457627118644
1115,3,14,221680.0,236,939.3220338983051
1115,3,15,204899.0,236,868.2161016949152
1115,3,16,201659.0,235,858.1234042553192
1115,3,17,210528.5,236,892.0699152542373
1115,3,18,216283.5,236,916.4555084745763
1115,3,19,219278.0,236,929.1440677966102
1115,3,20,208622.5,236,883.9936440677966
1115,3,21,186916.0,236,792.0169491525423
1115,3,22,166980.0,236,707.542372881356
1115,3,23,144655.0,236,612.9449152542373
1115,4,0,124670.5,233,535.0665236051502
1115,4,1,87579.0,236,371.0974576271187
1115,4,2,53632.5,236,227.25635593220338
1115,4,3,30342.0,236,128.5677966101695
1115,4,4,21889.625,236,92.75264830508475
1115,4,5,25371.625,236,107.50688559322033
1115,4,6,54644.5,237,230.56751054852322
1115,4,7,87330.5,236,370.0444915254237
1115,4,8,107684.5,236,456.29025423728814
1115,4,9,130503.0,236,552.978813559322
1115,4,10,169689.375,234,725.1682692307693
1115,4,11,197100.375,235,838.725
1115,4,12,202563.375,236,858.3193855932203
1115,4,13,191224.375,236,810.2727754237288
1115,4,14,168724.5,236,714.9343220338983
1115,4,15,150120.125,236,636.1022245762712
1115,4,16,156243.25,236,662.0476694915254
1115,4,17,174820.75,237,737.6402953586498
1115,4,18,194748.875,236,825.2070974576271
1115,4,19,202292.875,236,857.1731991525423
1115,4,20,192030.375,236,813.6880296610169
1115,4,21,176195.875,236,746.5926906779661
1115,4,22,166552.5,236,705.7309322033898
1115,4,23,153851.375,236,651.9126059322034
1115,5,0,127077.75,234,543.0673076923077
1115,5,1,75832.875,236,321.3257415254237
1115,5,2,37316.875,236,158.12235169491527
1115,5,3,19809.625,236,83.93908898305085
1115,5,4,17715.75,235,75.38617021276596
1115,5,5,33700.25,232,145.25969827586206
1115,5,6,103220.5,235,439.23617021276596
1115,5,7,198204.125,236,839.8479872881356
1115,5,8,233633.5,236,989.9724576271186
1115,5,9,229068.0,236,970.6271186440678
1115,5,10,228833.5,236,969.6334745762712
1115,5,11,227279.0,236,963.0466101694915
1115,5,12,223160.0,236,945.5932203389831
1115,5,13,219327.0,236,929.3516949152543
1115,5,14,207164.5,236,877.8156779661017
1115,5,15,200613.5,235,853.6744680851064
1115,5,16,205552.0,232,886.0
1115,5,17,214379.0,232,924.0474137931035
1115,5,18,216818.5,232,934.5625
1115,5,19,217388.0,232,937.0172413793103
1115,5,20,208157.5,232,897.2306034482758
1115,5,21,182332.0,230,792.7478260869565
1115,5,22,156207.0,231,676.2207792207793
1115,5,23,123713.5,232,533.2478448275862
1115,6,0,93448.0,227,411.6651982378855
1115,6,1,56880.0,232,245.17241379310346
1115,6,2,30890.0,232,133.14655172413794
1115,6,3,18128.5,232,78.14008620689656
1115,6,4,17561.5,232,75.69612068965517
1115,6,5,32373.0,232,139.53879310344828
1115,6,6,96147.5,229,419.8580786026201
1115,6,7,188237.0,232,811.3663793103449
1115,6,8,228418.5,232,984.5625
1115,6,9,226260.5,232,975.260775862069
1115,6,10,224666.5,232,968.3900862068965
1115,6,11,222625.0,232,959.5905172413793
1115,6,12,219678.0,232,946.8879310344828
1115,6,13,216959.5,232,935.1702586206897
1115,6,14,204219.0,233,876.4763948497854
1115,6,15,197302.0,232,850.4396551724138
1115,6,16,205955.5,232,887.739224137931
1115,6,17,216311.5,232,932.3771551724138
1115,6,18,217058.0,232,935.5948275862069
1115,6,19,216210.0,232,931.9396551724138
1115,6,20,208898.5,232,900.4245689655172
1115,6,21,185500.5,232,799.5711206896551
1115,6,22,160125.0,232,690.1939655172414
1115,6,23,129703.5,232,559.0668103448276
1116,0,0,289574.0,452,640.6504424778761
1116,0,1,184314.0,458,402.43231441048033
1116,0,2,98882.909091,458,215.90154823362445
1116,0,3,50046.0,456,109.75
1116,0,4,29315.0,456,64.28728070175438
1116,0,5,33366.636363,452,73.81999195353981
1116,0,6,117627.024242,456,257.95400053070176
1116,0,7,415215.181819,456,910.559609252193
1116,0,8,487591.090909,453,1076.3600240816777
1116,0,9,495236.0,456,1086.0438596491229
1116,0,10,506540.0,456,1110.8333333333333
1116,0,11,511631.0,456,1121.997807017544
1116,0,12,512820.0,456,1124.6052631578948
1116,0,13,510447.0,456,1119.4013157894738
1116,0,14,513003.0,456,1125.0065789473683
1116,0,15,471332.0,456,1033.622807017544
1116,0,16,482028.0,456,1057.078947368421
1116,0,17,501242.0,456,1099.2149122807018
1116,0,18,495103.0,456,1085.752192982456
1116,0,19,495588.0,456,1086.8157894736842
1116,0,20,490633.0,456,1075.9495614035088
1116,0,21,478629.0,456,1049.625
1116,0,22,445301.0,454,980.8392070484582
1116,0,23,384047.0,456,842.2083333333334
1116,1,0,291776.0,450,648.3911111111111
1116,1,1,181472.0,450,403.2711111111111
1116,1,2,93883.0,448,209.56026785714286
1116,1,3,46570.0,448,103.95089285714286
1116,1,4,27539.0,448,61.470982142857146
1116,1,5,33481.909091,448,74.73640422098215
1116,1,6,117573.8,448,262.44151785714286
1116,1,7,405119.272727,448,904.2840909084822
1116,1,8,478209.818182,448,1067.4326298705357
1116,1,9,475308.545454,440,1080.2466942136364
1116,1,10,485246.090909,440,1102.832024793182
1116,1,11,490842.0,443,1107.9954853273139
1116,1,12,493968.0,441,1120.108843537415
1116,1,13,493531.0,441,1119.1179138321995
1116,1,14,491974.0,444,1108.0495495495495
1116,1,15,454754.0,448,1015.0758928571429
1116,1,16,473921.0,452,1048.4977876106195
1116,1,17,490794.0,449,1093.0824053452116
1116,1,18,485569.0,452,1074.2676991150443
1116,1,19,487706.0,452,1078.995575221239
1116,1,20,480534.0,449,1070.2316258351893
1116,1,21,471224.0,452,1042.5309734513273
1116,1,22,442195.0,449,984.8440979955457
1116,1,23,382132.0,451,847.2993348115299
1116,2,0,299367.0,449,666.7416481069042
1116,2,1,190594.0,452,421.66814159292034
1116,2,2,103607.0,452,229.21902654867256
1116,2,3,54147.0,452,119.79424778761062
1116,2,4,30997.0,452,68.57743362831859
1116,2,5,34960.818182,452,77.34694288053097
1116,2,6,116932.818181,452,258.7009251792035
1116,2,7,401717.909091,451,890.7270711552106
1116,2,8,478978.272727,452,1059.6864440862832
1116,2,9,487404.254545,452,1078.3279967809733
1116,2,10,498726.363636,452,1103.3769106991151
1116,2,11,499463.484848,449,1112.3908348507796
1116,2,12,500469.333333,447,1119.618195375839
1116,2,13,503027.0,451,1115.3592017738358
1116,2,14,501257.0,451,1111.4345898004435
1116,2,15,463128.272727,449,1031.4660862516703
1116,2,16,475611.0,451,1054.569844789357
1116,2,17,485386.0,449,1081.0378619153676
1116,2,18,480717.272727,452,1063.5337892190266
1116,2,19,479038.0,452,1059.8185840707965
1116,2,20,474962.818182,451,1053.1326345498892
1116,2,21,468515.0,451,1038.8359201773835
1116,2,22,451286.0,452,998.4203539823009
1116,2,23,395673.0,448,883.1986607142857
1116,3,0,318994.0,445,716.8404494382022
1116,3,1,207027.0,448,462.1138392857143
1116,3,2,111394.0,448,248.64732142857142
1116,3,3,56845.0,450,126.32222222222222
1116,3,4,33243.0,454,73.22246696035242
1116,3,5,36146.363636,456,79.26834130701755
1116,3,6,107584.109091,456,235.93006379605265
1116,3,7,349868.727273,456,767.2559808618421
1116,3,8,449909.0,456,986.6425438596491
1116,3,9,478776.0,455,1052.254945054945
1116,3,10,500018.0,456,1096.530701754386
1116,3,11,508879.0,455,1118.4153846153847
1116,3,12,508291.0,456,1114.673245614035
1116,3,13,512045.0,456,1122.905701754386
1116,3,14,496061.0,456,1087.8530701754387
1116,3,15,411234.0,456,901.828947368421
1116,3,16,410533.0,456,900.2916666666666
1116,3,17,449798.0,456,986.3991228070175
1116,3,18,475312.0,456,1042.3508771929824
1116,3,19,484094.0,456,1061.609649122807
1116,3,20,484898.0,456,1063.372807017544
1116,3,21,479632.0,456,1051.8245614035088
1116,3,22,462661.0,456,1014.6074561403509
1116,3,23,443448.0,456,972.4736842105264
1116,4,0,401434.0,451,890.0975609756098
1116,4,1,320248.0,456,702.2982456140351
1116,4,2,211279.0,456,463.3311403508772
1116,4,3,118674.0,454,261.3964757709251
1116,4,4,65156.0,452,144.1504424778761
1116,4,5,48985.0,452,108.37389380530973
1116,4,6,73689.0,452,163.0287610619469
1116,4,7,141933.0,452,314.01106194690266
1116,4,8,218048.0,452,482.4070796460177
1116,4,9,250895.0,452,555.0774336283185
1116,4,10,328079.0,455,721.0527472527473
1116,4,11,399751.0,456,876.6469298245614
1116,4,12,438943.0,456,962.594298245614
1116,4,13,436026.0,456,956.1973684210526
1116,4,14,382874.0,456,839.6359649122807
1116,4,15,323355.0,456,709.1118421052631
1116,4,16,336976.0,455,740.6065934065934
1116,4,17,381036.0,456,835.6052631578947
1116,4,18,437971.0,456,960.4627192982456
1116,4,19,470974.0,456,1032.8377192982457
1116,4,20,476173.0,456,1044.2390350877192
1116,4,21,463381.0,456,1016.186403508772
1116,4,22,447206.0,456,980.7149122807018
1116,4,23,409906.0,456,898.9166666666666
1116,5,0,334240.0,452,739.4690265486726
1116,5,1,216628.0,456,475.06140350877195
1116,5,2,110661.0,453,244.28476821192052
1116,5,3,53671.0,455,117.95824175824175
1116,5,4,29182.0,456,63.99561403508772
1116,5,5,34919.454546,456,76.57775119736843
1116,5,6,119489.090909,456,262.0374800635965
1116,5,7,413483.0,456,906.7609649122807
1116,5,8,481581.0,455,1058.4197802197803
1116,5,9,491990.0,458,1074.2139737991267
1116,5,10,503772.0,458,1099.938864628821
1116,5,11,512715.0,460,1114.5978260869565
1116,5,12,509512.0,457,1114.9059080962802
1116,5,13,498329.0,451,1104.9423503325943
1116,5,14,504755.0,455,1109.3516483516485
1116,5,15,467143.0,460,1015.5282608695652
1116,5,16,479067.636364,460,1041.4513834
1116,5,17,499709.909091,460,1086.325889328261
1116,5,18,499234.0,460,1085.291304347826
1116,5,19,497209.0,460,1080.8891304347826
1116,5,20,491657.0,460,1068.8195652173913
1116,5,21,474606.0,460,1031.7521739130434
1116,5,22,443045.0,460,963.1413043478261
1116,5,23,370863.0,460,806.2239130434782
1116,6,0,278859.0,445,626.6494382022472
1116,6,1,181257.0,456,397.49342105263156
1116,6,2,98774.0,456,216.609649122807
1116,6,3,50150.0,456,109.9780701754386
1116,6,4,28914.0,456,63.4078947368421
1116,6,5,33694.909091,456,73.89234449780702
1116,6,6,115835.909091,456,254.02611642763156
1116,6,7,400764.672727,456,878.8698963311404
1116,6,8,479783.0,456,1052.155701754386
1116,6,9,490100.0,456,1074.780701754386
1116,6,10,497838.0,454,1096.5594713656387
1116,6,11,502124.0,452,1110.8938053097345
1116,6,12,507581.0,458,1108.2554585152839
1116,6,13,508681.0,456,1115.5285087719299
1116,6,14,503148.0,455,1105.8197802197801
1116,6,15,460596.0,456,1010.078947368421
1116,6,16,476758.0,455,1047.8197802197801
1116,6,17,496620.0,454,1093.876651982379
1116,6,18,491102.0,449,1093.7683741648107
1116,6,19,491687.727273,453,1085.4033714635761
1116,6,20,487707.0,456,1069.532894736842
1116,6,21,473505.0,456,1038.3881578947369
1116,6,22,446439.0,456,979.0328947368421
1116,6,23,378884.0,456,830.8859649122807
1117,0,0,170143.0,452,376.4225663716814
1117,0,1,113928.0,458,248.75109170305677
1117,0,2,64218.0,458,140.21397379912665
1117,0,3,33839.0,456,74.20833333333333
1117,0,4,19202.0,456,42.10964912280702
1117,0,5,19226.0,452,42.5353982300885
1117,0,6,64836.2,456,142.184649122807
1117,0,7,208473.0,456,457.17763157894734
1117,0,8,253927.0,453,560.5452538631347
1117,0,9,265411.0,456,582.0416666666666
1117,0,10,274128.0,456,601.1578947368421
1117,0,11,278535.0,456,610.8223684210526
1117,0,12,279953.0,456,613.9320175438596
1117,0,13,280646.0,456,615.4517543859649
1117,0,14,274771.0,456,602.5679824561404
1117,0,15,252379.0,456,553.4627192982456
1117,0,16,262614.0,456,575.9078947368421
1117,0,17,274841.0,454,605.3766519823788
1117,0,18,269947.0,456,591.9890350877193
1117,0,19,261314.0,456,573.0570175438596
1117,0,20,252592.0,456,553.9298245614035
1117,0,21,250293.0,456,548.8881578947369
1117,0,22,238780.0,456,523.640350877193
1117,0,23,214101.0,456,469.51973684210526
1117,1,0,172498.0,450,383.3288888888889
1117,1,1,113532.0,452,251.1769911504425
1117,1,2,63152.0,452,139.71681415929203
1117,1,3,32591.0,452,72.10398230088495
1117,1,4,18935.0,452,41.89159292035398
1117,1,5,20028.0,452,44.309734513274336
1117,1,6,64439.0,452,142.56415929203538
1117,1,7,202679.6,452,448.4061946902655
1117,1,8,251506.0,452,556.429203539823
1117,1,9,258215.0,447,577.6621923937361
1117,1,10,266991.0,444,601.331081081081
1117,1,11,273559.0,447,611.9888143176734
1117,1,12,273888.0,445,615.4786516853933
1117,1,13,272676.0,445,612.7550561797752
1117,1,14,268776.0,448,599.9464285714286
1117,1,15,246492.0,449,548.9799554565701
1117,1,16,257156.0,452,568.929203539823
1117,1,17,268485.0,449,597.9621380846326
1117,1,18,264876.0,452,586.0088495575221
1117,1,19,256102.0,452,566.5973451327434
1117,1,20,246892.0,449,549.8708240534521
1117,1,21,247225.0,452,546.95796460177
1117,1,22,233568.0,449,520.195991091314
1117,1,23,212860.0,451,471.97339246119736
1117,2,0,175871.0,449,391.69487750556794
1117,2,1,118374.0,452,261.8893805309734
1117,2,2,67548.0,452,149.44247787610618
1117,2,3,35914.0,452,79.45575221238938
1117,2,4,20176.0,452,44.63716814159292
1117,2,5,20401.0,452,45.13495575221239
1117,2,6,64353.8,452,142.37566371681416
1117,2,7,202704.6,451,449.4558758314856
1117,2,8,250198.0,451,554.7627494456763
1117,2,9,261734.4,452,579.058407079646
1117,2,10,271433.6,452,600.516814159292
1117,2,11,276254.0,452,611.1814159292036
1117,2,12,276877.0,451,613.9179600886918
1117,2,13,274466.0,451,608.5720620842573
1117,2,14,268833.0,451,596.0820399113082
1117,2,15,252205.0,449,561.7037861915368
1117,2,16,259624.2,451,575.6634146341464
1117,2,17,266219.2,449,592.9158129175947
1117,2,18,263464.8,452,582.8867256637168
1117,2,19,253167.0,452,560.1039823008849
1117,2,20,243483.0,451,539.8736141906874
1117,2,21,244285.0,451,541.6518847006652
1117,2,22,236535.0,452,523.3075221238938
1117,2,23,218697.0,448,488.16294642857144
1117,3,0,185946.0,444,418.7972972972973
1117,3,1,129360.0,446,290.04484304932737
1117,3,2,73294.0,448,163.60267857142858
1117,3,3,38489.0,450,85.53111111111112
1117,3,4,23610.0,455,51.89010989010989
1117,3,5,22804.0,456,50.00877192982456
1117,3,6,63866.6,456,140.05833333333334
1117,3,7,181498.8,456,398.0236842105263
1117,3,8,235716.0,452,521.4955752212389
1117,3,9,256188.0,452,566.787610619469
1117,3,10,275218.0,456,603.5482456140351
1117,3,11,279725.0,455,614.7802197802198
1117,3,12,281570.0,456,617.4780701754386
1117,3,13,283080.0,456,620.7894736842105
1117,3,14,263571.0,456,578.0065789473684
1117,3,15,222041.0,456,486.9320175438597
1117,3,16,226543.0,456,496.8048245614035
1117,3,17,242913.0,456,532.703947368421
1117,3,18,250853.0,456,550.1162280701755
1117,3,19,249503.0,456,547.155701754386
1117,3,20,244667.0,456,536.5504385964912
1117,3,21,245055.0,456,537.4013157894736
1117,3,22,241677.0,456,529.9934210526316
1117,3,23,235506.0,456,516.4605263157895
1117,4,0,227359.0,451,504.1219512195122
1117,4,1,194534.0,456,426.609649122807
1117,4,2,136549.0,456,299.44956140350877
1117,4,3,79638.0,454,175.41409691629957
1117,4,4,43587.0,452,96.43141592920354
1117,4,5,30420.0,452,67.30088495575221
1117,4,6,47750.0,452,105.64159292035399
1117,4,7,97320.0,452,215.30973451327435
1117,4,8,128743.0,452,284.82964601769913
1117,4,9,144488.0,452,319.6637168141593
1117,4,10,186085.0,455,408.97802197802196
1117,4,11,226506.0,456,496.7236842105263
1117,4,12,245198.0,456,537.7149122807018
1117,4,13,240170.0,456,526.688596491228
1117,4,14,215962.0,456,473.60087719298247
1117,4,15,191432.0,456,419.8070175438597
1117,4,16,201704.0,455,443.3054945054945
1117,4,17,224506.0,458,490.1877729257642
1117,4,18,242766.0,457,531.2166301969365
1117,4,19,253053.0,460,550.1152173913043
1117,4,20,247109.0,460,537.1934782608696
1117,4,21,244877.0,460,532.341304347826
1117,4,22,240454.0,460,522.7260869565217
1117,4,23,227490.0,460,494.54347826086956
1117,5,0,197360.0,456,432.8070175438597
1117,5,1,134876.0,460,293.2086956521739
1117,5,2,73045.0,457,159.835886214442
1117,5,3,37715.0,459,82.1677559912854
1117,5,4,21321.0,460,46.35
1117,5,5,22377.0,460,48.64565217391304
1117,5,6,68778.2,460,149.51782608695652
1117,5,7,210831.0,460,458.3282608695652
1117,5,8,256165.0,460,556.8804347826087
1117,5,9,265177.0,460,576.4717391304348
1117,5,10,274856.0,458,600.1222707423581
1117,5,11,280163.0,460,609.05
1117,5,12,278557.0,458,608.203056768559
1117,5,13,278438.0,459,606.6187363834423
1117,5,14,272349.0,460,592.0630434782609
1117,5,15,250211.6,460,543.9382608695653
1117,5,16,258442.0,460,561.8304347826087
1117,5,17,273819.0,460,595.258695652174
1117,5,18,270093.0,460,587.158695652174
1117,5,19,259424.0,460,563.9652173913043
1117,5,20,253012.0,460,550.0260869565218
1117,5,21,247053.0,460,537.0717391304348
1117,5,22,232472.0,460,505.37391304347824
1117,5,23,206882.0,460,449.74347826086955
1117,6,0,164798.0,445,370.3325842696629
1117,6,1,113433.0,456,248.7565789473684
1117,6,2,64112.0,456,140.59649122807016
1117,6,3,33990.0,456,74.53947368421052
1117,6,4,19305.0,456,42.33552631578947
1117,6,5,19529.4,456,42.82763157894737
1117,6,6,64279.8,456,140.96447368421053
1117,6,7,204133.2,456,447.6605263157895
1117,6,8,250434.2,456,549.1978070175439
1117,6,9,260641.0,456,571.5811403508771
1117,6,10,272559.0,456,597.7171052631579
1117,6,11,275376.0,456,603.8947368421053
1117,6,12,278100.0,458,607.2052401746724
1117,6,13,278314.0,456,610.3377192982456
1117,6,14,268463.0,455,590.0285714285715
1117,6,15,246834.0,456,541.3026315789474
1117,6,16,256310.0,455,563.3186813186813
1117,6,17,271713.4,456,595.8627192982457
1117,6,18,265085.0,452,586.4712389380531
1117,6,19,256857.0,453,567.0132450331126
1117,6,20,251388.0,456,551.2894736842105
1117,6,21,245341.0,456,538.0285087719299
1117,6,22,234329.0,456,513.8793859649123
1117,6,23,208155.0,456,456.48026315789474
1119,0,0,96499.333333,229,421.39446870305676
1119,0,1,59060.0,232,254.56896551724137
1119,0,2,29698.666667,232,128.01149425431035
1119,0,3,14568.666667,232,62.79597701293103
1119,0,4,8129.761905,232,35.04207717672414
1119,0,5,8911.333333,232,38.4109195387931
1119,0,6,34331.380952,235,146.09098277446807
1119,0,7,140376.428572,236,594.8153753050848
1119,0,8,170787.0,236,723.6737288135594
1119,0,9,169903.428571,236,719.9297820805085
1119,0,10,173690.428571,234,742.2667887649573
1119,0,11,175432.666665,235,746.5219858085106
1119,0,12,177453.0,235,755.1191489361702
1119,0,13,177915.714286,232,766.8780788189655
1119,0,14,172861.761905,232,745.0938013146551
1119,0,15,160761.380952,232,692.936986862069
1119,0,16,170414.52381,236,722.0954398728815
1119,0,17,172424.047618,236,730.610371262712
1119,0,18,170840.476191,236,723.9003228432204
1119,0,19,171805.857141,236,727.990920088983
1119,0,20,173518.52381,236,735.2479822457627
1119,0,21,177206.0,236,750.8728813559322
1119,0,22,167834.61904700001,236,711.1636400296611
1119,0,23,140432.428571,240,585.1351190458333
1119,1,0,101006.000002,234,431.64957265811967
1119,1,1,60967.619048,236,258.33736884745764
1119,1,2,31431.761904,236,133.18543179661017
1119,1,3,15291.380951,236,64.79398708050847
1119,1,4,9040.571426999999,236,38.307506046610165
1119,1,5,9821.714286,236,41.61743341525424
1119,1,6,34746.714286,236,147.23184019491526
1119,1,7,138370.380951,236,586.3151735211865
1119,1,8,167111.0,236,708.0974576271186
1119,1,9,163755.190474,233,702.8119762832619
1119,1,10,169140.0,232,729.051724137931
1119,1,11,172136.142857,232,741.9661330043103
1119,1,12,173952.142858,232,749.7937192155173
1119,1,13,174164.428571,230,757.2366459608695
1119,1,14,167222.571429,232,720.7869458146552
1119,1,15,152552.285715,232,657.5529556681034
1119,1,16,164940.714285,232,710.9513546767241
1119,1,17,168744.000001,232,727.3448275905173
1119,1,18,169809.285714,232,731.9365763534482
1119,1,19,172095.285715,232,741.7900246336208
1119,1,20,174190.571429,232,750.8214285732759
1119,1,21,174784.000001,232,753.379310349138
1119,1,22,161835.428571,229,706.7049282576419
1119,1,23,134842.0,230,586.2695652173913
1119,2,0,99676.857143,228,437.17919799561406
1119,2,1,60597.285714,227,266.948395215859
1119,2,2,31475.571428,228,138.05075187719297
1119,2,3,15808.142856,228,69.33395989473685
1119,2,4,8900.999999,228,39.03947367982456
1119,2,5,9659.047619,228,42.36424394298246
1119,2,6,34757.285715,228,152.44423559210526
1119,2,7,135262.857143,228,593.258145364035
1119,2,8,164210.857143,227,723.3958464449339
1119,2,9,162623.0,226,719.570796460177
1119,2,10,169299.0,228,742.5394736842105
1119,2,11,169473.0,228,743.3026315789474
1119,2,12,171382.0,228,751.6754385964912
1119,2,13,174266.0,228,764.3245614035088
1119,2,14,169242.0,228,742.2894736842105
1119,2,15,161732.0,228,709.3508771929825
1119,2,16,163046.0,227,718.2643171806168
1119,2,17,167325.0,228,733.8815789473684
1119,2,18,167889.0,232,723.6594827586207
1119,2,19,168119.0,232,724.6508620689655
1119,2,20,166929.0,233,716.4334763948498
1119,2,21,175624.0,232,757.0
1119,2,22,170707.0,232,735.8060344827586
1119,2,23,144295.0,232,621.9612068965517
1119,3,0,109139.0,234,466.4059829059829
1119,3,1,68827.0,236,291.6398305084746
1119,3,2,35542.0,236,150.60169491525423
1119,3,3,18370.428572,237,77.51235684388186
1119,3,4,10239.428571,236,43.38740919915254
1119,3,5,10062.857143,236,42.63922518220339
1119,3,6,32482.619047,235,138.22391083829788
1119,3,7,114093.333334,236,483.44632768644067
1119,3,8,148193.0,235,630.6085106382978
1119,3,9,159972.0,235,680.731914893617
1119,3,10,174353.0,236,738.7838983050848
1119,3,11,179929.0,235,765.6553191489362
1119,3,12,178248.0,236,755.2881355932203
1119,3,13,179362.0,236,760.0084745762712
1119,3,14,160692.0,236,680.8983050847457
1119,3,15,136713.0,236,579.292372881356
1119,3,16,138561.285714,232,597.2469211810345
1119,3,17,152985.142857,235,651.0006079021276
1119,3,18,165895.285713,235,705.937386012766
1119,3,19,168886.428571,235,718.665653493617
1119,3,20,167363.428572,236,709.167070220339
1119,3,21,175664.857143,236,744.3426150127119
1119,3,22,180528.714286,236,764.9521791779661
1119,3,23,167539.571428,236,709.9134382542372
1119,4,0,139350.142857,233,598.0692826480687
1119,4,1,102997.142857,236,436.4285714279661
1119,4,2,62020.428571,236,262.79842614830505
1119,4,3,32785.571428,236,138.9219128305085
1119,4,4,17542.857143,236,74.33414043644068
1119,4,5,11749.428571,236,49.78571428389831
1119,4,6,17636.857143,237,74.41711874683544
1119,4,7,46264.714286,236,196.03692494067798
1119,4,8,71163.285714,236,301.5393462457627
1119,4,9,80851.714286,236,342.5920096864407
1119,4,10,104111.285713,236,441.14951573305086
1119,4,11,129258.285714,236,547.7046004830509
1119,4,12,143560.0,236,608.3050847457627
1119,4,13,141137.142858,236,598.0387409237288
1119,4,14,125116.857143,236,530.1561743347457
1119,4,15,116191.714285,236,492.33777239406777
1119,4,16,120588.142857,236,510.96670702118644
1119,4,17,134158.57143,237,566.0699216455697
1119,4,18,156652.571429,236,663.7820823262712
1119,4,19,174234.285715,236,738.2808716737288
1119,4,20,178615.428571,236,756.8450363177966
1119,4,21,179711.571428,236,761.489709440678
1119,4,22,170803.285714,236,723.7427360762712
1119,4,23,146528.142858,236,620.8819612627119
1119,5,0,111580.857142,234,476.84126983760683
1119,5,1,68499.428571,236,290.25181597881357
1119,5,2,34022.714286,236,144.16404358474577
1119,5,3,16312.857143000001,236,69.12227602966102
1119,5,4,8956.428569,236,37.95096851271186
1119,5,5,9973.571428,236,42.26089588135593
1119,5,6,35831.857143,236,151.82990314830508
1119,5,7,140745.571428,236,596.3795399491526
1119,5,8,171862.799999,236,728.2322033855933
1119,5,9,171380.999999,236,726.1906779618644
1119,5,10,173228.571429,235,737.1428571446809
1119,5,11,174661.428571,236,740.090799029661
1119,5,12,176393.866667,236,747.4316384194915
1119,5,13,175037.285714,234,748.0225885213675
1119,5,14,166906.333333,232,719.4238505732758
1119,5,15,156552.009524,231,677.7143269437229
1119,5,16,164465.0,228,721.3377192982456
1119,5,17,164220.0,228,720.2631578947369
1119,5,18,160552.0,228,704.1754385964912
1119,5,19,160729.0,228,704.9517543859649
1119,5,20,166107.0,228,728.5394736842105
1119,5,21,172555.0,228,756.8201754385965
1119,5,22,162661.0,228,713.4254385964912
1119,5,23,130064.0,225,578.0622222222222
1119,6,0,90595.0,219,413.675799086758
1119,6,1,56276.0,224,251.23214285714286
1119,6,2,28836.0,224,128.73214285714286
1119,6,3,14128.0,224,63.07142857142857
1119,6,4,7873.571429,224,35.14987245089286
1119,6,5,8942.238094,224,39.92070577678572
1119,6,6,32730.000001,223,146.7713004529148
1119,6,7,131815.285714,224,588.4610969375
1119,6,8,160489.333334,224,716.4702380982143
1119,6,9,162350.000001,222,731.3063063108109
1119,6,10,169616.47619,225,753.8510052888888
1119,6,11,171409.714286,228,751.7969924824562
1119,6,12,171867.999999,228,753.8070175394737
1119,6,13,174266.0,228,764.3245614035088
1119,6,14,166677.999999,229,727.8515283799127
1119,6,15,153483.333333,228,673.172514618421
1119,6,16,166149.000001,228,728.7236842149123
1119,6,17,169008.666667,228,741.266081872807
1119,6,18,168424.999999,228,738.7061403464912
1119,6,19,167611.333333,228,735.1374268991227
1119,6,20,170098.333333,228,746.0453216359649
1119,6,21,172232.666667,228,755.40643275
1119,6,22,163356.666667,228,716.4766081885965
1119,6,23,133235.666667,228,584.3669590657895
1501,0,0,142296.8,436,326.3688073394495
1501,0,1,87529.3,444,197.13806306306307
1501,0,2,56579.6,445,127.14516853932584
1501,0,3,62948.8,440,143.06545454545454
1501,0,4,94860.6,440,215.59227272727273
1501,0,5,102864.9,440,233.78386363636363
1501,0,6,168183.0,443,379.6455981941309
1501,0,7,288177.675,444,649.0488175675675
1501,0,8,338163.5,437,773.829519450801
1501,0,9,354700.7,437,811.6720823798627
1501,0,10,369092.7,435,848.4889655172414
1501,0,11,373565.4,438,852.8890410958904
1501,0,12,375531.5,436,861.3107798165138
1501,0,13,360722.685714,436,827.3456094357799
1501,0,14,311608.4,436,714.6981651376148
1501,0,15,282506.8,434,650.9373271889401
1501,0,16,294286.0,431,682.7981438515081
1501,0,17,323589.3,426,759.5992957746479
1501,0,18,335468.6,429,781.9780885780885
1501,0,19,334937.3,432,775.317824074074
1501,0,20,325812.8,436,747.2770642201834
1501,0,21,295011.8,439,672.0086560364465
1501,0,22,258205.9,440,586.8315909090909
1501,0,23,205296.5,440,466.5829545454545
1501,1,0,144623.5,433,334.00346420323325
1501,1,1,86652.2,436,198.74357798165136
1501,1,2,56093.1,439,127.77471526195899
1501,1,3,59753.4,440,135.80318181818183
1501,1,4,90437.1,436,207.4245412844037
1501,1,5,100138.9,437,229.15080091533179
1501,1,6,164812.411111,440,374.5736616159091
1501,1,7,280154.155556,440,636.7139899
1501,1,8,337072.6,444,759.1725225225225
1501,1,9,347213.5,435,798.1919540229885
1501,1,10,360198.3,428,841.5848130841122
1501,1,11,365291.0,429,851.4941724941725
1501,1,12,372346.0,433,859.9214780600462
1501,1,13,357965.0,433,826.7090069284064
1501,1,14,310978.0,436,713.2522935779816
1501,1,15,283330.0,437,648.3524027459954
1501,1,16,299541.7,438,683.8851598173517
1501,1,17,332004.7,436,761.4786697247707
1501,1,18,338746.0,436,776.940366972477
1501,1,19,333723.0,432,772.5069444444445
1501,1,20,326785.0,441,741.0090702947846
1501,1,21,300691.0,444,677.231981981982
1501,1,22,260727.0,441,591.2176870748299
1501,1,23,206727.0,441,468.7687074829932
1501,2,0,149560.0,440,339.90909090909093
1501,2,1,92466.0,448,206.39732142857142
1501,2,2,60474.0,448,134.98660714285714
1501,2,3,65053.1,448,145.2078125
1501,2,4,97069.6,448,216.6732142857143
1501,2,5,104381.9,445,234.56606741573032
1501,2,6,167438.475,444,377.1136824324324
1501,2,7,281758.1,447,630.3313199105145
1501,2,8,336028.311111,446,753.4267065269058
1501,2,9,355507.7,444,800.693018018018
1501,2,10,373384.6,441,846.6770975056688
1501,2,11,375375.0,440,853.125
1501,2,12,380025.0,439,865.6605922551253
1501,2,13,365617.0,439,832.8405466970387
1501,2,14,316441.0,439,720.8223234624146
1501,2,15,289294.8,440,657.4881818181818
1501,2,16,299304.0,438,683.3424657534247
1501,2,17,325446.4,434,749.8764976958525
1501,2,18,343324.6,440,780.2831818181818
1501,2,19,340132.1,440,773.0274999999999
1501,2,20,329620.0,443,744.0632054176073
1501,2,21,301668.0,443,680.9661399548532
1501,2,22,263055.7,441,596.4981859410431
1501,2,23,210562.0,433,486.2863741339492
1501,3,0,157013.0,432,363.45601851851853
1501,3,1,97733.0,438,223.13470319634703
1501,3,2,63191.0,440,143.6159090909091
1501,3,3,65313.7,434,150.49239631336405
1501,3,4,97780.066667,442,221.22187028733032
1501,3,5,104793.2,446,234.962331838565
1501,3,6,161379.9,448,360.22299107142857
1501,3,7,262557.4,448,586.0656250000001
1501,3,8,326229.8,441,739.7501133786848
1501,3,9,360498.875,443,813.7672121896162
1501,3,10,380976.4,442,861.937556561086
1501,3,11,388778.0,443,877.6027088036118
1501,3,12,387069.0,444,871.777027027027
1501,3,13,372342.0,442,842.4027149321267
1501,3,14,337850.0,440,767.8409090909091
1501,3,15,313335.0,436,718.6582568807339
1501,3,16,328834.375,431,762.9567865429234
1501,3,17,355585.0,434,819.3202764976959
1501,3,18,362471.0,435,833.2666666666667
1501,3,19,355622.0,444,800.9504504504505
1501,3,20,340939.0,448,761.0245535714286
1501,3,21,304954.0,451,676.1729490022173
1501,3,22,262795.0,444,591.8806306306307
1501,3,23,228165.0,445,512.7303370786517
1501,4,0,188266.0,443,424.97968397291197
1501,4,1,130565.0,447,292.0917225950783
1501,4,2,77837.0,444,175.30855855855856
1501,4,3,43875.4,445,98.59640449438203
1501,4,4,29608.9,440,67.29295454545455
1501,4,5,41117.8,440,93.44954545454546
1501,4,6,89897.8,440,204.31318181818182
1501,4,7,141864.0,440,322.41818181818184
1501,4,8,180259.428571,433,416.30353018706694
1501,4,9,222110.0,432,514.1435185185185
1501,4,10,294323.0,426,690.8990610328639
1501,4,11,337157.0,423,797.0614657210402
1501,4,12,344808.0,420,820.9714285714285
1501,4,13,321293.0,420,764.9833333333333
1501,4,14,265167.0,420,631.35
1501,4,15,255745.0,420,608.9166666666666
1501,4,16,283074.3,420,673.9864285714285
1501,4,17,314721.0,424,742.2665094339623
1501,4,18,323996.0,420,771.4190476190477
1501,4,19,331567.0,435,762.2229885057471
1501,4,20,315057.8,440,716.0404545454545
1501,4,21,277524.0,440,630.7363636363636
1501,4,22,256114.0,443,578.1354401805869
1501,4,23,232430.0,445,522.314606741573
1501,5,0,177325.0,444,399.3806306306306
1501,5,1,105583.0,448,235.67633928571428
1501,5,2,63655.0,445,143.04494382022472
1501,5,3,69557.4,445,156.3087640449438
1501,5,4,101506.1,443,229.13340857787813
1501,5,5,104533.6,444,235.43603603603606
1501,5,6,165520.577778,440,376.18313131363635
1501,5,7,284391.3,440,646.3438636363636
1501,5,8,339530.333333,439,773.4176157927108
1501,5,9,353642.3,433,816.7258660508082
1501,5,10,369304.0,430,858.8465116279069
1501,5,11,372796.875,431,864.9579466357309
1501,5,12,369948.0,428,864.3644859813085
1501,5,13,356717.2,429,831.5086247086248
1501,5,14,308686.1,430,717.8746511627907
1501,5,15,278325.4,430,647.2683720930233
1501,5,16,291492.1,432,674.7502314814815
1501,5,17,324805.2,430,755.3609302325582
1501,5,18,335852.4,430,781.0520930232559
1501,5,19,340223.5,441,771.4818594104308
1501,5,20,330649.1,447,739.707158836689
1501,5,21,296416.2,448,661.6433035714286
1501,5,22,259179.2,448,578.525
1501,5,23,202743.1,448,452.5515625
1501,6,0,139060.6,432,321.8995370370371
1501,6,1,87778.8,444,197.70000000000002
1501,6,2,56076.3,442,126.86945701357466
1501,6,3,60503.4,443,136.5765237020316
1501,6,4,92142.8,444,207.52882882882884
1501,6,5,100543.2,440,228.50727272727272
1501,6,6,163517.575,440,371.6308522727273
1501,6,7,279669.569444,440,635.6126578272728
1501,6,8,332072.866666,436,761.6350152889908
1501,6,9,345771.1,431,802.2531322505799
1501,6,10,364348.966667,428,851.2826323995326
1501,6,11,367099.4,425,863.7632941176471
1501,6,12,370807.8,428,866.3733644859813
1501,6,13,346566.433333,415,835.0998393566265
1501,6,14,299443.0,418,716.3708133971292
1501,6,15,273690.0,420,651.6428571428571
1501,6,16,290436.0,420,691.5142857142857
1501,6,17,322439.711111,422,764.0751448127961
1501,6,18,332085.2,424,783.2198113207547
1501,6,19,333305.2,433,769.7579676674366
1501,6,20,320234.1,436,734.4818807339449
1501,6,21,292558.0,439,666.4191343963554
1501,6,22,258391.0,444,581.9617117117117
1501,6,23,202785.0,442,458.789592760181
1502,0,0,64850.857143,225,288.22603174666665
1502,0,1,38420.0,228,168.50877192982455
1502,0,2,25763.857141,228,112.99937342543859
1502,0,3,28809.285714,222,129.77155727027028
1502,0,4,46416.000002,220,210.98181819090908
1502,0,5,51221.571428,224,228.66772958928573
1502,0,6,81998.142857,220,372.7188311681818
1502,0,7,144965.714287,223,650.0704676547085
1502,0,8,178088.857144,224,795.0395408214287
1502,0,9,181974.000001,225,808.7733333377778
1502,0,10,186697.571429,224,833.4713010223214
1502,0,11,190081.142857,227,837.3618628061674
1502,0,12,193227.714286,228,847.4899749385964
1502,0,13,184618.142857,226,816.8944374203539
1502,0,14,160855.571427,228,705.5068922236842
1502,0,15,152317.714285,225,676.9676190444444
1502,0,16,163430.42857,227,719.9578351101321
1502,0,17,174241.285714,224,777.8628826517858
1502,0,18,176648.857143,223,792.1473414484306
1502,0,19,176589.999999,224,788.34821428125
1502,0,20,164781.571429,224,735.6320153080358
1502,0,21,142619.285715,224,636.6932397991071
1502,0,22,121655.714286,224,543.1058673482142
1502,0,23,94164.571428,228,413.0025062631579
1502,1,0,67015.142856,222,301.8700128648649
1502,1,1,38789.857142,224,173.16900509821428
1502,1,2,25113.857142,221,113.63736263348417
1502,1,3,27284.714287,220,124.02142857727272
1502,1,4,43452.428571,217,200.24160631797233
1502,1,5,48717.857142,219,222.45596868493152
1502,1,6,79391.857144,220,360.8720779272727
1502,1,7,140292.285716,220,637.6922078
1502,1,8,170076.857141,220,773.0766233681818
1502,1,9,170364.980954,216,788.7267636759259
1502,1,10,178266.999999,216,825.3101851805555
1502,1,11,174648.571428,212,823.8140161698113
1502,1,12,183445.857143,218,841.4947575366973
1502,1,13,177257.857144,221,802.0717517828054
1502,1,14,154449.000001,222,695.7162162207208
1502,1,15,147218.714287,223,660.1736066681615
1502,1,16,158329.142857,224,706.8265306116072
1502,1,17,172137.999999,223,771.9192825067264
1502,1,18,174432.714287,223,782.2094811076233
1502,1,19,176482.857142,224,787.8698979553571
1502,1,20,165219.142858,224,737.5854591875001
1502,1,21,143663.571428,223,644.2312620089685
1502,1,22,118489.714286,217,546.0355497050691
1502,1,23,93288.285714,218,427.92791611926606
1502,2,0,66885.571428,213,314.0167672676056
1502,2,1,38907.571428,212,183.52628032075472
1502,2,2,26156.285716,212,123.37870620754717
1502,2,3,28213.142856,209,134.99111414354067
1502,2,4,44733.857143,212,211.00876010849058
1502,2,5,49036.857142,211,232.40216654976302
1502,2,6,78835.571428,212,371.86590296226416
1502,2,7,136790.857143,211,648.2979011516587
1502,2,8,165148.000001,211,782.6919431327015
1502,2,9,171315.857142,214,800.5413885140186
1502,2,10,180749.428572,218,829.1258191376147
1502,2,11,182393.428572,220,829.0610389636364
1502,2,12,183359.142857,217,844.9730085576036
1502,2,13,172757.142858,214,807.2763684953271
1502,2,14,155847.571428,219,711.6327462465753
1502,2,15,146217.571429,218,670.7228047201835
1502,2,16,159502.571429,222,718.480051481982
1502,2,17,171172.571428,221,774.5365222986425
1502,2,18,176549.0,224,788.1651785714286
1502,2,19,177098.714287,224,790.6192602098215
1502,2,20,167866.857142,229,733.0430442882096
1502,2,21,148857.857145,228,652.8853383552631
1502,2,22,127169.571426,228,557.7612781842105
1502,2,23,102540.285714,228,449.73809523684207
1502,3,0,75261.428571,230,327.22360248260867
1502,3,1,45379.428573,232,195.60098522844825
1502,3,2,29081.714285000002,229,126.99438552401747
1502,3,3,31551.142856,229,137.77791640174672
1502,3,4,48877.142858,225,217.23174603555555
1502,3,5,52590.0,222,236.8918918918919
1502,3,6,80359.857144,223,360.3581037847533
1502,3,7,136939.714286,224,611.3380102053571
1502,3,8,177660.142857,226,786.106826800885
1502,3,9,190214.0,230,827.0173913043478
1502,3,10,199403.428571,228,874.5764411008772
1502,3,11,198970.714286,228,872.6785714298246
1502,3,12,201933.285715,231,874.170068030303
1502,3,13,199342.714284,229,870.492202113537
1502,3,14,183657.714286,232,791.6280788189655
1502,3,15,175432.142855,233,752.9276517381975
1502,3,16,189616.857144,235,806.8802431659575
1502,3,17,199548.523807,236,845.5445924025423
1502,3,18,198907.142858,236,842.8268765169491
1502,3,19,191421.285714,234,818.0396825384615
1502,3,20,175750.57143,236,744.7058111440679
1502,3,21,153048.428571,236,648.5102905550847
1502,3,22,129933.142858,236,550.5641646525424
1502,3,23,110294.285713,236,467.34866827542373
1502,4,0,92009.857143,233,394.8920907424893
1502,4,1,63713.857143,236,269.97397094491527
1502,4,2,37966.428571,234,162.24969474786323
1502,4,3,19777.857142,230,85.99068322608696
1502,4,4,13580.714284,232,58.537561568965515
1502,4,5,18582.571429,232,80.09729064224138
1502,4,6,42860.0,233,183.94849785407726
1502,4,7,73282.428572,233,314.5168608240344
1502,4,8,101278.0,234,432.8119658119658
1502,4,9,127824.571429,232,550.9679802974138
1502,4,10,171669.714285,230,746.3900621086956
1502,4,11,199884.42857,228,876.6860902192982
1502,4,12,203229.571428,231,879.7816944935065
1502,4,13,183470.714285,231,794.2455163852813
1502,4,14,149042.999999,233,639.6695278927039
1502,4,15,140850.0,228,617.7631578947369
1502,4,16,165033.428572,232,711.350985224138
1502,4,17,187783.428572,235,799.0784194553191
1502,4,18,191569.857142,232,825.7321428534483
1502,4,19,190622.428571,236,807.7221549618644
1502,4,20,171663.857142,236,727.3892251779661
1502,4,21,150327.285713,236,636.980024207627
1502,4,22,136866.857143,236,579.9443099279661
1502,4,23,118121.999999,236,500.5169491483051
1502,5,0,90142.285712,234,385.2234432136752
1502,5,1,50445.285714,232,217.43657635344826
1502,5,2,30186.285715,230,131.2447205
1502,5,3,33136.571429,233,142.21704475965666
1502,5,4,52377.857142,230,227.72981366086958
1502,5,5,53386.857143,229,233.1303805371179
1502,5,6,83626.857142,228,366.78446114912276
1502,5,7,150750.714285,229,658.3000623799127
1502,5,8,186892.257143,234,798.6848595854701
1502,5,9,191183.142857,234,817.0219780213675
1502,5,10,197340.714286,235,839.7477203659574
1502,5,11,199037.000001,236,843.3771186483051
1502,5,12,198332.285717,235,843.9671732638297
1502,5,13,188376.857143,231,815.484230056277
1502,5,14,160152.857143,226,708.6409608097346
1502,5,15,154574.571429,234,660.5750915769231
1502,5,16,162153.714286,235,690.0158054723404
1502,5,17,175880.714287,229,768.0380536550218
1502,5,18,181821.571428,232,783.7136699482759
1502,5,19,177631.142857,231,768.9659863939394
1502,5,20,165216.428571,228,724.6334586447368
1502,5,21,144568.714285,228,634.0733082675438
1502,5,22,120979.285715,228,530.610902258772
1502,5,23,92501.285714,228,405.70739348245615
1502,6,0,62691.142856,223,281.12620114798204
1502,6,1,37318.714287,226,165.12705436725665
1502,6,2,24982.000001,221,113.04072398642533
1502,6,3,27944.857142,227,123.10509754185023
1502,6,4,47196.857143,226,208.83565107522125
1502,6,5,51633.428571,228,226.46240601315787
1502,6,6,82036.0,228,359.8070175438597
1502,6,7,145972.0,228,640.2280701754386
1502,6,8,178920.000001,228,784.7368421096492
1502,6,9,184637.999999,226,816.9823008805309
1502,6,10,191966.428572,228,841.9580200526316
1502,6,11,189706.190476,225,843.1386243377777
1502,6,12,189914.714285,222,855.4716859684685
1502,6,13,182266.142858,222,821.0186615225225
1502,6,14,155162.999999,218,711.7568807293578
1502,6,15,149978.857144,222,675.5804375855856
1502,6,16,161362.857142,224,720.3698979553571
1502,6,17,175300.857142,224,782.5931122410714
1502,6,18,177430.0,224,792.0982142857143
1502,6,19,174191.142857,222,784.6447876441441
1502,6,20,164499.571429,223,737.6662395919283
1502,6,21,144502.428572,224,645.1001275535715
1502,6,22,120062.571429,224,535.9936224508929
1502,6,23,91919.0,224,410.35267857142856
1503,0,0,123791.3,273,453.44798534798537
1503,0,1,79395.5,276,287.66485507246375
1503,0,2,53127.8,276,192.49202898550726
1503,0,3,51215.2,273,187.6014652014652
1503,0,4,66708.6,274,243.46204379562045
1503,0,5,83363.7,276,302.0423913043478
1503,0,6,144156.5,276,522.3061594202899
1503,0,7,242684.9,276,879.293115942029
1503,0,8,261597.4,275,951.2632727272727
1503,0,9,262836.6,272,966.3110294117646
1503,0,10,273028.4,272,1003.7808823529413
1503,0,11,271409.6,272,997.8294117647058
1503,0,12,275457.7,275,1001.6643636363636
1503,0,13,271756.1,276,984.6235507246377
1503,0,14,250635.3,272,921.4533088235294
1503,0,15,239014.8,272,878.7308823529411
1503,0,16,244810.5,271,903.359778597786
1503,0,17,256950.4,268,958.7701492537313
1503,0,18,254757.8,268,950.5888059701492
1503,0,19,248341.1,268,926.6458955223881
1503,0,20,245515.4,268,916.1022388059702
1503,0,21,227896.1,268,850.3585820895522
1503,0,22,209788.3,268,782.7921641791045
1503,0,23,176012.1,272,647.1033088235295
1503,1,0,128068.7,266,481.4612781954887
1503,1,1,78196.5,268,291.7779850746269
1503,1,2,51651.1,268,192.72798507462687
1503,1,3,48763.7,265,184.01396226415093
1503,1,4,67200.344444,265,253.58620544905662
1503,1,5,81839.366667,268,305.3707711455224
1503,1,6,136934.0,268,510.94776119402985
1503,1,7,232131.1,268,866.1608208955224
1503,1,8,253050.125,272,930.3313419117648
1503,1,9,252494.8,267,945.6734082397003
1503,1,10,260912.4,264,988.3045454545454
1503,1,11,261830.2,264,991.7810606060607
1503,1,12,261661.0,264,991.1401515151515
1503,1,13,257511.0,268,960.8619402985074
1503,1,14,249739.0,272,918.1580882352941
1503,1,15,235401.0,272,865.4448529411765
1503,1,16,245090.0,272,901.0661764705883
1503,1,17,258185.0,272,949.2095588235294
1503,1,18,256436.7,272,942.7819852941177
1503,1,19,253985.4,272,933.7698529411764
1503,1,20,245237.4,272,901.6080882352941
1503,1,21,230842.3,272,848.6849264705882
1503,1,22,209834.4,269,780.053531598513
1503,1,23,174134.3,270,644.9418518518518
1503,2,0,129801.8,271,478.97343173431733
1503,2,1,82261.1,272,302.4305147058824
1503,2,2,54072.4,271,199.52915129151293
1503,2,3,52887.5,268,197.34141791044777
1503,2,4,69457.2,266,261.1172932330827
1503,2,5,83531.4,269,310.5256505576208
1503,2,6,140342.2,272,515.9639705882354
1503,2,7,236640.8,272,870.0029411764706
1503,2,8,255464.0,272,939.2058823529412
1503,2,9,262254.6,272,964.1713235294117
1503,2,10,270322.4,270,1001.1940740740741
1503,2,11,269601.8,271,994.840590405904
1503,2,12,271122.4,272,996.7735294117648
1503,2,13,266663.3,272,980.3797794117646
1503,2,14,253613.6,272,932.4029411764706
1503,2,15,241094.0,272,886.375
1503,2,16,248367.9,271,916.4867158671586
1503,2,17,254790.4,269,947.1762081784386
1503,2,18,256199.6,272,941.910294117647
1503,2,19,249919.1,270,925.6262962962963
1503,2,20,242312.2,269,900.7888475836431
1503,2,21,228476.5,269,849.3550185873606
1503,2,22,214228.7,272,787.6055147058823
1503,2,23,180791.2,272,664.6735294117648
1503,3,0,137557.9,274,502.0361313868613
1503,3,1,86333.5,276,312.80253623188406
1503,3,2,54107.2,276,196.04057971014493
1503,3,3,49446.3,277,178.50649819494586
1503,3,4,67194.0,276,243.45652173913044
1503,3,5,77720.9,275,282.6214545454545
1503,3,6,126797.319046,273,464.4590441245421
1503,3,7,212575.95396800002,277,767.4222164909747
1503,3,8,253366.242857,280,904.879438775
1503,3,9,268919.528571,280,960.4268877535714
1503,3,10,280693.028572,280,1002.4751020428571
1503,3,11,280151.714285,279,1004.1280081899641
1503,3,12,278013.642857,280,992.9058673464285
1503,3,13,273569.171428,278,984.0617677266187
1503,3,14,263862.685715,276,956.0242236050726
1503,3,15,252738.857142,275,919.0503896072727
1503,3,16,266178.814285,275,967.9229610363635
1503,3,17,275303.328572,276,997.4758281594204
1503,3,18,271173.000001,276,982.5108695688406
1503,3,19,266702.285715,276,966.3126294021739
1503,3,20,252940.785715,276,916.4521221557972
1503,3,21,235670.085714,276,853.8771221521739
1503,3,22,220064.2,276,797.3340579710145
1503,3,23,196314.871428,276,711.2857660434784
1503,4,0,165906.457142,272,609.9502100808824
1503,4,1,117729.628571,277,425.01670964259927
1503,4,2,75801.442857,283,267.84962140282687
1503,4,3,48692.328572,284,171.45186116901408
1503,4,4,35318.242857,282,125.2419959468085
1503,4,5,44016.585715,286,153.90414585664337
1503,4,6,84833.385714,289,293.5411270380623
1503,4,7,125725.485715,288,436.5468253993056
1503,4,8,158624.342857,288,550.7789682534723
1503,4,9,193171.0,286,675.4230769230769
1503,4,10,251428.342857,283,888.4393740530036
1503,4,11,289437.014286,287,1008.4913389756098
1503,4,12,297562.914286,288,1033.2045634930555
1503,4,13,273526.085714,283,966.5232710742049
1503,4,14,236695.357143,280,845.340561225
1503,4,15,224224.357143,280,800.8012755107143
1503,4,16,245159.928571,279,878.7094214014337
1503,4,17,267675.957143,280,955.985561225
1503,4,18,270368.185714,276,979.5948757753624
1503,4,19,268809.328571,280,960.0333163250001
1503,4,20,251425.885714,280,897.9495918357143
1503,4,21,228201.6,280,815.0057142857144
1503,4,22,219226.857143,280,782.953061225
1503,4,23,196206.442857,280,700.7372959178571
1503,5,0,149689.2,278,538.4503597122302
1503,5,1,92871.642857,280,331.684438775
1503,5,2,59391.028571,280,212.110816325
1503,5,3,55907.5,279,200.38530465949822
1503,5,4,74820.584128,277,270.11041201444044
1503,5,5,86467.77142800001,279,309.9203276989248
1503,5,6,148576.857143,279,532.5335381469534
1503,5,7,248384.385714,280,887.0870918357143
1503,5,8,265593.428571,279,951.9477726559139
1503,5,9,272110.228572,280,971.8222449
1503,5,10,279925.014286,280,999.7321938785714
1503,5,11,278962.557143,280,996.2948469392858
1503,5,12,278341.199999,280,994.0757142821428
1503,5,13,271622.414285,279,973.5570404480287
1503,5,14,251444.242857,276,911.0298654239131
1503,5,15,236486.542857,276,856.8353002065218
1503,5,16,246495.557142,276,893.0998447173913
1503,5,17,265635.385713,279,952.0981566774194
1503,5,18,265731.528572,280,949.0411734714285
1503,5,19,259085.585714,280,925.3056632642856
1503,5,20,248003.1,277,895.3180505415163
1503,5,21,230132.6,276,833.813768115942
1503,5,22,211739.957143,278,761.6545220971224
1503,5,23,173310.742857,280,618.966938775
1503,6,0,124700.728571,274,455.11214806934305
1503,6,1,82061.285713,280,293.0760204035714
1503,6,2,55352.071428,280,197.6859693857143
1503,6,3,50186.514285,280,179.23755101785713
1503,6,4,70325.1,278,252.9679856115108
1503,6,5,85404.842857,280,305.01729591785715
1503,6,6,144317.242858,280,515.4187244928572
1503,6,7,244180.971428,280,872.0748979571429
1503,6,8,265244.485715,280,947.3017346964286
1503,6,9,272319.185714,279,976.0544290824373
1503,6,10,280609.757144,278,1009.3876156258992
1503,6,11,277540.657143,276,1005.582091097826
1503,6,12,274625.1,274,1002.2813868613138
1503,6,13,270192.6,275,982.5185454545453
1503,6,14,255011.3,276,923.9539855072463
1503,6,15,237292.9,276,859.756884057971
1503,6,16,251422.8,276,910.9521739130435
1503,6,17,260165.8,271,960.0214022140221
1503,6,18,258515.8,272,950.4257352941177
1503,6,19,255559.7,272,939.5577205882354
1503,6,20,245711.7,272,903.3518382352942
1503,6,21,229403.6,272,843.3955882352941
1503,6,22,209606.0,272,770.6102941176471
1503,6,23,170894.8,272,628.2897058823529
1504,0,0,135256.545455,440,307.4012396704546
1504,0,1,80315.818185,446,180.08030983183855
1504,0,2,50894.09091,446,114.1123114573991
1504,0,3,56763.363635,442,128.42389962669682
1504,0,4,85855.545453,440,195.12623966590908
1504,0,5,95401.927276,440,216.8225619909091
1504,0,6,155655.54545,444,350.57555281531535
1504,0,7,280768.245452,444,632.3609131801802
1504,0,8,340007.56364,437,778.0493447139588
1504,0,9,361877.181815,444,815.0386977815316
1504,0,10,380484.272724,444,856.9465601891892
1504,0,11,377500.363635,440,857.9553718977273
1504,0,12,386886.181816,443,873.3322388623026
1504,0,13,370582.09090999997,444,834.6443488963963
1504,0,14,309644.18182,444,697.3968059009009
1504,0,15,281690.63636,444,634.4383701801802
1504,0,16,300721.909093,442,680.3663101651583
1504,0,17,337198.272728,436,773.3905337798166
1504,0,18,355757.363636,438,812.231423826484
1504,0,19,359079.18182,440,816.0890495909091
1504,0,20,344262.999995,440,782.4159090795455
1504,0,21,301420.90909,440,685.0475206590909
1504,0,22,253060.818183,440,575.1382231431818
1504,0,23,193294.454543,440,439.30557850681816
1504,1,0,134485.000001,434,309.8732718917051
1504,1,1,79413.727271,436,182.14157630963302
1504,1,2,49724.454543,435,114.30909090344828
1504,1,3,52825.363637,436,121.15909091055046
1504,1,4,82438.909093,434,189.95140344009215
1504,1,5,93044.654543,431,215.88086900928073
1504,1,6,150625.57879,429,351.1085752680653
1504,1,7,270335.612119,431,627.2287984199536
1504,1,8,330106.781823,435,758.8661651103448
1504,1,9,345732.363634,431,802.1632566914153
1504,1,10,360182.636362,428,841.5482157990655
1504,1,11,367992.18182,431,853.8101666357309
1504,1,12,371262.454548,429,865.413646965035
1504,1,13,355021.727274,429,827.5564738321679
1504,1,14,295425.181816,432,683.8545875370371
1504,1,15,269498.781815,431,625.287196786543
1504,1,16,294861.000002,436,676.2866972522936
1504,1,17,336593.999999,436,772.0045871536697
1504,1,18,353694.363632,436,811.2256046605504
1504,1,19,356080.454547,436,816.6982902454129
1504,1,20,336829.45454299997,436,772.5446205114678
1504,1,21,299543.272725,436,687.0258548738532
1504,1,22,249888.454544,433,577.1095947898384
1504,1,23,193004.363637,435,443.6881922689655
1504,2,0,136123.545454,433,314.37308418937647
1504,2,1,82706.181816,436,189.69307755963302
1504,2,2,53027.363639,436,121.6223936674312
1504,2,3,56894.18182,436,130.491242706422
1504,2,4,86513.454539,436,198.4253544472477
1504,2,5,96893.072725,436,222.23181817660551
1504,2,6,152675.909093,439,347.7811141070615
1504,2,7,271341.236364,439,618.0893766833714
1504,2,8,332233.181818,436,762.002710591743
1504,2,9,353843.236366,440,804.1891735590909
1504,2,10,373842.818184,440,849.6427686
1504,2,11,375463.45455,440,853.3260330681819
1504,2,12,379144.636364,439,863.655208118451
1504,2,13,360017.181815,436,825.7274812270642
1504,2,14,304815.272729,439,694.3400289954442
1504,2,15,276868.090911,439,630.6790225763098
1504,2,16,291165.81818,435,669.3467084597701
1504,2,17,335438.181818,437,767.5930934050343
1504,2,18,357579.909092,440,812.6816115727272
1504,2,19,358386.636364,440,814.5150826454545
1504,2,20,339400.363638,439,773.121557261959
1504,2,21,300261.909087,439,683.9679022482916
1504,2,22,255939.636362,440,581.6809917318182
1504,2,23,198147.909094,436,454.4676814082569
1504,3,0,143168.363637,433,330.6428721408776
1504,3,1,86832.727268,436,199.15763134862385
1504,3,2,55049.000004,436,126.25917432110091
1504,3,3,57389.818178,437,131.3268150526316
1504,3,4,86634.636363,441,196.45042259183674
1504,3,5,96111.981812,444,216.4684275045045
1504,3,6,147133.484843,444,331.3817226193694
1504,3,7,247481.242425,442,559.912313178733
1504,3,8,319355.248485,441,724.1615611904762
1504,3,9,355765.12727399997,443,803.0815514085779
1504,3,10,384300.18182,444,865.5409500450451
1504,3,11,391028.424246,443,882.682673241535
1504,3,12,388960.357574,442,880.0008089909503
1504,3,13,377280.181823,440,857.4549586886365
1504,3,14,330962.545456,440,752.187603309091
1504,3,15,304488.333329,442,688.8876319660633
1504,3,16,336263.63636,443,759.0601272234763
1504,3,17,370388.757577,442,837.9836144276019
1504,3,18,382027.848485,437,874.2056029405035
1504,3,19,377339.636366,444,849.8640458693693
1504,3,20,358288.848487,444,806.9568659617116
1504,3,21,308699.84849,444,695.2699290315315
1504,3,22,260074.727272,444,585.7538902522522
1504,3,23,217134.060601,444,489.04067702927927
1504,4,0,174243.575759,439,396.91019535079727
1504,4,1,118418.42424,444,266.7081627027027
1504,4,2,69390.878787,443,156.63855256659141
1504,4,3,38563.030305,442,87.24667489819005
1504,4,4,26044.478786,440,59.19199724090909
1504,4,5,37839.393936,440,85.99862258181818
1504,4,6,84313.757577,440,191.62217631136363
1504,4,7,135531.999994,440,308.02727271363636
1504,4,8,175555.424239,440,398.98960054318184
1504,4,9,222467.333336,440,505.60757576363636
1504,4,10,303613.909091,442,686.9092965859728
1504,4,11,361277.666666,443,815.5252069209931
1504,4,12,378119.48485,444,851.6204613738739
1504,4,13,343857.696974,444,774.454272463964
1504,4,14,271412.606062,444,611.2896532927928
1504,4,15,253683.636362,444,571.3595413558559
1504,4,16,287021.606059,444,646.4450586914414
1504,4,17,334141.0,447,747.5190156599552
1504,4,18,355257.939392,444,800.1304941261261
1504,4,19,356990.090915,448,796.8528815066965
1504,4,20,336388.575759,448,750.8673566049108
1504,4,21,290371.393939,448,648.1504328995535
1504,4,22,258844.909093,448,577.7788149397321
1504,4,23,226241.060604,448,505.00236741964284
1504,5,0,171038.878788,445,384.35703098426967
1504,5,1,99123.909093,448,221.25872565401784
1504,5,2,57624.848483,445,129.49404153483147
1504,5,3,61940.818185,447,138.57006305369126
1504,5,4,92757.030301,446,207.97540426233186
1504,5,5,99942.036365,447,223.58397397091724
1504,5,6,157126.951518,444,353.8895304459459
1504,5,7,280050.836363,448,625.1134740245535
1504,5,8,344340.515153,446,772.0639353206278
1504,5,9,361875.000003,448,807.7566964352679
1504,5,10,381539.666667,446,855.4701046345291
1504,5,11,393229.18182,452,869.9760659734513
1504,5,12,397089.727271,450,882.4216161577777
1504,5,13,377850.45454299997,451,837.8058859046563
1504,5,14,313924.545449,452,694.5233306393806
1504,5,15,275666.787876,451,611.23456291796
1504,5,16,299073.757577,452,661.6676052588496
1504,5,17,343549.975758,452,760.0663180486725
1504,5,18,368362.757578,452,814.9618530486727
1504,5,19,368861.000004,452,816.0641593008849
1504,5,20,352600.696968,452,780.0900375398229
1504,5,21,309399.848482,452,684.512939119469
1504,5,22,258920.030303,452,572.831925449115
1504,5,23,197107.666669,452,436.0789085597345
1504,6,0,130994.636362,437,299.7588932768879
1504,6,1,81219.09091,448,181.29261363839285
1504,6,2,52590.090906,444,118.44615068918918
1504,6,3,54514.454546,444,122.78030303153153
1504,6,4,83237.836362,442,188.32089674660634
1504,6,5,97285.836364,444,219.11224406306306
1504,6,6,154581.518185,444,348.15657248873873
1504,6,7,273425.790907,444,615.8238533941442
1504,6,8,335037.654546,444,754.5893120405406
1504,6,9,353850.236363,443,798.7589985620767
1504,6,10,374252.818182,439,852.512114309795
1504,6,11,386097.727278,443,871.5524317787809
1504,6,12,391287.454545,448,873.4094967522321
1504,6,13,367541.818185,441,833.4281591496598
1504,6,14,304038.545456,442,687.8700123438914
1504,6,15,277126.181815,444,624.1580671509009
1504,6,16,300433.090911,444,676.6511056554053
1504,6,17,342955.727268,441,777.6773860952381
1504,6,18,359273.818178,440,816.53140495
1504,6,19,361692.121211,444,814.6218946193694
1504,6,20,342523.142858,442,774.9392372352942
1504,6,21,303124.454545,441,687.3570397845805
1504,6,22,254771.636361,444,573.8099918040541
1504,6,23,196115.727272,444,441.70208845045045
