year_month,intersection_id,source_observations,valid_observations,mean_15min_volume,median_15min_volume,total_volume_estimate,mean_detector_coverage,expected_full_month_observations,temporal_coverage,name_fa,gis_id
2018-10,1001,2880,2870.0,515.8839161630663,618.0,1480586.839388,0.9786005369337979,2976,0.9643817204301075,اشراق - ابوريحان,1252.0
2018-10,1002,2880,2554.0,390.53369877329675,456.0,997423.066667,0.9981490728269381,2976,0.8581989247311828,اشراق - فلاطوري,1253.0
2018-10,1010,2880,2878.0,398.5554204388464,463.8888885,1147042.500023,0.8985059068797776,2976,0.9670698924731183,چهارراه جهاد,1005.0
2018-10,1012,2880,2878.0,335.4819318971508,405.0,965517.0,0.8938498957609451,2976,0.9670698924731183,چهار راه مصدق,1016.0
2018-10,1014,2880,2880.0,743.8231646958333,935.0,2142210.714324,0.636364,2976,0.967741935483871,شمال پل فلزي,1014.0
2018-10,1016,2880,2880.0,533.3441558479167,652.9090905,1536031.168842,0.9162619065972223,2976,0.967741935483871,امام خميني امام رضا,1259.0
2018-10,1017,2880,2877.0,3700.063416227668,3817.0,10645082.448487,0.9205025794230102,2976,0.9667338709677419,,
2018-10,1018,2880,2776.0,353.81027857853024,405.0,982177.333334,0.99562577629683,2976,0.9327956989247311,سه راه نقشينه,1135.0
2018-10,1019,2880,2776.0,615.6292026905619,715.0,1708986.666669,0.9971181556195965,2976,0.9327956989247311,بعثت گلستان,1427.0
2018-10,1021,2880,2880.0,448.4770833333333,551.0,1291614.0,1.0,2976,0.967741935483871,شمال پل آذر,1021.0
2018-10,1028,2880,2875.0,442.1254956521739,564.0,1271110.8,0.9996521732173912,2976,0.9660618279569892,آتشگاه - حجازي,1396.0
2018-10,1029,2880,2873.0,571.7463079906022,726.0,1642627.142857,0.9999564914723286,2976,0.9653897849462365,قدس - آتشگاه,1180.0
2018-10,1031,2880,2880.0,656.1306755048611,725.0,1889656.345454,0.99597801875,2976,0.967741935483871,شيخ صدوق سعادت آباد,1111.0
2018-10,1032,2880,2851.0,646.1665358298842,734.555556,1842220.793651,0.8943593416345142,2976,0.957997311827957,چهارراه فرايبورگ,1114.0
2018-10,1033,2880,2708.0,393.35692598042834,463.0,1065210.555555,0.999741506646972,2976,0.9099462365591398,سجاد سپه سالار,1105.0
2018-10,1034,2880,2880.0,557.246691745486,691.0,1604870.472227,0.9744791666666667,2976,0.967741935483871,چهارراه آپادانا,1110.0
2018-10,1035,2880,2876.0,642.0626924794853,800.5,1846572.303571,0.998956885605007,2976,0.9663978494623656,چهارراه آبشار,1115.0
2018-10,1036,2880,2880.0,806.3340277777778,959.5,2322242.0,1.0,2976,0.967741935483871,ميدان بزرگمهر,1067.0
2018-10,1037,2880,2879.0,430.68822507815213,541.0,1239951.4,0.9999368468218132,2976,0.9674059139784946,,
2018-10,1038,2880,2873.0,619.965380607031,780.769231,1781160.538484,0.9291925541246084,2976,0.9653897849462365,,
2018-10,1039,2880,2880.0,572.565151515625,696.0,1648987.636365,0.9914930895833334,2976,0.967741935483871,جي پروين,1188.0
2018-10,1040,2880,2880.0,591.3739583333333,739.0,1703157.0,1.0,2976,0.967741935483871,,
2018-10,1042,2880,2837.0,363.5907648924921,458.0,1031507.0,1.0,2976,0.9532930107526881,كمال ابن سينا,1048.0
2018-10,1043,2880,2868.0,1408.3487018556484,1790.5,4039144.076922,0.9998007559274755,2976,0.9637096774193549,,
2018-10,1044,2880,2880.0,536.3583333333333,642.0,1544712.0,1.0,2976,0.967741935483871,ميدان قدس,1140.0
2018-10,1047,2880,2880.0,514.9609623024305,636.0,1483087.571431,0.99921875,2976,0.967741935483871,شمال فردوسي,1047.0
2018-10,1048,2880,2785.0,497.67109515260324,631.0,1386014.0,1.0,2976,0.9358198924731183,باغ گلدسته كمال اسماعيل,1458.0
2018-10,1051,2880,2880.0,369.87916666666666,468.0,1065252.0,1.0,2976,0.967741935483871,چهار راه نقاشي,1055.0
2018-10,1053,2880,2839.0,337.79634847974637,423.0,959003.833334,0.999698083127862,2976,0.9539650537634409,هشت بهشت نشاط,1053.0
2018-10,1054,2880,2880.0,457.48020833333334,586.0,1317543.0,1.0,2976,0.967741935483871,هشت بهشت گلزار,1051.0
2018-10,1057,2880,2880.0,625.2416666666667,785.5,1800696.0,1.0,2976,0.967741935483871,صغير وليعصر,1050.0
2018-10,1059,2880,2875.0,329.27791304347824,400.0,946674.0,1.0,2976,0.9660618279569892,پل تمدن,
2018-10,1065,2880,2878.0,465.936736819319,573.428571,1340965.928566,0.7779710350938152,2976,0.9670698924731183,,
2018-10,1066,2880,2878.0,546.7334954829743,678.0,1573499.0,1.0,2976,0.9670698924731183,حمزه هشت بهشت,
2018-10,1067,2880,2817.0,911.0813315977991,925.0,2566516.111111,0.9995385161519346,2976,0.9465725806451613,,
2018-10,1068,2880,2878.0,603.9694728471161,751.0,1738224.142854,0.9959607366226546,2976,0.9670698924731183,جي صيادشيرازي,1213.0
2018-10,1069,2880,2839.0,682.9458044698838,808.0,1938883.13889,0.9952448045086298,2976,0.9539650537634409,ميدان احمد آباد,1215.0
2018-10,1070,2880,2878.0,680.4376882095205,848.0,1958299.666667,0.9997567755385686,2976,0.9670698924731183,,
2018-10,1071,2880,2733.0,653.3217709473106,816.0,1785528.399999,0.9991767288693744,2976,0.9183467741935484,میدان 25 آبان,1287.0
2018-10,1072,2880,2808.0,1050.0961538461538,1246.0,2948670.0,0.9998219373219374,2976,0.9435483870967742,,
2018-10,1074,2880,2877.0,637.7924425241571,771.0,1834928.857142,0.9997393117831074,2976,0.9667338709677419,,
2018-10,1075,2880,2856.0,940.8410364145658,1212.0,2687042.0,1.0,2976,0.9596774193548387,حكيم عبدالرزاق,1045.0
2018-10,1077,2880,2876.0,487.25678853025033,618.0,1401350.523813,0.998826495132128,2976,0.9663978494623656,5 رمضان مسجد سيد,1018.0
2018-10,1078,2880,2880.0,496.2,604.0,1429056.0,1.0,2976,0.967741935483871,چهارراه وفايي,1017.0
2018-10,1079,2880,2880.0,485.9642361111111,615.0,1399577.0,1.0,2976,0.967741935483871,طيب - مسجد سيد,1022.0
2018-10,1080,2880,2880.0,627.2672309027778,790.5,1806529.625,0.9993827166666667,2976,0.967741935483871,توحيد دانشگاه,1089.0
2018-10,1081,2880,2878.0,466.2185229642113,586.0,1341776.909091,0.9999420896455872,2976,0.9670698924731183,سه راه حكيم نظامي (شهداي غزه),1078.0
2018-10,1082,2880,2880.0,491.65605572083336,626.0,1415969.440476,0.9963194444444444,2976,0.967741935483871,توحيد شريعتي,1082.0
2018-10,1083,2880,2878.0,719.3917844179986,875.5,2070409.555555,0.9998957609451007,2976,0.9670698924731183,چهارراه امين (حكيم نظامي-شريعتي),1083.0
2018-10,1084,2880,913.0,543.7171623515882,646.0,496413.769227,0.9920982157721796,2976,0.30678763440860213,ميدان ارتش,1084.0
2018-10,1085,2880,2880.0,497.8901515177083,603.0,1433923.636371,0.9639179684027778,2976,0.967741935483871,سه راه سيمين,1095.0
2018-10,1086,2880,1617.0,513.6431344545455,636.0,830560.948413,0.9981447124304267,2976,0.5433467741935484,وحيد رودكي,1087.0
2018-10,1088,2880,2602.0,626.2522235645657,779.0,1629508.285715,0.9999039200614912,2976,0.8743279569892473,,
2018-10,1090,2880,2652.0,480.39793866289597,601.5,1274015.333334,0.9996606334841629,2976,0.8911290322580645,چهار راه توحيد نظر,1090.0
2018-10,1092,2880,2880.0,756.1388888888889,940.5,2177680.0,1.0,2976,0.967741935483871,پل وحيد,1091.0
2018-10,1093,2880,2880.0,668.0427083333333,846.0,1923963.0,0.999968434375,2976,0.967741935483871,جنوب فلزي,1093.0
2018-10,1094,2880,2880.0,815.8818402777779,1020.5,2349739.7,0.998317309375,2976,0.967741935483871,جنوب آذر,1094.0
2018-10,1095,2880,1572.0,522.3503392703562,645.0,821134.733333,0.9989662849872774,2976,0.5282258064516129,وحيد باغ درياچه,1096.0
2018-10,1109,2880,2877.0,572.9425616962113,719.0,1648355.75,0.9997296569343066,2976,0.9667338709677419,شيخ مفيد شيخ صدوق,1109.0
2018-10,1112,2880,2879.0,633.4020245123306,802.0,1823564.428571,0.9999565821465787,2976,0.9674059139784946,هزار جریب آزادی,1106.0
2018-10,1113,2880,2708.0,651.560684391802,804.5,1764426.333333,0.9997784342688332,2976,0.9099462365591398,دفاع مقدس,1080.0
2018-10,1115,2880,2880.0,647.0253472222222,795.5,1863433.0,1.0,2976,0.967741935483871,,
2018-10,1116,2880,2880.0,839.171875,1046.5,2416815.0,0.999884259375,2976,0.967741935483871,جنوب پل فردوسي,1116.0
2018-10,1117,2880,2880.0,449.4038194444444,552.5,1294283.0,1.0,2976,0.967741935483871,هتل پل,1117.0
2018-10,1119,2880,2880.0,548.7338293649306,698.0,1580353.428571,0.999609375,2976,0.967741935483871,,
2018-10,1501,2880,2880.0,619.8022222222222,729.0,1785030.4,0.9992739906250001,2976,0.967741935483871,جي – اريسون,1467.0
2018-10,1502,2880,2851.0,593.7151876534549,693.0,1692682.0,1.0,2976,0.957997311827957,,
2018-10,1503,2880,2879.0,747.1035428968393,906.0,2150911.1,0.9997789638763459,2976,0.9674059139784946,جي – شهيد رجائي,1466.0
2018-10,1504,2880,2880.0,622.7831628767361,735.272727,1793615.509085,0.9512154704861111,2976,0.967741935483871,جي – مسجد علي,1468.0
2018-11,1001,2879,2785.0,521.8634133070018,629.0,1453389.60606,0.9989228007181329,2880,0.9670138888888888,اشراق - ابوريحان,1252.0
2018-11,1002,2879,2870.0,385.56439024390244,455.0,1106569.8,0.9980044365853658,2880,0.9965277777777778,اشراق - فلاطوري,1253.0
2018-11,1010,2879,2851.0,386.91857633286565,447.777778,1103104.861125,0.8990178884601894,2880,0.9899305555555555,چهارراه جهاد,1005.0
2018-11,1012,2879,2873.0,308.7152801949182,378.0,886939.0,1.0,2880,0.9975694444444444,چهار راه مصدق,1016.0
2018-11,1014,2879,2873.0,728.9629058701705,913.0,2094310.428565,0.636364,2880,0.9975694444444444,شمال پل فلزي,1014.0
2018-11,1016,2879,2870.0,537.2499208069686,644.727273,1541907.272716,0.9166670000000001,2880,0.9965277777777778,امام خميني امام رضا,1259.0
2018-11,1017,2879,2873.0,3319.096762965541,3752.0,9535765.0,1.0,2880,0.9975694444444444,,
2018-11,1018,2879,2873.0,341.6146652739297,391.0,981458.933332,0.9912485791855203,2880,0.9975694444444444,سه راه نقشينه,1135.0
2018-11,1019,2879,2871.0,631.9465923601532,724.0,1814318.666666,0.9998606757227446,2880,0.996875,بعثت گلستان,1427.0
2018-11,1021,2879,2873.0,467.46884789418726,570.0,1343038.0,0.9999502760180996,2880,0.9975694444444444,شمال پل آذر,1021.0
2018-11,1028,2879,2845.0,436.41666080843584,559.0,1241605.4,0.9994727581722319,2880,0.9878472222222222,آتشگاه - حجازي,1396.0
2018-11,1029,2879,2813.0,572.7138794372556,738.0,1611044.142857,0.9994667614646285,2880,0.9767361111111111,قدس - آتشگاه,1180.0
2018-11,1031,2879,2867.0,649.9470801492851,707.0,1863398.278788,0.9942739284966864,2880,0.9954861111111111,شيخ صدوق سعادت آباد,1111.0
2018-11,1032,2879,2873.0,641.6752762453881,722.7,1843533.068653,0.903648484162896,2880,0.9975694444444444,چهارراه فرايبورگ,1114.0
2018-11,1033,2879,2871.0,381.22613104214554,455.0,1094500.222222,0.9997561825148032,2880,0.996875,سجاد سپه سالار,1105.0
2018-11,1034,2879,2873.0,537.8884247984685,663.0,1545353.444446,0.998259658893143,2880,0.9975694444444444,چهارراه آپادانا,1110.0
2018-11,1035,2879,2849.0,590.4126009122499,684.2,1682085.499999,0.9744089090909092,2880,0.9892361111111111,چهارراه آبشار,1115.0
2018-11,1036,2879,2873.0,905.6505356387053,1025.0,2601933.98889,0.9991456515837105,2880,0.9975694444444444,ميدان بزرگمهر,1067.0
2018-11,1037,2879,2653.0,419.40840557859025,521.0,1112690.5,0.9997601345646437,2880,0.9211805555555556,,
2018-11,1038,2879,2873.0,610.5374173289244,756.0,1754073.999986,0.9275516655064393,2880,0.9975694444444444,,
2018-11,1039,2879,2869.0,573.5635455259672,706.0,1645553.812114,0.9972987194144302,2880,0.9961805555555555,جي پروين,1188.0
2018-11,1040,2879,2868.0,582.847280334728,731.0,1671606.0,1.0,2880,0.9958333333333333,,
2018-11,1042,2879,2874.0,353.24057063326376,440.0,1015213.4,0.9999420086986778,2880,0.9979166666666667,كمال ابن سينا,1048.0
2018-11,1043,2879,2863.0,1393.6819366451275,1754.0,3990111.384615,0.9998253569682152,2880,0.9940972222222222,,
2018-11,1044,2879,2872.0,503.433147632312,596.0,1445860.0,1.0,2880,0.9972222222222222,ميدان قدس,1140.0
2018-11,1047,2879,2873.0,510.5231465367212,632.0,1466733.0,1.0,2880,0.9975694444444444,شمال فردوسي,1047.0
2018-11,1048,2879,2873.0,488.7747998607727,619.0,1404250.0,1.0,2880,0.9975694444444444,باغ گلدسته كمال اسماعيل,1458.0
2018-11,1051,2879,2866.0,360.7247034193999,451.0,1033837.0,1.0,2880,0.9951388888888889,چهار راه نقاشي,1055.0
2018-11,1053,2879,2869.0,325.8536075287557,403.0,934874.0,1.0,2880,0.9961805555555555,هشت بهشت نشاط,1053.0
2018-11,1054,2879,2827.0,449.64955278174745,571.0,1271159.285714,0.9998231340643792,2880,0.9815972222222222,هشت بهشت گلزار,1051.0
2018-11,1057,2879,2873.0,599.8820048729551,743.0,1723461.0,1.0,2880,0.9975694444444444,صغير وليعصر,1050.0
2018-11,1059,2879,2855.0,324.2661996497373,388.0,925780.0,1.0,2880,0.9913194444444444,پل تمدن,
2018-11,1065,2879,2869.0,452.96068814604394,558.0,1299544.214291,0.7780878250261416,2880,0.9961805555555555,,
2018-11,1066,2879,2873.0,553.7367971395753,655.0,1590885.818182,0.9997679547511312,2880,0.9975694444444444,حمزه هشت بهشت,
2018-11,1067,2879,2871.0,834.4478114475793,858.0,2395699.666666,0.9949494949494949,2880,0.996875,,
2018-11,1068,2879,2873.0,594.5355278224853,742.0,1708100.571434,0.9957796728158719,2880,0.9975694444444444,جي صيادشيرازي,1213.0
2018-11,1069,2879,2870.0,674.9798296557491,794.0,1937192.111112,0.9986759581881532,2880,0.9965277777777778,ميدان احمد آباد,1215.0
2018-11,1070,2879,2865.0,667.9401977895287,825.0,1913648.666667,0.9998952879581151,2880,0.9947916666666666,,
2018-11,1071,2879,2865.0,643.1501637172775,807.0,1842625.21905,0.9993019197207679,2880,0.9947916666666666,میدان 25 آبان,1287.0
2018-11,1072,2879,2791.0,1009.4682909351487,1190.0,2817426.0,1.0,2880,0.9690972222222223,,
2018-11,1074,2879,2873.0,627.429118392969,758.0,1802603.857143,0.9998259658893143,2880,0.9975694444444444,,
2018-11,1075,2879,2701.0,927.1466123657905,1169.0,2504223.0,0.999925953350611,2880,0.9378472222222223,حكيم عبدالرزاق,1045.0
2018-11,1077,2879,2870.0,484.09744483135887,614.0,1389359.666666,0.9990853658536586,2880,0.9965277777777778,5 رمضان مسجد سيد,1018.0
2018-11,1078,2879,2471.0,474.8583569405099,587.0,1173375.0,1.0,2880,0.8579861111111111,چهارراه وفايي,1017.0
2018-11,1079,2879,2873.0,480.81894651340065,611.0,1381392.833333,0.9999005520361991,2880,0.9975694444444444,طيب - مسجد سيد,1022.0
2018-11,1080,2879,2873.0,611.8683867037939,760.0,1757897.875,0.9989557963800906,2880,0.9975694444444444,توحيد دانشگاه,1089.0
2018-11,1081,2879,2873.0,459.8954529634528,568.0,1321279.636364,0.9998549721545422,2880,0.9975694444444444,سه راه حكيم نظامي (شهداي غزه),1078.0
2018-11,1082,2879,2873.0,487.313184050818,611.0,1400050.777778,0.9997911590671772,2880,0.9975694444444444,توحيد شريعتي,1082.0
2018-11,1083,2879,2555.0,1341.0591867800392,1648.0,3426406.222223,0.9981213307240704,2880,0.8871527777777778,چهارراه امين (حكيم نظامي-شريعتي),1083.0
2018-11,1084,2879,2873.0,574.7831088729552,699.0,1651351.871792,0.9932374932126696,2880,0.9975694444444444,ميدان ارتش,1084.0
2018-11,1085,2879,2873.0,481.64576147859384,592.0,1383768.272728,0.9941988858336235,2880,0.9975694444444444,سه راه سيمين,1095.0
2018-11,1086,2879,2846.0,502.4574841883345,605.0,1429994.0,1.0,2880,0.9881944444444445,وحيد رودكي,1087.0
2018-11,1088,2879,2792.0,642.1054441260744,793.0,1792758.4,0.9995522922636103,2880,0.9694444444444444,,
2018-11,1090,2879,2641.0,471.0665152090117,577.0,1244086.666667,0.9996213555471413,2880,0.9170138888888889,چهار راه توحيد نظر,1090.0
2018-11,1092,2879,2869.0,731.504356918787,891.0,2098686.0,0.9999253095155107,2880,0.9961805555555555,پل وحيد,1091.0
2018-11,1093,2879,2871.0,649.6217345872518,819.0,1865064.0,1.0,2880,0.996875,جنوب فلزي,1093.0
2018-11,1094,2879,2873.0,914.8826760466412,1042.0,2628457.928282,0.9935741315697877,2880,0.9975694444444444,جنوب آذر,1094.0
2018-11,1095,2879,2724.0,520.9563142437592,629.0,1419085.0,1.0,2880,0.9458333333333333,وحيد باغ درياچه,1096.0
2018-11,1109,2879,2872.0,556.497432103064,683.5,1598260.625,0.998955432799443,2880,0.9972222222222222,شيخ مفيد شيخ صدوق,1109.0
2018-11,1112,2879,2873.0,627.1864651183432,790.0,1801906.714285,0.9998694744169857,2880,0.9975694444444444,هزار جریب آزادی,1106.0
2018-11,1113,2879,2857.0,647.5729786489325,769.0,1850116.0,1.0,2880,0.9920138888888889,دفاع مقدس,1080.0
2018-11,1115,2879,2870.0,638.405574912892,765.0,1832224.0,1.0,2880,0.9965277777777778,,
2018-11,1116,2879,2873.0,823.7532196310477,1033.0,2366643.0,1.0,2880,0.9975694444444444,جنوب پل فردوسي,1116.0
2018-11,1117,2879,2863.0,442.66468739084877,549.0,1267349.0,0.9998253580160671,2880,0.9940972222222222,هتل پل,1117.0
2018-11,1119,2879,2865.0,533.8075292938918,669.0,1529358.571427,0.9977748691099476,2880,0.9947916666666666,,
2018-11,1501,2879,2869.0,609.4149180899268,725.0,1748411.4,0.9983839808295573,2880,0.9961805555555555,جي – اريسون,1467.0
2018-11,1502,2879,2864.0,585.6805167597765,688.5,1677389.0,1.0,2880,0.9944444444444445,,
2018-11,1503,2879,2873.0,724.7577445179255,884.0,2082229.0,0.9896845339366517,2880,0.9975694444444444,جي – شهيد رجائي,1466.0
2018-11,1504,2879,2872.0,599.4264054188718,719.5,1721552.636363,0.9983170912256267,2880,0.9972222222222222,جي – مسجد علي,1468.0
2018-12,1001,2975,2975.0,542.7975859438656,659.0,1614822.818183,0.9998039223529412,2976,0.9996639784946236,اشراق - ابوريحان,1252.0
2018-12,1002,2975,2975.0,396.5337142857143,473.0,1179687.8,0.9979831952941177,2976,0.9996639784946236,اشراق - فلاطوري,1253.0
2018-12,1010,2975,2974.0,391.599724063887,466.666667,1164617.579366,0.8975117686617351,2976,0.9993279569892473,چهارراه جهاد,1005.0
2018-12,1012,2975,2966.0,317.3191728479434,406.0,941168.666667,0.9999157113958193,2976,0.9966397849462365,چهار راه مصدق,1016.0
2018-12,1014,2975,2973.0,751.4356830521359,957.0,2234018.285714,0.636364,2976,0.998991935483871,شمال پل فلزي,1014.0
2018-12,1016,2975,2973.0,551.3233648247561,706.909091,1639084.363624,0.916667,2976,0.998991935483871,امام خميني امام رضا,1259.0
2018-12,1017,2975,2974.0,3130.1815736381977,3618.0,9309160.0,1.0,2976,0.9993279569892473,,
2018-12,1018,2975,2969.0,346.5456101943415,406.0,1028893.916667,0.9997113027955541,2976,0.9976478494623656,سه راه نقشينه,1135.0
2018-12,1019,2975,2964.0,598.2574224021592,678.0,1773235.0,0.9998987854251011,2976,0.9959677419354839,بعثت گلستان,1427.0
2018-12,1021,2975,2975.0,468.7011764705882,574.0,1394386.0,0.9998559425210084,2976,0.9996639784946236,شمال پل آذر,1021.0
2018-12,1028,2975,2974.0,440.23742434431745,564.5,1309266.1,0.998655007733692,2976,0.9993279569892473,آتشگاه - حجازي,1396.0
2018-12,1029,2975,2974.0,582.4039485057162,750.0,1732069.342856,0.9994956287827841,2976,0.9993279569892473,قدس - آتشگاه,1180.0
2018-12,1031,2975,2959.0,655.6659559445759,714.666667,1940115.56364,0.9902838894896924,2976,0.9942876344086021,شيخ صدوق سعادت آباد,1111.0
2018-12,1032,2975,2970.0,641.4551937363636,711.7,1905121.925397,0.9028773545454546,2976,0.9979838709677419,چهارراه فرايبورگ,1114.0
2018-12,1033,2975,2974.0,454.0449077188971,484.0,1350329.555556,0.9994620040349698,2976,0.9993279569892473,سجاد سپه سالار,1105.0
2018-12,1034,2975,2874.0,562.1834454498955,700.5,1615715.222223,0.9983994432846208,2976,0.9657258064516129,چهارراه آپادانا,1110.0
2018-12,1035,2975,2862.0,649.0916491963662,804.0,1857700.3,0.999364716981132,2976,0.9616935483870968,چهارراه آبشار,1115.0
2018-12,1036,2975,2969.0,1008.8421690804985,1136.0,2995252.4,0.9995407089929269,2976,0.9976478494623656,ميدان بزرگمهر,1067.0
2018-12,1037,2975,2970.0,431.08114478114476,549.0,1280311.0,0.9993266000000001,2976,0.9979838709677419,,
2018-12,1038,2975,2973.0,623.0831320309452,798.0,1852426.151528,0.9241262707702658,2976,0.998991935483871,,
2018-12,1039,2975,2975.0,573.4413323119328,705.0,1705987.963628,0.9957983331092436,2976,0.9996639784946236,جي پروين,1188.0
2018-12,1040,2975,2968.0,597.7624663072776,757.0,1774159.0,1.0,2976,0.9973118279569892,,
2018-12,1042,2975,2940.0,356.3374149659864,449.0,1047632.0,0.9999433105442177,2976,0.9879032258064516,كمال ابن سينا,1048.0
2018-12,1043,2975,2961.0,1426.0954394309354,1838.0,4222668.596155,0.9989144569402229,2976,0.9949596774193549,,
2018-12,1044,2975,2975.0,489.3465546218487,604.0,1455806.0,1.0,2976,0.9996639784946236,ميدان قدس,1140.0
2018-12,1047,2975,2959.0,516.342345386955,643.0,1527857.0,1.0,2976,0.9942876344086021,شمال فردوسي,1047.0
2018-12,1048,2975,2970.0,496.41582491582494,635.0,1474355.0,0.9998877666666667,2976,0.9979838709677419,باغ گلدسته كمال اسماعيل,1458.0
2018-12,1051,2975,2972.0,370.72156796769855,475.0,1101784.5,0.9999327052489907,2976,0.9986559139784946,چهار راه نقاشي,1055.0
2018-12,1053,2975,2881.0,335.33830845782717,424.0,966109.666667,0.9999008281846581,2976,0.9680779569892473,هشت بهشت نشاط,1053.0
2018-12,1054,2975,2973.0,457.0887511416078,592.0,1358924.857144,0.9994954591321897,2976,0.998991935483871,هشت بهشت گلزار,1051.0
2018-12,1057,2975,2966.0,612.5627107215105,786.0,1816861.0,1.0,2976,0.9966397849462365,صغير وليعصر,1050.0
2018-12,1058,2732,2640.0,381.6943181818182,471.5,1007673.0,1.0,2976,0.8870967741935484,پل سرهنگ,1192.0
2018-12,1059,2975,2885.0,333.2041594454073,413.0,961294.0,1.0,2976,0.9694220430107527,پل تمدن,
2018-12,1065,2975,2971.0,456.21132856041737,567.0,1355403.857153,0.7778901955570514,2976,0.9983198924731183,,
2018-12,1066,2975,2965.0,556.1774847973019,696.0,1649066.242424,0.9998313662731871,2976,0.9963037634408602,حمزه هشت بهشت,
2018-12,1067,2975,2967.0,861.062015503876,888.0,2554771.0,0.9989888776541962,2976,0.9969758064516129,,
2018-12,1068,2975,2969.0,597.1635952462109,748.0,1772978.714286,0.9953267093297407,2976,0.9976478494623656,جي صيادشيرازي,1213.0
2018-12,1069,2975,2969.0,695.6636727675985,845.0,2065425.444447,0.9962950488379926,2976,0.9976478494623656,ميدان احمد آباد,1215.0
2018-12,1070,2975,2973.0,701.9316440554995,891.0,2086842.777777,0.9995290951900437,2976,0.998991935483871,,
2018-12,1071,2975,2973.0,660.0878798062563,845.0,1962441.266664,0.9987386478304743,2976,0.998991935483871,میدان 25 آبان,1287.0
2018-12,1072,2975,2975.0,1025.5532773109244,1218.0,3051021.0,1.0,2976,0.9996639784946236,,
2018-12,1074,2975,2975.0,635.4371092436975,783.0,1890425.4,0.9996218487394958,2976,0.9996639784946236,,
2018-12,1075,2975,2826.0,944.0424628450106,1232.0,2667864.0,1.0,2976,0.9495967741935484,حكيم عبدالرزاق,1045.0
2018-12,1077,2975,2973.0,487.4055707722839,629.0,1449056.761906,0.9976875210225361,2976,0.998991935483871,5 رمضان مسجد سيد,1018.0
2018-12,1078,2975,2965.0,486.0988195615514,627.0,1441283.0,1.0,2976,0.9963037634408602,چهارراه وفايي,1017.0
2018-12,1079,2975,2975.0,489.2984033616807,628.0,1455662.750001,0.9996638658823529,2976,0.9996639784946236,طيب - مسجد سيد,1022.0
2018-12,1080,2975,2889.0,633.5744202146071,797.0,1830396.5,0.9928079761163032,2976,0.9707661290322581,توحيد دانشگاه,1089.0
2018-12,1081,2975,2913.0,475.2787816371438,602.0,1384487.090909,0.9999713927222794,2976,0.9788306451612904,سه راه حكيم نظامي (شهداي غزه),1078.0
2018-12,1082,2975,2970.0,513.0488215488216,655.0,1523755.0,1.0,2976,0.9979838709677419,توحيد شريعتي,1082.0
2018-12,1083,2975,2913.0,1368.737040851356,1670.0,3987131.0,1.0,2976,0.9788306451612904,چهارراه امين (حكيم نظامي-شريعتي),1083.0
2018-12,1084,2975,2913.0,594.6879945763817,743.0,1732326.128201,0.9897748414006179,2976,0.9788306451612904,ميدان ارتش,1084.0
2018-12,1085,2975,2914.0,481.8866412937543,594.0,1404217.67273,0.9926218544955387,2976,0.9791666666666666,سه راه سيمين,1095.0
2018-12,1086,2975,2875.0,518.4826666664347,648.0,1490637.666666,0.9997913043478261,2976,0.9660618279569892,وحيد رودكي,1087.0
2018-12,1088,2975,2870.0,626.4393562299651,795.0,1797880.95238,0.9987369337979094,2976,0.9643817204301075,,
2018-12,1090,2975,2970.0,476.9655817430977,595.0,1416587.777777,0.9991919191919192,2976,0.9979838709677419,چهار راه توحيد نظر,1090.0
2018-12,1092,2975,2938.0,745.884704007488,944.0,2191409.260374,0.985412798162015,2976,0.9872311827956989,پل وحيد,1091.0
2018-12,1093,2975,2974.0,637.560972876261,813.0,1896106.333334,0.9927248345662408,2976,0.9993279569892473,جنوب فلزي,1093.0
2018-12,1094,2975,2974.0,897.3692211284465,1019.0,2668776.063636,0.9946459108944183,2976,0.9993279569892473,جنوب آذر,1094.0
2018-12,1095,2975,2914.0,537.101921757035,669.5,1565115.0,0.9998713109128345,2976,0.9791666666666666,وحيد باغ درياچه,1096.0
2018-12,1109,2975,2971.0,578.3675950858296,730.0,1718330.125,0.9993642251767082,2976,0.9983198924731183,شيخ مفيد شيخ صدوق,1109.0
2018-12,1112,2975,2969.0,636.9515469373526,812.0,1891109.142857,0.9997473896934995,2976,0.9976478494623656,هزار جریب آزادی,1106.0
2018-12,1113,2975,2965.0,659.8644182124789,820.0,1956498.0,1.0,2976,0.9963037634408602,دفاع مقدس,1080.0
2018-12,1115,2975,2973.0,661.5509586276488,834.0,1966791.0,0.9998505065590312,2976,0.998991935483871,,
2018-12,1116,2975,2957.0,844.1958065607034,1080.0,2496287.0,1.0,2976,0.9936155913978495,جنوب پل فردوسي,1116.0
2018-12,1117,2975,2971.0,456.6650959272972,573.0,1356752.0,1.0,2976,0.9983198924731183,هتل پل,1117.0
2018-12,1119,2975,2969.0,549.0900543715056,706.0,1630248.371429,0.9996210845402492,2976,0.9976478494623656,,
2018-12,1501,2975,2969.0,610.9351970360391,744.0,1813866.6,0.9992345149882116,2976,0.9976478494623656,جي – اريسون,1467.0
2018-12,1502,2975,2955.0,582.7486971235194,706.0,1722022.4,0.9995346869712352,2976,0.9929435483870968,,
2018-12,1503,2975,2968.0,721.3941599282346,891.0,2141097.866667,0.9890345613207546,2976,0.9973118279569892,جي – شهيد رجائي,1466.0
2018-12,1504,2975,2951.0,602.1760134140969,733.0,1777021.415585,0.9992093097255168,2976,0.9915994623655914,جي – مسجد علي,1468.0
2019-01,1001,2975,2921.0,543.2236469455667,665.0,1586756.272728,0.9997717685724068,2976,0.9815188172043011,اشراق - ابوريحان,1252.0
2019-01,1002,2975,2969.0,390.826427716066,465.3,1160363.663889,0.9831593297406535,2976,0.9976478494623656,اشراق - فلاطوري,1253.0
2019-01,1010,2975,2972.0,389.29706359253026,460.0,1156990.8729969999,0.8993270524899059,2976,0.9986559139784946,چهارراه جهاد,1005.0
2019-01,1012,2975,2973.0,314.31146989572824,401.0,934448.0,1.0,2976,0.998991935483871,چهار راه مصدق,1016.0
2019-01,1014,2975,2975.0,1020.9200800332773,1070.142857,3037237.238099,0.6348666752941177,2976,0.9996639784946236,شمال پل فلزي,1014.0
2019-01,1016,2975,2974.0,549.7433409895764,696.0,1634936.696103,0.9163587713517148,2976,0.9993279569892473,امام خميني امام رضا,1259.0
2019-01,1017,2975,2975.0,2505.5452100840334,2860.0,7453997.0,1.0,2976,0.9996639784946236,,
2019-01,1018,2975,2971.0,344.90306294177043,407.0,1024707.0,1.0,2976,0.9983198924731183,سه راه نقشينه,1135.0
2019-01,1019,2975,2970.0,458.04885895993266,544.0,1360405.111111,0.99993265993266,2976,0.9979838709677419,بعثت گلستان,1427.0
2019-01,1021,2975,2975.0,464.8633613445378,569.0,1382968.5,0.9999519808403362,2976,0.9996639784946236,شمال پل آذر,1021.0
2019-01,1028,2975,2972.0,437.55672947510095,560.0,1300418.6,0.9976446790040376,2976,0.9986559139784946,آتشگاه - حجازي,1396.0
2019-01,1029,2975,2975.0,576.7859783909244,746.0,1715938.285713,0.9996218487394958,2976,0.9996639784946236,قدس - آتشگاه,1180.0
2019-01,1031,2975,2970.0,642.1019181720538,709.0,1907042.696971,0.9942761013468013,2976,0.9979838709677419,شيخ صدوق سعادت آباد,1111.0
2019-01,1032,2975,2971.0,623.8818626337934,704.0,1853553.013885,0.9043481878155504,2976,0.9983198924731183,چهارراه فرايبورگ,1114.0
2019-01,1033,2975,2972.0,422.70569762314943,472.0,1256281.333336,0.9979475100942127,2976,0.9986559139784946,سجاد سپه سالار,1105.0
2019-01,1034,2975,2971.0,559.7108343628408,700.0,1662900.888892,0.9985190171659374,2976,0.9983198924731183,چهارراه آپادانا,1110.0
2019-01,1035,2975,2975.0,633.5926050420168,781.0,1884938.0,1.0,2976,0.9996639784946236,چهارراه آبشار,1115.0
2019-01,1036,2975,2892.0,1020.9295297372062,1125.0,2952528.2,0.9992770031120333,2976,0.9717741935483871,ميدان بزرگمهر,1067.0
2019-01,1037,2975,2962.0,430.1817353139771,544.0,1274198.3,0.9997237741390952,2976,0.9952956989247311,,
2019-01,1038,2975,2971.0,629.6326929555705,804.461538,1870638.730771,0.9284507923258163,2976,0.9983198924731183,,
2019-01,1039,2975,2968.0,576.9890958076146,713.0,1712503.636357,0.9900606846361186,2976,0.9973118279569892,جي پروين,1188.0
2019-01,1040,2975,2975.0,596.512268907563,757.0,1774624.0,1.0,2976,0.9996639784946236,,
2019-01,1042,2975,2934.0,358.27914110429447,449.0,1051191.0,0.9969893156100885,2976,0.9858870967741935,كمال ابن سينا,1048.0
2019-01,1043,2975,2961.0,1415.2984698517394,1804.0,4190698.769231,0.9997587673083418,2976,0.9949596774193549,,
2019-01,1044,2975,2968.0,481.72001347708897,589.5,1429745.0,1.0,2976,0.9973118279569892,ميدان قدس,1140.0
2019-01,1047,2975,2975.0,514.0467226890756,636.0,1529289.0,1.0,2976,0.9996639784946236,شمال فردوسي,1047.0
2019-01,1048,2975,2974.0,497.08876933423,630.0,1478342.0,1.0,2976,0.9993279569892473,باغ گلدسته كمال اسماعيل,1458.0
2019-01,1051,2975,2973.0,372.94517322569794,477.0,1108766.0,1.0,2976,0.998991935483871,چهار راه نقاشي,1055.0
2019-01,1053,2975,2975.0,333.67596638655465,416.0,992686.0,1.0,2976,0.9996639784946236,هشت بهشت نشاط,1053.0
2019-01,1054,2975,2975.0,457.1414645858824,590.0,1359995.857143,0.9998319327731092,2976,0.9996639784946236,هشت بهشت گلزار,1051.0
2019-01,1057,2975,2972.0,619.0491251682369,808.0,1839814.0,1.0,2976,0.9986559139784946,صغير وليعصر,1050.0
2019-01,1058,2975,2971.0,394.8266576910131,499.0,1173030.0,1.0,2976,0.9983198924731183,پل سرهنگ,1192.0
2019-01,1059,2975,2902.0,331.5582356995176,409.0,962182.0,1.0,2976,0.9751344086021505,پل تمدن,
2019-01,1065,2975,2961.0,446.3108988291118,551.571429,1321526.571433,0.7783033475177304,2976,0.9949596774193549,,
2019-01,1066,2975,2970.0,580.9792470154882,698.0,1725508.363636,0.9999719417508417,2976,0.9979838709677419,حمزه هشت بهشت,
2019-01,1067,2975,2973.0,789.1741693763876,865.0,2346214.805556,0.9858728557013118,2976,0.998991935483871,,
2019-01,1068,2975,2975.0,586.9699879942857,726.0,1746235.714283,0.9955882352941177,2976,0.9996639784946236,جي صيادشيرازي,1213.0
2019-01,1069,2975,2975.0,689.7719141005042,827.0,2052071.444449,0.9980504201680672,2976,0.9996639784946236,ميدان احمد آباد,1215.0
2019-01,1070,2975,2975.0,696.858076565042,877.0,2073152.777781,0.9983193277310924,2976,0.9996639784946236,,
2019-01,1071,2975,2975.0,660.0271788709243,838.0,1963580.857141,0.9985294117647059,2976,0.9996639784946236,میدان 25 آبان,1287.0
2019-01,1072,2975,2972.0,1007.1931359353971,1195.5,2993378.0,1.0,2976,0.9986559139784946,,
2019-01,1074,2975,2975.0,632.4117647058823,779.0,1881425.0,1.0,2976,0.9996639784946236,,
2019-01,1075,2975,2967.0,936.4828764553421,1197.5,2778544.694443,0.979912369396697,2976,0.9969758064516129,حكيم عبدالرزاق,1045.0
2019-01,1077,2975,2960.0,386.6380147993243,462.0,1144448.523806,0.9897804054054054,2976,0.9946236559139785,5 رمضان مسجد سيد,1018.0
2019-01,1078,2975,2975.0,483.0006722689076,619.0,1436927.0,1.0,2976,0.9996639784946236,چهارراه وفايي,1017.0
2019-01,1079,2975,2962.0,486.15243079000675,619.0,1439983.5,0.998263723160027,2976,0.9952956989247311,طيب - مسجد سيد,1022.0
2019-01,1080,2975,2970.0,635.8642255892256,802.0625,1888516.75,0.974111511111111,2976,0.9979838709677419,توحيد دانشگاه,1089.0
2019-01,1081,2975,2975.0,467.35679144403366,586.0,1390386.454546,0.9997759112605042,2976,0.9996639784946236,سه راه حكيم نظامي (شهداي غزه),1078.0
2019-01,1082,2975,2975.0,513.5193277310924,653.0,1527720.0,1.0,2976,0.9996639784946236,توحيد شريعتي,1082.0
2019-01,1083,2975,2751.0,1475.0772749298437,1671.0,4057937.583332,0.9111959287531806,2976,0.9243951612903226,چهارراه امين (حكيم نظامي-شريعتي),1083.0
2019-01,1084,2975,2975.0,581.1531049334453,715.0,1728930.487177,0.9894597220168067,2976,0.9996639784946236,ميدان ارتش,1084.0
2019-01,1085,2975,2975.0,474.5476852544538,586.0,1411779.363632,0.9892437405042017,2976,0.9996639784946236,سه راه سيمين,1095.0
2019-01,1086,2975,2975.0,515.7998879552941,644.0,1534504.666667,0.9999327731092438,2976,0.9996639784946236,وحيد رودكي,1087.0
2019-01,1088,2975,2975.0,639.3811764705882,797.0,1902159.0,1.0,2976,0.9996639784946236,,
2019-01,1090,2975,2935.0,467.00088964599655,582.0,1370647.611111,0.9989778534923339,2976,0.9862231182795699,چهار راه توحيد نظر,1090.0
2019-01,1092,2975,,,,,,2976,,پل وحيد,1091.0
2019-01,1093,2975,2975.0,578.2492427633614,686.0,1720291.497221,0.9757983435294117,2976,0.9996639784946236,جنوب فلزي,1093.0
2019-01,1094,2975,2975.0,942.8162161109244,1047.0,2804878.24293,0.9923464847058823,2976,0.9996639784946236,جنوب آذر,1094.0
2019-01,1095,2975,2967.0,528.1262458469835,659.0,1566950.571428,0.9998736097067745,2976,0.9969758064516129,وحيد باغ درياچه,1096.0
2019-01,1109,2975,2972.0,572.9165124495289,722.5,1702707.875,0.9991027375504711,2976,0.9986559139784946,شيخ مفيد شيخ صدوق,1109.0
2019-01,1112,2975,2975.0,636.438031212437,803.0,1893403.142857,0.9999159663865547,2976,0.9996639784946236,هزار جریب آزادی,1106.0
2019-01,1113,2975,2973.0,651.4846955936764,803.0,1936864.0,1.0,2976,0.998991935483871,دفاع مقدس,1080.0
2019-01,1115,2975,2974.0,651.969569603228,813.5,1938957.5,0.9998879176193678,2976,0.9993279569892473,,
2019-01,1116,2975,2975.0,840.616806722353,1066.0,2500834.999999,0.9995798319327731,2976,0.9996639784946236,جنوب پل فردوسي,1116.0
2019-01,1117,2975,2975.0,454.15966386554624,567.0,1351125.0,1.0,2976,0.9996639784946236,هتل پل,1117.0
2019-01,1119,2975,2972.0,546.8641767560565,694.3333335,1625280.333319,0.9673199865410498,2976,0.9986559139784946,,
2019-01,1501,2975,2975.0,593.7696806722689,722.0,1766464.8,0.9987165788235294,2976,0.9996639784946236,جي – اريسون,1467.0
2019-01,1502,2975,2703.0,566.5321529870514,677.0,1531336.409524,0.9995375508694043,2976,0.9082661290322581,,
2019-01,1503,2975,2970.0,701.7997306397306,858.0,2084345.2,0.9992653818181819,2976,0.9979838709677419,جي – شهيد رجائي,1466.0
2019-01,1504,2975,2966.0,584.7081468752529,710.0,1734244.363632,0.9990728290627108,2976,0.9966397849462365,جي – مسجد علي,1468.0
2019-02,1001,2687,2679.0,544.8050154397163,664.0,1459532.636363,0.9998133639417695,2688,0.9966517857142857,اشراق - ابوريحان,1252.0
2019-02,1002,2687,2687.0,402.3155522474879,481.0,1081021.888889,0.9983421879419426,2688,0.9996279761904762,اشراق - فلاطوري,1253.0
2019-02,1010,2687,2679.0,400.34078250690555,460.0,1072512.956336,0.8987308697275104,2688,0.9966517857142857,چهارراه جهاد,1005.0
2019-02,1012,2687,2686.0,321.11169024571853,406.0,862506.0,1.0,2688,0.9992559523809523,چهار راه مصدق,1016.0
2019-02,1014,2687,2686.0,754.7982129549516,939.714286,2027387.999997,0.636364,2688,0.9992559523809523,شمال پل فلزي,1014.0
2019-02,1016,2687,2687.0,555.2138985753628,689.454545,1491859.745472,0.9165739586899888,2688,0.9996279761904762,امام خميني امام رضا,1259.0
2019-02,1017,2687,2513.0,2500.593280396339,2818.0,6283990.913636,0.9941731611619578,2688,0.9348958333333334,,
2019-02,1018,2687,2687.0,350.4849274283588,407.0,941753.0,1.0,2688,0.9996279761904762,سه راه نقشينه,1135.0
2019-02,1019,2687,2687.0,473.02572054745065,554.0,1271020.111111,0.9998139188686267,2688,0.9996279761904762,بعثت گلستان,1427.0
2019-02,1021,2687,2686.0,447.50632911392404,544.0,1202002.0,1.0,2688,0.9992559523809523,شمال پل آذر,1021.0
2019-02,1028,2687,2686.0,447.66954579300074,568.0,1202440.4,0.9981384921816827,2688,0.9992559523809523,آتشگاه - حجازي,1396.0
2019-02,1029,2687,2686.0,603.9959046913626,780.0,1622333.000001,0.9997673119880863,2688,0.9992559523809523,قدس - آتشگاه,1180.0
2019-02,1031,2687,2687.0,630.7984752620023,689.0,1694955.503029,0.9926498016375139,2688,0.9996279761904762,شيخ صدوق سعادت آباد,1111.0
2019-02,1032,2687,2687.0,625.0573440033495,708.4,1679529.083337,0.905267882396725,2688,0.9996279761904762,چهارراه فرايبورگ,1114.0
2019-02,1033,2687,2682.0,395.45592012378825,458.0,1060612.777772,0.9964578672632364,2688,0.9977678571428571,سجاد سپه سالار,1105.0
2019-02,1034,2687,2679.0,579.655902462486,724.0,1552898.162697,0.9968271743187757,2688,0.9966517857142857,چهارراه آپادانا,1110.0
2019-02,1035,2687,2683.0,636.6181016276556,770.0,1708046.366667,0.9992884498695489,2688,0.9981398809523809,چهارراه آبشار,1115.0
2019-02,1036,2687,2684.0,1000.9857437075261,1099.0,2686645.736111,0.9986790421013413,2688,0.9985119047619048,ميدان بزرگمهر,1067.0
2019-02,1037,2687,2686.0,439.4281087118391,546.5,1180303.9,0.9993907810871183,2688,0.9992559523809523,,
2019-02,1038,2687,2616.0,644.2539304533639,818.461538,1685368.282066,0.9282979571865443,2688,0.9732142857142857,,
2019-02,1039,2687,2687.0,523.9021493595087,632.0,1407725.075329,0.9940764369184963,2688,0.9996279761904762,جي پروين,1188.0
2019-02,1040,2687,2687.0,592.2020841086713,737.0,1591247.0,1.0,2688,0.9996279761904762,,
2019-02,1042,2687,2667.0,357.51256092988376,434.0,953486.0,1.0,2688,0.9921875,كمال ابن سينا,1048.0
2019-02,1043,2687,2683.0,1448.0474768322772,1840.0,3885111.380341,0.9996805273947075,2688,0.9981398809523809,,
2019-02,1044,2687,2687.0,498.1857089691105,590.0,1338625.0,1.0,2688,0.9996279761904762,ميدان قدس,1140.0
2019-02,1047,2687,2687.0,512.7681429103089,615.0,1377808.0,1.0,2688,0.9996279761904762,شمال فردوسي,1047.0
2019-02,1048,2687,2597.0,481.5660377358491,577.0,1250627.0,1.0,2688,0.9661458333333334,باغ گلدسته كمال اسماعيل,1458.0
2019-02,1051,2687,2680.0,385.4294776119403,489.5,1032951.0,1.0,2688,0.9970238095238095,چهار راه نقاشي,1055.0
2019-02,1053,2687,2684.0,339.76266766020865,421.0,911923.0,0.9998935491803278,2688,0.9985119047619048,هشت بهشت نشاط,1053.0
2019-02,1054,2687,2684.0,465.11784117548433,594.0,1248376.285715,0.999720566318927,2688,0.9985119047619048,هشت بهشت گلزار,1051.0
2019-02,1057,2687,2687.0,629.6638547740976,807.0,1691906.777778,0.9999627837737254,2688,0.9996279761904762,صغير وليعصر,1050.0
2019-02,1058,2687,2687.0,402.9040234875325,504.0,1082603.111111,0.9936732415333085,2688,0.9996279761904762,پل سرهنگ,1192.0
2019-02,1059,2687,2679.0,331.54460619634193,401.0,888208.0,1.0,2688,0.9966517857142857,پل تمدن,
2019-02,1065,2687,2687.0,458.02358578228507,565.714286,1230709.374997,0.7779434052847041,2688,0.9996279761904762,,
2019-02,1066,2687,2682.0,594.3348586536167,696.5,1594006.090909,0.9999378575689783,2688,0.9977678571428571,حمزه هشت بهشت,
2019-02,1067,2687,2682.0,852.4560651237882,884.0,2286287.166662,0.9913497390007457,2688,0.9977678571428571,,
2019-02,1068,2687,2687.0,590.1189855902493,725.0,1585649.714281,0.995347971715668,2688,0.9996279761904762,جي صيادشيرازي,1213.0
2019-02,1069,2687,2687.0,686.9971054052846,824.0,1845961.222224,0.9991068105694082,2688,0.9996279761904762,ميدان احمد آباد,1215.0
2019-02,1070,2687,2685.0,686.1598593005587,830.0,1842339.222222,0.9997765363128492,2688,0.9988839285714286,,
2019-02,1071,2687,2687.0,661.2332216844063,817.0,1776733.666666,0.9987904726460737,2688,0.9996279761904762,میدان 25 آبان,1287.0
2019-02,1072,2687,2687.0,1034.1179754372906,1216.0,2778675.0,0.9998759460364719,2688,0.9996279761904762,,
2019-02,1074,2687,2687.0,643.704875325642,783.0,1729635.0,1.0,2688,0.9996279761904762,,
2019-02,1075,2687,2623.0,937.1967213114754,1161.0,2458267.0,1.0,2688,0.9758184523809523,حكيم عبدالرزاق,1045.0
2019-02,1077,2687,2652.0,496.7893593329562,638.0,1317485.380951,0.9948623680241327,2688,0.9866071428571429,5 رمضان مسجد سيد,1018.0
2019-02,1078,2687,2687.0,499.9761816151842,639.0,1343436.0,1.0,2688,0.9996279761904762,چهارراه وفايي,1017.0
2019-02,1079,2687,2687.0,487.4224041682173,613.0,1309704.0,0.9995215061406773,2688,0.9996279761904762,طيب - مسجد سيد,1022.0
2019-02,1080,2687,2685.0,628.0578212290503,790.0,1686335.25,0.9993792681564245,2688,0.9988839285714286,توحيد دانشگاه,1089.0
2019-02,1081,2687,2687.0,470.2498223770004,586.0,1263561.272727,0.9998449330107926,2688,0.9996279761904762,سه راه حكيم نظامي (شهداي غزه),1078.0
2019-02,1082,2687,2686.0,511.4024571854058,646.0,1373627.0,1.0,2688,0.9992559523809523,توحيد شريعتي,1082.0
2019-02,1083,2687,2687.0,1916.9908908846298,2302.857143,5150954.523807,0.6990695943431335,2688,0.9996279761904762,چهارراه امين (حكيم نظامي-شريعتي),1083.0
2019-02,1084,2687,2687.0,515.8099205083736,639.0,1385981.256406,0.9900578969110533,2688,0.9996279761904762,ميدان ارتش,1084.0
2019-02,1085,2687,2687.0,477.9845451176033,589.0,1284344.472731,0.992029555266096,2688,0.9996279761904762,سه راه سيمين,1095.0
2019-02,1086,2687,2584.0,510.47871517027863,630.0,1319077.0,1.0,2688,0.9613095238095238,وحيد رودكي,1087.0
2019-02,1088,2687,2686.0,648.4724497393894,802.0,1741797.0,1.0,2688,0.9992559523809523,,
2019-02,1090,2687,2685.0,457.4477136361266,553.0,1228247.111113,0.9988826815642458,2688,0.9988839285714286,چهار راه توحيد نظر,1090.0
2019-02,1092,2687,1670.0,776.0103262005989,971.5,1295937.244755,0.9997861413173652,2688,0.6212797619047619,پل وحيد,1091.0
2019-02,1093,2687,2686.0,660.8740506329113,831.5,1775107.7,0.9998984635145197,2688,0.9992559523809523,جنوب فلزي,1093.0
2019-02,1094,2687,2686.0,964.678209496277,1030.0,2591125.670707,0.9977089203276247,2688,0.9992559523809523,جنوب آذر,1094.0
2019-02,1095,2687,2603.0,519.2328082981176,640.0,1351563.0,1.0,2688,0.9683779761904762,وحيد باغ درياچه,1096.0
2019-02,1109,2687,2685.0,574.9504189944134,712.0,1543741.875,0.9991309754189944,2688,0.9988839285714286,شيخ مفيد شيخ صدوق,1109.0
2019-02,1112,2687,2687.0,640.6144398957946,809.0,1721331.0,1.0,2688,0.9996279761904762,هزار جریب آزادی,1106.0
2019-02,1113,2687,2687.0,671.418723896911,813.0,1804102.111111,0.9999627837737254,2688,0.9996279761904762,دفاع مقدس,1080.0
2019-02,1115,2687,2686.0,671.5677587490693,821.0,1803831.0,1.0,2688,0.9992559523809523,,
2019-02,1116,2687,2687.0,829.979531075549,1013.0,2230155.0,1.0,2688,0.9996279761904762,جنوب پل فردوسي,1116.0
2019-02,1117,2687,2687.0,431.98585783401563,508.0,1160746.0,1.0,2688,0.9996279761904762,هتل پل,1117.0
2019-02,1119,2687,2687.0,541.3025147532564,687.0,1454479.857142,0.9996743580200967,2688,0.9996279761904762,,
2019-02,1501,2687,2687.0,596.2121697059919,719.0,1602022.1,0.9984775195385188,2688,0.9996279761904762,جي – اريسون,1467.0
2019-02,1502,2687,2508.0,574.0509227611643,686.0,1439719.714285,0.9998006379585327,2688,0.9330357142857143,,
2019-02,1503,2687,2669.0,713.8857999250655,874.0,1905361.2,0.9994550228550018,2688,0.9929315476190477,جي – شهيد رجائي,1466.0
2019-02,1504,2687,2687.0,588.5358798247115,704.0,1581395.909089,0.9993487186453294,2688,0.9996279761904762,جي – مسجد علي,1468.0
2019-03,1001,2971,2969.0,532.4561662431795,630.0,1580862.357576,0.9994105766251263,2976,0.9976478494623656,اشراق - ابوريحان,1252.0
2019-03,1002,2971,2970.0,394.47972743299664,459.0,1171604.790476,0.9975818818181819,2976,0.9979838709677419,اشراق - فلاطوري,1253.0
2019-03,1010,2971,2971.0,400.79374429182093,456.666667,1190758.214291,0.8989229215752272,2976,0.9983198924731183,چهارراه جهاد,1005.0
2019-03,1012,2971,2971.0,312.8374284752609,382.0,929440.0,1.0,2976,0.9983198924731183,چهار راه مصدق,1016.0
2019-03,1014,2971,2969.0,744.3456831660493,909.857143,2209962.33332,0.6363333805995285,2976,0.9976478494623656,شمال پل فلزي,1014.0
2019-03,1016,2971,2963.0,536.2026201977725,634.909091,1588768.363646,0.9165826253796828,2976,0.9956317204301075,امام خميني امام رضا,1259.0
2019-03,1017,2971,2373.0,3093.8375960324483,3449.0,7341676.615385,0.9999698992836072,2976,0.7973790322580645,,
2019-03,1018,2971,2971.0,352.7940087512622,406.0,1048151.0,0.9996153295186806,2976,0.9983198924731183,سه راه نقشينه,1135.0
2019-03,1019,2971,2960.0,463.0295795793919,522.0,1370567.555555,0.9992229729729729,2976,0.9946236559139785,بعثت گلستان,1427.0
2019-03,1021,2971,2971.0,450.45888028710874,544.0,1338313.333333,0.9999038323796701,2976,0.9983198924731183,شمال پل آذر,1021.0
2019-03,1028,2971,2971.0,440.54856950521713,549.0,1308869.8,0.996690221474251,2976,0.9983198924731183,آتشگاه - حجازي,1396.0
2019-03,1029,2971,2971.0,593.5452228680579,746.0,1763422.857141,0.9992847526085493,2976,0.9983198924731183,قدس - آتشگاه,1180.0
2019-03,1031,2971,2971.0,618.5863835270952,676.0,1837820.145459,0.9924548475260855,2976,0.9983198924731183,شيخ صدوق سعادت آباد,1111.0
2019-03,1032,2971,2754.0,605.9373113863471,672.3357145,1668751.355558,0.8985608725490195,2976,0.9254032258064516,چهارراه فرايبورگ,1114.0
2019-03,1033,2971,2971.0,403.22341363480314,448.0,1197976.761909,0.997071693032649,2976,0.9983198924731183,سجاد سپه سالار,1105.0
2019-03,1034,2971,2971.0,561.7227832006058,687.0,1668878.388889,0.9968360821272298,2976,0.9983198924731183,چهارراه آپادانا,1110.0
2019-03,1035,2971,2971.0,631.3644638916189,754.0,1875783.822222,0.9998470060585661,2976,0.9983198924731183,چهارراه آبشار,1115.0
2019-03,1036,2971,2964.0,991.5701417004049,1070.5,2939013.9,0.9997546315789474,2976,0.9959677419354839,ميدان بزرگمهر,1067.0
2019-03,1037,2971,2946.0,427.117275778683,513.0,1258287.494444,0.9992593971486763,2976,0.9899193548387096,,
2019-03,1038,2971,2969.0,668.3682410505221,798.0,1984385.307679,0.9282823058268778,2976,0.9976478494623656,,
2019-03,1039,2971,2946.0,533.4838538092329,640.0,1571643.433322,0.956466561778683,2976,0.9899193548387096,جي پروين,1188.0
2019-03,1040,2971,2969.0,585.333176153587,722.0,1737854.2,0.9999693805995284,2976,0.9976478494623656,,
2019-03,1042,2971,2957.0,337.01826175177547,402.0,996563.0,1.0,2976,0.9936155913978495,كمال ابن سينا,1048.0
2019-03,1043,2971,2940.0,1438.5681500377552,1787.5,4229390.361111,0.9986394523809523,2976,0.9879032258064516,,
2019-03,1044,2971,2908.0,507.86884456671254,577.0,1476882.6,0.9999062149243466,2976,0.9771505376344086,ميدان قدس,1140.0
2019-03,1047,2971,2966.0,513.069453809845,614.0,1521764.0,1.0,2976,0.9966397849462365,شمال فردوسي,1047.0
2019-03,1048,2971,2924.0,460.855950752394,536.0,1347542.8,0.9999430003419972,2976,0.9825268817204301,باغ گلدسته كمال اسماعيل,1458.0
2019-03,1051,2971,2971.0,364.356782228206,453.0,1082504.0,1.0,2976,0.9983198924731183,چهار راه نقاشي,1055.0
2019-03,1053,2971,2968.0,336.83529874191373,412.0,999727.166666,0.9999037351752021,2976,0.9973118279569892,هشت بهشت نشاط,1053.0
2019-03,1054,2971,2971.0,454.7429436937058,571.0,1351041.285714,0.9997896331201616,2976,0.9983198924731183,هشت بهشت گلزار,1051.0
2019-03,1057,2971,2910.0,621.1143184408934,777.0,1807442.666663,0.9919243986254296,2976,0.9778225806451613,صغير وليعصر,1050.0
2019-03,1058,2971,2827.0,397.2188814258932,487.777778,1122937.777791,0.9781393703572692,2976,0.9499327956989247,پل سرهنگ,1192.0
2019-03,1059,2971,2971.0,324.6686060488051,384.0,964590.428571,0.9999579266240323,2976,0.9983198924731183,پل تمدن,
2019-03,1065,2971,2971.0,453.3249447088522,552.857143,1346828.41073,0.7779275940760687,2976,0.9983198924731183,,
2019-03,1066,2971,2971.0,575.0405740339952,652.0,1708445.545455,0.9998878047795354,2976,0.9983198924731183,حمزه هشت بهشت,
2019-03,1067,2971,2909.0,804.7171994953592,846.0,2340922.333332,0.9957717428669646,2976,0.977486559139785,,
2019-03,1068,2971,2960.0,585.4768822402027,706.0,1733011.571431,0.9948057432432432,2976,0.9946236559139785,جي صيادشيرازي,1213.0
2019-03,1069,2971,2840.0,670.7600743348592,798.4444444999999,1904958.611111,0.9945422535211268,2976,0.9543010752688172,ميدان احمد آباد,1215.0
2019-03,1070,2971,2964.0,670.3492036720647,785.0,1986915.039684,0.9985155195681511,2976,0.9959677419354839,,
2019-03,1071,2971,2944.0,641.3331728267663,771.0,1888084.860802,0.9985776154891305,2976,0.989247311827957,میدان 25 آبان,1287.0
2019-03,1072,2971,2952.0,996.8174119241193,1140.0,2942605.0,1.0,2976,0.9919354838709677,,
2019-03,1074,2971,2967.0,634.8055756174587,750.0,1883468.142857,0.9998736097067745,2976,0.9969758064516129,,
2019-03,1075,2971,2907.0,913.860850383213,1106.0,2656593.492064,0.9998624011007912,2976,0.9768145161290323,حكيم عبدالرزاق,1045.0
2019-03,1077,2971,2968.0,493.45661660849055,616.0,1464579.238094,0.9976415094339622,2976,0.9973118279569892,5 رمضان مسجد سيد,1018.0
2019-03,1078,2971,2971.0,489.3029283069674,607.0,1453719.0,1.0,2976,0.9983198924731183,چهارراه وفايي,1017.0
2019-03,1079,2971,2969.0,493.73784663691475,612.0,1465907.666665,0.9993263731896262,2976,0.9976478494623656,طيب - مسجد سيد,1022.0
2019-03,1080,2971,2971.0,602.7394636243689,711.0,1790738.946428,0.998429262201279,2976,0.9983198924731183,توحيد دانشگاه,1089.0
2019-03,1081,2971,2969.0,449.81113934860224,531.0,1335489.272726,0.9992421721118221,2976,0.9976478494623656,سه راه حكيم نظامي (شهداي غزه),1078.0
2019-03,1082,2971,2971.0,490.04065223056216,588.0,1455910.777777,0.9998990238976775,2976,0.9983198924731183,توحيد شريعتي,1082.0
2019-03,1083,2971,2967.0,1739.8440464246712,2018.571429,5162117.285742,0.6986518368722616,2976,0.9969758064516129,چهارراه امين (حكيم نظامي-شريعتي),1083.0
2019-03,1084,2971,2935.0,501.8211330988075,600.0,1472845.025645,0.9918227816013628,2976,0.9862231182795699,ميدان ارتش,1084.0
2019-03,1085,2971,2971.0,475.9964994951195,578.0,1414185.6,0.9861438892628744,2976,0.9983198924731183,سه راه سيمين,1095.0
2019-03,1086,2971,2942.0,491.8841679884432,583.5,1447123.222222,0.9997280761386811,2976,0.9885752688172043,وحيد رودكي,1087.0
2019-03,1088,2971,2969.0,641.0434008565173,783.0,1903257.857143,0.9999578982822499,2976,0.9976478494623656,,
2019-03,1090,2971,2948.0,440.40561397591586,515.0,1298315.750001,0.9958616010854817,2976,0.9905913978494624,چهار راه توحيد نظر,1090.0
2019-03,1092,2971,2971.0,726.7702405324807,864.769231,2159234.384622,0.9886521423763043,2976,0.9983198924731183,پل وحيد,1091.0
2019-03,1093,2971,2971.0,645.9221474251094,794.2,1919034.7,0.9828646785594076,2976,0.9983198924731183,جنوب فلزي,1093.0
2019-03,1094,2971,2969.0,896.6852111552711,985.0,2662258.39192,0.9983677504210172,2976,0.9976478494623656,جنوب آذر,1094.0
2019-03,1095,2971,2920.0,504.6983365945205,587.5,1473719.142856,0.9994434931506849,2976,0.9811827956989247,وحيد باغ درياچه,1096.0
2019-03,1109,2971,2967.0,539.7565181280755,627.0,1601457.589286,0.9987641850353893,2976,0.9969758064516129,شيخ مفيد شيخ صدوق,1109.0
2019-03,1112,2971,2614.0,616.6194119575364,741.0,1611843.142857,0.9998087222647284,2976,0.8783602150537635,هزار جریب آزادی,1106.0
2019-03,1113,2971,2969.0,634.8541596497137,730.0,1884882.0,1.0,2976,0.9976478494623656,دفاع مقدس,1080.0
2019-03,1115,2971,2963.0,649.8296490043874,748.0,1925445.25,0.9927250982112723,2976,0.9956317204301075,,
2019-03,1116,2971,2914.0,807.6482498284146,944.0,2353487.0,1.0,2976,0.9791666666666666,جنوب پل فردوسي,1116.0
2019-03,1117,2971,2971.0,414.7940087512622,452.0,1232353.0,0.9998317061595423,2976,0.9983198924731183,هتل پل,1117.0
2019-03,1119,2971,2971.0,511.86425926825984,617.0,1520748.714286,0.9992426792325816,2976,0.9983198924731183,,
2019-03,1501,2971,2908.0,599.610522696011,707.0,1743667.4,0.9987182706327373,2976,0.9771505376344086,جي – اريسون,1467.0
2019-03,1502,2971,2888.0,582.1904432132964,679.0,1681366.0,0.9997403047091413,2976,0.9704301075268817,,
2019-03,1503,2971,2906.0,708.9922162955953,849.0,2060331.380555,0.9992492030282175,2976,0.9764784946236559,جي – شهيد رجائي,1466.0
2019-03,1504,2971,2905.0,596.0813790227195,696.0,1731616.406061,0.997963286746988,2976,0.9761424731182796,جي – مسجد علي,1468.0
2019-04,1001,2879,2841.0,517.1117724234424,610.0,1469114.545455,0.9995893481168602,2880,0.9864583333333333,اشراق - ابوريحان,1252.0
2019-04,1002,2879,2875.0,379.8277951690435,429.0,1092004.911111,0.9979446660869566,2880,0.9982638888888888,اشراق - فلاطوري,1253.0
2019-04,1010,2879,2879.0,407.1735597658909,475.555556,1172252.678566,0.8974643973601946,2880,0.9996527777777777,چهارراه جهاد,1005.0
2019-04,1012,2879,2879.0,311.7843001042028,383.0,897627.0,1.0,2880,0.9996527777777777,چهار راه مصدق,1016.0
2019-04,1014,2879,2432.0,756.531827613898,920.857143,1839885.404757,0.6361770982730264,2880,0.8444444444444444,شمال پل فلزي,1014.0
2019-04,1016,2879,2856.0,541.0345683693978,646.909091,1545194.727263,0.9166086428571428,2880,0.9916666666666667,امام خميني امام رضا,1259.0
2019-04,1017,2879,2877.0,3068.850944270768,3421.0,8829084.166667,0.9999006903023983,2880,0.9989583333333333,,
2019-04,1018,2879,2879.0,356.9787541972907,410.0,1027741.833334,0.9988091114970477,2880,0.9996527777777777,سه راه نقشينه,1135.0
2019-04,1019,2879,671.0,369.70019870789866,379.0,248068.833333,0.9970193740685543,2880,0.23298611111111112,بعثت گلستان,1427.0
2019-04,1021,2879,2879.0,463.4435567905523,554.0,1334254.0,1.0,2880,0.9996527777777777,شمال پل آذر,1021.0
2019-04,1028,2879,2879.0,442.64244529350475,553.0,1274367.6,0.997568595345606,2880,0.9996527777777777,آتشگاه - حجازي,1396.0
2019-04,1029,2879,2878.0,586.5873126181376,727.0,1688198.285715,0.9994788047255038,2880,0.9993055555555556,قدس - آتشگاه,1180.0
2019-04,1031,2879,2878.0,611.0488491591383,689.0,1758598.58788,0.9951934256428074,2880,0.9993055555555556,شيخ صدوق سعادت آباد,1111.0
2019-04,1032,2879,2849.0,622.9427157648298,706.2,1774763.797214,0.8777243636363636,2880,0.9892361111111111,چهارراه فرايبورگ,1114.0
2019-04,1033,2879,2879.0,400.4165026446683,458.0,1152799.111114,0.997811740187565,2880,0.9996527777777777,سجاد سپه سالار,1105.0
2019-04,1034,2879,2879.0,562.7510323834665,687.0,1620160.222232,0.983605418548107,2880,0.9996527777777777,چهارراه آپادانا,1110.0
2019-04,1035,2879,2879.0,643.3754775963877,780.0,1852278.0,1.0,2880,0.9996527777777777,چهارراه آبشار,1115.0
2019-04,1036,2879,2879.0,1000.7130948245918,1090.0,2881053.0,0.9996526575199721,2880,0.9996527777777777,ميدان بزرگمهر,1067.0
2019-04,1037,2879,2760.0,419.7753985507247,512.0,1158580.1,0.9995718054347825,2880,0.9583333333333334,,
2019-04,1038,2879,2879.0,620.4823478600208,757.076923,1786368.679489,0.9244525397707537,2880,0.9996527777777777,,
2019-04,1039,2879,2876.0,522.7327854328929,626.0,1503379.490905,0.9953929231571628,2880,0.9986111111111111,جي پروين,1188.0
2019-04,1040,2879,2879.0,581.8919763806878,724.0,1675267.0,1.0,2880,0.9996527777777777,,
2019-04,1042,2879,2877.0,353.38234271810916,440.0,1016681.0,1.0,2880,0.9989583333333333,كمال ابن سينا,1048.0
2019-04,1043,2879,2169.0,1430.3747364771784,1802.0,3102482.803419,0.9992755025357308,2880,0.753125,,
2019-04,1044,2879,2872.0,506.1065459610028,617.5,1453538.0,1.0,2880,0.9972222222222222,ميدان قدس,1140.0
2019-04,1047,2879,2878.0,520.909659485754,627.0,1499178.0,1.0,2880,0.9993055555555556,شمال فردوسي,1047.0
2019-04,1048,2879,2867.0,504.56295779560514,609.0,1446582.0,1.0,2880,0.9954861111111111,باغ گلدسته كمال اسماعيل,1458.0
2019-04,1051,2879,2879.0,376.2029350468913,463.0,1083088.25,0.9999305314345259,2880,0.9996527777777777,چهار راه نقاشي,1055.0
2019-04,1053,2879,2877.0,344.0542231491137,427.0,989844.0,1.0,2880,0.9989583333333333,هشت بهشت نشاط,1053.0
2019-04,1054,2879,2877.0,448.7170663885992,564.0,1290959.0,1.0,2880,0.9989583333333333,هشت بهشت گلزار,1051.0
2019-04,1057,2879,2879.0,605.3125699447725,744.444444,1742694.888871,0.9583188607155262,2880,0.9996527777777777,صغير وليعصر,1050.0
2019-04,1058,2879,2106.0,398.78858024691357,488.0,839848.75,0.9999050332383667,2880,0.73125,پل سرهنگ,1192.0
2019-04,1059,2879,2878.0,326.4207783182766,391.5,939439.0,1.0,2880,0.9993055555555556,پل تمدن,
2019-04,1065,2879,2876.0,445.18383667802505,541.285714,1280348.714286,0.7785893111961056,2880,0.9986111111111111,,
2019-04,1066,2879,2876.0,564.7849496352574,651.0,1624321.515151,0.9998840984005564,2880,0.9986111111111111,حمزه هشت بهشت,
2019-04,1067,2879,2875.0,819.1922318845218,854.0,2355177.666668,0.9991652173913043,2880,0.9982638888888888,,
2019-04,1068,2879,2879.0,565.5557981438,681.0,1628235.142856,0.9951806182702327,2880,0.9996527777777777,جي صيادشيرازي,1213.0
2019-04,1069,2879,2879.0,645.1288062994096,761.0,1857325.833336,0.997777005904828,2880,0.9996527777777777,ميدان احمد آباد,1215.0
2019-04,1070,2879,2879.0,712.4398518002779,885.0,2051114.333333,0.9996179228898924,2880,0.9996527777777777,,
2019-04,1071,2879,2300.0,682.0308819878261,795.0,1568671.028572,0.9989673913043479,2880,0.7986111111111112,میدان 25 آبان,1287.0
2019-04,1072,2879,2868.0,1007.9692215038355,1194.5,2890855.727273,0.9999418877266387,2880,0.9958333333333333,,
2019-04,1074,2879,2879.0,638.8648340197985,762.0,1839291.857143,0.9999131642931574,2880,0.9996527777777777,,
2019-04,1075,2879,2854.0,921.6491084639104,1147.0,2630386.555556,0.9999649614576034,2880,0.9909722222222223,حكيم عبدالرزاق,1045.0
2019-04,1077,2879,2879.0,484.5931623080931,604.0,1395143.714285,0.9982198680097256,2880,0.9996527777777777,5 رمضان مسجد سيد,1018.0
2019-04,1078,2879,2879.0,476.6627301146231,592.0,1372312.0,1.0,2880,0.9996527777777777,چهارراه وفايي,1017.0
2019-04,1079,2879,2879.0,483.0878198447378,607.0,1390809.833333,0.9999007592914206,2880,0.9996527777777777,طيب - مسجد سيد,1022.0
2019-04,1080,2879,2235.0,607.4467002237136,735.0,1357643.375,0.9986080053691275,2880,0.7760416666666666,توحيد دانشگاه,1089.0
2019-04,1081,2879,2879.0,457.4324733966655,549.0,1316948.090909,0.9998263292810005,2880,0.9996527777777777,سه راه حكيم نظامي (شهداي غزه),1078.0
2019-04,1082,2879,2879.0,488.5218633007989,597.0,1406454.444443,0.9991663772143105,2880,0.9996527777777777,توحيد شريعتي,1082.0
2019-04,1083,2879,2879.0,848.1191496137548,703.0,2441735.031738,0.9100382077110107,2880,0.9996527777777777,چهارراه امين (حكيم نظامي-شريعتي),1083.0
2019-04,1084,2879,2832.0,517.0717820317797,627.0,1464347.286714,0.9907939360875706,2880,0.9833333333333333,ميدان ارتش,1084.0
2019-04,1085,2879,2878.0,472.09252005872133,578.0,1358682.272729,0.9963806014593468,2880,0.9993055555555556,سه راه سيمين,1095.0
2019-04,1086,2879,2827.0,496.0355697049876,594.0,1402292.555556,0.9995755217545101,2880,0.9815972222222222,وحيد رودكي,1087.0
2019-04,1088,2879,2879.0,646.8197290725947,792.0,1862194.0,1.0,2880,0.9996527777777777,,
2019-04,1090,2879,2875.0,457.0650434775652,545.0,1314061.999998,0.9985391304347827,2880,0.9982638888888888,چهار راه توحيد نظر,1090.0
2019-04,1092,2879,2879.0,746.5102198947551,903.0,2149202.923077,0.999900758596735,2880,0.9996527777777777,پل وحيد,1091.0
2019-04,1093,2879,2875.0,636.4769478212174,765.0,1829871.224986,0.9550039975652174,2880,0.9982638888888888,جنوب فلزي,1093.0
2019-04,1094,2879,2879.0,842.4402222994095,978.0,2425385.4,0.9943890830149357,2880,0.9996527777777777,جنوب آذر,1094.0
2019-04,1095,2879,2774.0,504.84534967555874,594.5,1400441.0,0.9999098774333093,2880,0.9631944444444445,وحيد باغ درياچه,1096.0
2019-04,1109,2879,2879.0,554.1767974991317,665.0,1595475.0,0.998533442862105,2880,0.9996527777777777,شيخ مفيد شيخ صدوق,1109.0
2019-04,1112,2879,2868.0,629.8908149030683,783.0,1806526.857142,0.9997384937238494,2880,0.9958333333333333,هزار جریب آزادی,1106.0
2019-04,1113,2879,2878.0,647.6418809360667,762.0,1863913.333334,0.9999305072967339,2880,0.9993055555555556,دفاع مقدس,1080.0
2019-04,1115,2879,2876.0,666.1599443671766,795.5,1915876.0,1.0,2880,0.9986111111111111,,
2019-04,1116,2879,2879.0,831.1062237519972,1020.0,2392754.818182,0.9999421097603334,2880,0.9996527777777777,جنوب پل فردوسي,1116.0
2019-04,1117,2879,2879.0,441.437651962487,520.0,1270899.0,1.0,2880,0.9996527777777777,هتل پل,1117.0
2019-04,1119,2879,2799.0,527.8461695501965,653.0,1477441.428571,0.9996873883529832,2880,0.971875,,
2019-04,1501,2879,2866.0,584.7364154455688,682.0,1675854.566667,0.99819197034194,2880,0.9951388888888889,جي – اريسون,1467.0
2019-04,1502,2879,2246.0,574.175274562333,676.0,1289597.666667,0.9998886910062333,2880,0.7798611111111111,,
2019-04,1503,2879,2870.0,670.2498257839721,793.5,1923617.0,0.9987013,2880,0.9965277777777778,جي – شهيد رجائي,1466.0
2019-04,1504,2879,2869.0,582.4012695796445,678.0,1670909.242424,0.9988091115371209,2880,0.9961805555555555,جي – مسجد علي,1468.0
2019-05,1001,2957,2955.0,506.005322257868,596.0,1495245.727272,0.9999435986463621,2976,0.9929435483870968,اشراق - ابوريحان,1252.0
2019-05,1002,2957,2956.0,369.74564727097425,422.0,1092968.133333,0.9986468213802435,2976,0.9932795698924731,اشراق - فلاطوري,1253.0
2019-05,1010,2957,2952.0,404.93630226321136,458.888889,1195371.964281,0.857689701897019,2976,0.9919354838709677,چهارراه جهاد,1005.0
2019-05,1012,2957,2952.0,319.24322493224935,388.0,942406.0,1.0,2976,0.9919354838709677,چهار راه مصدق,1016.0
2019-05,1014,2957,2426.0,905.7128071953833,924.0,2197259.270256,0.6343779418796374,2976,0.8151881720430108,شمال پل فلزي,1014.0
2019-05,1016,2957,2945.0,547.6433194424447,649.090909,1612809.575758,0.916553813582343,2976,0.9895833333333334,امام خميني امام رضا,1259.0
2019-05,1017,2957,2956.0,2740.5515509526385,2889.5,8101070.384616,0.9999516718538565,2976,0.9932795698924731,,
2019-05,1018,2957,2935.0,345.1499091427598,398.0,1013014.983334,0.9957167236797273,2976,0.9862231182795699,سه راه نقشينه,1135.0
2019-05,1019,2957,,,,,,2976,,بعثت گلستان,1427.0
2019-05,1021,2957,2945.0,470.15246179966044,557.0,1384599.0,1.0,2976,0.9895833333333334,شمال پل آذر,1021.0
2019-05,1028,2957,2951.0,444.02860047441544,539.0,1310328.4,0.9992657841409692,2976,0.9915994623655914,آتشگاه - حجازي,1396.0
2019-05,1029,2957,2955.0,576.2329707519458,683.0,1702768.428572,0.9996615905245347,2976,0.9929435483870968,قدس - آتشگاه,1180.0
2019-05,1031,2957,2931.0,640.783691572842,730.0,1878137.0,0.9969578150801774,2976,0.9848790322580645,شيخ صدوق سعادت آباد,1111.0
2019-05,1032,2957,2718.0,614.3844627799853,665.5,1669896.969836,0.8479832947019869,2976,0.9133064516129032,چهارراه فرايبورگ,1114.0
2019-05,1033,2957,2931.0,394.6273550931423,459.0,1156652.777778,0.9990446946434663,2976,0.9848790322580645,سجاد سپه سالار,1105.0
2019-05,1034,2957,2953.0,569.2093539525905,685.0,1680875.222222,0.9983406705045715,2976,0.9922715053763441,چهارراه آپادانا,1110.0
2019-05,1035,2957,2946.0,638.685471826205,762.0,1881567.4,0.9985187942973524,2976,0.9899193548387096,چهارراه آبشار,1115.0
2019-05,1036,2957,2957.0,843.4297405671288,951.0,2494021.742857,0.9989854592492391,2976,0.9936155913978495,ميدان بزرگمهر,1067.0
2019-05,1037,2957,2957.0,419.8406831247886,504.0,1241468.9,0.9996310760906324,2976,0.9936155913978495,,
2019-05,1038,2957,2957.0,615.6287947757862,747.384615,1820414.346152,0.9284743777477173,2976,0.9936155913978495,,
2019-05,1039,2957,2956.0,535.1294993240866,633.0,1581842.800002,0.9883288673883627,2976,0.9932795698924731,جي پروين,1188.0
2019-05,1040,2957,2952.0,589.579945799458,716.5,1740440.0,1.0,2976,0.9919354838709677,,
2019-05,1042,2957,2947.0,370.8316932473702,452.0,1092841.0,1.0,2976,0.990255376344086,كمال ابن سينا,1048.0
2019-05,1043,2957,2955.0,1485.427593387817,1826.0,4389438.538461,0.9997824497461929,2976,0.9929435483870968,,
2019-05,1044,2957,2953.0,529.1460548594649,636.0,1562568.3,0.9819598123941755,2976,0.9922715053763441,ميدان قدس,1140.0
2019-05,1047,2957,2957.0,534.1102468718295,636.0,1579364.0,1.0,2976,0.9936155913978495,شمال فردوسي,1047.0
2019-05,1048,2957,2931.0,517.9191402251791,630.0,1518021.0,1.0,2976,0.9848790322580645,باغ گلدسته كمال اسماعيل,1458.0
2019-05,1051,2957,2956.0,380.3203653585927,461.0,1124227.0,1.0,2976,0.9932795698924731,چهار راه نقاشي,1055.0
2019-05,1053,2957,2956.0,359.6771538122463,439.0,1063205.666669,0.998695149188092,2976,0.9932795698924731,هشت بهشت نشاط,1053.0
2019-05,1054,2957,2956.0,461.8479122368065,572.0,1365222.428572,0.999830852503383,2976,0.9932795698924731,هشت بهشت گلزار,1051.0
2019-05,1057,2957,2952.0,626.7299006324525,720.0,1850106.666667,0.9997628726287263,2976,0.9919354838709677,صغير وليعصر,1050.0
2019-05,1058,2957,2544.0,390.20243710691824,464.5,992675.0,1.0,2976,0.8548387096774194,پل سرهنگ,1192.0
2019-05,1059,2957,2954.0,334.7498307379824,392.0,988851.0,1.0,2976,0.9926075268817204,پل تمدن,
2019-05,1065,2957,2950.0,463.42623728576274,561.857143,1367107.399993,0.7795482430508475,2976,0.991263440860215,,
2019-05,1066,2957,2951.0,565.4309171006438,646.0,1668586.636364,0.9999717610979328,2976,0.9915994623655914,حمزه هشت بهشت,
2019-05,1067,2957,2952.0,847.2990345572492,866.0,2501226.750013,0.9848238482384823,2976,0.9919354838709677,,
2019-05,1068,2957,2953.0,574.2563494757874,671.0,1695779.000002,0.9959363359295632,2976,0.9922715053763441,جي صيادشيرازي,1213.0
2019-05,1069,2957,2949.0,627.2116725066123,705.0,1849647.222222,0.9985418786029162,2976,0.9909274193548387,ميدان احمد آباد,1215.0
2019-05,1070,2957,2955.0,738.5889828913705,902.0,2182530.444444,0.9999661590524535,2976,0.9929435483870968,,
2019-05,1071,2957,2955.0,968.8505583756345,1153.0,2862953.4,0.9993866328257192,2976,0.9929435483870968,میدان 25 آبان,1287.0
2019-05,1072,2957,2957.0,1056.9357456878595,1261.0,3125358.999999,0.9985909198512005,2976,0.9936155913978495,,
2019-05,1074,2957,2957.0,647.3319000919852,771.0,1914160.428572,0.9997463645586744,2976,0.9936155913978495,,
2019-05,1075,2957,2930.0,928.8683352293515,1062.0,2721584.222222,0.9999317406143345,2976,0.9845430107526881,حكيم عبدالرزاق,1045.0
2019-05,1077,2957,2954.0,491.9220427505078,587.0,1453137.714285,0.9980534867975627,2976,0.9926075268817204,5 رمضان مسجد سيد,1018.0
2019-05,1078,2957,2911.0,476.08593839505323,562.0,1385886.166668,0.9973008811405015,2976,0.9781586021505376,چهارراه وفايي,1017.0
2019-05,1079,2957,2950.0,492.6620338983051,595.5,1453353.0,0.9999515738983051,2976,0.991263440860215,طيب - مسجد سيد,1022.0
2019-05,1080,2957,,,,,,2976,,توحيد دانشگاه,1089.0
2019-05,1081,2957,2957.0,455.9649829374366,556.0,1348288.454546,0.999915455191072,2976,0.9936155913978495,سه راه حكيم نظامي (شهداي غزه),1078.0
2019-05,1082,2957,2957.0,508.8468041934393,625.0,1504660.0,1.0,2976,0.9936155913978495,توحيد شريعتي,1082.0
2019-05,1083,2957,2957.0,557.1595836628339,682.222222,1647520.888891,0.9464998309097058,2976,0.9936155913978495,چهارراه امين (حكيم نظامي-شريعتي),1083.0
2019-05,1084,2957,2957.0,565.293592780859,669.0,1671573.153853,0.9927049198512006,2976,0.9936155913978495,ميدان ارتش,1084.0
2019-05,1085,2957,2957.0,473.7038829286439,570.0,1400742.38182,0.9953500328035171,2976,0.9936155913978495,سه راه سيمين,1095.0
2019-05,1086,2957,2872.0,500.48820024791087,602.0,1437402.111112,0.9988161559888579,2976,0.9650537634408602,وحيد رودكي,1087.0
2019-05,1088,2957,2957.0,651.3047007101792,782.0,1925908.0,1.0,2976,0.9936155913978495,,
2019-05,1090,2957,2957.0,475.5454852891444,576.0,1406188.0,0.9994927291173487,2976,0.9936155913978495,چهار راه توحيد نظر,1090.0
2019-05,1092,2957,2951.0,760.4144357844798,920.0,2243983.0,1.0,2976,0.9915994623655914,پل وحيد,1091.0
2019-05,1093,2957,2957.0,521.9460677111938,574.0,1543394.522222,0.9978479438620224,2976,0.9936155913978495,جنوب فلزي,1093.0
2019-05,1094,2957,2955.0,827.9829610829103,1012.0,2446689.65,0.9998958741116751,2976,0.9929435483870968,جنوب آذر,1094.0
2019-05,1095,2957,2382.0,522.2796409575986,625.0,1244070.104761,0.9962741393786734,2976,0.8004032258064516,وحيد باغ درياچه,1096.0
2019-05,1109,2957,2945.0,564.878013582343,690.0,1663565.75,0.9988681392190153,2976,0.9895833333333334,شيخ مفيد شيخ صدوق,1109.0
2019-05,1112,2957,2930.0,638.8884934177474,794.0,1871943.285714,0.999914675767918,2976,0.9845430107526881,هزار جریب آزادی,1106.0
2019-05,1113,2957,2949.0,654.7521193624957,789.0,1930864.0,1.0,2976,0.9909274193548387,دفاع مقدس,1080.0
2019-05,1115,2957,2954.0,682.0044008124577,800.0,2014641.0,1.0,2976,0.9926075268817204,,
2019-05,1116,2957,2957.0,853.6750084545147,1035.0,2524317.0,1.0,2976,0.9936155913978495,جنوب پل فردوسي,1116.0
2019-05,1117,2957,2957.0,453.42475481907337,533.0,1340777.0,1.0,2976,0.9936155913978495,هتل پل,1117.0
2019-05,1119,2957,2702.0,537.4632547320504,678.0,1452225.714286,0.9999537379718727,2976,0.9079301075268817,,
2019-05,1501,2957,2947.0,587.3828978622328,648.0,1731017.4,0.9994447363420427,2976,0.990255376344086,جي – اريسون,1467.0
2019-05,1502,2957,2871.0,590.1382793451759,654.0,1694287.0,0.9998693834900731,2976,0.9647177419354839,,
2019-05,1503,2957,2932.0,717.2770122783083,828.0,2103056.2,0.9995659188267394,2976,0.9852150537634409,جي – شهيد رجائي,1466.0
2019-05,1504,2957,2957.0,597.0572939384512,645.0,1765498.418176,0.9919964244166385,2976,0.9936155913978495,جي – مسجد علي,1468.0
2019-06,1001,2879,2871.0,488.7862955576455,553.0,1403305.454546,0.9998838969000348,2880,0.996875,اشراق - ابوريحان,1252.0
2019-06,1002,2879,2876.0,361.79874826147426,395.0,1040533.2,0.9987356189151599,2880,0.9986111111111111,اشراق - فلاطوري,1253.0
2019-06,1010,2879,2879.0,444.35487271587357,492.222222,1279297.678549,0.8769711705453282,2880,0.9996527777777777,چهارراه جهاد,1005.0
2019-06,1012,2879,2876.0,319.3480528511822,375.0,918445.0,1.0,2880,0.9986111111111111,چهار راه مصدق,1016.0
2019-06,1014,2879,2879.0,944.4649747467871,941.285714,2719114.662296,0.6796239270580063,2880,0.9996527777777777,شمال پل فلزي,1014.0
2019-06,1016,2879,2828.0,528.1679033635078,610.909091,1493658.830712,0.9159008500707214,2880,0.9819444444444444,امام خميني امام رضا,1259.0
2019-06,1017,2879,2878.0,1835.9938852390549,2016.0,5283990.401718,0.9701181289089646,2880,0.9993055555555556,,
2019-06,1018,2879,2611.0,347.1360525974722,385.0,906372.233332,0.9939815128303332,2880,0.9065972222222223,سه راه نقشينه,1135.0
2019-06,1019,2879,,,,,,2880,,بعثت گلستان,1427.0
2019-06,1021,2879,2875.0,458.13142028973914,536.0,1317127.833333,0.9999503106086958,2880,0.9982638888888888,شمال پل آذر,1021.0
2019-06,1028,2879,2867.0,458.0508545517963,544.0,1313231.8,0.9995930697593303,2880,0.9954861111111111,آتشگاه - حجازي,1396.0
2019-06,1029,2879,2879.0,592.7846970677318,686.0,1706627.142858,0.9997394928794721,2880,0.9996527777777777,قدس - آتشگاه,1180.0
2019-06,1031,2879,2874.0,690.7280234498955,773.0,1985152.339395,0.9948677954070981,2880,0.9979166666666667,شيخ صدوق سعادت آباد,1111.0
2019-06,1032,2879,2858.0,613.979179440168,635.8,1754752.49484,0.9435715304408677,2880,0.9923611111111111,چهارراه فرايبورگ,1114.0
2019-06,1033,2879,2879.0,385.1047817530392,449.0,1108716.666667,0.9994442514762071,2880,0.9996527777777777,سجاد سپه سالار,1105.0
2019-06,1034,2879,2879.0,560.5342518607155,657.0,1613778.111107,0.9963181660298716,2880,0.9996527777777777,چهارراه آپادانا,1110.0
2019-06,1035,2879,2868.0,634.4713156670153,735.0,1819663.733333,0.9997781161087865,2880,0.9958333333333333,چهارراه آبشار,1115.0
2019-06,1036,2879,2872.0,829.6119777158775,956.0,2382645.6,0.9999366928969359,2880,0.9972222222222222,ميدان بزرگمهر,1067.0
2019-06,1037,2879,2874.0,414.592310368824,480.0,1191538.3,0.9995887901878914,2880,0.9979166666666667,,
2019-06,1038,2879,2876.0,592.1991013264951,691.384615,1703164.615415,0.928571,2880,0.9986111111111111,,
2019-06,1039,2879,2877.0,529.3132050434481,623.0,1522834.09091,0.996726927702468,2880,0.9989583333333333,جي پروين,1188.0
2019-06,1040,2879,2879.0,584.459187217784,689.0,1682658.0,1.0,2880,0.9996527777777777,,
2019-06,1042,2879,2872.0,362.53481894150417,434.0,1041200.0,0.9998839369777158,2880,0.9972222222222222,كمال ابن سينا,1048.0
2019-06,1043,2879,2876.0,1482.2672158626565,1770.5,4263000.512821,0.9997764742698192,2880,0.9986111111111111,,
2019-06,1044,2879,2875.0,515.0121739130435,604.0,1480660.0,1.0,2880,0.9982638888888888,ميدان قدس,1140.0
2019-06,1047,2879,2864.0,535.9731145251396,621.5,1535027.0,1.0,2880,0.9944444444444445,شمال فردوسي,1047.0
2019-06,1048,2879,2792.0,512.9688395415473,602.0,1432209.0,1.0,2880,0.9694444444444444,باغ گلدسته كمال اسماعيل,1458.0
2019-06,1051,2879,2875.0,381.0546086956522,446.0,1095532.0,1.0,2880,0.9982638888888888,چهار راه نقاشي,1055.0
2019-06,1053,2879,2800.0,358.07488095285714,429.0,1002609.666668,0.9994897964285714,2880,0.9722222222222222,هشت بهشت نشاط,1053.0
2019-06,1054,2879,2869.0,449.0724493353085,542.0,1288388.857143,0.9998257232485186,2880,0.9961805555555555,هشت بهشت گلزار,1051.0
2019-06,1057,2879,2879.0,630.1323376172282,703.0,1814151.0,1.0,2880,0.9996527777777777,صغير وليعصر,1050.0
2019-06,1058,2879,2874.0,382.3625608907446,442.0,1098910.0,1.0,2880,0.9979166666666667,پل سرهنگ,1192.0
2019-06,1059,2879,2717.0,333.5311004784689,380.0,906204.0,1.0,2880,0.9434027777777778,پل تمدن,
2019-06,1065,2879,2612.0,475.9663503591118,567.0,1243224.107138,0.7830527947932618,2880,0.9069444444444444,,
2019-06,1066,2879,2866.0,538.3968787665736,607.0,1543045.454545,0.9999709235868807,2880,0.9951388888888889,حمزه هشت بهشت,
2019-06,1067,2879,2878.0,867.3606285236275,877.5,2496263.888891,0.9894023627519111,2880,0.9993055555555556,,
2019-06,1068,2879,2879.0,574.6641691073289,661.0,1654458.14286,0.9948332754428622,2880,0.9996527777777777,جي صيادشيرازي,1213.0
2019-06,1069,2879,2879.0,613.050634865231,671.0,1764972.777777,0.9997915943035777,2880,0.9996527777777777,ميدان احمد آباد,1215.0
2019-06,1070,2879,2876.0,729.4565754906121,870.0,2097917.111111,0.9999652294853965,2880,0.9986111111111111,,
2019-06,1071,2879,2879.0,991.2371656818339,1189.0,2853771.799998,0.9996960750260507,2880,0.9996527777777777,میدان 25 آبان,1287.0
2019-06,1072,2879,2866.0,1056.1253822208653,1215.0,3026855.345445,0.9840370195394278,2880,0.9951388888888889,,
2019-06,1074,2879,2079.0,661.2591905449735,781.0,1374757.857143,0.9999398749398749,2880,0.721875,,
2019-06,1075,2879,2876.0,940.3341446453408,1104.0,2704401.0,0.9999652294853965,2880,0.9986111111111111,حكيم عبدالرزاق,1045.0
2019-06,1077,2879,2879.0,493.6805438395276,580.0,1421306.285714,0.9995658214657868,2880,0.9996527777777777,5 رمضان مسجد سيد,1018.0
2019-06,1078,2879,2873.0,492.2313493428472,569.333333,1414180.666662,0.8584358235294118,2880,0.9975694444444444,چهارراه وفايي,1017.0
2019-06,1079,2879,2714.0,491.35531810353723,590.0,1333538.333333,0.9999473629329404,2880,0.9423611111111111,طيب - مسجد سيد,1022.0
2019-06,1080,2879,,,,,,2880,,توحيد دانشگاه,1089.0
2019-06,1081,2879,2879.0,465.7062111212227,541.0,1340768.181818,0.9998263292810005,2880,0.9996527777777777,سه راه حكيم نظامي (شهداي غزه),1078.0
2019-06,1082,2879,2879.0,491.7033692254255,587.0,1415614.0,1.0,2880,0.9996527777777777,توحيد شريعتي,1082.0
2019-06,1083,2879,2874.0,562.0317308538622,673.333333,1615279.194474,0.9154488517745303,2880,0.9979166666666667,چهارراه امين (حكيم نظامي-شريعتي),1083.0
2019-06,1084,2879,2879.0,598.9767280319555,702.0,1724454.000004,0.9934500673845086,2880,0.9996527777777777,ميدان ارتش,1084.0
2019-06,1085,2879,2879.0,477.8256654758597,564.0,1375660.090905,0.9966423660993401,2880,0.9996527777777777,سه راه سيمين,1095.0
2019-06,1086,2879,2739.0,494.9726177437021,586.0,1355730.0,1.0,2880,0.9510416666666667,وحيد رودكي,1087.0
2019-06,1088,2879,2879.0,658.2042375824939,775.0,1894970.0,1.0,2880,0.9996527777777777,,
2019-06,1090,2879,2879.0,444.5091659909691,511.0,1279741.888888,0.9996873914553664,2880,0.9996527777777777,چهار راه توحيد نظر,1090.0
2019-06,1092,2879,2871.0,751.4789272030652,881.0,2157496.0,1.0,2880,0.996875,پل وحيد,1091.0
2019-06,1093,2879,2879.0,506.4823434056964,562.0,1458162.666665,0.9975054494616187,2880,0.9996527777777777,جنوب فلزي,1093.0
2019-06,1094,2879,2879.0,808.7023271969434,971.0,2328254.0,1.0,2880,0.9996527777777777,جنوب آذر,1094.0
2019-06,1095,2879,,,,,,2880,,وحيد باغ درياچه,1096.0
2019-06,1109,2879,2874.0,556.5639352818372,658.0,1599564.75,0.9993041064718163,2880,0.9979166666666667,شيخ مفيد شيخ صدوق,1109.0
2019-06,1112,2879,2879.0,641.6119684414728,780.0,1847200.857143,0.9998263285863147,2880,0.9996527777777777,هزار جریب آزادی,1106.0
2019-06,1113,2879,2879.0,648.586662035429,756.0,1867281.0,1.0,2880,0.9996527777777777,دفاع مقدس,1080.0
2019-06,1115,2879,2879.0,679.4421674192428,785.0,1956114.0,1.0,2880,0.9996527777777777,,
2019-06,1116,2879,2871.0,834.4916563758272,992.0,2395825.545455,0.9999129226750261,2880,0.996875,جنوب پل فردوسي,1116.0
2019-06,1117,2879,2879.0,446.2807224730809,509.0,1284842.2,0.9997105470649532,2880,0.9996527777777777,هتل پل,1117.0
2019-06,1119,2879,2879.0,534.3639160423759,652.0,1538433.714286,0.9996960750260507,2880,0.9996527777777777,,
2019-06,1501,2879,2763.0,592.5720955483171,640.0,1637276.7,0.9997367817589576,2880,0.959375,جي – اريسون,1467.0
2019-06,1502,2879,2788.0,594.0697376499282,653.5,1656266.428568,0.9936782639885222,2880,0.9680555555555556,,
2019-06,1503,2879,2876.0,818.4914116828928,913.0,2353981.3,0.999747123783032,2880,0.9986111111111111,جي – شهيد رجائي,1466.0
2019-06,1504,2879,2876.0,602.4891705629346,648.0,1732758.854539,0.9822381324756607,2880,0.9986111111111111,جي – مسجد علي,1468.0
2019-07,1001,2975,2775.0,503.4471744472072,579.0,1397065.909091,0.99996997009009,2976,0.9324596774193549,اشراق - ابوريحان,1252.0
2019-07,1002,2975,2973.0,387.8592330978809,438.0,1153105.5,0.9987157154389505,2976,0.998991935483871,اشراق - فلاطوري,1253.0
2019-07,1010,2975,2918.0,477.39103076387937,544.444444,1393027.027769,0.8990061686086361,2976,0.980510752688172,چهارراه جهاد,1005.0
2019-07,1012,2975,2972.0,329.91016150740245,396.0,980493.0,1.0,2976,0.9986559139784946,چهار راه مصدق,1016.0
2019-07,1014,2975,2975.0,1033.2861844736135,991.571429,3074026.398809,0.6511844588235295,2976,0.9996639784946236,شمال پل فلزي,1014.0
2019-07,1016,2975,2965.0,569.2072992984823,658.0,1687699.64242,0.9710793632377741,2976,0.9963037634408602,امام خميني امام رضا,1259.0
2019-07,1017,2975,2971.0,1933.8598633736115,2055.846154,5745497.654083,0.9261912460451026,2976,0.9983198924731183,,
2019-07,1018,2975,2158.0,364.01984862511586,413.0,785554.833333,0.9999338012048193,2976,0.7251344086021505,سه راه نقشينه,1135.0
2019-07,1019,2975,,,,,,2976,,بعثت گلستان,1427.0
2019-07,1021,2975,2975.0,464.9761904763025,540.0,1383304.166667,0.9999519808403362,2976,0.9996639784946236,شمال پل آذر,1021.0
2019-07,1028,2975,2969.0,464.57729875378914,552.0,1379330.0,0.9996070498484337,2976,0.9976478494623656,آتشگاه - حجازي,1396.0
2019-07,1029,2975,2404.0,592.7858331364392,692.0,1425057.14286,0.99755615640599,2976,0.8077956989247311,قدس - آتشگاه,1180.0
2019-07,1031,2975,2969.0,686.8003919279219,776.0,2039110.363634,0.9955091636914786,2976,0.9976478494623656,شيخ صدوق سعادت آباد,1111.0
2019-07,1032,2975,2975.0,694.7428907563026,772.0,2066860.1,0.9983804447058823,2976,0.9996639784946236,چهارراه فرايبورگ,1114.0
2019-07,1033,2975,2964.0,388.3276728141025,459.0,1151003.222221,0.9994939271255061,2976,0.9959677419354839,سجاد سپه سالار,1105.0
2019-07,1034,2975,2965.0,579.0709762026981,692.0,1716945.444441,0.9991568296795953,2976,0.9963037634408602,چهارراه آپادانا,1110.0
2019-07,1035,2975,2969.0,650.6825867295386,771.0,1931876.6,0.9994794701919838,2976,0.9976478494623656,چهارراه آبشار,1115.0
2019-07,1036,2975,2962.0,854.4368332207968,1030.0,2530841.9,0.9999386164753545,2976,0.9952956989247311,ميدان بزرگمهر,1067.0
2019-07,1037,2975,2971.0,437.9256815886907,517.0,1301077.2,0.9998470060585661,2976,0.9983198924731183,,
2019-07,1038,2975,2973.0,618.0886180783721,750.615385,1837577.461547,0.9285710003363605,2976,0.998991935483871,,
2019-07,1039,2975,2973.0,534.4979665492768,627.0,1589062.454551,0.9979818446014127,2976,0.998991935483871,جي پروين,1188.0
2019-07,1040,2975,2971.0,603.6489397509256,728.0,1793441.0,1.0,2976,0.9983198924731183,,
2019-07,1042,2975,2963.0,367.95410057374283,438.0,1090248.0,1.0,2976,0.9956317204301075,كمال ابن سينا,1048.0
2019-07,1043,2975,2975.0,1530.8615901744538,1869.0,4554313.230769,0.9999279707563026,2976,0.9996639784946236,,
2019-07,1044,2975,2975.0,519.6275630252101,597.0,1545892.0,1.0,2976,0.9996639784946236,ميدان قدس,1140.0
2019-07,1047,2975,2821.0,547.6368764877702,615.0,1544883.628572,0.9900744416873449,2976,0.9479166666666666,شمال فردوسي,1047.0
2019-07,1048,2975,2945.0,524.0322241086587,603.0,1543274.9,0.999717034295416,2976,0.9895833333333334,باغ گلدسته كمال اسماعيل,1458.0
2019-07,1051,2975,2872.0,395.4231371866295,467.0,1135655.25,0.9999303621169917,2976,0.9650537634408602,چهار راه نقاشي,1055.0
2019-07,1053,2975,2975.0,365.40840336134454,437.0,1087090.0,1.0,2976,0.9996639784946236,هشت بهشت نشاط,1053.0
2019-07,1054,2975,2970.0,469.3580567582492,582.0,1393993.428572,0.9998316498316498,2976,0.9979838709677419,هشت بهشت گلزار,1051.0
2019-07,1057,2975,2975.0,682.1697478991597,782.0,2029455.0,1.0,2976,0.9996639784946236,صغير وليعصر,1050.0
2019-07,1058,2975,2971.0,394.0212049814877,458.0,1170637.0,1.0,2976,0.9983198924731183,پل سرهنگ,1192.0
2019-07,1059,2975,2970.0,347.1040404040404,400.0,1030899.0,1.0,2976,0.9979838709677419,پل تمدن,
2019-07,1065,2975,2973.0,468.28076498385474,563.142857,1392198.714297,0.8748739899091826,2976,0.998991935483871,,
2019-07,1066,2975,2954.0,555.0481319631009,653.0,1639612.181819,0.9999435795531483,2976,0.9926075268817204,حمزه هشت بهشت,
2019-07,1067,2975,2973.0,851.2770489976456,885.0,2530846.66667,0.9971409350824083,2976,0.998991935483871,,
2019-07,1068,2975,2970.0,596.320250120202,688.0,1771071.142857,0.996506734006734,2976,0.9979838709677419,جي صيادشيرازي,1213.0
2019-07,1069,2975,2929.0,635.2810591403208,708.0,1860738.222222,0.999044042335268,2976,0.9842069892473119,ميدان احمد آباد,1215.0
2019-07,1070,2975,2969.0,740.3512967329067,878.0,2198103.0,1.0,2976,0.9976478494623656,,
2019-07,1071,2975,2975.0,1006.2432044816806,1211.0,2993573.533333,0.9999579831932773,2976,0.9996639784946236,میدان 25 آبان,1287.0
2019-07,1072,2975,2731.0,1099.5752471622116,1271.0,3002940.0,1.0,2976,0.9176747311827957,,
2019-07,1074,2975,2967.0,659.7448601280755,776.0,1957463.0,1.0,2976,0.9969758064516129,,
2019-07,1075,2975,2964.0,978.3960863697706,1173.0,2899966.0,1.0,2976,0.9959677419354839,حكيم عبدالرزاق,1045.0
2019-07,1077,2975,2975.0,502.47082833142855,605.0,1494850.714286,0.9994117647058823,2976,0.9996639784946236,5 رمضان مسجد سيد,1018.0
2019-07,1078,2975,2973.0,513.3557013131517,614.833333,1526206.500004,0.857143,2976,0.998991935483871,چهارراه وفايي,1017.0
2019-07,1079,2975,2955.0,501.99661590524533,615.0,1483400.0,1.0,2976,0.9929435483870968,طيب - مسجد سيد,1022.0
2019-07,1080,2975,,,,,,2976,,توحيد دانشگاه,1089.0
2019-07,1081,2975,2974.0,489.72977929959654,581.0,1456456.363637,0.9999439589778076,2976,0.9993279569892473,سه راه حكيم نظامي (شهداي غزه),1078.0
2019-07,1082,2975,2975.0,517.8360784315967,640.0,1540562.333334,0.9998655462184873,2976,0.9996639784946236,توحيد شريعتي,1082.0
2019-07,1083,2975,2968.0,560.7661725067386,671.0,1664354.0,0.9995283018867924,2976,0.9973118279569892,چهارراه امين (حكيم نظامي-شريعتي),1083.0
2019-07,1084,2975,2975.0,629.5321525546218,752.0,1872858.15385,0.9965906164705883,2976,0.9996639784946236,ميدان ارتش,1084.0
2019-07,1085,2975,2973.0,490.4278098856374,581.0,1458041.87879,0.9966364049781365,2976,0.998991935483871,سه راه سيمين,1095.0
2019-07,1086,2975,2963.0,524.416019799865,626.0,1553844.666667,0.9999662504218697,2976,0.9956317204301075,وحيد رودكي,1087.0
2019-07,1088,2975,2861.0,663.3537224746592,780.0,1897855.0,1.0,2976,0.9613575268817204,,
2019-07,1090,2975,2973.0,444.38718839925997,513.0,1321163.111111,0.9995290951900437,2976,0.998991935483871,چهار راه توحيد نظر,1090.0
2019-07,1092,2975,2975.0,777.0738461539495,922.0,2311794.692308,0.9999039610084034,2976,0.9996639784946236,پل وحيد,1091.0
2019-07,1093,2975,2975.0,503.8817464322689,556.0,1499048.195636,0.9960886211764706,2976,0.9996639784946236,جنوب فلزي,1093.0
2019-07,1094,2975,2975.0,829.5374827263865,1003.0,2467874.011111,0.9972850705882352,2976,0.9996639784946236,جنوب آذر,1094.0
2019-07,1095,2975,,,,,,2976,,وحيد باغ درياچه,1096.0
2019-07,1109,2975,2942.0,595.1694850441876,718.5,1750988.625,0.9998489313392249,2976,0.9885752688172043,شيخ مفيد شيخ صدوق,1109.0
2019-07,1112,2975,2975.0,664.926050420168,807.0,1978155.0,1.0,2976,0.9996639784946236,هزار جریب آزادی,1106.0
2019-07,1113,2975,2948.0,670.1307666214383,793.5,1975545.5,0.999932157394844,2976,0.9905913978494624,دفاع مقدس,1080.0
2019-07,1115,2975,2975.0,701.5882352941177,824.0,2087225.0,1.0,2976,0.9996639784946236,,
2019-07,1116,2975,2973.0,869.8449377732929,1041.0,2586049.0,1.0,2976,0.998991935483871,جنوب پل فردوسي,1116.0
2019-07,1117,2975,2972.0,464.9422611036339,519.0,1381808.4,0.9998878418573351,2976,0.9986559139784946,هتل پل,1117.0
2019-07,1119,2975,2975.0,558.5912605042017,691.0,1661809.0,1.0,2976,0.9996639784946236,,
2019-07,1501,2975,1713.0,584.5431260945709,639.0,1001322.375,0.9997877197898424,2976,0.5756048387096774,جي – اريسون,1467.0
2019-07,1502,2975,2964.0,593.2480239051956,653.857143,1758387.142855,0.9672739541160594,2976,0.9959677419354839,,
2019-07,1503,2975,2975.0,868.443831932773,956.0,2583620.4,0.9999388847058823,2976,0.9996639784946236,جي – شهيد رجائي,1466.0
2019-07,1504,2975,2970.0,593.7869176622895,649.0,1763547.145457,0.9529463127946127,2976,0.9979838709677419,جي – مسجد علي,1468.0
2019-08,1001,2975,2972.0,488.39092132604304,560.0,1451497.818181,0.9998598031628533,2976,0.9986559139784946,اشراق - ابوريحان,1252.0
2019-08,1002,2975,2970.0,379.1091582491582,418.0,1125954.2,0.9983777181818182,2976,0.9979838709677419,اشراق - فلاطوري,1253.0
2019-08,1010,2975,2936.0,461.81388131675743,517.777778,1355885.555546,0.8987397820163489,2976,0.9865591397849462,چهارراه جهاد,1005.0
2019-08,1012,2975,2972.0,325.31011664434726,387.5,966821.666667,0.9999158815612382,2976,0.9986559139784946,چهار راه مصدق,1016.0
2019-08,1014,2975,2975.0,1090.945050017815,997.857143,3245561.523803,0.6744999435294118,2976,0.9996639784946236,شمال پل فلزي,1014.0
2019-08,1016,2975,2968.0,553.6088581209568,634.909091,1643111.090903,0.9573507995283018,2976,0.9973118279569892,امام خميني امام رضا,1259.0
2019-08,1017,2975,2975.0,1903.8335712157982,2080.0,5663904.874367,0.9690516114285714,2976,0.9996639784946236,,
2019-08,1018,2975,2812.0,363.10274419167854,404.5,1021044.916667,0.9995427763157894,2976,0.9448924731182796,سه راه نقشينه,1135.0
2019-08,1019,2975,,,,,,2976,,بعثت گلستان,1427.0
2019-08,1021,2975,2975.0,461.62857142857143,538.0,1373345.0,0.9994237700840336,2976,0.9996639784946236,شمال پل آذر,1021.0
2019-08,1028,2975,2972.0,465.9266487213997,552.0,1384734.0,0.9997196046433379,2976,0.9986559139784946,آتشگاه - حجازي,1396.0
2019-08,1029,2975,2968.0,597.1038698497305,688.0,1772204.285714,0.9996630727762803,2976,0.9973118279569892,قدس - آتشگاه,1180.0
2019-08,1031,2975,2967.0,672.0142598854061,755.0,1993866.30908,0.9959836117290193,2976,0.9969758064516129,شيخ صدوق سعادت آباد,1111.0
2019-08,1032,2975,2898.0,609.1079441759834,659.5,1765194.822222,0.9980864565217391,2976,0.9737903225806451,چهارراه فرايبورگ,1114.0
2019-08,1033,2975,2975.0,385.22031746084036,457.0,1146030.444446,0.9994957983193278,2976,0.9996639784946236,سجاد سپه سالار,1105.0
2019-08,1034,2975,2975.0,563.1357236228572,667.0,1675328.777778,0.9997310924369748,2976,0.9996639784946236,چهارراه آپادانا,1110.0
2019-08,1035,2975,2975.0,621.139974789916,709.5,1847891.425,0.9713369270588236,2976,0.9996639784946236,چهارراه آبشار,1115.0
2019-08,1036,2975,2975.0,823.7757983193277,978.0,2450733.0,0.9999083270588235,2976,0.9996639784946236,ميدان بزرگمهر,1067.0
2019-08,1037,2975,2975.0,425.9468235294118,499.0,1267191.8,0.9998777694117646,2976,0.9996639784946236,,
2019-08,1038,2975,2975.0,603.3636198981512,720.461538,1795006.769197,0.9286430292436976,2976,0.9996639784946236,,
2019-08,1039,2975,2975.0,498.6216653929412,569.0,1483399.454544,0.9989916006722689,2976,0.9996639784946236,جي پروين,1188.0
2019-08,1040,2975,2903.0,601.4995292225284,715.0,1746153.133333,0.9269095397864278,2976,0.9754704301075269,,
2019-08,1042,2975,2974.0,362.5376597175521,435.0,1078187.0,0.9998318762609281,2976,0.9993279569892473,كمال ابن سينا,1048.0
2019-08,1043,2975,2956.0,1477.5486837249664,1762.5,4367633.909091,0.9999275081190798,2976,0.9932795698924731,,
2019-08,1044,2975,2960.0,468.5772635135135,540.5,1386988.7,0.9995393124999999,2976,0.9946236559139785,ميدان قدس,1140.0
2019-08,1047,2975,2871.0,540.4617604615116,627.0,1551665.714285,0.9996081504702194,2976,0.9647177419354839,شمال فردوسي,1047.0
2019-08,1048,2975,2975.0,517.6258823529412,594.0,1539937.0,1.0,2976,0.9996639784946236,باغ گلدسته كمال اسماعيل,1458.0
2019-08,1051,2975,2975.0,380.42117647058825,457.0,1131753.0,1.0,2976,0.9996639784946236,چهار راه نقاشي,1055.0
2019-08,1053,2975,2974.0,358.03816408876935,429.0,1064805.5,0.9979825171486214,2976,0.9993279569892473,هشت بهشت نشاط,1053.0
2019-08,1054,2975,2975.0,460.4096998796639,565.0,1369718.857142,0.9998319327731092,2976,0.9996639784946236,هشت بهشت گلزار,1051.0
2019-08,1057,2975,2972.0,701.1887617765814,784.0,2083933.0,1.0,2976,0.9986559139784946,صغير وليعصر,1050.0
2019-08,1058,2975,2971.0,383.0003365870077,443.0,1137894.0,1.0,2976,0.9983198924731183,پل سرهنگ,1192.0
2019-08,1059,2975,2967.0,339.21280754971355,384.0,1006444.4,0.9998736097067745,2976,0.9969758064516129,پل تمدن,
2019-08,1065,2975,2975.0,439.37176470588236,523.0,1307131.0,1.0,2976,0.9996639784946236,,
2019-08,1066,2975,2966.0,544.7120701281186,632.0,1615616.0,1.0,2976,0.9966397849462365,حمزه هشت بهشت,
2019-08,1067,2975,2973.0,801.6676757484023,871.0,2383358.0,1.0,2976,0.998991935483871,,
2019-08,1068,2975,2962.0,590.3805826181634,678.0,1748707.285715,0.9954844699527347,2976,0.9952956989247311,جي صيادشيرازي,1213.0
2019-08,1069,2975,2943.0,629.3955147801563,703.0,1852310.999998,0.9995582738702005,2976,0.9889112903225806,ميدان احمد آباد,1215.0
2019-08,1070,2975,2975.0,731.138487394958,867.0,2175137.0,1.0,2976,0.9996639784946236,,
2019-08,1071,2975,2962.0,993.049831195476,1196.0,2941413.600001,0.999788993923025,2976,0.9952956989247311,میدان 25 آبان,1287.0
2019-08,1072,2975,2832.0,1087.1285310734463,1241.0,3078748.0,1.0,2976,0.9516129032258065,,
2019-08,1074,2975,2968.0,653.8446958025606,778.0,1940611.057142,0.9981469002695418,2976,0.9973118279569892,,
2019-08,1075,2975,2971.0,969.6415348367553,1173.0,2880805.0,1.0,2976,0.9983198924731183,حكيم عبدالرزاق,1045.0
2019-08,1077,2975,2970.0,492.60099406700334,591.0,1463024.952379,0.9985690235690236,2976,0.9979838709677419,5 رمضان مسجد سيد,1018.0
2019-08,1078,2975,2955.0,541.1994472622673,628.833333,1599244.36666,0.8571429999999999,2976,0.9929435483870968,چهارراه وفايي,1017.0
2019-08,1079,2975,2975.0,501.4305882352941,612.0,1491756.0,1.0,2976,0.9996639784946236,طيب - مسجد سيد,1022.0
2019-08,1080,2975,2071.0,638.879526798648,781.0,1323119.5,0.9993025383872526,2976,0.6959005376344086,توحيد دانشگاه,1089.0
2019-08,1081,2975,2970.0,477.073063973064,558.0,1416907.0,1.0,2976,0.9979838709677419,سه راه حكيم نظامي (شهداي غزه),1078.0
2019-08,1082,2975,2975.0,500.05157796470587,608.888889,1487653.444445,0.9962016806722689,2976,0.9996639784946236,توحيد شريعتي,1082.0
2019-08,1083,2975,2393.0,545.1746761387379,653.0,1304603.0,0.9997910572503134,2976,0.8040994623655914,چهارراه امين (حكيم نظامي-شريعتي),1083.0
2019-08,1084,2975,2975.0,618.9802973489076,712.0,1841466.384613,0.9967586840336135,2976,0.9996639784946236,ميدان ارتش,1084.0
2019-08,1085,2975,2975.0,489.01992360638656,578.0,1454834.272729,0.9974790016806723,2976,0.9996639784946236,سه راه سيمين,1095.0
2019-08,1086,2975,2923.0,507.58691603010607,595.0,1483676.555556,0.9999657885733836,2976,0.9821908602150538,وحيد رودكي,1087.0
2019-08,1088,2975,2975.0,652.7389675872269,762.0,1941898.428572,0.9980252100840337,2976,0.9996639784946236,,
2019-08,1090,2975,2975.0,468.1401307189916,539.0,1392716.888889,0.9996974789915966,2976,0.9996639784946236,چهار راه توحيد نظر,1090.0
2019-08,1092,2975,2975.0,756.3502521008403,891.0,2250142.0,1.0,2976,0.9996639784946236,پل وحيد,1091.0
2019-08,1093,2975,2972.0,492.86278306527595,533.0,1464788.19127,0.9885293152759085,2976,0.9986559139784946,جنوب فلزي,1093.0
2019-08,1094,2975,2970.0,822.6351868848484,984.0,2443226.505048,0.988863,2976,0.9979838709677419,جنوب آذر,1094.0
2019-08,1095,2975,,,,,,2976,,وحيد باغ درياچه,1096.0
2019-08,1109,2975,2975.0,577.7298319327731,683.0,1718746.25,0.9995144729411766,2976,0.9996639784946236,شيخ مفيد شيخ صدوق,1109.0
2019-08,1112,2975,2972.0,653.3303499327053,792.0,1941697.8,0.997350269179004,2976,0.9986559139784946,هزار جریب آزادی,1106.0
2019-08,1113,2975,2972.0,660.0491251682369,778.0,1961666.0,1.0,2976,0.9986559139784946,دفاع مقدس,1080.0
2019-08,1115,2975,2974.0,706.271015467384,808.0,2100450.0,1.0,2976,0.9993279569892473,,
2019-08,1116,2975,2966.0,845.4777478084962,998.0,2507687.0,1.0,2976,0.9966397849462365,جنوب پل فردوسي,1116.0
2019-08,1117,2975,2971.0,451.7653988556042,499.0,1342195.0,1.0,2976,0.9983198924731183,هتل پل,1117.0
2019-08,1119,2975,2975.0,544.4688115247059,666.0,1619794.714286,0.9998739495798319,2976,0.9996639784946236,,
2019-08,1501,2975,2907.0,592.9951017248022,647.0,1723836.760714,0.9993745510835913,2976,0.9768145161290323,جي – اريسون,1467.0
2019-08,1502,2975,2962.0,555.5219446320054,604.0,1645456.0,0.9993669817690749,2976,0.9952956989247311,,
2019-08,1503,2975,2973.0,829.0679112008072,926.0,2464818.9,0.9997247961654894,2976,0.998991935483871,جي – شهيد رجائي,1466.0
2019-08,1504,2975,2967.0,581.376719685878,628.363636,1724944.727308,0.93590632760364,2976,0.9969758064516129,جي – مسجد علي,1468.0
2019-09,1001,2883,2876.0,488.71749905215574,564.0,1405551.527274,0.9996522955493742,2880,0.9986111111111111,اشراق - ابوريحان,1252.0
2019-09,1002,2883,2704.0,374.8905880177515,423.0,1013704.15,0.9989913942307693,2880,0.9388888888888889,اشراق - فلاطوري,1253.0
2019-09,1010,2883,2883.0,755.3644737349983,905.0,2177715.777778,0.9949358307318765,2880,1.0010416666666666,چهارراه جهاد,1005.0
2019-09,1012,2883,2882.0,319.28625954198475,386.0,920183.0,1.0,2880,1.0006944444444446,چهار راه مصدق,1016.0
2019-09,1014,2883,2883.0,1054.6120637412419,997.857143,3040446.579766,0.6759061040582727,2880,1.0010416666666666,شمال پل فلزي,1014.0
2019-09,1016,2883,2868.0,541.70611766318,626.0,1553613.145458,0.9399990774058578,2880,0.9958333333333333,امام خميني امام رضا,1259.0
2019-09,1017,2883,2881.0,2512.969107948629,2796.0,7239864.0,1.0,2880,1.0003472222222223,,
2019-09,1018,2883,2841.0,358.6899565899331,401.0,1019038.166672,0.9952230147835269,2880,0.9864583333333333,سه راه نقشينه,1135.0
2019-09,1019,2883,,,,,,2880,,بعثت گلستان,1427.0
2019-09,1021,2883,2883.0,448.56607700312173,531.0,1293216.0,0.9998513454734652,2880,1.0010416666666666,شمال پل آذر,1021.0
2019-09,1028,2883,2883.0,446.5720430107527,544.0,1287467.2,0.9987859843912591,2880,1.0010416666666666,آتشگاه - حجازي,1396.0
2019-09,1029,2883,2882.0,570.1869237637057,676.0,1643278.714287,0.9997831367106176,2880,1.0006944444444446,قدس - آتشگاه,1180.0
2019-09,1031,2883,2793.0,639.3012531339061,738.545455,1785568.400003,0.9950769957035447,2880,0.9697916666666667,شيخ صدوق سعادت آباد,1111.0
2019-09,1032,2883,2876.0,626.2909558025035,672.5,1801212.788888,0.9982614760083449,2880,0.9986111111111111,چهارراه فرايبورگ,1114.0
2019-09,1033,2883,2880.0,384.88753858020834,463.5,1108476.111111,0.9994444444444445,2880,1.0,سجاد سپه سالار,1105.0
2019-09,1034,2883,2879.0,533.259851023272,641.111111,1535255.111096,0.9499131642931574,2880,0.9996527777777777,چهارراه آپادانا,1110.0
2019-09,1035,2883,2880.0,640.2165277777779,773.0,1843823.6,0.999905303125,2880,1.0,چهارراه آبشار,1115.0
2019-09,1036,2883,2882.0,827.5255378209577,1002.5,2384928.6,0.9995899316446911,2880,1.0006944444444446,ميدان بزرگمهر,1067.0
2019-09,1037,2883,2863.0,425.5693872008383,510.0,1218405.155556,0.9991744205378974,2880,0.9940972222222222,,
2019-09,1038,2883,2883.0,613.105450157128,752.769231,1767583.012803,0.9285462251127298,2880,1.0010416666666666,,
2019-09,1039,2883,2879.0,516.9118696526572,610.0,1488189.27273,0.9609819725599167,2880,0.9996527777777777,جي پروين,1188.0
2019-09,1040,2883,2873.0,584.3272421409677,710.6,1678772.166671,0.9201975294117646,2880,0.9975694444444444,,
2019-09,1041,2147,1860.0,458.16027479139785,537.0,852178.111112,0.9986021505376345,2880,0.6458333333333334,پروين دشتستان,1203.0
2019-09,1042,2883,2874.0,361.84885177453026,438.0,1039953.6,0.9997100434933891,2880,0.9979166666666667,كمال ابن سينا,1048.0
2019-09,1043,2883,2883.0,1257.6779529868193,1481.0,3625885.538461,0.9999256722164412,2880,1.0010416666666666,,
2019-09,1044,2883,2879.0,482.58022075581795,563.0,1389348.455556,0.9991790086835708,2880,0.9996527777777777,ميدان قدس,1140.0
2019-09,1047,2883,2883.0,525.1456815816857,623.0,1513995.0,1.0,2880,1.0010416666666666,شمال فردوسي,1047.0
2019-09,1048,2883,2883.0,495.54179673950745,593.0,1428647.0,1.0,2880,1.0010416666666666,باغ گلدسته كمال اسماعيل,1458.0
2019-09,1051,2883,2877.0,377.4751477233229,459.0,1085996.0,1.0,2880,0.9989583333333333,چهار راه نقاشي,1055.0
2019-09,1053,2883,2880.0,359.1854745375,434.5,1034454.166668,0.9996031750000001,2880,1.0,هشت بهشت نشاط,1053.0
2019-09,1054,2883,2880.0,455.1253472222222,563.0,1310761.0,1.0,2880,1.0,هشت بهشت گلزار,1051.0
2019-09,1057,2883,2881.0,709.6008330440819,802.0,2044360.0,1.0,2880,1.0003472222222223,صغير وليعصر,1050.0
2019-09,1058,2883,2878.0,382.7139603116748,449.0,1101450.777777,0.9998957609451007,2880,0.9993055555555556,پل سرهنگ,1192.0
2019-09,1059,2883,2883.0,325.0409295872355,377.0,937093.0,1.0,2880,1.0010416666666666,پل تمدن,
2019-09,1064,1866,1778.0,440.5129358830146,541.0,783232.0,1.0,2880,0.6173611111111111,صياد شيرازي علامه اميني,1064.0
2019-09,1065,2883,2863.0,428.2527680754454,523.0,1226087.675,0.998719293398533,2880,0.9940972222222222,,
2019-09,1066,2883,2883.0,541.2840790842872,639.0,1560522.0,1.0,2880,1.0010416666666666,حمزه هشت بهشت,
2019-09,1067,2883,2883.0,789.0786218061047,887.0,2274913.666667,0.9999306278182449,2880,1.0010416666666666,,
2019-09,1068,2883,2883.0,581.6936227141866,678.0,1677022.714285,0.9957943114810961,2880,1.0010416666666666,جي صيادشيرازي,1213.0
2019-09,1069,2883,2795.0,632.7000993835421,717.0,1768396.777777,0.9994633273703041,2880,0.9704861111111112,ميدان احمد آباد,1215.0
2019-09,1070,2883,2883.0,717.519250780437,863.0,2068608.0,1.0,2880,1.0010416666666666,,
2019-09,1071,2883,2883.0,987.9693143714879,1206.0,2848315.533333,0.999631460284426,2880,1.0010416666666666,میدان 25 آبان,1287.0
2019-09,1072,2883,2865.0,1043.0603839441535,1218.0,2988368.0,1.0,2880,0.9947916666666666,,
2019-09,1074,2883,2879.0,626.1910385550539,752.0,1802804.0,1.0,2880,0.9996527777777777,,
2019-09,1075,2883,2871.0,965.4371299198885,1165.0,2771770.0,1.0,2880,0.996875,حكيم عبدالرزاق,1045.0
2019-09,1077,2883,2883.0,489.9379118973292,598.0,1412491.0,0.9996531390912244,2880,1.0010416666666666,5 رمضان مسجد سيد,1018.0
2019-09,1078,2883,2881.0,564.0926183012842,646.333333,1625150.833326,0.857192585907671,2880,1.0003472222222223,چهارراه وفايي,1017.0
2019-09,1079,2883,2879.0,498.7269885376867,609.0,1435835.0,1.0,2880,0.9996527777777777,طيب - مسجد سيد,1022.0
2019-09,1080,2883,2882.0,626.9268736988203,775.0,1806803.25,0.9998457862595419,2880,1.0006944444444446,توحيد دانشگاه,1089.0
2019-09,1081,2883,2808.0,465.1944120698006,550.0,1306265.909092,0.9998219380341881,2880,0.975,سه راه حكيم نظامي (شهداي غزه),1078.0
2019-09,1082,2883,2883.0,488.4485682327437,594.0,1408197.222215,0.991605966007631,2880,1.0010416666666666,توحيد شريعتي,1082.0
2019-09,1083,2883,,,,,,2880,,چهارراه امين (حكيم نظامي-شريعتي),1083.0
2019-09,1084,2883,2880.0,603.7069444454861,700.0,1738676.000003,0.9978174472222223,2880,1.0,ميدان ارتش,1084.0
2019-09,1085,2883,2882.0,479.4423506408744,576.0,1381752.854547,0.9934941259541985,2880,1.0006944444444446,سه راه سيمين,1095.0
2019-09,1086,2883,2785.0,496.2780769996409,593.0,1382134.444444,0.9999640933572711,2880,0.9670138888888888,وحيد رودكي,1087.0
2019-09,1088,2883,2881.0,637.3585560569247,758.0,1836230.0,1.0,2880,1.0003472222222223,,
2019-09,1090,2883,2881.0,468.14069188996876,551.0,1348713.333335,0.9993752169385629,2880,1.0003472222222223,چهار راه توحيد نظر,1090.0
2019-09,1092,2883,2882.0,736.5101158386537,889.5,2122622.153847,0.9999504309507286,2880,1.0006944444444446,پل وحيد,1091.0
2019-09,1093,2883,2882.0,471.42964844899376,507.5,1358660.24683,0.9808845058986815,2880,1.0006944444444446,جنوب فلزي,1093.0
2019-09,1094,2883,2883.0,821.1873048907388,996.0,2367483.0,1.0,2880,1.0010416666666666,جنوب آذر,1094.0
2019-09,1095,2883,,,,,,2880,,وحيد باغ درياچه,1096.0
2019-09,1109,2883,2883.0,566.737729795352,688.0,1633904.875,0.9994604391259105,2880,1.0010416666666666,شيخ مفيد شيخ صدوق,1109.0
2019-09,1112,2883,2883.0,629.4491848768644,777.0,1814702.0,1.0,2880,1.0010416666666666,هزار جریب آزادی,1106.0
2019-09,1113,2883,2883.0,629.8710971276448,748.0,1815918.373019,0.9351716961498439,2880,1.0010416666666666,دفاع مقدس,1080.0
2019-09,1115,2883,2874.0,671.8767832289492,774.5,1930973.875,0.9133225949895616,2880,0.9979166666666667,,
2019-09,1116,2883,2883.0,834.5834200485606,1011.0,2406104.0,1.0,2880,1.0010416666666666,جنوب پل فردوسي,1116.0
2019-09,1117,2883,2883.0,439.87027402011796,508.0,1268146.0,1.0,2880,1.0010416666666666,هتل پل,1117.0
2019-09,1119,2883,2883.0,527.7200832466181,655.0,1521417.0,0.9995230662504335,2880,1.0010416666666666,,
2019-09,1501,2883,2873.0,607.3958579881657,670.0,1745048.3,0.9995253619909502,2880,0.9975694444444444,جي – اريسون,1467.0
2019-09,1502,2883,2883.0,512.7444626129032,548.0,1478242.285713,0.9998699271592092,2880,1.0010416666666666,,
2019-09,1503,2883,2880.0,716.8822222222223,817.0,2064620.8,0.9993055562500001,2880,1.0,جي – شهيد رجائي,1466.0
2019-09,1504,2883,2883.0,600.0363257967394,649.0,1729904.727272,0.9993929958376692,2880,1.0010416666666666,جي – مسجد علي,1468.0
2019-10,1001,2975,2949.0,518.86503899627,621.0,1530133.0,0.999943483892845,2976,0.9909274193548387,اشراق - ابوريحان,1252.0
2019-10,1002,2975,2972.0,373.1026693583445,434.0,1108861.133333,0.9985317523553162,2976,0.9986559139784946,اشراق - فلاطوري,1253.0
2019-10,1010,2975,2970.0,728.3030303026936,874.0,2163059.999999,0.9997306397306397,2976,0.9979838709677419,چهارراه جهاد,1005.0
2019-10,1012,2975,2973.0,314.8234106962664,388.0,935970.0,1.0,2976,0.998991935483871,چهار راه مصدق,1016.0
2019-10,1014,2975,2970.0,956.7544683542087,953.857143,2841560.771012,0.6819715454545455,2976,0.9979838709677419,شمال پل فلزي,1014.0
2019-10,1016,2975,2968.0,570.1570080862533,663.0,1692226.0,1.0,2976,0.9973118279569892,امام خميني امام رضا,1259.0
2019-10,1017,2975,2972.0,3339.5736877523555,3803.5,9925213.0,1.0,2976,0.9986559139784946,,
2019-10,1018,2975,2919.0,347.706634692703,394.0,1014955.666668,0.9968188746145941,2976,0.9808467741935484,سه راه نقشينه,1135.0
2019-10,1019,2975,,,,,,2976,,بعثت گلستان,1427.0
2019-10,1021,2975,2975.0,449.24280112033614,548.0,1336497.333333,0.9988475401680673,2976,0.9996639784946236,شمال پل آذر,1021.0
2019-10,1028,2975,2973.0,441.0446014127145,555.0,1311225.6,0.9995515183316515,2976,0.998991935483871,آتشگاه - حجازي,1396.0
2019-10,1029,2975,2975.0,564.5175510205042,710.0,1679439.714286,0.9998739495798319,2976,0.9996639784946236,قدس - آتشگاه,1180.0
2019-10,1031,2975,2934.0,580.7956580105657,722.0,1704054.460603,0.9361508841172461,2976,0.9858870967741935,شيخ صدوق سعادت آباد,1111.0
2019-10,1032,2975,2973.0,669.6059535822402,700.0,1990738.5,0.9983181987891019,2976,0.998991935483871,چهارراه فرايبورگ,1114.0
2019-10,1033,2975,2966.0,375.35318798246794,452.0,1113297.555556,0.9973364801078893,2976,0.9966397849462365,سجاد سپه سالار,1105.0
2019-10,1034,2975,2970.0,507.7111859329966,630.0,1507902.222221,0.9816161616161616,2976,0.9979838709677419,چهارراه آپادانا,1110.0
2019-10,1035,2975,2975.0,630.0755294117647,765.0,1874474.7,0.9997555388235294,2976,0.9996639784946236,چهارراه آبشار,1115.0
2019-10,1036,2975,2975.0,817.8958655462186,1001.0,2433240.2,0.9998777694117646,2976,0.9996639784946236,ميدان بزرگمهر,1067.0
2019-10,1037,2975,934.0,435.61445396145615,523.5,406863.9,0.9996106680942184,2976,0.3138440860215054,,
2019-10,1038,2975,2971.0,602.8462660498149,745.230769,1791056.256434,0.9285469582632111,2976,0.9983198924731183,,
2019-10,1039,2975,2975.0,517.7962719630252,630.0,1540443.90909,0.9989075673949579,2976,0.9996639784946236,جي پروين,1188.0
2019-10,1040,2975,2971.0,569.4183776506227,706.0,1691742.0,1.0,2976,0.9983198924731183,,
2019-10,1041,2975,2975.0,510.39159663865547,630.0,1518415.0,1.0,2976,0.9996639784946236,پروين دشتستان,1203.0
2019-10,1042,2975,2975.0,364.0073949579832,459.0,1082922.0,1.0,2976,0.9996639784946236,كمال ابن سينا,1048.0
2019-10,1043,2975,2966.0,1416.1182893304112,1776.0,4200206.846154,0.9999759173971678,2976,0.9966397849462365,,
2019-10,1044,2975,2964.0,454.2947031039136,550.0,1346529.5,0.9988038289473684,2976,0.9959677419354839,ميدان قدس,1140.0
2019-10,1047,2975,2971.0,515.3705822955234,628.0,1531166.0,1.0,2976,0.9983198924731183,شمال فردوسي,1047.0
2019-10,1048,2975,2975.0,502.1339159663865,621.0,1493848.4,0.9998879549579832,2976,0.9996639784946236,باغ گلدسته كمال اسماعيل,1458.0
2019-10,1051,2975,2975.0,369.30857142857144,461.0,1098693.0,1.0,2976,0.9996639784946236,چهار راه نقاشي,1055.0
2019-10,1053,2975,2965.0,337.30556492411466,419.0,1000111.0,1.0,2976,0.9963037634408602,هشت بهشت نشاط,1053.0
2019-10,1054,2975,2975.0,442.21546218487396,560.0,1315591.0,1.0,2976,0.9996639784946236,هشت بهشت گلزار,1051.0
2019-10,1057,2975,2966.0,682.4329062710722,800.0,2024096.0,1.0,2976,0.9966397849462365,صغير وليعصر,1050.0
2019-10,1058,2975,2525.0,376.1117271726732,459.0,949682.111111,0.999960396039604,2976,0.8484543010752689,پل سرهنگ,1192.0
2019-10,1059,2975,2969.0,323.32906702593465,389.0,959964.0,0.9998315931289997,2976,0.9976478494623656,پل تمدن,
2019-10,1064,2975,2483.0,423.2433691961337,525.0,1050913.285714,0.9976339105920258,2976,0.8343413978494624,صياد شيرازي علامه اميني,1064.0
2019-10,1065,2975,2975.0,431.10252100840336,537.0,1282530.0,1.0,2976,0.9996639784946236,,
2019-10,1066,2975,2975.0,533.8131092436975,650.0,1588094.0,1.0,2976,0.9996639784946236,حمزه هشت بهشت,
2019-10,1067,2975,2974.0,744.776432787828,835.5,2214965.111111,0.9996301277740417,2976,0.9993279569892473,,
2019-10,1068,2975,2975.0,582.2154141660504,711.0,1732090.857144,0.9941596638655462,2976,0.9996639784946236,جي صيادشيرازي,1213.0
2019-10,1069,2975,2963.0,612.9515506054674,721.0,1816175.444444,0.9991225109686129,2976,0.9956317204301075,ميدان احمد آباد,1215.0
2019-10,1070,2975,2975.0,693.0265546218487,859.0,2061754.0,0.9998991596638654,2976,0.9996639784946236,,
2019-10,1071,2975,2975.0,988.7286274504202,1236.0,2941467.666665,0.9997058823529412,2976,0.9996639784946236,میدان 25 آبان,1287.0
2019-10,1072,2975,2958.0,1032.5432724814063,1216.0,3054263.0,1.0,2976,0.9939516129032258,,
2019-10,1074,2975,2971.0,631.2095013702457,773.0,1875323.428571,0.9989060922248402,2976,0.9983198924731183,,
2019-10,1075,2975,2968.0,942.5980458221024,1195.0,2797631.0,1.0,2976,0.9973118279569892,حكيم عبدالرزاق,1045.0
2019-10,1077,2975,2975.0,478.7661304524369,602.0,1424329.238096,0.9994117647058823,2976,0.9996639784946236,5 رمضان مسجد سيد,1018.0
2019-10,1078,2975,2975.0,535.8231372517647,630.0,1594073.833324,0.8571430000000001,2976,0.9996639784946236,چهارراه وفايي,1017.0
2019-10,1079,2975,2975.0,488.2484033613445,620.0,1452539.0,1.0,2976,0.9996639784946236,طيب - مسجد سيد,1022.0
2019-10,1080,2975,2891.0,627.4554652369422,781.0,1813973.75,0.999730966101695,2976,0.9714381720430108,توحيد دانشگاه,1089.0
2019-10,1081,2975,2975.0,467.91312452201686,572.0,1392041.545453,0.9997759112605042,2976,0.9996639784946236,سه راه حكيم نظامي (شهداي غزه),1078.0
2019-10,1082,2975,2975.0,485.02991596638657,606.0,1442964.0,1.0,2976,0.9996639784946236,توحيد شريعتي,1082.0
2019-10,1083,2975,,,,,,2976,,چهارراه امين (حكيم نظامي-شريعتي),1083.0
2019-10,1084,2975,2967.0,603.0384745015167,727.0,1789215.153846,0.9966054974721942,2976,0.9969758064516129,ميدان ارتش,1084.0
2019-10,1085,2975,2975.0,476.0635905277311,584.0,1416289.18182,0.9947619257142857,2976,0.9996639784946236,سه راه سيمين,1095.0
2019-10,1086,2975,2629.0,483.4080131863826,588.0,1270879.666667,0.999961962723469,2976,0.8834005376344086,وحيد رودكي,1087.0
2019-10,1088,2975,2975.0,636.2657863142857,782.0,1892890.714285,0.9925210084033613,2976,0.9996639784946236,,
2019-10,1090,2975,2957.0,459.3654229141021,552.0,1358343.555557,0.9994250929996619,2976,0.9936155913978495,چهار راه توحيد نظر,1090.0
2019-10,1092,2975,2974.0,743.7888365837256,907.5,2212028.0,1.0,2976,0.9993279569892473,پل وحيد,1091.0
2019-10,1093,2975,2817.0,469.94193966915157,504.0,1323826.444048,0.9881240638977636,2976,0.9465725806451613,جنوب فلزي,1093.0
2019-10,1094,2975,2975.0,837.3184802642018,991.0,2491022.478786,0.9948545623529412,2976,0.9996639784946236,جنوب آذر,1094.0
2019-10,1095,2975,,,,,,2976,,وحيد باغ درياچه,1096.0
2019-10,1109,2975,2975.0,567.510924369748,698.0,1688345.0,0.9997759105882352,2976,0.9996639784946236,شيخ مفيد شيخ صدوق,1109.0
2019-10,1112,2975,2975.0,629.4218007203361,791.0,1872529.857143,0.9999159663865547,2976,0.9996639784946236,هزار جریب آزادی,1106.0
2019-10,1113,2975,2975.0,582.1877550998319,688.571429,1732008.571422,0.7736134453781512,2976,0.9996639784946236,دفاع مقدس,1080.0
2019-10,1115,2975,2975.0,658.2181512605042,773.0,1958199.0,0.9734454047058824,2976,0.9996639784946236,,
2019-10,1116,2975,2975.0,828.6863865546219,1025.0,2465342.0,1.0,2976,0.9996639784946236,جنوب پل فردوسي,1116.0
2019-10,1117,2975,2975.0,439.50487394957986,526.0,1307527.0,1.0,2976,0.9996639784946236,هتل پل,1117.0
2019-10,1119,2975,2969.0,532.3529808016167,674.0,1580556.0,0.9996210845402492,2976,0.9976478494623656,,
2019-10,1501,2975,2974.0,598.1479488903833,685.5,1778892.0,0.9996637528581035,2976,0.9993279569892473,جي – اريسون,1467.0
2019-10,1502,2975,2967.0,595.114609917088,682.0,1765705.047624,0.9887091338051904,2976,0.9969758064516129,,
2019-10,1503,2975,2974.0,686.821015467384,801.0,2042605.7,0.9990218264963013,2976,0.9993279569892473,جي – شهيد رجائي,1466.0
2019-10,1504,2975,2974.0,591.6478877542031,682.0,1759560.818181,0.9996077128446537,2976,0.9993279569892473,جي – مسجد علي,1468.0
2019-11,1001,2879,2877.0,509.8902581602364,619.0,1466954.272727,0.9999420695168578,2880,0.9989583333333333,اشراق - ابوريحان,1252.0
2019-11,1002,2879,2879.0,375.6263285863147,445.0,1081428.2,0.9993684682181312,2880,0.9996527777777777,اشراق - فلاطوري,1253.0
2019-11,1010,2879,1519.0,692.9220926477947,858.0,1052548.658732,0.99651086240948,2880,0.5274305555555555,چهارراه جهاد,1005.0
2019-11,1012,2879,2879.0,307.53247655435916,377.0,885386.0,1.0,2880,0.9996527777777777,چهار راه مصدق,1016.0
2019-11,1014,2879,2879.0,1014.0190013084404,952.285714,2919360.704767,0.7462821066342481,2880,0.9996527777777777,شمال پل فلزي,1014.0
2019-11,1016,2879,2821.0,523.0256517681673,619.0,1475455.363638,0.9913742516838001,2880,0.9795138888888889,امام خميني امام رضا,1259.0
2019-11,1017,2879,1604.0,3303.339152119701,3802.0,5298556.0,1.0,2880,0.5569444444444445,,
2019-11,1018,2879,2834.0,333.61193836626677,379.0,945456.23333,0.9864905871559633,2880,0.9840277777777777,سه راه نقشينه,1135.0
2019-11,1019,2879,,,,,,2880,,بعثت گلستان,1427.0
2019-11,1021,2879,2879.0,439.8174134539771,542.0,1266234.333334,0.9995534168113928,2880,0.9996527777777777,شمال پل آذر,1021.0
2019-11,1028,2879,1508.0,441.1496021220159,562.0,665253.6,0.9987842592838196,2880,0.5236111111111111,آتشگاه - حجازي,1396.0
2019-11,1029,2879,2879.0,536.9814915894408,682.0,1545969.714286,0.9999565821465787,2880,0.9996527777777777,قدس - آتشگاه,1180.0
2019-11,1031,2879,2877.0,459.4376023017031,507.0,1321801.981822,0.9939462506082726,2880,0.9989583333333333,شيخ صدوق سعادت آباد,1111.0
2019-11,1032,2879,2877.0,659.4339358126521,750.0,1897191.433333,0.9977249051094891,2880,0.9989583333333333,چهارراه فرايبورگ,1114.0
2019-11,1033,2879,2875.0,371.0868019321739,452.0,1066874.555555,0.9986086956521739,2880,0.9982638888888888,سجاد سپه سالار,1105.0
2019-11,1034,2879,2875.0,499.17035748834786,620.0,1435114.777779,0.9992347826086957,2880,0.9982638888888888,چهارراه آپادانا,1110.0
2019-11,1035,2879,2828.0,615.8730198019801,751.5,1741688.9,0.9997428316831682,2880,0.9819444444444444,چهارراه آبشار,1115.0
2019-11,1036,2879,2879.0,733.3028530350816,887.0,2111178.913888,0.9987053598471691,2880,0.9996527777777777,ميدان بزرگمهر,1067.0
2019-11,1037,2879,1511.0,415.0383631144937,511.0,627122.966666,0.9993381872931834,2880,0.5246527777777777,,
2019-11,1038,2879,1539.0,592.852283359974,742.0,912399.664091,0.920309649122807,2880,0.534375,,
2019-11,1039,2879,2865.0,501.2022909727749,603.0,1435944.563637,0.9979639403141362,2880,0.9947916666666666,جي پروين,1188.0
2019-11,1040,2879,1495.0,581.2120401337793,733.0,868912.0,1.0,2880,0.5190972222222222,,
2019-11,1041,2879,2018.0,493.93934156144695,614.0,996769.591271,0.9685332011892963,2880,0.7006944444444444,پروين دشتستان,1203.0
2019-11,1042,2879,2876.0,353.16898470097357,444.0,1015714.0,0.9832521686369957,2880,0.9986111111111111,كمال ابن سينا,1048.0
2019-11,1043,2879,1498.0,1405.4816678651534,1777.5,2105411.538462,0.9999046341789053,2880,0.5201388888888889,,
2019-11,1044,2879,2877.0,496.80813347236705,589.0,1429317.0,0.9995892189781022,2880,0.9989583333333333,ميدان قدس,1140.0
2019-11,1047,2879,2878.0,501.77866574009727,615.0,1444119.0,1.0,2880,0.9993055555555556,شمال فردوسي,1047.0
2019-11,1048,2879,2834.0,473.5894848270995,588.0,1342152.6,0.9996471411432604,2880,0.9840277777777777,باغ گلدسته كمال اسماعيل,1458.0
2019-11,1051,2879,2879.0,356.79367836054183,444.0,1027209.0,1.0,2880,0.9996527777777777,چهار راه نقاشي,1055.0
2019-11,1053,2879,2870.0,331.1740418118467,412.0,950469.5,0.9999502240418119,2880,0.9965277777777778,هشت بهشت نشاط,1053.0
2019-11,1054,2879,1726.0,425.32546487891074,537.0,734111.752381,0.9980446118192352,2880,0.5993055555555555,هشت بهشت گلزار,1051.0
2019-11,1057,2879,2879.0,623.6731503994442,764.0,1795555.0,1.0,2880,0.9996527777777777,صغير وليعصر,1050.0
2019-11,1058,2879,2674.0,387.3335826477188,481.0,1035730.0,0.99981301421092,2880,0.9284722222222223,پل سرهنگ,1192.0
2019-11,1059,2879,1489.0,330.37206178643385,403.0,491924.0,1.0,2880,0.5170138888888889,پل تمدن,
2019-11,1064,2879,1796.0,409.60876020824054,504.0,735657.333334,0.9979816258351893,2880,0.6236111111111111,صياد شيرازي علامه اميني,1064.0
2019-11,1065,2879,1510.0,416.2424550615894,524.0,628526.107143,0.954231098013245,2880,0.5243055555555556,,
2019-11,1066,2879,2879.0,527.3733935390761,639.0,1518307.999999,0.9998552744008335,2880,0.9996527777777777,حمزه هشت بهشت,
2019-11,1067,2879,1511.0,714.4717993977499,806.0,1079566.88889,0.999470549305096,2880,0.5246527777777777,,
2019-11,1068,2879,2420.0,629.9143644256197,750.0,1524392.76191,0.8542355371900826,2880,0.8402777777777778,جي صيادشيرازي,1213.0
2019-11,1069,2879,2551.0,573.4451413394747,667.0,1462858.555557,0.9959623676989415,2880,0.8857638888888889,ميدان احمد آباد,1215.0
2019-11,1070,2879,1500.0,670.5720370373333,844.0,1005858.055556,0.9986,2880,0.5208333333333334,,
2019-11,1071,2879,1499.0,995.3930620413608,1266.0,1492094.2,0.9997081387591727,2880,0.5204861111111111,میدان 25 آبان,1287.0
2019-11,1072,2879,1506.0,1011.2397078353254,1200.0,1522927.0,1.0,2880,0.5229166666666667,,
2019-11,1074,2879,1513.0,630.0528750826173,773.0,953270.0,0.9999173826834105,2880,0.5253472222222222,,
2019-11,1075,2879,716.0,968.4622905027933,1253.0,693419.0,1.0,2880,0.24861111111111112,حكيم عبدالرزاق,1045.0
2019-11,1077,2879,2879.0,466.1194363122612,577.0,1341957.857143,0.9987408822507815,2880,0.9996527777777777,5 رمضان مسجد سيد,1018.0
2019-11,1078,2879,2879.0,477.1673381924279,581.0,1373764.766656,0.8574407221257382,2880,0.9996527777777777,چهارراه وفايي,1017.0
2019-11,1079,2879,2872.0,468.91663765076606,589.0,1346728.583333,0.999204139275766,2880,0.9972222222222222,طيب - مسجد سيد,1022.0
2019-11,1080,2879,2859.0,605.5636461301154,745.0,1731306.464286,0.9989895466946485,2880,0.9927083333333333,توحيد دانشگاه,1089.0
2019-11,1081,2879,2865.0,450.84870696509597,538.0,1291681.545455,0.9997963940663177,2880,0.9947916666666666,سه راه حكيم نظامي (شهداي غزه),1078.0
2019-11,1082,2879,2876.0,471.9407742235744,569.0,1357301.666667,0.9999652294853965,2880,0.9986111111111111,توحيد شريعتي,1082.0
2019-11,1083,2879,,,,,,2880,,چهارراه امين (حكيم نظامي-شريعتي),1083.0
2019-11,1084,2879,1502.0,640.5136826151797,756.0,962051.551288,0.9938177316910786,2880,0.5215277777777778,ميدان ارتش,1084.0
2019-11,1085,2879,1507.0,465.8438197504977,576.0,702026.636364,0.9952997299270072,2880,0.5232638888888889,سه راه سيمين,1095.0
2019-11,1086,2879,2327.0,493.55436183927804,597.0,1148501.0,1.0,2880,0.8079861111111111,وحيد رودكي,1087.0
2019-11,1088,2879,1499.0,628.4067791220814,783.0,941981.761904,0.9995830553702468,2880,0.5204861111111111,,
2019-11,1090,2879,2874.0,431.60260573729994,515.0,1240425.888889,0.9997564370215728,2880,0.9979166666666667,چهار راه توحيد نظر,1090.0
2019-11,1092,2879,2855.0,701.8014818809107,858.0,2003643.23077,0.9995746788091068,2880,0.9913194444444444,پل وحيد,1091.0
2019-11,1093,2879,1511.0,467.1771424904037,519.0,705904.662303,0.9882077008603574,2880,0.5246527777777777,جنوب فلزي,1093.0
2019-11,1094,2879,2879.0,865.7231684689128,960.0,2492417.002022,0.991824092393192,2880,0.9996527777777777,جنوب آذر,1094.0
2019-11,1095,2879,,,,,,2880,,وحيد باغ درياچه,1096.0
2019-11,1109,2879,2765.0,567.0377783518987,672.0,1567859.457143,0.992605994936709,2880,0.9600694444444444,شيخ مفيد شيخ صدوق,1109.0
2019-11,1112,2879,2869.0,612.0791216451726,761.0,1756055.0,1.0,2880,0.9961805555555555,هزار جریب آزادی,1106.0
2019-11,1113,2879,2860.0,614.5398601398601,710.0,1757584.0,1.0,2880,0.9930555555555556,دفاع مقدس,1080.0
2019-11,1115,2879,1502.0,668.0479360852197,773.0,1003408.0,1.0,2880,0.5215277777777778,,
2019-11,1116,2879,2879.0,798.0208405696422,995.0,2297502.0,0.9998842195206669,2880,0.9996527777777777,جنوب پل فردوسي,1116.0
2019-11,1117,2879,2879.0,410.8367488711358,522.0,1182799.0,1.0,2880,0.9996527777777777,هتل پل,1117.0
2019-11,1119,2879,1501.0,511.9309476222518,625.0,768408.352381,0.9977514990006662,2880,0.5211805555555555,,
2019-11,1501,2879,2879.0,550.8595345606113,654.0,1585924.6,0.9989263959708232,2880,0.9996527777777777,جي – اريسون,1467.0
2019-11,1502,2879,1515.0,565.2778877841583,662.0,856395.999993,0.9585808580858086,2880,0.5260416666666666,,
2019-11,1503,2879,2870.0,680.2157839721255,830.0,1952219.3,0.998986380487805,2880,0.9965277777777778,جي – شهيد رجائي,1466.0
2019-11,1504,2879,2879.0,581.8065658329281,683.0,1675021.103033,0.9985816877387982,2880,0.9996527777777777,جي – مسجد علي,1468.0
2019-12,1001,2917,2907.0,517.412358883041,630.0,1504117.727273,0.9999140010319917,2976,0.9768145161290323,اشراق - ابوريحان,1252.0
2019-12,1002,2917,2914.0,368.9691146190803,440.0,1075176.0,0.9991576722717914,2976,0.9791666666666666,اشراق - فلاطوري,1253.0
2019-12,1010,2917,775.0,403.83170506838707,504.0,312969.571428,0.9598709677419355,2976,0.2604166666666667,چهارراه جهاد,1005.0
2019-12,1012,2917,2915.0,306.42332761578047,388.0,893224.0,1.0,2976,0.979502688172043,چهار راه مصدق,1016.0
2019-12,1014,2917,2917.0,1239.7008020853616,1145.571429,3616207.239683,0.798828387041481,2976,0.9801747311827957,شمال پل فلزي,1014.0
2019-12,1016,2917,2914.0,578.1505272357584,701.0,1684730.636365,0.9932795967741935,2976,0.9791666666666666,امام خميني امام رضا,1259.0
2019-12,1017,2917,,,,,,2976,,,
2019-12,1018,2917,1872.0,343.85105056944445,399.0,643689.166666,0.999847375,2976,0.6290322580645161,سه راه نقشينه,1135.0
2019-12,1019,2917,,,,,,2976,,بعثت گلستان,1427.0
2019-12,1021,2917,2915.0,444.80754716946825,554.0,1296613.999999,0.9996079396226415,2976,0.979502688172043,شمال پل آذر,1021.0
2019-12,1028,2917,,,,,,2976,,آتشگاه - حجازي,1396.0
2019-12,1029,2917,2917.0,545.2367402910525,707.0,1590455.571429,0.9999571477545424,2976,0.9801747311827957,قدس - آتشگاه,1180.0
2019-12,1031,2917,2830.0,460.4631491614841,518.0,1303110.712127,0.9945818692579506,2976,0.9509408602150538,شيخ صدوق سعادت آباد,1111.0
2019-12,1032,2917,2917.0,667.451034167638,754.0,1946954.666667,0.9969458066506685,2976,0.9801747311827957,چهارراه فرايبورگ,1114.0
2019-12,1033,2917,2917.0,367.3289528817278,460.0,1071498.555556,0.9996914638327048,2976,0.9801747311827957,سجاد سپه سالار,1105.0
2019-12,1034,2917,2917.0,503.55498419163524,630.0,1468869.888887,0.9972231744943435,2976,0.9801747311827957,چهارراه آپادانا,1110.0
2019-12,1035,2917,2840.0,623.6384829809859,781.5,1771133.291666,0.999103714084507,2976,0.9543010752688172,چهارراه آبشار,1115.0
2019-12,1036,2917,2917.0,794.9125128556735,988.0,2318759.8,0.9996260171408982,2976,0.9801747311827957,ميدان بزرگمهر,1067.0
2019-12,1037,2917,,,,,,2976,,,
2019-12,1038,2917,,,,,,2976,,,
2019-12,1039,2917,2914.0,525.5002370995196,654.0,1531307.690908,0.998827503431709,2976,0.9791666666666666,جي پروين,1188.0
2019-12,1040,2917,,,,,,2976,,,
2019-12,1041,2917,2914.0,501.6726149622512,625.0,1461874.0,1.0,2976,0.9791666666666666,پروين دشتستان,1203.0
2019-12,1042,2917,2914.0,345.0678792038435,444.0,1005527.8,0.9891900950583391,2976,0.9791666666666666,كمال ابن سينا,1048.0
2019-12,1043,2917,,,,,,2976,,,
2019-12,1044,2917,2917.0,483.0485773054508,593.0,1409052.7,0.9989403818992115,2976,0.9801747311827957,ميدان قدس,1140.0
2019-12,1047,2917,2916.0,508.7973251028807,630.0,1483653.0,1.0,2976,0.9798387096774194,شمال فردوسي,1047.0
2019-12,1048,2917,2894.0,487.65459571527293,621.0,1411272.4,0.9998272284035937,2976,0.9724462365591398,باغ گلدسته كمال اسماعيل,1458.0
2019-12,1051,2917,2917.0,361.3897840246829,461.0,1054174.0,1.0,2976,0.9801747311827957,چهار راه نقاشي,1055.0
2019-12,1053,2917,2909.0,331.53030823891373,419.0,964421.666667,0.9999508913716054,2976,0.977486559139785,هشت بهشت نشاط,1053.0
2019-12,1054,2917,,,,,,2976,,هشت بهشت گلزار,1051.0
2019-12,1057,2917,2917.0,617.0757627699692,788.0,1800010.0,1.0,2976,0.9801747311827957,صغير وليعصر,1050.0
2019-12,1058,2917,1834.0,379.85078153380584,476.0,696646.333333,0.9997818974918211,2976,0.616263440860215,پل سرهنگ,1192.0
2019-12,1059,2917,,,,,,2976,,پل تمدن,
2019-12,1064,2917,2917.0,403.20195243057935,508.0,1176140.09524,0.999485773054508,2976,0.9801747311827957,صياد شيرازي علامه اميني,1064.0
2019-12,1065,2917,,,,,,2976,,,
2019-12,1066,2917,2916.0,530.1227709190672,669.0,1545838.0,1.0,2976,0.9798387096774194,حمزه هشت بهشت,
2019-12,1067,2917,,,,,,2976,,,
2019-12,1068,2917,2909.0,714.7770073241663,897.333333,2079286.314306,0.7238312134754211,2976,0.977486559139785,جي صيادشيرازي,1213.0
2019-12,1069,2917,2914.0,612.9160375195607,754.0,1786037.333332,0.999245024021963,2976,0.9791666666666666,ميدان احمد آباد,1215.0
2019-12,1070,2917,,,,,,2976,,,
2019-12,1071,2917,,,,,,2976,,میدان 25 آبان,1287.0
2019-12,1072,2917,,,,,,2976,,,
2019-12,1074,2917,,,,,,2976,,,
2019-12,1075,2917,1720.0,746.3511627906977,446.5,1283724.0,1.0,2976,0.5779569892473119,حكيم عبدالرزاق,1045.0
2019-12,1077,2917,2917.0,470.9641347120329,603.0,1373802.380955,0.9982859101816935,2976,0.9801747311827957,5 رمضان مسجد سيد,1018.0
2019-12,1078,2917,2917.0,473.6630670819335,609.0,1381675.166678,0.857143,2976,0.9801747311827957,چهارراه وفايي,1017.0
2019-12,1079,2917,2898.0,458.0800379575569,585.2,1327515.950001,0.7586022329192547,2976,0.9737903225806451,طيب - مسجد سيد,1022.0
2019-12,1080,2917,2917.0,613.1055450805623,770.0,1788428.875,0.9990096379842303,2976,0.9801747311827957,توحيد دانشگاه,1089.0
2019-12,1081,2917,1204.0,428.9169435215947,549.0,516416.0,1.0,2976,0.40456989247311825,سه راه حكيم نظامي (شهداي غزه),1078.0
2019-12,1082,2917,2917.0,476.94892012341444,606.0,1391260.0,1.0,2976,0.9801747311827957,توحيد شريعتي,1082.0
2019-12,1083,2917,,,,,,2976,,چهارراه امين (حكيم نظامي-شريعتي),1083.0
2019-12,1084,2917,1129.0,552.8787218113374,674.0,624200.076925,0.9939895881310894,2976,0.3793682795698925,ميدان ارتش,1084.0
2019-12,1085,2917,,,,,,2976,,سه راه سيمين,1095.0
2019-12,1086,2917,2829.0,493.316719688936,617.0,1395593.0,1.0,2976,0.9506048387096774,وحيد رودكي,1087.0
2019-12,1088,2917,,,,,,2976,,,
2019-12,1090,2917,2917.0,430.33409515118274,523.0,1255284.555556,0.9995886184436065,2976,0.9801747311827957,چهار راه توحيد نظر,1090.0
2019-12,1092,2917,,,,,,2976,,پل وحيد,1091.0
2019-12,1093,2917,874.0,640.9353038421053,816.75,560177.455558,0.9091950148741419,2976,0.29368279569892475,جنوب فلزي,1093.0
2019-12,1094,2917,2914.0,852.9755960439259,917.0,2485570.886872,0.9811520171585449,2976,0.9791666666666666,جنوب آذر,1094.0
2019-12,1095,2917,,,,,,2976,,وحيد باغ درياچه,1096.0
2019-12,1109,2917,2542.0,604.0897591884343,720.0,1535596.167857,0.9783635149488592,2976,0.8541666666666666,شيخ مفيد شيخ صدوق,1109.0
2019-12,1112,2917,2914.0,614.7333954313658,783.0,1791333.114287,0.9995281400137268,2976,0.9791666666666666,هزار جریب آزادی,1106.0
2019-12,1113,2917,2912.0,627.6298076923077,765.5,1827658.0,0.9998282967032966,2976,0.978494623655914,دفاع مقدس,1080.0
2019-12,1115,2917,,,,,,2976,,,
2019-12,1116,2917,2913.0,813.8208969196704,1040.0,2370660.272727,0.9999713927222794,2976,0.9788306451612904,جنوب پل فردوسي,1116.0
2019-12,1117,2917,2913.0,441.42052866460693,557.0,1285858.0,1.0,2976,0.9788306451612904,هتل پل,1117.0
2019-12,1119,2917,,,,,,2976,,,
2019-12,1501,2917,2916.0,571.4342592592593,680.0,1666302.3,0.9988464907407407,2976,0.9798387096774194,جي – اريسون,1467.0
2019-12,1502,2917,,,,,,2976,,,
2019-12,1503,2917,2915.0,700.0491252144083,868.0,2040643.2,0.9980976161234991,2976,0.979502688172043,جي – شهيد رجائي,1466.0
2019-12,1504,2917,2915.0,573.9267113660378,691.0,1672996.363632,0.9985992051457976,2976,0.979502688172043,جي – مسجد علي,1468.0
2020-01,1001,2973,2966.0,515.6402562373568,627.0,1529389.0,1.0,2976,0.9966397849462365,اشراق - ابوريحان,1252.0
2020-01,1002,2973,2969.0,365.5680026945099,436.0,1085371.4,0.9987752239811385,2976,0.9976478494623656,اشراق - فلاطوري,1253.0
2020-01,1010,2973,2970.0,422.33670033670035,523.5,1254340.0,1.0,2976,0.9979838709677419,چهارراه جهاد,1005.0
2020-01,1012,2973,2973.0,304.43659603094517,383.0,905090.0,1.0,2976,0.998991935483871,چهار راه مصدق,1016.0
2020-01,1014,2973,2973.0,594.6407236505213,679.8,1767866.871413,0.8077242542885974,2976,0.998991935483871,شمال پل فلزي,1014.0
2020-01,1016,2973,2973.0,574.1693422620249,669.0,1707005.454545,0.9999719700639085,2976,0.998991935483871,امام خميني امام رضا,1259.0
2020-01,1017,2973,1.0,0.0,0.0,0.0,1.0,2976,0.0003360215053763441,,
2020-01,1018,2973,2846.0,347.21076364511595,414.0,988161.833334,0.9998494128601546,2976,0.9563172043010753,سه راه نقشينه,1135.0
2020-01,1019,2973,1.0,0.0,0.0,0.0,1.0,2976,0.0003360215053763441,بعثت گلستان,1427.0
2020-01,1021,2973,2970.0,450.7526823801347,564.0,1338735.466669,0.9680616000000001,2976,0.9979838709677419,شمال پل آذر,1021.0
2020-01,1028,2973,1.0,0.0,0.0,0.0,1.0,2976,0.0003360215053763441,آتشگاه - حجازي,1396.0
2020-01,1029,2973,2969.0,541.1078285136409,699.0,1606549.142857,0.9995789828224991,2976,0.9976478494623656,قدس - آتشگاه,1180.0
2020-01,1031,2973,2973.0,481.7956063430878,530.0,1432378.337658,0.9906379791456442,2976,0.998991935483871,شيخ صدوق سعادت آباد,1111.0
2020-01,1032,2973,2973.0,663.3666479801547,742.0,1972189.044445,0.9952909566094854,2976,0.998991935483871,چهارراه فرايبورگ,1114.0
2020-01,1033,2973,2227.0,372.50217033363265,461.0,829562.333333,0.9999101930848676,2976,0.7483198924731183,سجاد سپه سالار,1105.0
2020-01,1034,2973,2973.0,515.9462570548268,654.0,1533908.222224,0.9982509249915911,2976,0.998991935483871,چهارراه آپادانا,1110.0
2020-01,1035,2973,2971.0,649.2644227532818,818.0,1928964.6,0.9999694012117132,2976,0.9983198924731183,چهارراه آبشار,1115.0
2020-01,1036,2973,2973.0,772.7704002690884,973.0,2297446.4,0.9994190141271442,2976,0.998991935483871,ميدان بزرگمهر,1067.0
2020-01,1037,2973,1.0,0.0,0.0,0.0,1.0,2976,0.0003360215053763441,,
2020-01,1038,2973,1.0,0.0,0.0,0.0,1.0,2976,0.0003360215053763441,,
2020-01,1039,2973,2965.0,517.965610915683,641.0,1535768.036365,0.9987071423271502,2976,0.9963037634408602,جي پروين,1188.0
2020-01,1040,2973,1.0,0.0,0.0,0.0,1.0,2976,0.0003360215053763441,,
2020-01,1041,2973,2965.0,504.444107176054,634.0,1495676.777777,0.9999325463743677,2976,0.9963037634408602,پروين دشتستان,1203.0
2020-01,1042,2973,2898.0,345.8349896480331,442.0,1002229.8,0.9786634037267081,2976,0.9737903225806451,كمال ابن سينا,1048.0
2020-01,1043,2973,1.0,0.0,0.0,0.0,1.0,2976,0.0003360215053763441,,
2020-01,1044,2973,2973.0,495.0071981163807,611.0,1471656.4,0.9994495923309787,2976,0.998991935483871,ميدان قدس,1140.0
2020-01,1047,2973,2833.0,506.85657136110126,628.0,1435924.666666,0.980453582774444,2976,0.9519489247311828,شمال فردوسي,1047.0
2020-01,1048,2973,2964.0,490.68252361673416,618.0,1454383.0,1.0,2976,0.9959677419354839,باغ گلدسته كمال اسماعيل,1458.0
2020-01,1051,2973,1943.0,361.00823468862586,455.0,701439.0,1.0,2976,0.6528897849462365,چهار راه نقاشي,1055.0
2020-01,1053,2973,2973.0,330.22995851564076,418.0,981773.666667,0.9999038970736629,2976,0.998991935483871,هشت بهشت نشاط,1053.0
2020-01,1054,2973,1.0,0.0,0.0,0.0,1.0,2976,0.0003360215053763441,هشت بهشت گلزار,1051.0
2020-01,1057,2973,2973.0,617.727884291961,779.0,1836505.0,1.0,2976,0.998991935483871,صغير وليعصر,1050.0
2020-01,1058,2973,2971.0,388.6234713338943,488.0,1154600.333333,0.9998653651969034,2976,0.9983198924731183,پل سرهنگ,1192.0
2020-01,1059,2973,1.0,0.0,0.0,0.0,1.0,2976,0.0003360215053763441,پل تمدن,
2020-01,1064,2973,2746.0,396.4141088339403,505.0,1088553.142858,0.9966314639475601,2976,0.9227150537634409,صياد شيرازي علامه اميني,1064.0
2020-01,1065,2973,1.0,0.0,0.0,0.0,1.0,2976,0.0003360215053763441,,
2020-01,1066,2973,2958.0,526.3123732251521,660.0,1556832.0,1.0,2976,0.9939516129032258,حمزه هشت بهشت,
2020-01,1067,2973,1.0,0.0,0.0,0.0,1.0,2976,0.0003360215053763441,,
2020-01,1068,2973,2969.0,713.9971290582688,896.0,2119857.476174,0.7523997979117548,2976,0.9976478494623656,جي صيادشيرازي,1213.0
2020-01,1069,2973,2973.0,622.0936577346115,763.0,1849484.444445,0.9996972754793138,2976,0.998991935483871,ميدان احمد آباد,1215.0
2020-01,1070,2973,1.0,0.0,0.0,0.0,1.0,2976,0.0003360215053763441,,
2020-01,1071,2973,1.0,0.0,0.0,0.0,1.0,2976,0.0003360215053763441,میدان 25 آبان,1287.0
2020-01,1072,2973,1.0,0.0,0.0,0.0,1.0,2976,0.0003360215053763441,,
2020-01,1074,2973,1.0,0.0,0.0,0.0,1.0,2976,0.0003360215053763441,,
2020-01,1075,2973,2839.0,999.6887108185981,1217.0,2838116.250014,0.9121873899260304,2976,0.9539650537634409,حكيم عبدالرزاق,1045.0
2020-01,1077,2973,2973.0,474.4007496041036,607.0,1410393.428573,0.9986125126135217,2976,0.998991935483871,5 رمضان مسجد سيد,1018.0
2020-01,1078,2973,2973.0,478.65747280995623,614.833333,1423048.666664,0.8570949485368314,2976,0.998991935483871,چهارراه وفايي,1017.0
2020-01,1079,2973,2966.0,455.908282759946,585.2,1352223.966666,0.7156827811867834,2976,0.9966397849462365,طيب - مسجد سيد,1022.0
2020-01,1080,2973,1348.0,476.125278189911,481.0,641816.875,0.9985987485163205,2976,0.4529569892473118,توحيد دانشگاه,1089.0
2020-01,1081,2973,621.0,456.34680134621584,553.0,283391.363636,0.999731616747182,2976,0.2086693548387097,سه راه حكيم نظامي (شهداي غزه),1078.0
2020-01,1082,2973,2973.0,476.90581903800876,596.0,1417841.0,0.999966363942146,2976,0.998991935483871,توحيد شريعتي,1082.0
2020-01,1083,2973,1.0,0.0,0.0,0.0,1.0,2976,0.0003360215053763441,چهارراه امين (حكيم نظامي-شريعتي),1083.0
2020-01,1084,2973,2973.0,553.9947236848302,679.0,1647026.313515,0.9914708086108308,2976,0.998991935483871,ميدان ارتش,1084.0
2020-01,1085,2973,1.0,0.0,0.0,0.0,1.0,2976,0.0003360215053763441,سه راه سيمين,1095.0
2020-01,1086,2973,2708.0,485.28637370753324,600.5,1314155.5,0.9999261447562777,2976,0.9099462365591398,وحيد رودكي,1087.0
2020-01,1088,2973,1.0,0.0,0.0,0.0,1.0,2976,0.0003360215053763441,,
2020-01,1090,2973,2973.0,427.5095489031282,497.0,1270985.888889,0.9998990918264379,2976,0.998991935483871,چهار راه توحيد نظر,1090.0
2020-01,1092,2973,1478.0,717.7846362023005,887.5,1060885.692307,0.9996617029769959,2976,0.49663978494623656,پل وحيد,1091.0
2020-01,1093,2973,2973.0,652.8029562357888,824.0,1940783.188889,0.956578950554995,2976,0.998991935483871,جنوب فلزي,1093.0
2020-01,1094,2973,2950.0,810.4701955142373,850.0,2390887.076767,0.9714733010169492,2976,0.991263440860215,جنوب آذر,1094.0
2020-01,1095,2973,815.0,514.5244522355828,611.0,419337.428572,0.9996932515337423,2976,0.27385752688172044,وحيد باغ درياچه,1096.0
2020-01,1109,2973,2727.0,591.6809942907958,715.0,1613514.071431,0.9840687931793178,2976,0.9163306451612904,شيخ مفيد شيخ صدوق,1109.0
2020-01,1112,2973,1910.0,612.4789080031413,780.0,1169834.714286,0.999934554973822,2976,0.6418010752688172,هزار جریب آزادی,1106.0
2020-01,1113,2973,2968.0,622.8742512729111,749.0,1848690.777778,0.999966307277628,2976,0.9973118279569892,دفاع مقدس,1080.0
2020-01,1115,2973,1.0,0.0,0.0,0.0,1.0,2976,0.0003360215053763441,,
2020-01,1116,2973,2972.0,810.1847240915208,1030.0,2407869.0,0.9999719606325707,2976,0.9986559139784946,جنوب پل فردوسي,1116.0
2020-01,1117,2973,2972.0,440.20726783310903,558.0,1308296.0,1.0,2976,0.9986559139784946,هتل پل,1117.0
2020-01,1119,2973,1.0,0.0,0.0,0.0,1.0,2976,0.0003360215053763441,,
2020-01,1501,2973,2973.0,568.5101917255298,667.0,1690180.8,0.9991743884964682,2976,0.998991935483871,جي – اريسون,1467.0
2020-01,1502,2973,1.0,0.0,0.0,0.0,1.0,2976,0.0003360215053763441,,
2020-01,1503,2973,429.0,688.038369020979,832.0,295168.46031,0.7385041818181819,2976,0.14415322580645162,جي – شهيد رجائي,1466.0
2020-01,1504,2973,2603.0,565.6493556388782,677.0,1472385.272728,0.9983352608528621,2976,0.8746639784946236,جي – مسجد علي,1468.0
2020-02,1001,2783,2763.0,519.1244562891784,634.0,1434340.872727,0.999819037640246,2784,0.9924568965517241,اشراق - ابوريحان,1252.0
2020-02,1002,2783,2781.0,377.21984897518877,447.0,1049048.4,0.9984309126213592,2784,0.9989224137931034,اشراق - فلاطوري,1253.0
2020-02,1010,2783,2781.0,427.34519956850056,526.0,1188447.0,1.0,2784,0.9989224137931034,چهارراه جهاد,1005.0
2020-02,1012,2783,2764.0,305.7518089725036,386.0,845098.0,1.0,2784,0.992816091954023,چهار راه مصدق,1016.0
2020-02,1014,2783,2781.0,729.138807549083,914.571429,2027735.023794,0.6363313106796117,2784,0.9989224137931034,شمال پل فلزي,1014.0
2020-02,1016,2783,2753.0,581.4042862332002,694.0,1600606.0,1.0,2784,0.9888649425287356,امام خميني امام رضا,1259.0
2020-02,1017,2783,,,,,,2784,,,
2020-02,1018,2783,2480.0,345.9295026858871,411.0,857905.166661,0.9907834193548387,2784,0.8908045977011494,سه راه نقشينه,1135.0
2020-02,1019,2783,,,,,,2784,,بعثت گلستان,1427.0
2020-02,1021,2783,2779.0,447.0852225016193,556.0,1242449.833332,0.993677074127384,2784,0.9982040229885057,شمال پل آذر,1021.0
2020-02,1028,2783,,,,,,2784,,آتشگاه - حجازي,1396.0
2020-02,1029,2783,2781.0,535.6009657367854,662.0,1489506.285714,0.9913250629270047,2784,0.9989224137931034,قدس - آتشگاه,1180.0
2020-02,1031,2783,2770.0,605.2629012151625,697.0,1676578.236366,0.9901925534296029,2784,0.9949712643678161,شيخ صدوق سعادت آباد,1111.0
2020-02,1032,2783,2781.0,647.3317471725998,720.0,1800229.588887,0.9949331553398059,2784,0.9989224137931034,چهارراه فرايبورگ,1114.0
2020-02,1033,2783,2780.0,364.6644284575539,447.0,1013767.111112,0.9998561151079136,2784,0.9985632183908046,سجاد سپه سالار,1105.0
2020-02,1034,2783,2781.0,500.10607695037754,630.0,1390794.999999,0.9979144192736426,2784,0.9989224137931034,چهارراه آپادانا,1110.0
2020-02,1035,2783,2777.0,644.4992797983435,807.0,1789774.5,0.9998035815628376,2784,0.9974856321839081,چهارراه آبشار,1115.0
2020-02,1036,2783,2778.0,785.4392008639309,967.0,2181950.1,0.9995091306695464,2784,0.9978448275862069,ميدان بزرگمهر,1067.0
2020-02,1037,2783,,,,,,2784,,,
2020-02,1038,2783,,,,,,2784,,,
2020-02,1039,2783,2769.0,519.0921238382087,637.0,1437366.090908,0.9981040162513543,2784,0.9946120689655172,جي پروين,1188.0
2020-02,1040,2783,,,,,,2784,,,
2020-02,1041,2783,2767.0,507.2580411998554,632.0,1403583.0,0.9994578966389591,2784,0.9938936781609196,پروين دشتستان,1203.0
2020-02,1042,2783,2759.0,342.27020659659297,424.0,944323.5,0.9395915197535339,2784,0.9910201149425287,كمال ابن سينا,1048.0
2020-02,1043,2783,,,,,,2784,,,
2020-02,1044,2783,2777.0,485.5250990277277,602.0,1348303.2,0.9993780082823189,2784,0.9974856321839081,ميدان قدس,1140.0
2020-02,1047,2783,2778.0,528.5789228290137,638.0,1468392.247619,0.9676475881929446,2784,0.9978448275862069,شمال فردوسي,1047.0
2020-02,1048,2783,2770.0,489.0815884476534,613.0,1354756.0,0.9998194945848375,2784,0.9949712643678161,باغ گلدسته كمال اسماعيل,1458.0
2020-02,1051,2783,2781.0,362.3383674937073,459.0,1007663.0,1.0,2784,0.9989224137931034,چهار راه نقاشي,1055.0
2020-02,1053,2783,2778.0,328.90238780921527,412.0,913690.833334,0.9998971511879049,2784,0.9978448275862069,هشت بهشت نشاط,1053.0
2020-02,1054,2783,,,,,,2784,,هشت بهشت گلزار,1051.0
2020-02,1057,2783,2781.0,636.517439769867,788.0,1770155.0,1.0,2784,0.9989224137931034,صغير وليعصر,1050.0
2020-02,1058,2783,2695.0,396.60853432282005,501.0,1068860.0,1.0,2784,0.9680316091954023,پل سرهنگ,1192.0
2020-02,1059,2783,,,,,,2784,,پل تمدن,
2020-02,1064,2783,2774.0,386.853846944124,473.0,1073132.571423,0.9782354001441961,2784,0.9964080459770115,صياد شيرازي علامه اميني,1064.0
2020-02,1065,2783,,,,,,2784,,,
2020-02,1066,2783,2778.0,532.0421166306695,670.0,1478013.0,1.0,2784,0.9978448275862069,حمزه هشت بهشت,
2020-02,1067,2783,,,,,,2784,,,
2020-02,1068,2783,2780.0,711.7847276532374,884.0,1978761.542876,0.7516636690647482,2784,0.9985632183908046,جي صيادشيرازي,1213.0
2020-02,1069,2783,2781.0,636.2224619442646,784.0,1769334.666667,0.9994606256742179,2784,0.9989224137931034,ميدان احمد آباد,1215.0
2020-02,1070,2783,,,,,,2784,,,
2020-02,1071,2783,,,,,,2784,,میدان 25 آبان,1287.0
2020-02,1072,2783,,,,,,2784,,,
2020-02,1074,2783,,,,,,2784,,,
2020-02,1075,2783,2706.0,969.5834990509977,1168.5,2623692.948432,0.9603104212860311,2784,0.9719827586206896,حكيم عبدالرزاق,1045.0
2020-02,1077,2783,2778.0,478.6067914571634,608.0,1329569.666668,0.9984251259899208,2784,0.9978448275862069,5 رمضان مسجد سيد,1018.0
2020-02,1078,2783,2764.0,483.3951398958032,620.666667,1336104.166672,0.8592620799565845,2784,0.992816091954023,چهارراه وفايي,1017.0
2020-02,1079,2783,2781.0,465.21459906508454,595.0,1293761.8,0.7153133786407767,2784,0.9989224137931034,طيب - مسجد سيد,1022.0
2020-02,1080,2783,2781.0,375.61124595469255,455.0,1044574.875,0.9988413451995685,2784,0.9989224137931034,توحيد دانشگاه,1089.0
2020-02,1081,2783,2778.0,404.6596690439165,483.0,1124144.560604,0.9853911961843054,2784,0.9978448275862069,سه راه حكيم نظامي (شهداي غزه),1078.0
2020-02,1082,2783,2586.0,471.76063418406807,587.0,1219973.0,1.0,2784,0.9288793103448276,توحيد شريعتي,1082.0
2020-02,1083,2783,,,,,,2784,,چهارراه امين (حكيم نظامي-شريعتي),1083.0
2020-02,1084,2783,2669.0,555.0019588621207,674.0,1481300.228203,0.9924262255526415,2784,0.9586925287356322,ميدان ارتش,1084.0
2020-02,1085,2783,,,,,,2784,,سه راه سيمين,1095.0
2020-02,1086,2783,2543.0,483.2432447616988,598.0,1228887.571429,0.9998820290994888,2784,0.913433908045977,وحيد رودكي,1087.0
2020-02,1088,2783,,,,,,2784,,,
2020-02,1090,2783,2781.0,444.04111231032005,534.0,1234878.333335,0.999388709097447,2784,0.9989224137931034,چهار راه توحيد نظر,1090.0
2020-02,1092,2783,825.0,733.4587412581818,938.0,605103.461538,0.9992207745454545,2784,0.2963362068965517,پل وحيد,1091.0
2020-02,1093,2783,2781.0,654.9402732829917,825.0,1821388.9,0.9986597378640777,2784,0.9989224137931034,جنوب فلزي,1093.0
2020-02,1094,2783,2781.0,825.9786354314994,903.5,2297046.585135,0.960916145631068,2784,0.9989224137931034,جنوب آذر,1094.0
2020-02,1095,2783,825.0,540.4806926412122,691.0,445896.571429,0.9996969696969698,2784,0.2963362068965517,وحيد باغ درياچه,1096.0
2020-02,1109,2783,2726.0,559.2645673936171,682.5,1524555.210715,0.9944566779163609,2784,0.9791666666666666,شيخ مفيد شيخ صدوق,1109.0
2020-02,1112,2783,2781.0,606.5458468176914,761.0,1686804.0,1.0,2784,0.9989224137931034,هزار جریب آزادی,1106.0
2020-02,1113,2783,2781.0,623.3314555116865,737.0,1733484.777778,0.9998921251348435,2784,0.9989224137931034,دفاع مقدس,1080.0
2020-02,1115,2783,,,,,,2784,,,
2020-02,1116,2783,2781.0,807.8859468471773,1026.0,2246730.818182,0.9999101046386192,2784,0.9989224137931034,جنوب پل فردوسي,1116.0
2020-02,1117,2783,2781.0,444.54764473211077,560.0,1236287.0,1.0,2784,0.9989224137931034,هتل پل,1117.0
2020-02,1119,2783,,,,,,2784,,,
2020-02,1501,2783,2773.0,577.231914893617,679.0,1600664.1,0.9992787601875226,2784,0.9960488505747126,جي – اريسون,1467.0
2020-02,1502,2783,,,,,,2784,,,
2020-02,1503,2783,,,,,,2784,,جي – شهيد رجائي,1466.0
2020-02,1504,2783,1397.0,677.2423504896207,729.0,946107.563634,0.9983297602004294,2784,0.5017959770114943,جي – مسجد علي,1468.0
2020-03,1001,2972,2971.0,365.87414195759,386.0,1087012.075756,0.9973634059239314,2976,0.9983198924731183,اشراق - ابوريحان,1252.0
2020-03,1002,2972,2969.0,250.83997337588414,240.0,744743.880953,0.993416828898619,2976,0.9976478494623656,اشراق - فلاطوري,1253.0
2020-03,1010,2972,2821.0,325.08109811343496,344.0,917053.777778,0.9995746189294578,2976,0.9479166666666666,چهارراه جهاد,1005.0
2020-03,1012,2972,2970.0,228.5035914703704,225.0,678655.666667,0.9999158249158249,2976,0.9979838709677419,چهار راه مصدق,1016.0
2020-03,1014,2972,2969.0,537.9755810050522,559.428571,1597249.500004,0.6359965671943416,2976,0.9976478494623656,شمال پل فلزي,1014.0
2020-03,1016,2972,2972.0,451.6429279333782,467.0,1342282.781818,0.9995794091520861,2976,0.9986559139784946,امام خميني امام رضا,1259.0
2020-03,1017,2972,,,,,,2976,,,
2020-03,1018,2972,1078.0,315.7561224573284,358.9833335,340385.100009,0.7994966224489796,2976,0.36223118279569894,سه راه نقشينه,1135.0
2020-03,1019,2972,,,,,,2976,,بعثت گلستان,1427.0
2020-03,1021,2972,2969.0,375.0926799127653,442.166667,1113650.166661,0.9940817073088583,2976,0.9976478494623656,شمال پل آذر,1021.0
2020-03,1028,2972,,,,,,2976,,آتشگاه - حجازي,1396.0
2020-03,1029,2972,2972.0,393.01950586877524,408.5,1168053.971442,0.9621467025572006,2976,0.9986559139784946,قدس - آتشگاه,1180.0
2020-03,1031,2972,2972.0,448.5674689592867,472.0,1333142.517747,0.9888403024899058,2976,0.9986559139784946,شيخ صدوق سعادت آباد,1111.0
2020-03,1032,2972,2971.0,419.65358091282394,418.0,1246790.788892,0.9493284065971053,2976,0.9983198924731183,چهارراه فرايبورگ,1114.0
2020-03,1033,2972,2969.0,275.2480873792523,296.0,817211.571429,0.998955877399798,2976,0.9976478494623656,سجاد سپه سالار,1105.0
2020-03,1034,2972,2969.0,340.88654322398116,347.0,1012092.146832,0.9944425732569889,2976,0.9976478494623656,چهارراه آپادانا,1110.0
2020-03,1035,2972,2961.0,478.75119141438705,504.0,1417582.277778,0.9995087659574468,2976,0.9949596774193549,چهارراه آبشار,1115.0
2020-03,1036,2972,2972.0,531.6070995962315,554.0,1579936.3,0.9986846948183041,2976,0.9986559139784946,ميدان بزرگمهر,1067.0
2020-03,1037,2972,,,,,,2976,,,
2020-03,1038,2972,,,,,,2976,,,
2020-03,1039,2972,2972.0,404.0693951645357,425.0,1200894.242429,0.9911395360026918,2976,0.9986559139784946,جي پروين,1188.0
2020-03,1040,2972,,,,,,2976,,,
2020-03,1041,2972,2939.0,359.5560686338891,381.0,1056735.285715,0.9991833957128274,2976,0.9875672043010753,پروين دشتستان,1203.0
2020-03,1042,2972,2926.0,288.97676008202325,323.0,845546.0,0.9837662019822283,2976,0.9831989247311828,كمال ابن سينا,1048.0
2020-03,1043,2972,1279.0,864.7150818944488,877.0,1105970.589743,0.9964257623143081,2976,0.42977150537634407,,
2020-03,1044,2972,2972.0,407.20362550471066,461.0,1210209.175,0.9966658543068642,2976,0.9986559139784946,ميدان قدس,1140.0
2020-03,1047,2972,2972.0,456.7724476063257,502.5,1357527.714286,0.9998317631224765,2976,0.9986559139784946,شمال فردوسي,1047.0
2020-03,1048,2972,2972.0,368.46191117092866,390.0,1095068.8,0.9993270511440108,2976,0.9986559139784946,باغ گلدسته كمال اسماعيل,1458.0
2020-03,1051,2972,1305.0,296.2337164750958,341.0,386585.0,1.0,2976,0.43850806451612906,چهار راه نقاشي,1055.0
2020-03,1053,2972,2972.0,252.65761552254375,261.0,750898.433333,0.9986060386944818,2976,0.9986559139784946,هشت بهشت نشاط,1053.0
2020-03,1054,2972,,,,,,2976,,هشت بهشت گلزار,1051.0
2020-03,1057,2972,2972.0,489.0516447153432,478.0,1453461.488094,0.9989905787348586,2976,0.9986559139784946,صغير وليعصر,1050.0
2020-03,1058,2972,2972.0,307.4141391076716,342.0,913634.821428,0.9982839838492598,2976,0.9986559139784946,پل سرهنگ,1192.0
2020-03,1059,2972,,,,,,2976,,پل تمدن,
2020-03,1064,2972,2965.0,278.14122540505906,294.0,824688.733326,0.9531618887015177,2976,0.9963037634408602,صياد شيرازي علامه اميني,1064.0
2020-03,1065,2972,,,,,,2976,,,
2020-03,1066,2972,2972.0,396.5274970434051,417.5,1178479.721213,0.9991027385598923,2976,0.9986559139784946,حمزه هشت بهشت,
2020-03,1067,2972,,,,,,2976,,,
2020-03,1068,2972,2972.0,528.7200538411844,542.666667,1571356.000016,0.7499158815612382,2976,0.9986559139784946,جي صيادشيرازي,1213.0
2020-03,1069,2972,2947.0,458.6138769049881,446.0,1351535.095239,0.9949100780454699,2976,0.990255376344086,ميدان احمد آباد,1215.0
2020-03,1070,2972,,,,,,2976,,,
2020-03,1071,2972,1499.0,385.9954792768512,376.0,578607.223436,0.9934539693128752,2976,0.5036962365591398,میدان 25 آبان,1287.0
2020-03,1072,2972,,,,,,2976,,,
2020-03,1074,2972,,,,,,2976,,,
2020-03,1075,2972,2888.0,665.984754925554,570.5,1923363.972225,0.9990304709141273,2976,0.9704301075268817,حكيم عبدالرزاق,1045.0
2020-03,1077,2972,2972.0,354.9229218724765,363.0,1054830.923805,0.9923452220726783,2976,0.9986559139784946,5 رمضان مسجد سيد,1018.0
2020-03,1078,2972,2972.0,367.12095110195156,365.166667,1091083.466675,0.8577198115746971,2976,0.9986559139784946,چهارراه وفايي,1017.0
2020-03,1079,2972,2970.0,348.71301346801346,344.4,1035677.65,0.7136607,2976,0.9979838709677419,طيب - مسجد سيد,1022.0
2020-03,1080,2972,2936.0,371.47857629393735,373.0,1090661.099999,0.9948910132833788,2976,0.9865591397849462,توحيد دانشگاه,1089.0
2020-03,1081,2972,2971.0,266.3013922470549,276.0,791181.436366,0.9962694994951194,2976,0.9983198924731183,سه راه حكيم نظامي (شهداي غزه),1078.0
2020-03,1082,2972,2972.0,312.94093950942124,317.0,930060.472222,0.9991251682368776,2976,0.9986559139784946,توحيد شريعتي,1082.0
2020-03,1083,2972,,,,,,2976,,چهارراه امين (حكيم نظامي-شريعتي),1083.0
2020-03,1084,2972,2972.0,420.4664572574024,445.3846155,1249626.310969,0.9861324034320323,2976,0.9986559139784946,ميدان ارتش,1084.0
2020-03,1085,2972,,,,,,2976,,سه راه سيمين,1095.0
2020-03,1086,2972,2764.0,336.71830708791606,341.5,930689.400791,0.9979377713458756,2976,0.928763440860215,وحيد رودكي,1087.0
2020-03,1088,2972,,,,,,2976,,,
2020-03,1090,2972,2084.0,338.9800997010557,369.0,706434.527777,0.9976007677543186,2976,0.7002688172043011,چهار راه توحيد نظر,1090.0
2020-03,1092,2972,,,,,,2976,,پل وحيد,1091.0
2020-03,1093,2972,2970.0,466.0541647959596,486.0,1384180.869444,0.9820324636363637,2976,0.9979838709677419,جنوب فلزي,1093.0
2020-03,1094,2972,2971.0,701.0788762749916,700.0,2082905.341413,0.9747301083810165,2976,0.9983198924731183,جنوب آذر,1094.0
2020-03,1095,2972,,,,,,2976,,وحيد باغ درياچه,1096.0
2020-03,1109,2972,2801.0,365.48195287397357,365.0,1023714.95,0.9940497500892538,2976,0.9411962365591398,شيخ مفيد شيخ صدوق,1109.0
2020-03,1112,2972,2971.0,395.4341170999664,402.0,1174834.761904,0.9984853584651633,2976,0.9983198924731183,هزار جریب آزادی,1106.0
2020-03,1113,2972,2972.0,396.1204856443473,408.5,1177270.083335,0.9964670255720054,2976,0.9986559139784946,دفاع مقدس,1080.0
2020-03,1115,2972,,,,,,2976,,,
2020-03,1116,2972,2969.0,578.7027608514651,602.0,1718168.496968,0.9989053580330077,2976,0.9976478494623656,جنوب پل فردوسي,1116.0
2020-03,1117,2972,2969.0,325.7864600875716,349.0,967260.0,0.9993825072414954,2976,0.9976478494623656,هتل پل,1117.0
2020-03,1119,2972,,,,,,2976,,,
2020-03,1501,2972,2972.0,448.05953622678334,456.0,1331632.941666,0.9970023277254374,2976,0.9986559139784946,جي – اريسون,1467.0
2020-03,1502,2972,,,,,,2976,,,
2020-03,1503,2972,,,,,,2976,,جي – شهيد رجائي,1466.0
2020-03,1504,2972,2970.0,463.73807366767676,446.0,1377302.078793,0.9858025107744108,2976,0.9979838709677419,جي – مسجد علي,1468.0
2020-04,1001,2878,2877.0,371.70496518943344,410.0,1069395.18485,0.9984648401112269,2880,0.9989583333333333,اشراق - ابوريحان,1252.0
2020-04,1002,2878,2878.0,254.8858707817929,255.0,733561.53611,0.9954829788047255,2880,0.9993055555555556,اشراق - فلاطوري,1253.0
2020-04,1010,2878,2873.0,362.54221294048034,371.0,1041583.777778,0.9997911590671772,2880,0.9975694444444444,چهارراه جهاد,1005.0
2020-04,1012,2878,2875.0,235.65530434782607,239.0,677509.0,1.0,2880,0.9982638888888888,چهار راه مصدق,1016.0
2020-04,1014,2878,2875.0,574.4209109693913,631.714286,1651460.119037,0.636111035826087,2880,0.9982638888888888,شمال پل فلزي,1014.0
2020-04,1016,2878,2877.0,476.8947388376781,507.0,1372026.163636,0.9995944859228363,2880,0.9989583333333333,امام خميني امام رضا,1259.0
2020-04,1017,2878,,,,,,2880,,,
2020-04,1018,2878,2300.0,307.9260869565217,356.5,708230.0,0.9998757765217391,2880,0.7986111111111112,سه راه نقشينه,1135.0
2020-04,1019,2878,,,,,,2880,,بعثت گلستان,1427.0
2020-04,1021,2878,2878.0,391.3088371556637,467.4166665,1126186.833334,0.9959297171646977,2880,0.9993055555555556,شمال پل آذر,1021.0
2020-04,1028,2878,,,,,,2880,,آتشگاه - حجازي,1396.0
2020-04,1029,2878,2585.0,418.21157225686653,434.0,1081076.914284,0.997678916827853,2880,0.8975694444444444,قدس - آتشگاه,1180.0
2020-04,1030,1787,1766.0,512.134201585504,577.5,904429.0,1.0,2880,0.6131944444444445,نیکبخت,1107.0
2020-04,1031,2878,2878.0,477.3174769666435,527.0,1373719.69871,0.9919214874913134,2880,0.9993055555555556,شيخ صدوق سعادت آباد,1111.0
2020-04,1032,2878,2878.0,499.9693574437109,513.5,1438911.810723,0.9321499193884643,2880,0.9993055555555556,چهارراه فرايبورگ,1114.0
2020-04,1033,2878,2877.0,300.16080600938477,334.0,863562.638889,0.9980535279805353,2880,0.9989583333333333,سجاد سپه سالار,1105.0
2020-04,1034,2878,2877.0,360.5031737747654,376.0,1037167.63095,0.9950990615224192,2880,0.9989583333333333,چهارراه آپادانا,1110.0
2020-04,1035,2878,2874.0,497.01071290466246,558.0,1428408.788888,0.9988296336116911,2880,0.9979166666666667,چهارراه آبشار,1115.0
2020-04,1036,2878,2878.0,584.7425623502432,629.0,1682889.094444,0.9978836334259903,2880,0.9993055555555556,ميدان بزرگمهر,1067.0
2020-04,1037,2878,,,,,,2880,,,
2020-04,1038,2878,,,,,,2880,,,
2020-04,1039,2878,2866.0,422.0102402254012,455.0,1209481.348486,0.9908409092812283,2880,0.9951388888888889,جي پروين,1188.0
2020-04,1040,2878,,,,,,2880,,,
2020-04,1041,2878,2600.0,380.82637820461537,415.0,990148.583332,0.9991538461538462,2880,0.9027777777777778,پروين دشتستان,1203.0
2020-04,1042,2878,2871.0,289.99059561128524,318.0,832563.0,0.9994194810170672,2880,0.996875,كمال ابن سينا,1048.0
2020-04,1043,2878,2851.0,1120.4953487597334,1270.0,3194532.239314,0.9986220308663627,2880,0.9899305555555555,,
2020-04,1044,2878,2876.0,414.5730412607789,466.0,1192312.066666,0.9974712378303199,2880,0.9986111111111111,ميدان قدس,1140.0
2020-04,1047,2878,2875.0,545.390293995826,639.0,1567997.095238,0.9997826086956522,2880,0.9982638888888888,شمال فردوسي,1047.0
2020-04,1048,2878,2868.0,394.22803347280336,437.0,1130646.0,0.9991864232914923,2880,0.9958333333333333,باغ گلدسته كمال اسماعيل,1458.0
2020-04,1051,2878,1861.0,323.1826974744761,368.0,601443.0,1.0,2880,0.6461805555555555,چهار راه نقاشي,1055.0
2020-04,1053,2878,2869.0,269.15789473719065,284.0,772214.000001,0.9994024803067271,2880,0.9961805555555555,هشت بهشت نشاط,1053.0
2020-04,1054,2878,,,,,,2880,,هشت بهشت گلزار,1051.0
2020-04,1057,2878,2878.0,496.700520919041,501.0,1429504.099205,0.9993050729673384,2880,0.9993055555555556,صغير وليعصر,1050.0
2020-04,1058,2878,2877.0,308.5035475662148,343.0,887564.706348,0.9992353145637818,2880,0.9989583333333333,پل سرهنگ,1192.0
2020-04,1059,2878,,,,,,2880,,پل تمدن,
2020-04,1064,2878,2723.0,294.83120857767165,334.857143,802825.380957,0.864625413147264,2880,0.9454861111111111,صياد شيرازي علامه اميني,1064.0
2020-04,1065,2878,,,,,,2880,,,
2020-04,1066,2878,2878.0,466.00237538672695,493.5,1341154.836363,0.9992471629603891,2880,0.9993055555555556,حمزه هشت بهشت,
2020-04,1067,2878,,,,,,2880,,,
2020-04,1068,2878,2878.0,546.4056189840168,569.333333,1572555.371436,0.7499131341209173,2880,0.9993055555555556,جي صيادشيرازي,1213.0
2020-04,1069,2878,2878.0,474.60326284746355,471.5,1365908.190475,0.9953787352328005,2880,0.9993055555555556,ميدان احمد آباد,1215.0
2020-04,1070,2878,,,,,,2880,,,
2020-04,1071,2878,2872.0,485.1127195006964,534.0,1393243.730406,0.9985201949860725,2880,0.9972222222222222,میدان 25 آبان,1287.0
2020-04,1072,2878,,,,,,2880,,,
2020-04,1074,2878,,,,,,2880,,,
2020-04,1075,2878,2797.0,678.5110634401144,599.0,1897795.444442,0.9990346800143011,2880,0.9711805555555556,حكيم عبدالرزاق,1045.0
2020-04,1077,2878,2878.0,368.57281842494785,394.0,1060752.571427,0.99613446838082,2880,0.9993055555555556,5 رمضان مسجد سيد,1018.0
2020-04,1078,2878,2878.0,382.4568450302293,396.666667,1100710.799997,0.8569444496177901,2880,0.9993055555555556,چهارراه وفايي,1017.0
2020-04,1079,2878,2873.0,371.8582202112774,379.0,1068348.666667,0.9468947873303167,2880,0.9975694444444444,طيب - مسجد سيد,1022.0
2020-04,1080,2878,2866.0,422.2499214933705,460.5,1210168.275,0.9950763792742499,2880,0.9951388888888889,توحيد دانشگاه,1089.0
2020-04,1081,2878,2878.0,295.2771516417651,316.181818,849807.642425,0.9277278662265462,2880,0.9993055555555556,سه راه حكيم نظامي (شهداي غزه),1078.0
2020-04,1082,2878,2878.0,342.48558026407227,373.0,985673.5,0.9995830437804031,2880,0.9993055555555556,توحيد شريعتي,1082.0
2020-04,1083,2878,,,,,,2880,,چهارراه امين (حكيم نظامي-شريعتي),1083.0
2020-04,1084,2878,2878.0,441.6916921400278,491.03846150000004,1271188.689979,0.9840662314107018,2880,0.9993055555555556,ميدان ارتش,1084.0
2020-04,1085,2878,,,,,,2880,,سه راه سيمين,1095.0
2020-04,1086,2878,2641.0,356.154240517607,379.0,940603.349207,0.9982582355168497,2880,0.9170138888888889,وحيد رودكي,1087.0
2020-04,1088,2878,,,,,,2880,,,
2020-04,1090,2878,2252.0,350.0521335528419,375.0,788317.404761,0.9969804618117228,2880,0.7819444444444444,چهار راه توحيد نظر,1090.0
2020-04,1092,2878,140.0,689.7142857142857,790.5,96560.0,1.0,2880,0.04861111111111111,پل وحيد,1091.0
2020-04,1093,2878,2832.0,514.3490793993644,572.0,1456636.592859,0.9440806927966101,2880,0.9833333333333333,جنوب فلزي,1093.0
2020-04,1094,2878,2878.0,657.009554281098,678.0,1890873.497221,0.9889346344683808,2880,0.9993055555555556,جنوب آذر,1094.0
2020-04,1095,2878,,,,,,2880,,وحيد باغ درياچه,1096.0
2020-04,1109,2878,2874.0,388.6079568048017,410.5,1116859.267857,0.9956699958246348,2880,0.9979166666666667,شيخ مفيد شيخ صدوق,1109.0
2020-04,1112,2878,2873.0,425.47527886808217,465.0,1222390.476188,0.9986077271145144,2880,0.9975694444444444,هزار جریب آزادی,1106.0
2020-04,1113,2878,2872.0,417.4542517792479,457.0,1198928.61111,0.9973189415041783,2880,0.9972222222222222,دفاع مقدس,1080.0
2020-04,1115,2878,,,,,,2880,,,
2020-04,1116,2878,2878.0,629.7694421629604,706.0,1812476.454545,0.9991023881167478,2880,0.9993055555555556,جنوب پل فردوسي,1116.0
2020-04,1117,2878,2878.0,351.5149409312022,395.5,1011660.0,0.9990734287699792,2880,0.9993055555555556,هتل پل,1117.0
2020-04,1119,2878,,,,,,2880,,,
2020-04,1501,2878,2878.0,469.30895973280053,489.0,1350671.186111,0.9979783961084085,2880,0.9993055555555556,جي – اريسون,1467.0
2020-04,1502,2878,,,,,,2880,,,
2020-04,1503,2878,907.0,657.2944873208379,751.0,596166.1,0.9993986174200662,2880,0.31493055555555555,جي – شهيد رجائي,1466.0
2020-04,1504,2878,2878.0,452.6404910799166,469.0,1302699.333328,0.9806289708130645,2880,0.9993055555555556,جي – مسجد علي,1468.0
2020-05,1001,2942,2940.0,449.56088435374147,513.5,1321709.0,0.9998015880952381,2976,0.9879032258064516,اشراق - ابوريحان,1252.0
2020-05,1002,2942,2942.0,316.05513256288236,344.0,929834.2,0.9983004775662814,2976,0.9885752688172043,اشراق - فلاطوري,1253.0
2020-05,1010,2942,2942.0,738.1628144119646,835.0,2171675.0,1.0,2976,0.9885752688172043,چهارراه جهاد,1005.0
2020-05,1012,2942,2942.0,291.9377974167233,334.0,858881.0,1.0,2976,0.9885752688172043,چهار راه مصدق,1016.0
2020-05,1014,2942,2940.0,734.1035471367347,883.142857,2158264.428582,0.636364,2976,0.9879032258064516,شمال پل فلزي,1014.0
2020-05,1016,2942,1727.0,548.0324261725535,609.0,946452.0,1.0,2976,0.5803091397849462,امام خميني امام رضا,1259.0
2020-05,1017,2942,,,,,,2976,,,
2020-05,1018,2942,2889.0,343.5354794046383,397.0,992474.0,1.0,2976,0.9707661290322581,سه راه نقشينه,1135.0
2020-05,1019,2942,,,,,,2976,,بعثت گلستان,1427.0
2020-05,1021,2942,2937.0,458.74668028532517,549.0,1347338.999998,0.9979084606741573,2976,0.9868951612903226,شمال پل آذر,1021.0
2020-05,1028,2942,,,,,,2976,,آتشگاه - حجازي,1396.0
2020-05,1029,2942,2919.0,496.6853227543679,569.142857,1449824.45712,0.9558924289140116,2976,0.9808467741935484,قدس - آتشگاه,1180.0
2020-05,1030,2942,2938.0,561.9768550034037,640.5,1651088.0,1.0,2976,0.9872311827956989,نیکبخت,1107.0
2020-05,1031,2942,2942.0,611.8649115207343,697.0,1800106.569694,0.9967709129843645,2976,0.9885752688172043,شيخ صدوق سعادت آباد,1111.0
2020-05,1032,2942,2908.0,591.1119208641678,666.5,1718953.465873,0.987682893397524,2976,0.9771505376344086,چهارراه فرايبورگ,1114.0
2020-05,1033,2942,2936.0,490.5180896154632,535.0,1440161.111111,0.9997956403269755,2976,0.9865591397849462,سجاد سپه سالار,1105.0
2020-05,1034,2942,2936.0,466.62715713079024,535.0,1370017.333336,0.997241144414169,2976,0.9865591397849462,چهارراه آپادانا,1110.0
2020-05,1035,2942,2937.0,602.5119623197139,717.0,1769577.633333,0.9990095035750767,2976,0.9868951612903226,چهارراه آبشار,1115.0
2020-05,1036,2942,2880.0,704.4554216260416,819.0,2028831.614283,0.954135146875,2976,0.967741935483871,ميدان بزرگمهر,1067.0
2020-05,1037,2942,,,,,,2976,,,
2020-05,1038,2942,1163.0,559.8287474866725,628.923077,651080.833327,0.9283867506448841,2976,0.3907930107526882,,
2020-05,1039,2942,2933.0,509.8601493972042,592.0,1495419.818182,0.9974144882372997,2976,0.9855510752688172,جي پروين,1188.0
2020-05,1040,2942,,,,,,2976,,,
2020-05,1041,2942,2938.0,465.9935330156569,537.5,1369089.0,1.0,2976,0.9872311827956989,پروين دشتستان,1203.0
2020-05,1042,2942,2928.0,353.55396174863387,431.5,1035206.0,1.0,2976,0.9838709677419355,كمال ابن سينا,1048.0
2020-05,1043,2942,2897.0,1396.3352893797032,1644.0,4045183.333333,0.9996548139454609,2976,0.9734543010752689,,
2020-05,1044,2942,2932.0,487.9646392298772,574.0,1430712.322222,0.9983566927012278,2976,0.9852150537634409,ميدان قدس,1140.0
2020-05,1047,2942,2942.0,614.201223657376,714.0,1806980.0,1.0,2976,0.9885752688172043,شمال فردوسي,1047.0
2020-05,1048,2942,2923.0,501.70153951419775,608.0,1466473.6,0.9999429808416012,2976,0.9821908602150538,باغ گلدسته كمال اسماعيل,1458.0
2020-05,1051,2942,2939.0,357.4307587614835,411.0,1050489.0,1.0,2976,0.9875672043010753,چهار راه نقاشي,1055.0
2020-05,1053,2942,2942.0,338.0163154316791,398.0,994444.0,1.0,2976,0.9885752688172043,هشت بهشت نشاط,1053.0
2020-05,1054,2942,1453.0,452.1006128547832,517.333333,656902.190478,0.6555402615278734,2976,0.48823924731182794,هشت بهشت گلزار,1051.0
2020-05,1057,2942,2940.0,622.6701814057824,682.5,1830650.333333,0.9999659863945578,2976,0.9879032258064516,صغير وليعصر,1050.0
2020-05,1058,2942,2941.0,362.94967698061885,424.0,1067435.0,1.0,2976,0.988239247311828,پل سرهنگ,1192.0
2020-05,1059,2942,,,,,,2976,,پل تمدن,
2020-05,1064,2942,2933.0,367.47610929764744,436.571429,1077807.42857,0.8750426184793727,2976,0.9855510752688172,صياد شيرازي علامه اميني,1064.0
2020-05,1065,2942,,,,,,2976,,,
2020-05,1066,2942,1757.0,435.689812179852,427.0,765507.0,1.0,2976,0.5903897849462365,حمزه هشت بهشت,
2020-05,1067,2942,,,,,,2976,,,
2020-05,1068,2942,2933.0,541.6971409093079,607.0,1588797.714287,0.9622826457551995,2976,0.9855510752688172,جي صيادشيرازي,1213.0
2020-05,1069,2942,2939.0,584.4498601180674,630.0,1717698.138887,0.999455597141885,2976,0.9875672043010753,ميدان احمد آباد,1215.0
2020-05,1070,2942,,,,,,2976,,,
2020-05,1071,2942,2942.0,603.2435531383413,705.0,1774742.533333,0.9994901427600272,2976,0.9885752688172043,میدان 25 آبان,1287.0
2020-05,1072,2942,,,,,,2976,,,
2020-05,1074,2942,,,,,,2976,,,
2020-05,1075,2942,2922.0,873.5030800821355,962.0,2552376.0,1.0,2976,0.9818548387096774,حكيم عبدالرزاق,1045.0
2020-05,1077,2942,2942.0,450.4935903657376,518.0,1325352.142856,0.9988953093133922,2976,0.9885752688172043,5 رمضان مسجد سيد,1018.0
2020-05,1078,2942,2942.0,470.5402220683209,549.5,1384329.333325,0.8571429999999999,2976,0.9885752688172043,چهارراه وفايي,1017.0
2020-05,1079,2942,2920.0,460.6843493150685,540.5,1345198.3,0.9981409020547946,2976,0.9811827956989247,طيب - مسجد سيد,1022.0
2020-05,1080,2942,2909.0,547.2772860089378,645.0,1592029.625,0.99954165280165,2976,0.977486559139785,توحيد دانشگاه,1089.0
2020-05,1081,2942,2942.0,376.1533465234534,426.545455,1106643.145472,0.9162137895989123,2976,0.9885752688172043,سه راه حكيم نظامي (شهداي غزه),1078.0
2020-05,1082,2942,2938.0,439.0847515316542,521.0,1290031.0,1.0,2976,0.9872311827956989,توحيد شريعتي,1082.0
2020-05,1083,2942,,,,,,2976,,چهارراه امين (حكيم نظامي-شريعتي),1083.0
2020-05,1084,2942,2942.0,540.2280761366417,622.0,1589350.999994,0.9908953518014956,2976,0.9885752688172043,ميدان ارتش,1084.0
2020-05,1085,2942,,,,,,2976,,سه راه سيمين,1095.0
2020-05,1086,2942,2702.0,446.42524056254626,521.0,1206241.0,1.0,2976,0.9079301075268817,وحيد رودكي,1087.0
2020-05,1088,2942,,,,,,2976,,,
2020-05,1090,2942,2940.0,427.6877173095238,498.0,1257401.88889,0.9988775510204081,2976,0.9879032258064516,چهار راه توحيد نظر,1090.0
2020-05,1092,2942,2171.0,652.3864578535237,770.0,1416331.0,1.0,2976,0.729502688172043,پل وحيد,1091.0
2020-05,1093,2942,2861.0,689.7352965141558,832.333333,1973332.683327,0.8587272233484795,2976,0.9613575268817204,جنوب فلزي,1093.0
2020-05,1094,2942,2942.0,837.6825232270565,956.5,2464461.983334,0.9921037573079537,2976,0.9885752688172043,جنوب آذر,1094.0
2020-05,1095,2942,,,,,,2976,,وحيد باغ درياچه,1096.0
2020-05,1109,2942,2923.0,503.70552514539855,586.0,1472331.25,0.9987075696202531,2976,0.9821908602150538,شيخ مفيد شيخ صدوق,1109.0
2020-05,1112,2942,2942.0,565.394629503739,682.0,1663391.0,1.0,2976,0.9885752688172043,هزار جریب آزادی,1106.0
2020-05,1113,2942,2942.0,570.7174837868797,670.5,1679050.837301,0.9992861998640381,2976,0.9885752688172043,دفاع مقدس,1080.0
2020-05,1115,2942,,,,,,2976,,,
2020-05,1116,2942,2942.0,790.0363698164514,964.0,2324287.0,1.0,2976,0.9885752688172043,جنوب پل فردوسي,1116.0
2020-05,1117,2942,2942.0,442.8388851121686,530.5,1302832.0,1.0,2976,0.9885752688172043,هتل پل,1117.0
2020-05,1119,2942,,,,,,2976,,,
2020-05,1501,2942,2921.0,573.4429647381033,608.0,1675026.9,0.9960474347826087,2976,0.9815188172043011,جي – اريسون,1467.0
2020-05,1502,2942,,,,,,2976,,,
2020-05,1503,2942,738.0,651.9823848238483,738.5,481163.0,1.0,2976,0.24798387096774194,جي – شهيد رجائي,1466.0
2020-05,1504,2942,2941.0,542.499842350561,575.0,1595492.036353,0.9637029632777967,2976,0.988239247311828,جي – مسجد علي,1468.0
2020-06,1001,2878,2858.0,471.9067434321204,535.5,1348709.472729,0.9997375794261723,2880,0.9923611111111111,اشراق - ابوريحان,1252.0
2020-06,1002,2878,2878.0,333.81445448227936,362.0,960718.0,0.9985785597637248,2880,0.9993055555555556,اشراق - فلاطوري,1253.0
2020-06,1010,2878,2875.0,749.6717294685217,854.0,2155306.222222,0.9999652173913044,2880,0.9982638888888888,چهارراه جهاد,1005.0
2020-06,1012,2878,2875.0,307.02562318852176,357.0,882698.666667,0.9999130434782608,2880,0.9982638888888888,چهار راه مصدق,1016.0
2020-06,1014,2878,2870.0,1096.7551186404182,1037.142857,3147687.190498,0.6362372975609757,2880,0.9965277777777778,شمال پل فلزي,1014.0
2020-06,1016,2878,2878.0,561.9397308735232,647.0,1617262.545454,0.9867964391938847,2880,0.9993055555555556,امام خميني امام رضا,1259.0
2020-06,1017,2878,1.0,0.0,0.0,0.0,1.0,2880,0.00034722222222222224,,
2020-06,1018,2878,2755.0,355.9235934664247,403.0,980569.5,0.9992740479128858,2880,0.9565972222222222,سه راه نقشينه,1135.0
2020-06,1019,2878,1.0,0.0,0.0,0.0,1.0,2880,0.00034722222222222224,بعثت گلستان,1427.0
2020-06,1021,2878,2871.0,447.6386857077673,532.0,1285170.666667,0.998706275862069,2880,0.996875,شمال پل آذر,1021.0
2020-06,1028,2878,1.0,0.0,0.0,0.0,1.0,2880,0.00034722222222222224,آتشگاه - حجازي,1396.0
2020-06,1029,2878,2874.0,444.59096663430756,502.857143,1277754.438107,0.8380306193458594,2880,0.9979166666666667,قدس - آتشگاه,1180.0
2020-06,1030,2878,2830.0,597.0010600706714,686.5,1689513.0,0.9989399293286219,2880,0.9826388888888888,نیکبخت,1107.0
2020-06,1031,2878,2878.0,627.2148166865879,719.0,1805124.242424,0.9973650722724114,2880,0.9993055555555556,شيخ صدوق سعادت آباد,1111.0
2020-06,1032,2878,2878.0,626.2334396410702,717.0,1802299.839287,0.997536170257123,2880,0.9993055555555556,چهارراه فرايبورگ,1114.0
2020-06,1033,2878,2873.0,529.5738871482771,559.0,1521465.777777,0.9992690567351201,2880,0.9975694444444444,سجاد سپه سالار,1105.0
2020-06,1034,2878,2873.0,502.7926286884789,579.0,1444523.222222,0.9982944657152801,2880,0.9975694444444444,چهارراه آپادانا,1110.0
2020-06,1035,2878,2365.0,642.5077378435518,777.0,1519530.8,0.9997309247357293,2880,0.8211805555555556,چهارراه آبشار,1115.0
2020-06,1036,2878,2875.0,608.931022221913,726.0,1750676.688888,0.9091542410434783,2880,0.9982638888888888,ميدان بزرگمهر,1067.0
2020-06,1037,2878,1.0,0.0,0.0,0.0,1.0,2880,0.00034722222222222224,,
2020-06,1038,2878,2878.0,551.3428151907575,621.4923075,1586764.622119,0.8899282230715776,2880,0.9993055555555556,,
2020-06,1039,2878,2878.0,524.2429970305768,616.0,1508771.345454,0.9982916424600417,2880,0.9993055555555556,جي پروين,1188.0
2020-06,1040,2878,1.0,0.0,0.0,0.0,1.0,2880,0.00034722222222222224,,
2020-06,1041,2878,2878.0,487.6384738630994,559.0,1403423.527778,0.9998957609451007,2880,0.9993055555555556,پروين دشتستان,1203.0
2020-06,1042,2878,2878.0,351.6825573314802,426.0,1012142.4,0.9998262678943711,2880,0.9993055555555556,كمال ابن سينا,1048.0
2020-06,1043,2878,2877.0,1453.5912141383385,1732.0,4181981.923076,0.9998510344108447,2880,0.9989583333333333,,
2020-06,1044,2878,2878.0,480.0849702727588,559.0,1381684.544445,0.9992418985406533,2880,0.9993055555555556,ميدان قدس,1140.0
2020-06,1047,2878,2878.0,593.1315728516331,687.0,1707032.666667,0.9999131341209173,2880,0.9993055555555556,شمال فردوسي,1047.0
2020-06,1048,2878,2859.0,504.248198670864,615.0,1441645.6,0.9999417044421126,2880,0.9927083333333333,باغ گلدسته كمال اسماعيل,1458.0
2020-06,1051,2878,2878.0,367.8347810979847,433.0,1058628.5,0.9999305072967339,2880,0.9993055555555556,چهار راه نقاشي,1055.0
2020-06,1053,2878,2876.0,346.7451321279555,415.0,997239.0,0.9999006557719053,2880,0.9986111111111111,هشت بهشت نشاط,1053.0
2020-06,1054,2878,2875.0,447.81763975026087,533.333333,1287475.714282,0.7508695652173913,2880,0.9982638888888888,هشت بهشت گلزار,1051.0
2020-06,1057,2878,2878.0,629.3017913676164,724.0,1811130.555556,0.999965253648367,2880,0.9993055555555556,صغير وليعصر,1050.0
2020-06,1058,2878,2851.0,378.0904068747808,439.0,1077935.75,0.9999298491757279,2880,0.9899305555555555,پل سرهنگ,1192.0
2020-06,1059,2878,1.0,0.0,0.0,0.0,1.0,2880,0.00034722222222222224,پل تمدن,
2020-06,1064,2878,2870.0,386.2958984533101,466.8571425,1108669.228561,0.8755662020905923,2880,0.9965277777777778,صياد شيرازي علامه اميني,1064.0
2020-06,1065,2878,1.0,0.0,0.0,0.0,1.0,2880,0.00034722222222222224,,
2020-06,1066,2878,1.0,0.0,0.0,0.0,1.0,2880,0.00034722222222222224,حمزه هشت بهشت,
2020-06,1067,2878,1.0,0.0,0.0,0.0,1.0,2880,0.00034722222222222224,,
2020-06,1068,2878,2866.0,542.587644965806,619.428571,1555056.190472,0.9605722260990928,2880,0.9951388888888889,جي صيادشيرازي,1213.0
2020-06,1069,2878,2878.0,607.2688885031272,664.222222,1747719.861112,0.9989228630993746,2880,0.9993055555555556,ميدان احمد آباد,1215.0
2020-06,1070,2878,1.0,0.0,0.0,0.0,1.0,2880,0.00034722222222222224,,
2020-06,1071,2878,2870.0,613.2191969473868,741.5,1759939.095239,0.9997822299651568,2880,0.9965277777777778,میدان 25 آبان,1287.0
2020-06,1072,2878,1.0,0.0,0.0,0.0,1.0,2880,0.00034722222222222224,,
2020-06,1074,2878,1.0,0.0,0.0,0.0,1.0,2880,0.00034722222222222224,,
2020-06,1075,2878,2837.0,906.0605490934086,1078.0,2570493.777778,0.9998942544941839,2880,0.9850694444444444,حكيم عبدالرزاق,1045.0
2020-06,1077,2878,2878.0,464.1775538571925,554.0,1335903.000001,0.9992182070882557,2880,0.9993055555555556,5 رمضان مسجد سيد,1018.0
2020-06,1078,2878,2877.0,493.8477986388599,595.0,1420800.116684,0.8492975338894682,2880,0.9989583333333333,چهارراه وفايي,1017.0
2020-06,1079,2878,2877.0,455.74950758950297,542.0,1311191.333335,0.9859476777893639,2880,0.9989583333333333,طيب - مسجد سيد,1022.0
2020-06,1080,2878,2874.0,603.6153506809325,721.5,1734790.517857,0.9986082129436326,2880,0.9979166666666667,توحيد دانشگاه,1089.0
2020-06,1081,2878,2858.0,410.97247916445065,471.272727,1174559.345452,0.8872755822253324,2880,0.9923611111111111,سه راه حكيم نظامي (شهداي غزه),1078.0
2020-06,1082,2878,2878.0,468.1928422515636,567.0,1347459.0,0.999965253648367,2880,0.9993055555555556,توحيد شريعتي,1082.0
2020-06,1083,2878,1.0,0.0,0.0,0.0,1.0,2880,0.00034722222222222224,چهارراه امين (حكيم نظامي-شريعتي),1083.0
2020-06,1084,2878,2878.0,599.1860533488534,700.0,1724457.461538,0.9925294895760945,2880,0.9993055555555556,ميدان ارتش,1084.0
2020-06,1085,2878,1.0,0.0,0.0,0.0,1.0,2880,0.00034722222222222224,سه راه سيمين,1095.0
2020-06,1086,2878,2799.0,483.0332261521972,566.0,1352010.0,1.0,2880,0.971875,وحيد رودكي,1087.0
2020-06,1088,2878,1.0,0.0,0.0,0.0,1.0,2880,0.00034722222222222224,,
2020-06,1090,2878,2867.0,449.0878580010464,531.0,1287534.888889,0.9991628880362748,2880,0.9954861111111111,چهار راه توحيد نظر,1090.0
2020-06,1092,2878,2872.0,680.2730608527158,813.0,1953744.230769,0.9999751291782729,2880,0.9972222222222222,پل وحيد,1091.0
2020-06,1093,2878,2878.0,698.7302814471856,859.222222,2010945.750005,0.8180872373175817,2880,0.9993055555555556,جنوب فلزي,1093.0
2020-06,1094,2878,2878.0,845.016851980542,1024.5,2431958.5,0.997674669562196,2880,0.9993055555555556,جنوب آذر,1094.0
2020-06,1095,2878,1.0,0.0,0.0,0.0,1.0,2880,0.00034722222222222224,وحيد باغ درياچه,1096.0
2020-06,1109,2878,2782.0,536.7658339324228,627.0,1493282.55,0.9990414579439253,2880,0.9659722222222222,شيخ مفيد شيخ صدوق,1109.0
2020-06,1112,2878,2876.0,608.0089741043115,743.5,1748633.809524,0.9998696105702365,2880,0.9986111111111111,هزار جریب آزادی,1106.0
2020-06,1113,2878,2876.0,599.5571781794158,699.5,1724326.444444,0.9996870653685674,2880,0.9986111111111111,دفاع مقدس,1080.0
2020-06,1115,2878,1.0,0.0,0.0,0.0,1.0,2880,0.00034722222222222224,,
2020-06,1116,2878,2875.0,781.2187826086956,961.0,2246004.0,0.9999420292173913,2880,0.9982638888888888,جنوب پل فردوسي,1116.0
2020-06,1117,2878,2875.0,449.76765217391306,534.0,1293082.0,1.0,2880,0.9982638888888888,هتل پل,1117.0
2020-06,1119,2878,1.0,0.0,0.0,0.0,1.0,2880,0.00034722222222222224,,
2020-06,1501,2878,2864.0,602.1058310055867,653.0,1724431.1,0.9958100600558659,2880,0.9944444444444445,جي – اريسون,1467.0
2020-06,1502,2878,1.0,0.0,0.0,0.0,1.0,2880,0.00034722222222222224,,
2020-06,1503,2878,1.0,0.0,0.0,0.0,1.0,2880,0.00034722222222222224,جي – شهيد رجائي,1466.0
2020-06,1504,2878,2877.0,563.44672164894,609.818182,1621036.218184,0.9624610392770248,2880,0.9989583333333333,جي – مسجد علي,1468.0
2020-07,1001,2973,2973.0,473.9304956730575,549.0,1408995.363636,0.999887880255634,2976,0.998991935483871,اشراق - ابوريحان,1252.0
2020-07,1002,2973,2970.0,335.698982416835,370.5,997025.977778,0.9988062454545454,2976,0.9979838709677419,اشراق - فلاطوري,1253.0
2020-07,1010,2973,2959.0,774.1675115468063,912.0,2290761.666667,0.9999662047989186,2976,0.9942876344086021,چهارراه جهاد,1005.0
2020-07,1012,2973,2972.0,306.2494392102961,356.5,910173.333333,0.9999158815612382,2976,0.9986559139784946,چهار راه مصدق,1016.0
2020-07,1014,2973,2971.0,1264.687847610569,1082.714286,3757387.595251,0.6363334012117133,2976,0.9983198924731183,شمال پل فلزي,1014.0
2020-07,1016,2973,2961.0,560.7167777065181,647.0,1660282.378789,0.9972137831813577,2976,0.9949596774193549,امام خميني امام رضا,1259.0
2020-07,1017,2973,1.0,0.0,0.0,0.0,1.0,2976,0.0003360215053763441,,
2020-07,1018,2973,2848.0,347.1576544936798,394.0,988704.999998,0.9981440628511236,2976,0.956989247311828,سه راه نقشينه,1135.0
2020-07,1019,2973,1.0,0.0,0.0,0.0,1.0,2976,0.0003360215053763441,بعثت گلستان,1427.0
2020-07,1021,2973,2968.0,473.8176100633423,565.0,1406290.666668,0.9996630731132075,2976,0.9973118279569892,شمال پل آذر,1021.0
2020-07,1028,2973,1.0,0.0,0.0,0.0,1.0,2976,0.0003360215053763441,آتشگاه - حجازي,1396.0
2020-07,1029,2973,2965.0,437.7755432489039,496.0,1298004.485733,0.7505480607082631,2976,0.9963037634408602,قدس - آتشگاه,1180.0
2020-07,1030,2973,2962.0,599.2724135344362,683.0,1775044.888889,0.999932478055368,2976,0.9952956989247311,نیکبخت,1107.0
2020-07,1031,2973,2968.0,637.2628003177224,732.0,1891395.991343,0.997866132412399,2976,0.9973118279569892,شيخ صدوق سعادت آباد,1111.0
2020-07,1032,2973,2968.0,637.1020926923854,731.0,1890919.011111,0.998836070754717,2976,0.9973118279569892,چهارراه فرايبورگ,1114.0
2020-07,1033,2973,2973.0,561.0288896363942,591.0,1667938.888889,0.9998318197107299,2976,0.998991935483871,سجاد سپه سالار,1105.0
2020-07,1034,2973,2827.0,507.4304130795897,599.0,1434505.777776,0.9979129819596745,2976,0.9499327956989247,چهارراه آپادانا,1110.0
2020-07,1035,2973,2837.0,644.6731288921395,777.0,1828937.666667,0.9960585805428269,2976,0.9532930107526881,چهارراه آبشار,1115.0
2020-07,1036,2973,2970.0,607.8922222222222,739.2,1805439.9,0.9091216090909091,2976,0.9979838709677419,ميدان بزرگمهر,1067.0
2020-07,1037,2973,1.0,0.0,0.0,0.0,1.0,2976,0.0003360215053763441,,
2020-07,1038,2973,2969.0,436.36429774334795,513.8,1295565.6,0.71476716200741,2976,0.9976478494623656,,
2020-07,1039,2973,2966.0,524.8625635987863,620.0,1556742.363634,0.9986232906271072,2976,0.9966397849462365,جي پروين,1188.0
2020-07,1040,2973,1.0,0.0,0.0,0.0,1.0,2976,0.0003360215053763441,,
2020-07,1041,2973,2965.0,482.8011242279933,560.0,1431505.333336,0.9627993254637436,2976,0.9963037634408602,پروين دشتستان,1203.0
2020-07,1042,2973,2963.0,356.33351333108334,439.0,1055816.2,0.9998312517718528,2976,0.9956317204301075,كمال ابن سينا,1048.0
2020-07,1043,2973,2931.0,1467.69149760696,1792.0,4301803.779486,0.9995857082906857,2976,0.9848790322580645,,
2020-07,1044,2973,2941.0,460.7189731383883,543.0,1354974.5,0.9982380778646718,2976,0.988239247311828,ميدان قدس,1140.0
2020-07,1047,2973,2971.0,568.0522671541569,654.0,1687683.285715,0.9999158532480646,2976,0.9983198924731183,شمال فردوسي,1047.0
2020-07,1048,2973,2769.0,505.1701697363669,618.0,1398816.2,0.999819429035753,2976,0.9304435483870968,باغ گلدسته كمال اسماعيل,1458.0
2020-07,1051,2973,2970.0,364.0835016835017,423.5,1081328.0,1.0,2976,0.9979838709677419,چهار راه نقاشي,1055.0
2020-07,1053,2973,2973.0,347.569850880592,413.0,1033325.166668,0.9992311765893038,2976,0.998991935483871,هشت بهشت نشاط,1053.0
2020-07,1054,2973,2960.0,440.9843758033784,529.333333,1305313.752378,0.7509290540540541,2976,0.9946236559139785,هشت بهشت گلزار,1051.0
2020-07,1057,2973,2973.0,617.4847796838211,707.0,1835782.25,0.999932727884292,2976,0.998991935483871,صغير وليعصر,1050.0
2020-07,1058,2973,2455.0,373.2219959266802,431.0,916260.0,1.0,2976,0.8249327956989247,پل سرهنگ,1192.0
2020-07,1059,2973,1.0,0.0,0.0,0.0,1.0,2976,0.0003360215053763441,پل تمدن,
2020-07,1064,2973,2751.0,383.4508559741912,465.142857,1054873.304785,0.8749545619774627,2976,0.9243951612903226,صياد شيرازي علامه اميني,1064.0
2020-07,1065,2973,1.0,0.0,0.0,0.0,1.0,2976,0.0003360215053763441,,
2020-07,1066,2973,1.0,0.0,0.0,0.0,1.0,2976,0.0003360215053763441,حمزه هشت بهشت,
2020-07,1067,2973,1.0,0.0,0.0,0.0,1.0,2976,0.0003360215053763441,,
2020-07,1068,2973,2957.0,532.1140312739263,605.0,1573461.190477,0.9748055461616503,2976,0.9936155913978495,جي صيادشيرازي,1213.0
2020-07,1069,2973,2960.0,590.8460585591216,645.0,1748904.333335,0.996418918918919,2976,0.9946236559139785,ميدان احمد آباد,1215.0
2020-07,1070,2973,1.0,0.0,0.0,0.0,1.0,2976,0.0003360215053763441,,
2020-07,1071,2973,2968.0,614.5037286613882,751.0,1823847.066667,0.9996841307277629,2976,0.9973118279569892,میدان 25 آبان,1287.0
2020-07,1072,2973,1.0,0.0,0.0,0.0,1.0,2976,0.0003360215053763441,,
2020-07,1074,2973,1.0,0.0,0.0,0.0,1.0,2976,0.0003360215053763441,,
2020-07,1075,2973,2960.0,909.7845720719595,1074.0,2692962.333333,0.9999324324324325,2976,0.9946236559139785,حكيم عبدالرزاق,1045.0
2020-07,1077,2973,2787.0,455.79706801973447,549.0,1270306.428571,0.998789020452099,2976,0.936491935483871,5 رمضان مسجد سيد,1018.0
2020-07,1078,2973,2474.0,512.9694624090541,617.4,1269086.45,0.7163070165723524,2976,0.8313172043010753,چهارراه وفايي,1017.0
2020-07,1079,2973,2963.0,462.92164473742827,564.0,1371636.833357,0.8731499267634154,2976,0.9956317204301075,طيب - مسجد سيد,1022.0
2020-07,1080,2973,2946.0,613.4107688391039,748.5,1807108.125,0.999245682281059,2976,0.9899193548387096,توحيد دانشگاه,1089.0
2020-07,1081,2973,2973.0,489.79246756744027,566.181818,1456153.006078,0.9167510867810293,2976,0.998991935483871,سه راه حكيم نظامي (شهداي غزه),1078.0
2020-07,1082,2973,2967.0,475.17323896090323,571.0,1409838.999997,0.9948769801145939,2976,0.9969758064516129,توحيد شريعتي,1082.0
2020-07,1083,2973,1.0,0.0,0.0,0.0,1.0,2976,0.0003360215053763441,چهارراه امين (حكيم نظامي-شريعتي),1083.0
2020-07,1084,2973,2973.0,550.4567216064581,630.0,1636507.833336,0.9953630033636058,2976,0.998991935483871,ميدان ارتش,1084.0
2020-07,1085,2973,1.0,0.0,0.0,0.0,1.0,2976,0.0003360215053763441,سه راه سيمين,1095.0
2020-07,1086,2973,2833.0,484.2113694048711,574.0,1371770.809524,0.999858806918461,2976,0.9519489247311828,وحيد رودكي,1087.0
2020-07,1088,2973,1.0,0.0,0.0,0.0,1.0,2976,0.0003360215053763441,,
2020-07,1090,2973,2973.0,453.06245094719134,533.0,1346954.666666,0.9991254624957955,2976,0.998991935483871,چهار راه توحيد نظر,1090.0
2020-07,1092,2973,1072.0,670.1921641791045,809.0,718446.0,1.0,2976,0.3602150537634409,پل وحيد,1091.0
2020-07,1093,2973,2971.0,707.3204682302255,871.444444,2101449.111112,0.8193141551666105,2976,0.9983198924731183,جنوب فلزي,1093.0
2020-07,1094,2973,2967.0,838.2928756727334,1044.0,2487214.962121,0.999896295247725,2976,0.9969758064516129,جنوب آذر,1094.0
2020-07,1095,2973,1.0,0.0,0.0,0.0,1.0,2976,0.0003360215053763441,وحيد باغ درياچه,1096.0
2020-07,1109,2973,2937.0,538.5500936329588,629.0,1581721.625,0.9996973483146068,2976,0.9868951612903226,شيخ مفيد شيخ صدوق,1109.0
2020-07,1112,2973,2969.0,606.5988548332772,745.0,1800992.0,1.0,2976,0.9976478494623656,هزار جریب آزادی,1106.0
2020-07,1113,2973,2968.0,595.3831611260107,709.5,1767097.222222,0.9998652291105121,2976,0.9973118279569892,دفاع مقدس,1080.0
2020-07,1115,2973,1.0,0.0,0.0,0.0,1.0,2976,0.0003360215053763441,,
2020-07,1116,2973,2973.0,809.2940403020518,991.0,2406031.181818,0.9999719700639085,2976,0.998991935483871,جنوب پل فردوسي,1116.0
2020-07,1117,2973,2973.0,451.8308106289943,541.0,1343293.0,1.0,2976,0.998991935483871,هتل پل,1117.0
2020-07,1119,2973,1.0,0.0,0.0,0.0,1.0,2976,0.0003360215053763441,,
2020-07,1501,2973,2910.0,599.756795532646,656.0,1745292.275,0.9998437989690722,2976,0.9778225806451613,جي – اريسون,1467.0
2020-07,1502,2973,1.0,0.0,0.0,0.0,1.0,2976,0.0003360215053763441,,
2020-07,1503,2973,139.0,620.1971223021583,703.0,86207.4,0.9986919568345324,2976,0.04670698924731183,جي – شهيد رجائي,1466.0
2020-07,1504,2973,2959.0,576.8338505015208,616.0,1706851.363634,0.999436748901656,2976,0.9942876344086021,جي – مسجد علي,1468.0
2020-08,1001,2971,2919.0,486.0189977889689,555.0,1418689.454546,0.9997430633778692,2976,0.9808467741935484,اشراق - ابوريحان,1252.0
2020-08,1002,2971,2962.0,334.8781153875759,360.0,991908.977778,0.998496103646185,2976,0.9952956989247311,اشراق - فلاطوري,1253.0
2020-08,1010,2971,2969.0,869.9036712697878,970.0,2582744.0,1.0,2976,0.9976478494623656,چهارراه جهاد,1005.0
2020-08,1012,2971,2970.0,302.0565656565657,351.0,897108.0,1.0,2976,0.9979838709677419,چهار راه مصدق,1016.0
2020-08,1014,2971,2966.0,1010.2934688354686,993.142857,2996530.428566,0.636364,2976,0.9966397849462365,شمال پل فلزي,1014.0
2020-08,1016,2971,2961.0,546.3095289253631,615.0,1617622.515148,0.9993245548801081,2976,0.9949596774193549,امام خميني امام رضا,1259.0
2020-08,1017,2971,,,,,,2976,,,
2020-08,1018,2971,2830.0,341.0352179063604,369.0,965129.666675,0.9922766356890459,2976,0.9509408602150538,سه راه نقشينه,1135.0
2020-08,1019,2971,,,,,,2976,,بعثت گلستان,1427.0
2020-08,1021,2971,2966.0,488.96369970768717,572.0,1450266.333333,0.9998073405259609,2976,0.9966397849462365,شمال پل آذر,1021.0
2020-08,1028,2971,,,,,,2976,,آتشگاه - حجازي,1396.0
2020-08,1029,2971,2879.0,429.9426884383467,485.333333,1237805.000014,0.7513025356026398,2976,0.9674059139784946,قدس - آتشگاه,1180.0
2020-08,1030,2971,2969.0,588.2812394745706,660.0,1746607.0,1.0,2976,0.9976478494623656,نیکبخت,1107.0
2020-08,1031,2971,2969.0,602.6458760724149,678.0,1789255.606059,0.9941899680026945,2976,0.9976478494623656,شيخ صدوق سعادت آباد,1111.0
2020-08,1032,2971,2967.0,633.5211852878329,719.0,1879657.356749,0.9895517462082912,2976,0.9969758064516129,چهارراه فرايبورگ,1114.0
2020-08,1033,2971,2937.0,551.5023644681648,580.0,1619762.444443,0.9998297582567246,2976,0.9868951612903226,سجاد سپه سالار,1105.0
2020-08,1034,2971,2766.0,500.8170241818511,578.0,1385259.888887,0.9981200289226321,2976,0.9294354838709677,چهارراه آپادانا,1110.0
2020-08,1035,2971,2969.0,666.1325979555405,801.0,1977747.68333,0.960256018187942,2976,0.9976478494623656,چهارراه آبشار,1115.0
2020-08,1036,2971,2967.0,599.31677339636,715.0,1778172.866667,0.9098570010111223,2976,0.9969758064516129,ميدان بزرگمهر,1067.0
2020-08,1037,2971,,,,,,2976,,,
2020-08,1038,2971,2971.0,377.1804050265904,445.2,1120602.983334,0.714887047458768,2976,0.9983198924731183,,
2020-08,1039,2971,2970.0,524.8496847252526,625.0,1558803.563634,0.9984848528619528,2976,0.9979838709677419,جي پروين,1188.0
2020-08,1040,2971,,,,,,2976,,,
2020-08,1041,2971,2966.0,477.8530287629804,546.666667,1417312.083311,0.9001685772083614,2976,0.9966397849462365,پروين دشتستان,1203.0
2020-08,1042,2971,2951.0,357.4225686208065,434.0,1054754.0,0.9999435218569976,2976,0.9915994623655914,كمال ابن سينا,1048.0
2020-08,1043,2971,2945.0,1452.189917722241,1757.0,4276699.307692,0.9998544740237691,2976,0.9895833333333334,,
2020-08,1044,2971,2962.0,457.80702978460505,542.0,1356024.422222,0.9990178636056719,2976,0.9952956989247311,ميدان قدس,1140.0
2020-08,1047,2971,2948.0,548.5697809657395,621.0,1617183.714287,0.999194369063772,2976,0.9905913978494624,شمال فردوسي,1047.0
2020-08,1048,2971,2902.0,507.09648518263265,615.0,1471594.0,1.0,2976,0.9751344086021505,باغ گلدسته كمال اسماعيل,1458.0
2020-08,1051,2971,2969.0,365.14651397777027,426.0,1084120.0,1.0,2976,0.9976478494623656,چهار راه نقاشي,1055.0
2020-08,1053,2971,2969.0,346.8408779612664,415.0,1029770.566667,0.9998556513977771,2976,0.9976478494623656,هشت بهشت نشاط,1053.0
2020-08,1054,2971,2960.0,414.81117439493244,476.0,1227841.076209,0.7363597972972973,2976,0.9946236559139785,هشت بهشت گلزار,1051.0
2020-08,1057,2971,2969.0,615.3877848881779,708.0,1827086.333333,0.9999663186258,2976,0.9976478494623656,صغير وليعصر,1050.0
2020-08,1058,2971,2969.0,372.71471876052544,425.0,1106590.0,1.0,2976,0.9976478494623656,پل سرهنگ,1192.0
2020-08,1059,2971,,,,,,2976,,پل تمدن,
2020-08,1064,2971,2795.0,381.08098135098396,457.142857,1065121.342876,0.875134168157424,2976,0.9391801075268817,صياد شيرازي علامه اميني,1064.0
2020-08,1065,2971,,,,,,2976,,,
2020-08,1066,2971,,,,,,2976,,حمزه هشت بهشت,
2020-08,1067,2971,,,,,,2976,,,
2020-08,1068,2971,2971.0,550.7361478421407,625.0,1636237.095239,0.979930999663413,2976,0.9983198924731183,جي صيادشيرازي,1213.0
2020-08,1069,2971,2317.0,560.6218409758309,606.0,1298960.805541,0.9806646525679757,2976,0.7785618279569892,ميدان احمد آباد,1215.0
2020-08,1070,2971,,,,,,2976,,,
2020-08,1071,2971,2971.0,615.4990014587681,742.0,1828647.533334,0.99972652305621,2976,0.9983198924731183,میدان 25 آبان,1287.0
2020-08,1072,2971,,,,,,2976,,,
2020-08,1074,2971,,,,,,2976,,,
2020-08,1075,2971,2893.0,971.2925644241272,1153.333333,2809949.388879,0.9436571033529209,2976,0.9721102150537635,حكيم عبدالرزاق,1045.0
2020-08,1077,2971,2969.0,455.3755954388683,539.0,1352010.142858,0.9988211519029977,2976,0.9976478494623656,5 رمضان مسجد سيد,1018.0
2020-08,1078,2971,2677.0,489.8930706014195,567.0,1311443.75,0.713752354127755,2976,0.8995295698924731,چهارراه وفايي,1017.0
2020-08,1079,2971,2967.0,474.6139197866532,578.666667,1408179.500007,0.857143,2976,0.9969758064516129,طيب - مسجد سيد,1022.0
2020-08,1080,2971,2923.0,600.4239223400616,716.0,1755039.125,0.9992017341772153,2976,0.9821908602150538,توحيد دانشگاه,1089.0
2020-08,1081,2971,2968.0,466.7591889241914,533.0,1385341.272727,0.993458022574124,2976,0.9973118279569892,سه راه حكيم نظامي (شهداي غزه),1078.0
2020-08,1082,2971,2968.0,453.0503358578167,537.0,1344653.396826,0.9808625336927224,2976,0.9973118279569892,توحيد شريعتي,1082.0
2020-08,1083,2971,,,,,,2976,,چهارراه امين (حكيم نظامي-شريعتي),1083.0
2020-08,1084,2971,2965.0,512.6782521139966,612.0,1520091.017518,0.9688268013490725,2976,0.9963037634408602,ميدان ارتش,1084.0
2020-08,1085,2971,,,,,,2976,,سه راه سيمين,1095.0
2020-08,1086,2971,2207.0,456.85616472813774,532.0,1008281.555555,0.9995015858631627,2976,0.7415994623655914,وحيد رودكي,1087.0
2020-08,1088,2971,,,,,,2976,,,
2020-08,1090,2971,2969.0,446.2647730249242,520.0,1324960.111111,0.9986864264061973,2976,0.9976478494623656,چهار راه توحيد نظر,1090.0
2020-08,1092,2971,,,,,,2976,,پل وحيد,1091.0
2020-08,1093,2971,2955.0,686.2522240988155,840.888889,2027875.322212,0.8753116152284264,2976,0.9929435483870968,جنوب فلزي,1093.0
2020-08,1094,2971,2964.0,864.4882819436572,1028.5,2562343.267681,0.9913059362348178,2976,0.9959677419354839,جنوب آذر,1094.0
2020-08,1095,2971,,,,,,2976,,وحيد باغ درياچه,1096.0
2020-08,1109,2971,2965.0,529.2946458684654,609.0,1569358.625,0.9994753612141652,2976,0.9963037634408602,شيخ مفيد شيخ صدوق,1109.0
2020-08,1112,2971,2960.0,604.2141891891891,729.5,1788474.0,0.9999577702702702,2976,0.9946236559139785,هزار جریب آزادی,1106.0
2020-08,1113,2971,2960.0,591.8309309307432,681.5,1751819.555555,0.9998986486486486,2976,0.9946236559139785,دفاع مقدس,1080.0
2020-08,1115,2971,,,,,,2976,,,
2020-08,1116,2971,2967.0,809.293838281766,1000.0,2401174.818182,0.9999438267610381,2976,0.9969758064516129,جنوب پل فردوسي,1116.0
2020-08,1117,2971,2969.0,447.2590097675985,535.0,1327912.0,1.0,2976,0.9976478494623656,هتل پل,1117.0
2020-08,1119,2971,,,,,,2976,,,
2020-08,1501,2971,1912.0,590.273771335251,647.5,1128603.450793,0.9995720810669455,2976,0.6424731182795699,جي – اريسون,1467.0
2020-08,1502,2971,,,,,,2976,,,
2020-08,1503,2971,,,,,,2976,,جي – شهيد رجائي,1466.0
2020-08,1504,2971,2953.0,573.6959825143922,617.0,1694124.236365,0.9972344615645107,2976,0.9922715053763441,جي – مسجد علي,1468.0
2020-09,1001,2821,2804.0,492.8960464646933,580.0,1382080.514287,0.9992570142653352,2880,0.9736111111111111,اشراق - ابوريحان,1252.0
2020-09,1002,2821,2816.0,342.8327385181108,390.0,965416.991667,0.9983535656960227,2880,0.9777777777777777,اشراق - فلاطوري,1253.0
2020-09,1010,2821,2816.0,1065.1705729165483,1108.0,2999520.333333,0.9999644886363637,2880,0.9777777777777777,چهارراه جهاد,1005.0
2020-09,1012,2821,2356.0,306.42359932088283,367.0,721934.0,1.0,2880,0.8180555555555555,چهار راه مصدق,1016.0
2020-09,1014,2821,2713.0,726.1973215381497,908.285714,1970173.333333,0.6363304913380022,2880,0.9420138888888889,شمال پل فلزي,1014.0
2020-09,1016,2821,2817.0,557.6628779811857,663.0,1570936.327273,0.9997041771388001,2880,0.978125,امام خميني امام رضا,1259.0
2020-09,1017,2821,,,,,,2880,,,
2020-09,1018,2821,2719.0,357.07472109856565,424.0,970886.166667,0.9999474597278412,2880,0.9440972222222223,سه راه نقشينه,1135.0
2020-09,1019,2821,,,,,,2880,,بعثت گلستان,1427.0
2020-09,1021,2821,2819.0,501.0780418588152,581.0,1412539.0,1.0,2880,0.9788194444444445,شمال پل آذر,1021.0
2020-09,1028,2821,,,,,,2880,,آتشگاه - حجازي,1396.0
2020-09,1029,2821,2814.0,438.5973195309168,512.6666665,1234212.85716,0.7496446339729922,2880,0.9770833333333333,قدس - آتشگاه,1180.0
2020-09,1030,2821,2819.0,607.8559772969138,704.0,1713546.0,1.0,2880,0.9788194444444445,نیکبخت,1107.0
2020-09,1031,2821,2819.0,644.689922279177,731.0,1817380.890905,0.9950337041504079,2880,0.9788194444444445,شيخ صدوق سعادت آباد,1111.0
2020-09,1032,2821,2777.0,670.8933541389989,757.0,1863070.844444,0.9988542257832194,2880,0.9642361111111111,چهارراه فرايبورگ,1114.0
2020-09,1033,2821,2816.0,567.2049047958097,588.0,1597249.011905,0.9996803977272727,2880,0.9777777777777777,سجاد سپه سالار,1105.0
2020-09,1034,2821,2772.0,506.55448332467535,606.5,1404169.027776,0.998051948051948,2880,0.9625,چهارراه آپادانا,1110.0
2020-09,1035,2821,2791.0,657.6753062568972,814.0,1835571.779763,0.9948535929774275,2880,0.9690972222222223,چهارراه آبشار,1115.0
2020-09,1036,2821,2778.0,606.8712164456443,761.2,1685888.239286,0.9103018110151189,2880,0.9645833333333333,ميدان بزرگمهر,1067.0
2020-09,1037,2821,,,,,,2880,,,
2020-09,1038,2821,2804.0,207.5931475952211,245.0,582091.185857,0.7175466433666191,2880,0.9736111111111111,,
2020-09,1039,2821,2815.0,535.4879499886323,653.0,1507398.579218,0.9980165836589697,2880,0.9774305555555556,جي پروين,1188.0
2020-09,1040,2821,,,,,,2880,,,
2020-09,1041,2821,2437.0,481.0690170016413,577.777778,1172365.194433,0.9126795240049242,2880,0.8461805555555556,پروين دشتستان,1203.0
2020-09,1042,2821,2811.0,360.4530060476699,453.0,1013233.4,0.9999407090003558,2880,0.9760416666666667,كمال ابن سينا,1048.0
2020-09,1043,2821,2764.0,1475.0996612427641,1851.5,4077175.463675,0.999250567293777,2880,0.9597222222222223,,
2020-09,1044,2821,2815.0,457.0266627190053,544.0,1286530.055554,0.9977393854351688,2880,0.9774305555555556,ميدان قدس,1140.0
2020-09,1047,2821,2818.0,602.2255905911994,671.0,1697071.714286,0.9999556422995032,2880,0.9784722222222222,شمال فردوسي,1047.0
2020-09,1048,2821,2811.0,521.4428317324796,647.0,1465775.8,0.9998221273568125,2880,0.9760416666666667,باغ گلدسته كمال اسماعيل,1458.0
2020-09,1051,2821,2815.0,367.8735346358792,447.0,1035564.0,1.0,2880,0.9774305555555556,چهار راه نقاشي,1055.0
2020-09,1053,2821,2812.0,326.8833807503556,392.0,919196.06667,0.9798821578947369,2880,0.9763888888888889,هشت بهشت نشاط,1053.0
2020-09,1054,2821,2810.0,345.6365361811388,416.0,971238.666669,0.6738879003558719,2880,0.9756944444444444,هشت بهشت گلزار,1051.0
2020-09,1057,2821,2810.0,633.0420931480427,747.5,1778848.281746,0.9995729537366549,2880,0.9756944444444444,صغير وليعصر,1050.0
2020-09,1058,2821,2818.0,378.6281050390348,450.0,1066974.0,0.9994677075940384,2880,0.9784722222222222,پل سرهنگ,1192.0
2020-09,1059,2821,,,,,,2880,,پل تمدن,
2020-09,1064,2821,2717.0,387.14888619654033,472.0,1051883.523796,0.8947368421052632,2880,0.9434027777777778,صياد شيرازي علامه اميني,1064.0
2020-09,1065,2821,,,,,,2880,,,
2020-09,1066,2821,,,,,,2880,,حمزه هشت بهشت,
2020-09,1067,2821,,,,,,2880,,,
2020-09,1068,2821,2727.0,554.0977177073707,660.0,1511024.476188,0.9767143381004767,2880,0.946875,جي صيادشيرازي,1213.0
2020-09,1069,2821,2562.0,587.5511319250585,667.0,1505305.999992,0.9615925058548009,2880,0.8895833333333333,ميدان احمد آباد,1215.0
2020-09,1070,2821,,,,,,2880,,,
2020-09,1071,2821,2811.0,623.9595509921736,777.0,1753950.297839,0.999177339025258,2880,0.9760416666666667,میدان 25 آبان,1287.0
2020-09,1072,2821,,,,,,2880,,,
2020-09,1074,2821,,,,,,2880,,,
2020-09,1075,2821,2724.0,1016.2414239732011,1274.7222219999999,2768241.638903,0.9162995594713657,2880,0.9458333333333333,حكيم عبدالرزاق,1045.0
2020-09,1077,2821,2818.0,464.2671769911285,572.0,1308304.904761,0.9993346344925479,2880,0.9784722222222222,5 رمضان مسجد سيد,1018.0
2020-09,1078,2821,2817.0,484.7685835995741,549.5,1365593.1,0.6317261150159744,2880,0.978125,چهارراه وفايي,1017.0
2020-09,1079,2821,2818.0,499.32951265755855,628.833333,1407110.566669,0.8571936944641589,2880,0.9784722222222222,طيب - مسجد سيد,1022.0
2020-09,1080,2821,2742.0,584.4392778993436,726.0,1602532.5,0.9993921717724288,2880,0.9520833333333333,توحيد دانشگاه,1089.0
2020-09,1081,2821,2813.0,481.6947613352293,577.0,1355007.363636,0.999674132598649,2880,0.9767361111111111,سه راه حكيم نظامي (شهداي غزه),1078.0
2020-09,1082,2821,2818.0,480.84648433605395,597.0,1355025.392859,0.9960965223562811,2880,0.9784722222222222,توحيد شريعتي,1082.0
2020-09,1083,2821,,,,,,2880,,چهارراه امين (حكيم نظامي-شريعتي),1083.0
2020-09,1084,2821,2815.0,558.1772100010656,671.0,1571268.846153,0.9968281971580817,2880,0.9774305555555556,ميدان ارتش,1084.0
2020-09,1085,2821,,,,,,2880,,سه راه سيمين,1095.0
2020-09,1086,2821,2801.0,494.777698441271,599.0,1385872.333334,0.9995001785076758,2880,0.9725694444444445,وحيد رودكي,1087.0
2020-09,1088,2821,,,,,,2880,,,
2020-09,1090,2821,2818.0,462.13388421398156,554.0,1302293.285715,0.998651525904897,2880,0.9784722222222222,چهار راه توحيد نظر,1090.0
2020-09,1092,2821,,,,,,2880,,پل وحيد,1091.0
2020-09,1093,2821,2785.0,709.0141472172352,887.0,1974604.4,0.9998367881508079,2880,0.9670138888888888,جنوب فلزي,1093.0
2020-09,1094,2821,2802.0,913.623995847252,1076.5,2559974.436364,0.9986273554603855,2880,0.9729166666666667,جنوب آذر,1094.0
2020-09,1095,2821,,,,,,2880,,وحيد باغ درياچه,1096.0
2020-09,1109,2821,2808.0,548.485602360755,650.0,1540147.571429,0.9995251666666666,2880,0.975,شيخ مفيد شيخ صدوق,1109.0
2020-09,1112,2821,2818.0,620.5173578019873,769.0,1748617.914286,0.999778211497516,2880,0.9784722222222222,هزار جریب آزادی,1106.0
2020-09,1113,2821,2812.0,610.4953317980086,739.0,1716712.873016,0.99950213371266,2880,0.9763888888888889,دفاع مقدس,1080.0
2020-09,1115,2821,,,,,,2880,,,
2020-09,1116,2821,2814.0,825.5062996705757,1040.0,2322974.727273,0.9999703862828714,2880,0.9770833333333333,جنوب پل فردوسي,1116.0
2020-09,1117,2821,2818.0,458.0977288857345,555.5,1290919.4,0.999585994677076,2880,0.9784722222222222,هتل پل,1117.0
2020-09,1119,2821,,,,,,2880,,,
2020-09,1501,2821,2649.0,596.870219369951,664.0,1581109.211111,0.9998284088335221,2880,0.9197916666666667,جي – اريسون,1467.0
2020-09,1502,2821,,,,,,2880,,,
2020-09,1503,2821,,,,,,2880,,جي – شهيد رجائي,1466.0
2020-09,1504,2821,2509.0,571.8208292554802,635.0,1434698.460602,0.9692772841769629,2880,0.8711805555555555,جي – مسجد علي,1468.0
2020-10,1001,2975,2969.0,463.42101717783765,548.0,1375897.000001,0.9998315938026272,2976,0.9976478494623656,اشراق - ابوريحان,1252.0
2020-10,1002,2975,2906.0,327.10894700619406,376.0,950578.6,0.9990302205781143,2976,0.9764784946236559,اشراق - فلاطوري,1253.0
2020-10,1010,2975,2973.0,1057.775311133535,1075.0,3144766.0,1.0,2976,0.998991935483871,چهارراه جهاد,1005.0
2020-10,1012,2975,2973.0,289.75580221997984,346.0,861444.0,1.0,2976,0.998991935483871,چهار راه مصدق,1016.0
2020-10,1014,2975,2973.0,688.1197443726875,858.0,2045780.00002,0.636364,2976,0.998991935483871,شمال پل فلزي,1014.0
2020-10,1016,2975,2966.0,536.5310182063386,620.5,1591351.0,1.0,2976,0.9966397849462365,امام خميني امام رضا,1259.0
2020-10,1017,2975,,,,,,2976,,,
2020-10,1018,2975,2959.0,343.7755998648192,407.0,1017232.0,1.0,2976,0.9942876344086021,سه راه نقشينه,1135.0
2020-10,1019,2975,,,,,,2976,,بعثت گلستان,1427.0
2020-10,1021,2975,2973.0,532.9946182307434,593.0,1584593.0,0.9999038970736629,2976,0.998991935483871,شمال پل آذر,1021.0
2020-10,1028,2975,,,,,,2976,,آتشگاه - حجازي,1396.0
2020-10,1029,2975,2972.0,415.28882907368774,492.0,1234238.400007,0.7497897039030955,2976,0.9986559139784946,قدس - آتشگاه,1180.0
2020-10,1030,2975,2973.0,577.1783084809956,673.333333,1715951.111114,0.9587285570131181,2976,0.998991935483871,نیکبخت,1107.0
2020-10,1031,2975,2973.0,623.3819384571141,705.0,1853314.503033,0.9875826969391187,2976,0.998991935483871,شيخ صدوق سعادت آباد,1111.0
2020-10,1032,2975,2966.0,633.915678750843,696.0,1880193.903175,0.9901305805799056,2976,0.9966397849462365,چهارراه فرايبورگ,1114.0
2020-10,1033,2975,2971.0,601.376229477617,603.0,1786688.777778,0.9998317064961293,2976,0.9983198924731183,سجاد سپه سالار,1105.0
2020-10,1034,2975,2955.0,475.8618537313029,565.0,1406171.777776,0.9975972927241963,2976,0.9929435483870968,چهارراه آپادانا,1110.0
2020-10,1035,2975,2973.0,628.6702993609149,771.0,1869036.8,0.999938843592331,2976,0.998991935483871,چهارراه آبشار,1115.0
2020-10,1036,2975,2973.0,568.6619239825092,708.4,1690631.9,0.9093050474268416,2976,0.998991935483871,ميدان بزرگمهر,1067.0
2020-10,1037,2975,,,,,,2976,,,
2020-10,1038,2975,2973.0,191.00422319408005,233.8,567855.555556,0.7142619741002355,2976,0.998991935483871,,
2020-10,1039,2975,2839.0,496.0280060211342,604.0,1408223.509094,0.9949512937654102,2976,0.9539650537634409,جي پروين,1188.0
2020-10,1040,2975,,,,,,2976,,,
2020-10,1041,2975,960.0,444.47881944479167,527.1666665,426699.666667,0.9920833333333333,2976,0.3225806451612903,پروين دشتستان,1203.0
2020-10,1042,2975,2975.0,343.1963025210084,435.0,1021009.0,1.0,2976,0.9996639784946236,كمال ابن سينا,1048.0
2020-10,1043,2975,2971.0,1403.3087020690004,1745.0,4169230.153847,0.9998076634129922,2976,0.9983198924731183,,
2020-10,1044,2975,2973.0,445.27255297679113,539.0,1323795.3,0.9968198668012108,2976,0.998991935483871,ميدان قدس,1140.0
2020-10,1047,2975,2973.0,588.9579549276825,666.0,1750972.0,1.0,2976,0.998991935483871,شمال فردوسي,1047.0
2020-10,1048,2975,2973.0,491.6326942482341,622.0,1461624.0,1.0,2976,0.998991935483871,باغ گلدسته كمال اسماعيل,1458.0
2020-10,1051,2975,2970.0,339.8407407407407,404.0,1009327.0,1.0,2976,0.9979838709677419,چهار راه نقاشي,1055.0
2020-10,1053,2975,2973.0,295.5133423033973,347.0,878561.166668,0.9989428678102926,2976,0.998991935483871,هشت بهشت نشاط,1053.0
2020-10,1054,2975,2970.0,358.72972583164983,424.0,1065427.28572,0.6648569023569023,2976,0.9979838709677419,هشت بهشت گلزار,1051.0
2020-10,1057,2975,2973.0,578.5724857046754,696.0,1720096.0,1.0,2976,0.998991935483871,صغير وليعصر,1050.0
2020-10,1058,2975,2973.0,360.7834959075009,434.0,1072609.333333,0.999932727884292,2976,0.998991935483871,پل سرهنگ,1192.0
2020-10,1059,2975,,,,,,2976,,پل تمدن,
2020-10,1064,2975,2973.0,383.48590969458456,465.0,1140103.609522,0.9950807265388496,2976,0.998991935483871,صياد شيرازي علامه اميني,1064.0
2020-10,1065,2975,,,,,,2976,,,
2020-10,1066,2975,,,,,,2976,,حمزه هشت بهشت,
2020-10,1067,2975,,,,,,2976,,,
2020-10,1068,2975,2973.0,540.5068953891691,649.0,1606926.999992,0.992389841910528,2976,0.998991935483871,جي صيادشيرازي,1213.0
2020-10,1069,2975,2966.0,592.5009365407957,674.0,1757357.77778,0.9995616992582602,2976,0.9966397849462365,ميدان احمد آباد,1215.0
2020-10,1070,2975,,,,,,2976,,,
2020-10,1071,2975,2971.0,600.1923033763043,745.0,1783171.333331,0.9997054863682262,2976,0.9983198924731183,میدان 25 آبان,1287.0
2020-10,1072,2975,,,,,,2976,,,
2020-10,1074,2975,,,,,,2976,,,
2020-10,1075,2975,2928.0,893.8364071038251,1085.0,2617153.0,1.0,2976,0.9838709677419355,حكيم عبدالرزاق,1045.0
2020-10,1077,2975,2971.0,437.77001490541903,529.0,1300614.714284,0.9989481656008078,2976,0.9983198924731183,5 رمضان مسجد سيد,1018.0
2020-10,1078,2975,2970.0,486.47991582491585,574.0,1444845.35,0.5864843,2976,0.9979838709677419,چهارراه وفايي,1017.0
2020-10,1079,2975,2864.0,471.6860567957402,592.666667,1350908.866663,0.8540504252793296,2976,0.9623655913978495,طيب - مسجد سيد,1022.0
2020-10,1080,2975,2938.0,544.8560415248469,666.0,1600787.05,0.9989788982300886,2976,0.9872311827956989,توحيد دانشگاه,1089.0
2020-10,1081,2975,2973.0,443.2687215240498,522.0,1317837.909091,0.9997197006390851,2976,0.998991935483871,سه راه حكيم نظامي (شهداي غزه),1078.0
2020-10,1082,2975,2651.0,456.6773544575632,562.0,1210651.666667,0.9999622783855149,2976,0.8907930107526881,توحيد شريعتي,1082.0
2020-10,1083,2975,,,,,,2976,,چهارراه امين (حكيم نظامي-شريعتي),1083.0
2020-10,1084,2975,2973.0,522.5933751093172,626.0,1553670.1042,0.994113661621258,2976,0.998991935483871,ميدان ارتش,1084.0
2020-10,1085,2975,,,,,,2976,,سه راه سيمين,1095.0
2020-10,1086,2975,2973.0,461.16380760174906,548.0,1371040.0,1.0,2976,0.998991935483871,وحيد رودكي,1087.0
2020-10,1088,2975,,,,,,2976,,,
2020-10,1090,2975,2973.0,427.3787420117726,502.0,1270597.000001,0.9991927346115035,2976,0.998991935483871,چهار راه توحيد نظر,1090.0
2020-10,1092,2975,,,,,,2976,,پل وحيد,1091.0
2020-10,1093,2975,2973.0,658.6833352018164,827.0,1958265.555555,0.999816530776993,2976,0.998991935483871,جنوب فلزي,1093.0
2020-10,1094,2975,2973.0,881.3395588913556,1018.0,2620222.508584,0.9895987063572149,2976,0.998991935483871,جنوب آذر,1094.0
2020-10,1095,2975,,,,,,2976,,وحيد باغ درياچه,1096.0
2020-10,1109,2975,2946.0,515.3524270196878,601.0,1518228.25,0.9990948187372709,2976,0.9899193548387096,شيخ مفيد شيخ صدوق,1109.0
2020-10,1112,2975,2972.0,572.2930686406461,713.5,1700855.0,1.0,2976,0.9986559139784946,هزار جریب آزادی,1106.0
2020-10,1113,2975,2972.0,558.6939584269852,662.0,1660438.444445,0.9998317631224765,2976,0.9986559139784946,دفاع مقدس,1080.0
2020-10,1115,2975,,,,,,2976,,,
2020-10,1116,2975,2971.0,777.6314372265231,994.0,2310343.0,1.0,2976,0.9983198924731183,جنوب پل فردوسي,1116.0
2020-10,1117,2975,2971.0,439.8332547963649,532.0,1306744.6,0.9999439020531807,2976,0.9983198924731183,هتل پل,1117.0
2020-10,1119,2975,,,,,,2976,,,
2020-10,1501,2975,2973.0,565.6779683821056,640.0,1681760.6,0.9997859525731584,2976,0.998991935483871,جي – اريسون,1467.0
2020-10,1502,2975,,,,,,2976,,,
2020-10,1503,2975,356.0,626.8567415730337,711.5,223161.0,0.9994892752808988,2976,0.1196236559139785,جي – شهيد رجائي,1466.0
2020-10,1504,2975,2973.0,553.0767819465187,627.0,1644297.272727,0.9993833414059873,2976,0.998991935483871,جي – مسجد علي,1468.0
2020-12,1001,603,1.0,0.0,0.0,0.0,1.0,2976,0.0003360215053763441,اشراق - ابوريحان,1252.0
2020-12,1002,603,518.0,300.97293007335907,339.5,155903.977778,0.9970165000000001,2976,0.17405913978494625,اشراق - فلاطوري,1253.0
2020-12,1010,603,601.0,783.4307899334442,884.444444,470841.90475,0.899667221297837,2976,0.20194892473118278,چهارراه جهاد,1005.0
2020-12,1012,603,1.0,0.0,0.0,0.0,1.0,2976,0.0003360215053763441,چهار راه مصدق,1016.0
2020-12,1014,603,600.0,646.33380953,872.9285715000001,387800.285718,0.636364,2976,0.20161290322580644,شمال پل فلزي,1014.0
2020-12,1016,603,600.0,550.8490909183333,746.181818,330509.454551,0.9166669999999999,2976,0.20161290322580644,امام خميني امام رضا,1259.0
2020-12,1017,603,1.0,0.0,0.0,0.0,1.0,2976,0.0003360215053763441,,
2020-12,1018,603,451.0,344.7472283813747,461.0,155481.0,1.0,2976,0.1515456989247312,سه راه نقشينه,1135.0
2020-12,1019,603,1.0,0.0,0.0,0.0,1.0,2976,0.0003360215053763441,بعثت گلستان,1427.0
2020-12,1021,603,600.0,510.59,598.0,306354.0,1.0,2976,0.20161290322580644,شمال پل آذر,1021.0
2020-12,1028,348,347.0,376.33256484149854,491.0,130587.4,0.9990393832853026,2976,0.11659946236559139,آتشگاه - حجازي,1396.0
2020-12,1029,603,601.0,398.9291181697171,522.666667,239756.40002,0.7495840266222962,2976,0.20194892473118278,قدس - آتشگاه,1180.0
2020-12,1030,521,520.0,538.5549145192308,689.4444445,280048.55555,0.9001923076923077,2976,0.17473118279569894,نیکبخت,1107.0
2020-12,1031,603,597.0,556.5018019413736,701.0,332231.575759,0.9811558023450586,2976,0.2006048387096774,شيخ صدوق سعادت آباد,1111.0
2020-12,1032,603,600.0,579.7385185216667,701.5,347843.111113,0.9910606149999999,2976,0.20161290322580644,چهارراه فرايبورگ,1114.0
2020-12,1033,603,601.0,349.0653672445923,445.0,209788.285714,0.9995008319467554,2976,0.20194892473118278,سجاد سپه سالار,1105.0
2020-12,1034,603,600.0,445.37722222166667,563.5,267226.333333,0.9964999999999999,2976,0.20161290322580644,چهارراه آپادانا,1110.0
2020-12,1035,603,468.0,589.7075320512821,766.0,275983.125,0.8960762499999999,2976,0.15725806451612903,چهارراه آبشار,1115.0
2020-12,1036,603,601.0,543.6468980266222,735.9,326731.785714,0.9128725723793676,2976,0.20194892473118278,ميدان بزرگمهر,1067.0
2020-12,1037,603,1.0,0.0,0.0,0.0,1.0,2976,0.0003360215053763441,,
2020-12,1038,603,601.0,191.14254021131447,252.0,114876.666667,0.7141671480865225,2976,0.20194892473118278,,
2020-12,1039,603,597.0,470.02920663651594,606.0,280607.436362,0.9912060418760469,2976,0.2006048387096774,جي پروين,1188.0
2020-12,1040,603,601.0,626.1336661014975,836.0,376306.333327,0.8184845257903494,2976,0.20194892473118278,,
2020-12,1042,603,583.0,323.42195540308745,439.0,188555.0,1.0,2976,0.1959005376344086,كمال ابن سينا,1048.0
2020-12,1043,603,522.0,1405.1549513716475,1967.0,733490.884616,0.9971264329501915,2976,0.17540322580645162,,
2020-12,1044,603,601.0,491.15837889184695,597.0,295186.185714,0.9972772678868553,2976,0.20194892473118278,ميدان قدس,1140.0
2020-12,1047,603,601.0,477.81863560732114,624.0,287169.0,1.0,2976,0.20194892473118278,شمال فردوسي,1047.0
2020-12,1048,603,519.0,450.9865125240848,624.0,234062.0,1.0,2976,0.1743951612903226,باغ گلدسته كمال اسماعيل,1458.0
2020-12,1051,603,601.0,309.6921797004992,422.0,186125.0,1.0,2976,0.20194892473118278,چهار راه نقاشي,1055.0
2020-12,1053,603,601.0,305.7063227886855,411.833333,183729.499996,0.8576183976705491,2976,0.20194892473118278,هشت بهشت نشاط,1053.0
2020-12,1054,603,601.0,331.5221297836938,438.4,199244.8,0.6256239600665557,2976,0.20194892473118278,هشت بهشت گلزار,1051.0
2020-12,1057,603,601.0,500.20703589184694,676.0,300624.428571,0.9995008319467554,2976,0.20194892473118278,صغير وليعصر,1050.0
2020-12,1058,439,433.0,364.34411085450347,463.0,157761.0,1.0,2976,0.145497311827957,پل سرهنگ,1192.0
2020-12,1059,603,1.0,0.0,0.0,0.0,1.0,2976,0.0003360215053763441,پل تمدن,
2020-12,1064,522,,,,,,2976,,صياد شيرازي علامه اميني,1064.0
2020-12,1065,603,1.0,0.0,0.0,0.0,1.0,2976,0.0003360215053763441,,
2020-12,1066,603,1.0,0.0,0.0,0.0,1.0,2976,0.0003360215053763441,حمزه هشت بهشت,
2020-12,1067,603,1.0,0.0,0.0,0.0,1.0,2976,0.0003360215053763441,,
2020-12,1068,603,600.0,529.3857142816667,708.5,317631.428569,0.991875,2976,0.20161290322580644,جي صيادشيرازي,1213.0
2020-12,1069,603,590.0,603.0212806016949,764.0,355782.555555,0.998135593220339,2976,0.198252688172043,ميدان احمد آباد,1215.0
2020-12,1070,603,1.0,0.0,0.0,0.0,1.0,2976,0.0003360215053763441,,
2020-12,1071,603,529.0,600.4007561436673,801.0,317612.0,1.0,2976,0.17775537634408603,میدان 25 آبان,1287.0
2020-12,1072,603,1.0,0.0,0.0,0.0,1.0,2976,0.0003360215053763441,,
2020-12,1074,603,1.0,0.0,0.0,0.0,1.0,2976,0.0003360215053763441,,
2020-12,1075,603,583.0,1034.008576329331,1302.0,602827.0,1.0,2976,0.1959005376344086,حكيم عبدالرزاق,1045.0
2020-12,1077,603,1.0,0.0,0.0,0.0,1.0,2976,0.0003360215053763441,5 رمضان مسجد سيد,1018.0
2020-12,1078,603,600.0,451.67325,583.275,271003.95,0.586905175,2976,0.20161290322580644,چهارراه وفايي,1017.0
2020-12,1079,603,512.0,425.7346679628906,551.3,217976.149997,0.8540738066406249,2976,0.17204301075268819,طيب - مسجد سيد,1022.0
2020-12,1080,603,601.0,554.6571963394342,774.0,333348.975,0.9979663544093178,2976,0.20194892473118278,توحيد دانشگاه,1089.0
2020-12,1081,603,596.0,426.86156192785234,570.5,254409.490909,0.999021255033557,2976,0.20026881720430106,سه راه حكيم نظامي (شهداي غزه),1078.0
2020-12,1082,603,601.0,430.77038269550746,577.0,258893.0,0.9991680532445923,2976,0.20194892473118278,توحيد شريعتي,1082.0
2020-12,1083,603,1.0,0.0,0.0,0.0,1.0,2976,0.0003360215053763441,چهارراه امين (حكيم نظامي-شريعتي),1083.0
2020-12,1084,603,597.0,520.1298434623116,628.923077,310517.516547,0.8998561289782244,2976,0.2006048387096774,ميدان ارتش,1084.0
2020-12,1085,603,600.0,422.03739393666666,545.0,253222.436362,0.9790278566666666,2976,0.20161290322580644,سه راه سيمين,1095.0
2020-12,1086,603,572.0,454.84615384615387,623.5,260172.0,1.0,2976,0.1922043010752688,وحيد رودكي,1087.0
2020-12,1088,603,1.0,0.0,0.0,0.0,1.0,2976,0.0003360215053763441,,
2020-12,1090,603,601.0,396.5753374009983,485.0,238341.777778,0.9956738768718801,2976,0.20194892473118278,چهار راه توحيد نظر,1090.0
2020-12,1092,603,600.0,617.29525641,870.0,370377.153846,0.9997619033333333,2976,0.20161290322580644,پل وحيد,1091.0
2020-12,1093,603,601.0,594.7182552895174,821.7,357425.671429,0.9080321597337769,2976,0.20194892473118278,جنوب فلزي,1093.0
2020-12,1094,603,1.0,0.0,0.0,0.0,1.0,2976,0.0003360215053763441,جنوب آذر,1094.0
2020-12,1095,603,1.0,0.0,0.0,0.0,1.0,2976,0.0003360215053763441,وحيد باغ درياچه,1096.0
2020-12,1096,521,520.0,386.67243589807697,493.0,201069.666667,0.9947115384615385,2976,0.17473118279569894,,
2020-12,1109,603,601.0,503.66944972712145,645.0,302705.339286,0.9957478319467553,2976,0.20194892473118278,شيخ مفيد شيخ صدوق,1109.0
2020-12,1112,603,600.0,544.630714285,741.0,326778.428571,0.9995833333333334,2976,0.20161290322580644,هزار جریب آزادی,1106.0
2020-12,1113,603,571.0,545.3759486287215,766.0,311409.666667,0.9989492119089317,2976,0.19186827956989247,دفاع مقدس,1080.0
2020-12,1115,603,1.0,0.0,0.0,0.0,1.0,2976,0.0003360215053763441,,
2020-12,1116,603,539.0,742.5866081966604,1008.0,400254.181818,0.9995361799628942,2976,0.18111559139784947,جنوب پل فردوسي,1116.0
2020-12,1117,603,601.0,420.6871880199667,580.0,252833.0,1.0,2976,0.20194892473118278,هتل پل,1117.0
2020-12,1119,603,1.0,0.0,0.0,0.0,1.0,2976,0.0003360215053763441,,
2020-12,1501,603,600.0,528.0006666666667,663.5,316800.4,0.9975757599999999,2976,0.20161290322580644,جي – اريسون,1467.0
2020-12,1502,603,1.0,0.0,0.0,0.0,1.0,2976,0.0003360215053763441,,
2020-12,1503,603,79.0,566.4810126582279,561.0,44752.0,1.0,2976,0.026545698924731184,جي – شهيد رجائي,1466.0
2020-12,1504,603,600.0,575.9519999949999,725.454545,345571.199997,0.9162503283333333,2976,0.20161290322580644,جي – مسجد علي,1468.0
2021-01,1001,2943,613.0,517.1192347618271,635.0,316994.090909,0.9994562283849918,2976,0.20598118279569894,اشراق - ابوريحان,1252.0
2021-01,1002,2943,2047.0,257.33056214655596,195.0,526755.660714,0.995336861260381,2976,0.6878360215053764,اشراق - فلاطوري,1253.0
2021-01,1010,2943,2928.0,806.7732999395492,882.222222,2362232.222223,0.9000000000000001,2976,0.9838709677419355,چهارراه جهاد,1005.0
2021-01,1012,2943,1.0,0.0,0.0,0.0,1.0,2976,0.0003360215053763441,چهار راه مصدق,1016.0
2021-01,1014,2943,2936.0,672.4542136948229,901.2142855,1974325.571408,0.636364,2976,0.9865591397849462,شمال پل فلزي,1014.0
2021-01,1016,2943,1401.0,540.3739814760885,699.272727,757063.948048,0.9164290742326909,2976,0.47076612903225806,امام خميني امام رضا,1259.0
2021-01,1017,2943,1.0,0.0,0.0,0.0,1.0,2976,0.0003360215053763441,,
2021-01,1018,2943,2864.0,350.8048184357542,444.0,1004705.0,1.0,2976,0.9623655913978495,سه راه نقشينه,1135.0
2021-01,1019,2943,1864.0,313.78687240557935,326.3333335,584898.730164,0.8981223175965666,2976,0.6263440860215054,بعثت گلستان,1427.0
2021-01,1021,2943,2939.0,531.641261200068,594.0,1562493.666667,0.9997083559033686,2976,0.9875672043010753,شمال پل آذر,1021.0
2021-01,1028,2943,2931.0,383.0471511429546,497.0,1122711.2,0.9968156451722961,2976,0.9848790322580645,آتشگاه - حجازي,1396.0
2021-01,1029,2943,2939.0,414.18441647056824,538.666667,1217288.000007,0.7497448111602586,2976,0.9875672043010753,قدس - آتشگاه,1180.0
2021-01,1030,2943,2938.0,534.4788593999319,635.5555555,1570298.888917,0.9000340367597005,2976,0.9872311827956989,نیکبخت,1107.0
2021-01,1031,2943,2931.0,567.6899475837598,673.0,1663899.236368,0.9781928986693961,2976,0.9848790322580645,شيخ صدوق سعادت آباد,1111.0
2021-01,1032,2943,2937.0,582.9918498804902,658.0,1712247.063099,0.986906875383044,2976,0.9868951612903226,چهارراه فرايبورگ,1114.0
2021-01,1033,2943,2935.0,322.08097671754683,402.0,945307.666666,0.9998296422487223,2976,0.9862231182795699,سجاد سپه سالار,1105.0
2021-01,1034,2943,2935.0,459.2697331059625,572.0,1347956.666666,0.9979557069846678,2976,0.9862231182795699,چهارراه آپادانا,1110.0
2021-01,1035,2943,2930.0,588.1184262419795,771.0,1723186.988889,0.9998448651877133,2976,0.9845430107526881,چهارراه آبشار,1115.0
2021-01,1036,2943,2935.0,545.3774105621806,727.1,1600682.7,0.9113830838160135,2976,0.9862231182795699,ميدان بزرگمهر,1067.0
2021-01,1037,2943,1.0,0.0,0.0,0.0,1.0,2976,0.0003360215053763441,,
2021-01,1038,2943,2939.0,193.46112056277644,247.8,568582.233334,0.7146505549506635,2976,0.9875672043010753,,
2021-01,1039,2943,2939.0,475.68046439265055,590.0,1398024.88485,0.9931382687989112,2976,0.9875672043010753,جي پروين,1188.0
2021-01,1040,2943,2934.0,624.4344732249489,759.0,1832090.744442,0.9907665705521472,2976,0.9858870967741935,,
2021-01,1041,794,602.0,479.6954595797342,602.0,288776.666667,0.9993355481727575,2976,0.20228494623655913,پروين دشتستان,1203.0
2021-01,1042,2943,2856.0,329.7675420168067,421.0,941816.1,0.9996498599439776,2976,0.9596774193548387,كمال ابن سينا,1048.0
2021-01,1043,2943,2840.0,1376.4820507890845,1897.5,3909209.024241,0.9979879257042255,2976,0.9543010752688172,,
2021-01,1044,2943,2937.0,511.0649982975825,628.0,1500997.9,0.9989166445352401,2976,0.9868951612903226,ميدان قدس,1140.0
2021-01,1045,512,,,,,,2976,,,
2021-01,1047,2943,2933.0,495.0436413228776,616.0,1451963.0,1.0,2976,0.9855510752688172,شمال فردوسي,1047.0
2021-01,1048,2943,2882.0,460.01526717557255,620.0,1325764.0,1.0,2976,0.9684139784946236,باغ گلدسته كمال اسماعيل,1458.0
2021-01,1051,2943,2937.0,309.45522642151855,400.0,908870.0,1.0,2976,0.9868951612903226,چهار راه نقاشي,1055.0
2021-01,1053,2943,2939.0,298.01930361585573,385.0,875878.733327,0.8570457853011229,2976,0.9875672043010753,هشت بهشت نشاط,1053.0
2021-01,1054,2943,2939.0,325.7686482283089,419.2,957434.057143,0.6253402517863219,2976,0.9875672043010753,هشت بهشت گلزار,1051.0
2021-01,1057,2943,2939.0,502.0554610411705,661.0,1475541.0,1.0,2976,0.9875672043010753,صغير وليعصر,1050.0
2021-01,1058,2943,2758.0,352.4827975181291,441.0,972147.555555,0.9998187092095722,2976,0.926747311827957,پل سرهنگ,1192.0
2021-01,1059,2943,1.0,0.0,0.0,0.0,1.0,2976,0.0003360215053763441,پل تمدن,
2021-01,1064,2943,807.0,404.2627013630731,528.0,326240.0,1.0,2976,0.2711693548387097,صياد شيرازي علامه اميني,1064.0
2021-01,1065,2943,1.0,0.0,0.0,0.0,1.0,2976,0.0003360215053763441,,
2021-01,1066,2943,1.0,0.0,0.0,0.0,1.0,2976,0.0003360215053763441,حمزه هشت بهشت,
2021-01,1067,2943,1.0,0.0,0.0,0.0,1.0,2976,0.0003360215053763441,,
2021-01,1068,2943,2933.0,542.9172308533924,714.0,1592376.238093,0.9904534606205251,2976,0.9855510752688172,جي صيادشيرازي,1213.0
2021-01,1069,2943,2934.0,604.9856850698704,750.0,1775027.999995,0.9964894342194955,2976,0.9858870967741935,ميدان احمد آباد,1215.0
2021-01,1070,2943,1.0,0.0,0.0,0.0,1.0,2976,0.0003360215053763441,,
2021-01,1071,2943,2939.0,592.7883633885675,769.0,1742204.999999,0.999106839060905,2976,0.9875672043010753,میدان 25 آبان,1287.0
2021-01,1072,2943,1.0,0.0,0.0,0.0,1.0,2976,0.0003360215053763441,,
2021-01,1074,2943,1.0,0.0,0.0,0.0,1.0,2976,0.0003360215053763441,,
2021-01,1075,2943,2833.0,998.6025078581009,1218.0,2829040.904762,0.9993999294034593,2976,0.9519489247311828,حكيم عبدالرزاق,1045.0
2021-01,1077,2943,1088.0,454.9848126746324,605.0,495023.47619,0.9979319852941176,2976,0.3655913978494624,5 رمضان مسجد سيد,1018.0
2021-01,1078,2943,2937.0,462.3964078992169,591.5,1358058.25,0.5741528651685394,2976,0.9868951612903226,چهارراه وفايي,1017.0
2021-01,1079,2943,2933.0,437.72559381657004,597.333333,1283849.166664,0.859480925673372,2976,0.9855510752688172,طيب - مسجد سيد,1022.0
2021-01,1080,2943,2938.0,548.6666524846835,696.5,1611982.625,0.9973526991150442,2976,0.9872311827956989,توحيد دانشگاه,1089.0
2021-01,1081,2943,2939.0,437.40302824123853,547.0,1285527.500001,0.999177727798571,2976,0.9875672043010753,سه راه حكيم نظامي (شهداي غزه),1078.0
2021-01,1082,2943,2939.0,430.9361460813202,540.0,1266521.333333,0.9999659748213678,2976,0.9875672043010753,توحيد شريعتي,1082.0
2021-01,1083,2943,1.0,0.0,0.0,0.0,1.0,2976,0.0003360215053763441,چهارراه امين (حكيم نظامي-شريعتي),1083.0
2021-01,1084,2943,2937.0,567.6475055434116,716.153846,1667180.723781,0.9132007041198501,2976,0.9868951612903226,ميدان ارتش,1084.0
2021-01,1085,2943,2936.0,434.68992444584467,559.318182,1276249.618173,0.9629315149863761,2976,0.9865591397849462,سه راه سيمين,1095.0
2021-01,1086,2943,2909.0,463.8776211756617,590.0,1349420.0,0.9999312478514955,2976,0.977486559139785,وحيد رودكي,1087.0
2021-01,1088,2943,1.0,0.0,0.0,0.0,1.0,2976,0.0003360215053763441,,
2021-01,1090,2943,2939.0,398.2131488411024,469.0,1170348.444444,0.9988771691051377,2976,0.9875672043010753,چهار راه توحيد نظر,1090.0
2021-01,1092,2943,2939.0,626.0458816444368,831.0,1839948.846153,0.9996597471929227,2976,0.9875672043010753,پل وحيد,1091.0
2021-01,1093,2943,2936.0,617.5189732820163,818.95,1813035.705556,0.9075737857629427,2976,0.9865591397849462,جنوب فلزي,1093.0
2021-01,1094,2943,2166.0,683.0240260401663,916.0,1479430.040403,0.9959159072022161,2976,0.7278225806451613,جنوب آذر,1094.0
2021-01,1095,2943,590.0,523.6060532694916,672.5,308927.571429,0.9995762711864407,2976,0.198252688172043,وحيد باغ درياچه,1096.0
2021-01,1096,2943,2938.0,402.8990242808033,471.0,1183717.333337,0.9917460857726345,2976,0.9872311827956989,,
2021-01,1109,2943,2936.0,501.2637517029973,592.0,1471710.375,0.9982213157356948,2976,0.9865591397849462,شيخ مفيد شيخ صدوق,1109.0
2021-01,1112,2943,2938.0,526.7933482447243,683.0,1547718.857143,0.9998723621511232,2976,0.9872311827956989,هزار جریب آزادی,1106.0
2021-01,1113,2943,2936.0,575.4468664850136,750.0,1689512.0,1.0,2976,0.9865591397849462,دفاع مقدس,1080.0
2021-01,1115,2943,1.0,0.0,0.0,0.0,1.0,2976,0.0003360215053763441,,
2021-01,1116,2943,2939.0,687.9799560765566,927.0,2021973.090909,0.9999149373936713,2976,0.9875672043010753,جنوب پل فردوسي,1116.0
2021-01,1117,2943,2940.0,447.8741496598639,585.5,1316750.0,1.0,2976,0.9879032258064516,هتل پل,1117.0
2021-01,1119,2943,1.0,0.0,0.0,0.0,1.0,2976,0.0003360215053763441,,
2021-01,1501,2943,2936.0,544.317098092643,675.5,1598115.0,0.9981421866485013,2976,0.9865591397849462,جي – اريسون,1467.0
2021-01,1502,2943,1.0,0.0,0.0,0.0,1.0,2976,0.0003360215053763441,,
2021-01,1503,2943,29.0,622.6551724137931,493.0,18057.0,1.0,2976,0.009744623655913979,جي – شهيد رجائي,1466.0
2021-01,1504,2943,2936.0,592.3971265718665,739.0909095,1739277.963615,0.9159006457765667,2976,0.9865591397849462,جي – مسجد علي,1468.0
