date,weekday,weekday_name,is_friday_weekend,is_thursday,is_official_holiday,official_holiday_name_en,official_holiday_name_fa,jalali_year,jalali_month,jalali_day,jalali_date,jalali_month_name_en,is_nowruz_window,is_nowruz_official_days,is_ramadan_approx,days_to_nearest_official_holiday,is_day_before_holiday,is_day_after_holiday,is_nonworking_day,weather_hour_count,temperature_mean_c,temperature_min_c,temperature_max_c,relative_humidity_mean_pct,precipitation_sum_mm,rain_sum_mm,snowfall_sum_cm,cloud_cover_mean_pct,wind_speed_mean_kmh,wind_speed_max_kmh,wind_gust_max_kmh,wet_hours,is_heavy_precipitation_day,is_wet_day,is_hot_day,is_freezing_day,covid_school_closing_level,covid_school_closing_general_flag,covid_workplace_closing_level,covid_workplace_closing_general_flag,covid_public_event_cancel_level,covid_public_event_cancel_general_flag,covid_gathering_restriction_level,covid_gathering_restriction_general_flag,covid_public_transport_closing_level,covid_public_transport_closing_general_flag,covid_stay_home_level,covid_stay_home_general_flag,covid_internal_movement_restriction_level,covid_internal_movement_restriction_general_flag,covid_international_travel_control_level,covid_facial_covering_level,covid_stringency_index,covid_government_response_index,covid_containment_health_index,covid_economic_support_index,covid_confirmed_cases_cumulative,covid_confirmed_deaths_cumulative,covid_data_available,covid_new_cases_derived,covid_new_deaths_derived,covid_any_mobility_restriction,manual_event_count,manual_event_types,manual_event_names,manual_event_confidence_rank
2018-10-01,0,Monday,0,0,0,,,1397,7,9,1397-07-09,Mehr,0,0,0,28,0,0,0,24,22.287499999999998,13.4,30.5,21.166666666666668,0.0,0.0,0.0,5.375,4.995833333333334,8.8,21.2,0,0,0,0,0,0.0,0.0,0.0,0.0,0.0,0.0,0.0,0.0,0.0,0.0,0.0,0.0,0.0,0.0,0.0,0.0,0.0,0.0,0.0,0.0,0.0,0.0,0,0.0,0.0,0,0,,,0
2018-10-02,1,Tuesday,0,0,0,,,1397,7,10,1397-07-10,Mehr,0,0,0,27,0,0,0,24,22.570833333333336,13.6,30.6,17.958333333333332,0.0,0.0,0.0,0.08333333333333333,4.1125,7.2,17.6,0,0,0,0,0,0.0,0.0,0.0,0.0,0.0,0.0,0.0,0.0,0.0,0.0,0.0,0.0,0.0,0.0,0.0,0.0,0.0,0.0,0.0,0.0,0.0,0.0,0,0.0,0.0,0,0,,,0
2018-10-03,2,Wednesday,0,0,0,,,1397,7,11,1397-07-11,Mehr,0,0,0,26,0,0,0,24,23.34166666666667,13.7,32.1,18.625,0.0,0.0,0.0,17.041666666666668,7.708333333333333,16.0,33.1,0,0,0,0,0,0.0,0.0,0.0,0.0,0.0,0.0,0.0,0.0,0.0,0.0,0.0,0.0,0.0,0.0,0.0,0.0,0.0,0.0,0.0,0.0,0.0,0.0,0,0.0,0.0,0,0,,,0
2018-10-04,3,Thursday,0,1,0,,,1397,7,12,1397-07-12,Mehr,0,0,0,25,0,0,0,24,23.53333333333333,15.3,30.9,19.291666666666668,0.0,0.0,0.0,27.625,5.675,17.7,36.7,0,0,0,0,0,0.0,0.0,0.0,0.0,0.0,0.0,0.0,0.0,0.0,0.0,0.0,0.0,0.0,0.0,0.0,0.0,0.0,0.0,0.0,0.0,0.0,0.0,0,0.0,0.0,0,0,,,0
2018-10-05,4,Friday,1,0,0,,,1397,7,13,1397-07-13,Mehr,0,0,0,24,0,0,1,24,22.829166666666666,13.5,30.2,17.083333333333332,0.0,0.0,0.0,10.166666666666666,5.233333333333333,10.5,19.4,0,0,0,0,0,0.0,0.0,0.0,0.0,0.0,0.0,0.0,0.0,0.0,0.0,0.0,0.0,0.0,0.0,0.0,0.0,0.0,0.0,0.0,0.0,0.0,0.0,0,0.0,0.0,0,0,,,0
2018-10-06,5,Saturday,0,0,0,,,1397,7,14,1397-07-14,Mehr,0,0,0,23,0,0,0,24,19.474999999999998,12.7,26.7,32.5,0.0,0.0,0.0,48.958333333333336,9.116666666666667,20.3,40.3,0,0,0,0,0,0.0,0.0,0.0,0.0,0.0,0.0,0.0,0.0,0.0,0.0,0.0,0.0,0.0,0.0,0.0,0.0,0.0,0.0,0.0,0.0,0.0,0.0,0,0.0,0.0,0,0,,,0
2018-10-07,6,Sunday,0,0,0,,,1397,7,15,1397-07-15,Mehr,0,0,0,22,0,0,0,24,17.1875,10.8,24.5,50.791666666666664,1.3,1.3,0.0,38.541666666666664,7.745833333333334,12.3,28.8,3,0,1,0,0,0.0,0.0,0.0,0.0,0.0,0.0,0.0,0.0,0.0,0.0,0.0,0.0,0.0,0.0,0.0,0.0,0.0,0.0,0.0,0.0,0.0,0.0,0,0.0,0.0,0,0,,,0
2018-10-08,0,Monday,0,0,0,,,1397,7,16,1397-07-16,Mehr,0,0,0,21,0,0,0,24,18.016666666666666,10.7,24.4,45.791666666666664,0.0,0.0,0.0,41.541666666666664,5.233333333333333,13.7,28.8,0,0,0,0,0,0.0,0.0,0.0,0.0,0.0,0.0,0.0,0.0,0.0,0.0,0.0,0.0,0.0,0.0,0.0,0.0,0.0,0.0,0.0,0.0,0.0,0.0,0,0.0,0.0,0,0,,,0
2018-10-09,1,Tuesday,0,0,0,,,1397,7,17,1397-07-17,Mehr,0,0,0,20,0,0,0,24,18.883333333333333,10.9,26.5,49.125,0.0,0.0,0.0,57.833333333333336,4.7625,12.9,27.4,0,0,0,0,0,0.0,0.0,0.0,0.0,0.0,0.0,0.0,0.0,0.0,0.0,0.0,0.0,0.0,0.0,0.0,0.0,0.0,0.0,0.0,0.0,0.0,0.0,0,0.0,0.0,0,0,,,0
2018-10-10,2,Wednesday,0,0,0,,,1397,7,18,1397-07-18,Mehr,0,0,0,19,0,0,0,24,19.412499999999998,11.7,27.2,43.291666666666664,0.0,0.0,0.0,22.291666666666668,5.929166666666667,11.4,26.6,0,0,0,0,0,0.0,0.0,0.0,0.0,0.0,0.0,0.0,0.0,0.0,0.0,0.0,0.0,0.0,0.0,0.0,0.0,0.0,0.0,0.0,0.0,0.0,0.0,0,0.0,0.0,0,0,,,0
2018-10-11,3,Thursday,0,1,0,,,1397,7,19,1397-07-19,Mehr,0,0,0,18,0,0,0,24,20.091666666666665,11.4,28.1,37.25,0.0,0.0,0.0,21.416666666666668,5.825,20.4,28.1,0,0,0,0,0,0.0,0.0,0.0,0.0,0.0,0.0,0.0,0.0,0.0,0.0,0.0,0.0,0.0,0.0,0.0,0.0,0.0,0.0,0.0,0.0,0.0,0.0,0,0.0,0.0,0,0,,,0
2018-10-12,4,Friday,1,0,0,,,1397,7,20,1397-07-20,Mehr,0,0,0,17,0,0,1,24,21.087500000000002,12.8,29.2,29.625,0.0,0.0,0.0,27.833333333333332,4.879166666666666,8.8,22.7,0,0,0,0,0,0.0,0.0,0.0,0.0,0.0,0.0,0.0,0.0,0.0,0.0,0.0,0.0,0.0,0.0,0.0,0.0,0.0,0.0,0.0,0.0,0.0,0.0,0,0.0,0.0,0,0,,,0
2018-10-13,5,Saturday,0,0,0,,,1397,7,21,1397-07-21,Mehr,0,0,0,16,0,0,0,24,19.95,11.8,26.8,31.666666666666668,0.0,0.0,0.0,40.75,8.145833333333334,22.3,35.3,0,0,0,0,0,0.0,0.0,0.0,0.0,0.0,0.0,0.0,0.0,0.0,0.0,0.0,0.0,0.0,0.0,0.0,0.0,0.0,0.0,0.0,0.0,0.0,0.0,0,0.0,0.0,0,0,,,0
2018-10-14,6,Sunday,0,0,0,,,1397,7,22,1397-07-22,Mehr,0,0,0,15,0,0,0,24,18.954166666666666,12.5,26.0,43.208333333333336,0.0,0.0,0.0,55.541666666666664,5.479166666666667,19.1,29.9,0,0,0,0,0,0.0,0.0,0.0,0.0,0.0,0.0,0.0,0.0,0.0,0.0,0.0,0.0,0.0,0.0,0.0,0.0,0.0,0.0,0.0,0.0,0.0,0.0,0,0.0,0.0,0,0,,,0
2018-10-15,0,Monday,0,0,0,,,1397,7,23,1397-07-23,Mehr,0,0,0,14,0,0,0,24,17.3875,10.1,23.5,42.0,0.1,0.1,0.0,59.291666666666664,7.612500000000001,15.3,35.3,1,0,1,0,0,0.0,0.0,0.0,0.0,0.0,0.0,0.0,0.0,0.0,0.0,0.0,0.0,0.0,0.0,0.0,0.0,0.0,0.0,0.0,0.0,0.0,0.0,0,0.0,0.0,0,0,,,0
2018-10-16,1,Tuesday,0,0,0,,,1397,7,24,1397-07-24,Mehr,0,0,0,13,0,0,0,24,16.295833333333334,7.8,23.8,46.958333333333336,0.0,0.0,0.0,9.041666666666666,6.8125,19.3,38.9,0,0,0,0,0,0.0,0.0,0.0,0.0,0.0,0.0,0.0,0.0,0.0,0.0,0.0,0.0,0.0,0.0,0.0,0.0,0.0,0.0,0.0,0.0,0.0,0.0,0,0.0,0.0,0,0,,,0
2018-10-17,2,Wednesday,0,0,0,,,1397,7,25,1397-07-25,Mehr,0,0,0,12,0,0,0,24,15.204166666666666,6.9,23.0,46.833333333333336,0.2,0.2,0.0,44.083333333333336,6.666666666666667,19.7,36.4,1,0,1,0,0,0.0,0.0,0.0,0.0,0.0,0.0,0.0,0.0,0.0,0.0,0.0,0.0,0.0,0.0,0.0,0.0,0.0,0.0,0.0,0.0,0.0,0.0,0,0.0,0.0,0,0,,,0
2018-10-18,3,Thursday,0,1,0,,,1397,7,26,1397-07-26,Mehr,0,0,0,11,0,0,0,24,15.645833333333334,8.0,22.7,49.041666666666664,0.0,0.0,0.0,30.833333333333332,4.9750000000000005,15.6,26.6,0,0,0,0,0,0.0,0.0,0.0,0.0,0.0,0.0,0.0,0.0,0.0,0.0,0.0,0.0,0.0,0.0,0.0,0.0,0.0,0.0,0.0,0.0,0.0,0.0,0,0.0,0.0,0,0,,,0
2018-10-19,4,Friday,1,0,0,,,1397,7,27,1397-07-27,Mehr,0,0,0,10,0,0,1,24,16.212500000000002,9.3,23.1,44.166666666666664,0.0,0.0,0.0,49.5,5.204166666666667,14.3,31.0,0,0,0,0,0,0.0,0.0,0.0,0.0,0.0,0.0,0.0,0.0,0.0,0.0,0.0,0.0,0.0,0.0,0.0,0.0,0.0,0.0,0.0,0.0,0.0,0.0,0,0.0,0.0,0,0,,,0
2018-10-20,5,Saturday,0,0,0,,,1397,7,28,1397-07-28,Mehr,0,0,0,9,0,0,0,24,15.725,9.0,22.5,55.5,1.2,1.2,0.0,34.25,5.6625000000000005,15.8,31.3,4,0,1,0,0,0.0,0.0,0.0,0.0,0.0,0.0,0.0,0.0,0.0,0.0,0.0,0.0,0.0,0.0,0.0,0.0,0.0,0.0,0.0,0.0,0.0,0.0,0,0.0,0.0,0,0,,,0
2018-10-21,6,Sunday,0,0,0,,,1397,7,29,1397-07-29,Mehr,0,0,0,8,0,0,0,24,16.491666666666667,9.7,24.2,54.791666666666664,0.0,0.0,0.0,30.166666666666668,4.3875,10.8,26.3,0,0,0,0,0,0.0,0.0,0.0,0.0,0.0,0.0,0.0,0.0,0.0,0.0,0.0,0.0,0.0,0.0,0.0,0.0,0.0,0.0,0.0,0.0,0.0,0.0,0,0.0,0.0,0,0,,,0
2018-10-22,0,Monday,0,0,0,,,1397,7,30,1397-07-30,Mehr,0,0,0,7,0,0,0,24,16.925,11.1,23.7,49.916666666666664,0.0,0.0,0.0,18.666666666666668,5.870833333333334,12.9,30.6,0,0,0,0,0,0.0,0.0,0.0,0.0,0.0,0.0,0.0,0.0,0.0,0.0,0.0,0.0,0.0,0.0,0.0,0.0,0.0,0.0,0.0,0.0,0.0,0.0,0,0.0,0.0,0,0,,,0
2018-10-23,1,Tuesday,0,0,0,,,1397,8,1,1397-08-01,Aban,0,0,0,6,0,0,0,24,16.325,8.6,23.5,41.875,0.0,0.0,0.0,0.2916666666666667,6.433333333333334,9.0,21.2,0,0,0,0,0,0.0,0.0,0.0,0.0,0.0,0.0,0.0,0.0,0.0,0.0,0.0,0.0,0.0,0.0,0.0,0.0,0.0,0.0,0.0,0.0,0.0,0.0,0,0.0,0.0,0,0,,,0
2018-10-24,2,Wednesday,0,0,0,,,1397,8,2,1397-08-02,Aban,0,0,0,5,0,0,0,24,16.654166666666665,7.5,25.1,35.375,0.0,0.0,0.0,0.7916666666666666,6.716666666666666,8.8,19.4,0,0,0,0,0,0.0,0.0,0.0,0.0,0.0,0.0,0.0,0.0,0.0,0.0,0.0,0.0,0.0,0.0,0.0,0.0,0.0,0.0,0.0,0.0,0.0,0.0,0,0.0,0.0,0,0,,,0
2018-10-25,3,Thursday,0,1,0,,,1397,8,3,1397-08-03,Aban,0,0,0,4,0,0,0,24,18.083333333333332,9.2,26.9,30.75,0.0,0.0,0.0,33.083333333333336,4.875,8.1,20.2,0,0,0,0,0,0.0,0.0,0.0,0.0,0.0,0.0,0.0,0.0,0.0,0.0,0.0,0.0,0.0,0.0,0.0,0.0,0.0,0.0,0.0,0.0,0.0,0.0,0,0.0,0.0,0,0,,,0
2018-10-26,4,Friday,1,0,0,,,1397,8,4,1397-08-04,Aban,0,0,0,3,0,0,1,24,19.183333333333334,14.0,24.0,29.541666666666668,0.5,0.5,0.0,79.875,5.295833333333333,11.0,30.2,2,0,1,0,0,0.0,0.0,0.0,0.0,0.0,0.0,0.0,0.0,0.0,0.0,0.0,0.0,0.0,0.0,0.0,0.0,0.0,0.0,0.0,0.0,0.0,0.0,0,0.0,0.0,0,0,,,0
2018-10-27,5,Saturday,0,0,0,,,1397,8,5,1397-08-05,Aban,0,0,0,2,0,0,0,24,16.979166666666668,12.8,21.1,48.916666666666664,0.6,0.6,0.0,90.08333333333333,9.295833333333333,16.3,45.7,2,0,1,0,0,0.0,0.0,0.0,0.0,0.0,0.0,0.0,0.0,0.0,0.0,0.0,0.0,0.0,0.0,0.0,0.0,0.0,0.0,0.0,0.0,0.0,0.0,0,0.0,0.0,0,0,,,0
2018-10-28,6,Sunday,0,0,0,,,1397,8,6,1397-08-06,Aban,0,0,0,1,1,0,0,24,13.441666666666668,8.0,18.6,55.833333333333336,0.0,0.0,0.0,45.458333333333336,9.275,18.4,36.0,0,0,0,0,0,0.0,0.0,0.0,0.0,0.0,0.0,0.0,0.0,0.0,0.0,0.0,0.0,0.0,0.0,0.0,0.0,0.0,0.0,0.0,0.0,0.0,0.0,0,0.0,0.0,0,0,,,0
2018-10-29,0,Monday,0,0,1,Arbaeen (estimated),(تخمین زده) چهلم حسین بن علی اربعین,1397,8,7,1397-08-07,Aban,0,0,0,0,0,0,1,24,12.975,8.2,17.3,53.666666666666664,0.0,0.0,0.0,63.208333333333336,6.570833333333333,9.4,22.3,0,0,0,0,0,0.0,0.0,0.0,0.0,0.0,0.0,0.0,0.0,0.0,0.0,0.0,0.0,0.0,0.0,0.0,0.0,0.0,0.0,0.0,0.0,0.0,0.0,0,0.0,0.0,0,0,,,0
2018-10-30,1,Tuesday,0,0,0,,,1397,8,8,1397-08-08,Aban,0,0,0,1,0,1,0,24,12.4125,7.2,17.2,43.791666666666664,0.1,0.1,0.0,35.958333333333336,4.441666666666666,9.2,17.6,1,0,1,0,0,0.0,0.0,0.0,0.0,0.0,0.0,0.0,0.0,0.0,0.0,0.0,0.0,0.0,0.0,0.0,0.0,0.0,0.0,0.0,0.0,0.0,0.0,0,0.0,0.0,0,0,,,0
2018-10-31,2,Wednesday,0,0,0,,,1397,8,9,1397-08-09,Aban,0,0,0,2,0,0,0,24,11.895833333333334,5.1,18.4,41.375,0.0,0.0,0.0,27.625,4.875,8.5,18.7,0,0,0,0,0,0.0,0.0,0.0,0.0,0.0,0.0,0.0,0.0,0.0,0.0,0.0,0.0,0.0,0.0,0.0,0.0,0.0,0.0,0.0,0.0,0.0,0.0,0,0.0,0.0,0,0,,,0
2018-11-01,3,Thursday,0,1,0,,,1397,8,10,1397-08-10,Aban,0,0,0,3,0,0,0,24,10.908333333333333,2.8,18.5,38.625,0.0,0.0,0.0,29.25,5.7375,10.1,21.6,0,0,0,0,0,0.0,0.0,0.0,0.0,0.0,0.0,0.0,0.0,0.0,0.0,0.0,0.0,0.0,0.0,0.0,0.0,0.0,0.0,0.0,0.0,0.0,0.0,0,0.0,0.0,0,0,,,0
2018-11-02,4,Friday,1,0,0,,,1397,8,11,1397-08-11,Aban,0,0,0,4,0,0,1,24,10.116666666666667,2.0,16.1,34.291666666666664,0.0,0.0,0.0,80.25,6.8999999999999995,14.3,28.8,0,0,0,0,0,0.0,0.0,0.0,0.0,0.0,0.0,0.0,0.0,0.0,0.0,0.0,0.0,0.0,0.0,0.0,0.0,0.0,0.0,0.0,0.0,0.0,0.0,0,0.0,0.0,0,0,,,0
2018-11-03,5,Saturday,0,0,0,,,1397,8,12,1397-08-12,Aban,0,0,0,3,0,0,0,24,9.929166666666665,4.3,14.7,36.125,0.0,0.0,0.0,76.83333333333333,4.3,7.9,17.6,0,0,0,0,0,0.0,0.0,0.0,0.0,0.0,0.0,0.0,0.0,0.0,0.0,0.0,0.0,0.0,0.0,0.0,0.0,0.0,0.0,0.0,0.0,0.0,0.0,0,0.0,0.0,0,0,,,0
2018-11-04,6,Sunday,0,0,0,,,1397,8,13,1397-08-13,Aban,0,0,0,2,0,0,0,24,10.216666666666667,3.2,15.9,22.916666666666668,0.0,0.0,0.0,92.875,4.333333333333333,9.1,20.2,0,0,0,0,0,0.0,0.0,0.0,0.0,0.0,0.0,0.0,0.0,0.0,0.0,0.0,0.0,0.0,0.0,0.0,0.0,0.0,0.0,0.0,0.0,0.0,0.0,0,0.0,0.0,0,0,,,0
2018-11-05,0,Monday,0,0,0,,,1397,8,14,1397-08-14,Aban,0,0,0,1,1,0,0,24,12.4375,7.5,18.0,25.25,0.0,0.0,0.0,54.416666666666664,5.8625,11.3,18.7,0,0,0,0,0,0.0,0.0,0.0,0.0,0.0,0.0,0.0,0.0,0.0,0.0,0.0,0.0,0.0,0.0,0.0,0.0,0.0,0.0,0.0,0.0,0.0,0.0,0,0.0,0.0,0,0,,,0
2018-11-06,1,Tuesday,0,0,1,Demise of Prophet Muhammad and Hasan ibn Ali (estimated),(تخمین زده) کشته‌شدن حسن مجتبی و درگذشت محمد,1397,8,15,1397-08-15,Aban,0,0,0,0,0,0,1,24,9.620833333333334,7.5,13.6,62.458333333333336,5.800000000000001,5.800000000000001,0.0,68.54166666666667,6.641666666666667,11.1,18.4,6,0,1,0,0,0.0,0.0,0.0,0.0,0.0,0.0,0.0,0.0,0.0,0.0,0.0,0.0,0.0,0.0,0.0,0.0,0.0,0.0,0.0,0.0,0.0,0.0,0,0.0,0.0,0,0,,,0
2018-11-07,2,Wednesday,0,0,0,,,1397,8,16,1397-08-16,Aban,0,0,0,1,1,1,0,24,11.25,4.6,18.2,62.125,0.0,0.0,0.0,18.875,3.970833333333333,7.9,19.8,0,0,0,0,0,0.0,0.0,0.0,0.0,0.0,0.0,0.0,0.0,0.0,0.0,0.0,0.0,0.0,0.0,0.0,0.0,0.0,0.0,0.0,0.0,0.0,0.0,0,0.0,0.0,0,0,,,0
2018-11-08,3,Thursday,0,1,1,Martyrdom of Ali al-Rida (estimated),(تخمین زده) کشته‌شدن علی بن موسی الرضا,1397,8,17,1397-08-17,Aban,0,0,0,0,0,0,1,24,10.095833333333333,3.5,16.4,62.75,0.0,0.0,0.0,50.708333333333336,4.258333333333334,7.6,18.0,0,0,0,0,0,0.0,0.0,0.0,0.0,0.0,0.0,0.0,0.0,0.0,0.0,0.0,0.0,0.0,0.0,0.0,0.0,0.0,0.0,0.0,0.0,0.0,0.0,0,0.0,0.0,0,0,,,0
2018-11-09,4,Friday,1,0,0,,,1397,8,18,1397-08-18,Aban,0,0,0,1,0,1,1,24,11.270833333333334,5.8,17.1,58.333333333333336,0.2,0.2,0.0,30.666666666666668,3.75,7.0,19.4,2,0,1,0,0,0.0,0.0,0.0,0.0,0.0,0.0,0.0,0.0,0.0,0.0,0.0,0.0,0.0,0.0,0.0,0.0,0.0,0.0,0.0,0.0,0.0,0.0,0,0.0,0.0,0,0,,,0
2018-11-10,5,Saturday,0,0,0,,,1397,8,19,1397-08-19,Aban,0,0,0,2,0,0,0,24,11.595833333333333,6.4,17.7,60.416666666666664,0.0,0.0,0.0,50.833333333333336,3.8166666666666664,8.0,16.2,0,0,0,0,0,0.0,0.0,0.0,0.0,0.0,0.0,0.0,0.0,0.0,0.0,0.0,0.0,0.0,0.0,0.0,0.0,0.0,0.0,0.0,0.0,0.0,0.0,0,0.0,0.0,0,0,,,0
2018-11-11,6,Sunday,0,0,0,,,1397,8,20,1397-08-20,Aban,0,0,0,3,0,0,0,24,11.683333333333332,6.4,17.0,61.125,0.8,0.8,0.0,81.66666666666667,4.295833333333333,7.2,20.9,4,0,1,0,0,0.0,0.0,0.0,0.0,0.0,0.0,0.0,0.0,0.0,0.0,0.0,0.0,0.0,0.0,0.0,0.0,0.0,0.0,0.0,0.0,0.0,0.0,0,0.0,0.0,0,0,,,0
2018-11-12,0,Monday,0,0,0,,,1397,8,21,1397-08-21,Aban,0,0,0,4,0,0,0,24,11.391666666666666,6.1,17.3,67.66666666666667,0.2,0.2,0.0,20.166666666666668,5.316666666666666,11.7,22.7,2,0,1,0,0,0.0,0.0,0.0,0.0,0.0,0.0,0.0,0.0,0.0,0.0,0.0,0.0,0.0,0.0,0.0,0.0,0.0,0.0,0.0,0.0,0.0,0.0,0,0.0,0.0,0,0,,,0
2018-11-13,1,Tuesday,0,0,0,,,1397,8,22,1397-08-22,Aban,0,0,0,3,0,0,0,24,9.975,5.1,15.1,68.75,0.4,0.4,0.0,29.625,4.8375,8.9,18.4,3,0,1,0,0,0.0,0.0,0.0,0.0,0.0,0.0,0.0,0.0,0.0,0.0,0.0,0.0,0.0,0.0,0.0,0.0,0.0,0.0,0.0,0.0,0.0,0.0,0,0.0,0.0,0,0,,,0
2018-11-14,2,Wednesday,0,0,0,,,1397,8,23,1397-08-23,Aban,0,0,0,2,0,0,0,24,8.979166666666666,3.7,13.1,69.20833333333333,2.0,2.0,0.0,81.95833333333333,5.666666666666667,12.0,25.9,5,0,1,0,0,0.0,0.0,0.0,0.0,0.0,0.0,0.0,0.0,0.0,0.0,0.0,0.0,0.0,0.0,0.0,0.0,0.0,0.0,0.0,0.0,0.0,0.0,0,0.0,0.0,0,0,,,0
2018-11-15,3,Thursday,0,1,0,,,1397,8,24,1397-08-24,Aban,0,0,0,1,1,0,0,24,10.308333333333334,7.6,13.7,74.91666666666667,3.3000000000000003,3.3000000000000003,0.0,99.70833333333333,8.645833333333334,13.0,22.3,15,0,1,0,0,0.0,0.0,0.0,0.0,0.0,0.0,0.0,0.0,0.0,0.0,0.0,0.0,0.0,0.0,0.0,0.0,0.0,0.0,0.0,0.0,0.0,0.0,0,0.0,0.0,0,0,,,0
2018-11-16,4,Friday,1,0,1,Martyrdom of Hasan al-Askari (estimated),(تخمین زده) کشته‌شدن حسن عسکری,1397,8,25,1397-08-25,Aban,0,0,0,0,0,0,1,24,11.070833333333333,8.8,15.2,79.875,7.199999999999999,7.199999999999999,0.0,66.0,7.345833333333334,17.8,34.2,12,0,1,0,0,0.0,0.0,0.0,0.0,0.0,0.0,0.0,0.0,0.0,0.0,0.0,0.0,0.0,0.0,0.0,0.0,0.0,0.0,0.0,0.0,0.0,0.0,0,0.0,0.0,0,0,,,0
2018-11-17,5,Saturday,0,0,0,,,1397,8,26,1397-08-26,Aban,0,0,0,1,0,1,0,24,9.758333333333333,4.0,16.8,75.41666666666667,0.0,0.0,0.0,13.375,3.933333333333333,6.5,16.2,0,0,0,0,0,0.0,0.0,0.0,0.0,0.0,0.0,0.0,0.0,0.0,0.0,0.0,0.0,0.0,0.0,0.0,0.0,0.0,0.0,0.0,0.0,0.0,0.0,0,0.0,0.0,0,0,,,0
2018-11-18,6,Sunday,0,0,0,,,1397,8,27,1397-08-27,Aban,0,0,0,2,0,0,0,24,9.191666666666666,3.9,15.7,72.54166666666667,0.0,0.0,0.0,30.291666666666668,5.2,8.0,15.8,0,0,0,0,0,0.0,0.0,0.0,0.0,0.0,0.0,0.0,0.0,0.0,0.0,0.0,0.0,0.0,0.0,0.0,0.0,0.0,0.0,0.0,0.0,0.0,0.0,0,0.0,0.0,0,0,,,0
2018-11-19,0,Monday,0,0,0,,,1397,8,28,1397-08-28,Aban,0,0,0,3,0,0,0,24,9.616666666666667,4.0,16.4,66.08333333333333,0.0,0.0,0.0,61.958333333333336,3.3083333333333336,6.7,11.9,0,0,0,0,0,0.0,0.0,0.0,0.0,0.0,0.0,0.0,0.0,0.0,0.0,0.0,0.0,0.0,0.0,0.0,0.0,0.0,0.0,0.0,0.0,0.0,0.0,0,0.0,0.0,0,0,,,0
2018-11-20,1,Tuesday,0,0,0,,,1397,8,29,1397-08-29,Aban,0,0,0,4,0,0,0,24,7.995833333333334,4.6,12.4,75.20833333333333,0.2,0.2,0.0,90.25,3.2916666666666665,6.0,13.3,2,0,1,0,0,0.0,0.0,0.0,0.0,0.0,0.0,0.0,0.0,0.0,0.0,0.0,0.0,0.0,0.0,0.0,0.0,0.0,0.0,0.0,0.0,0.0,0.0,0,0.0,0.0,0,0,,,0
2018-11-21,2,Wednesday,0,0,0,,,1397,8,30,1397-08-30,Aban,0,0,0,4,0,0,0,24,8.704166666666667,2.5,17.3,64.125,0.0,0.0,0.0,18.208333333333332,6.079166666666667,10.9,19.1,0,0,0,0,0,0.0,0.0,0.0,0.0,0.0,0.0,0.0,0.0,0.0,0.0,0.0,0.0,0.0,0.0,0.0,0.0,0.0,0.0,0.0,0.0,0.0,0.0,0,0.0,0.0,0,0,,,0
2018-11-22,3,Thursday,0,1,0,,,1397,9,1,1397-09-01,Azar,0,0,0,3,0,0,0,24,8.433333333333334,2.6,14.6,57.916666666666664,0.0,0.0,0.0,79.25,5.329166666666667,8.0,15.8,0,0,0,0,0,0.0,0.0,0.0,0.0,0.0,0.0,0.0,0.0,0.0,0.0,0.0,0.0,0.0,0.0,0.0,0.0,0.0,0.0,0.0,0.0,0.0,0.0,0,0.0,0.0,0,0,,,0
2018-11-23,4,Friday,1,0,0,,,1397,9,2,1397-09-02,Azar,0,0,0,2,0,0,1,24,9.708333333333334,6.0,14.8,55.708333333333336,2.0,2.0,0.0,99.91666666666667,5.708333333333333,14.6,27.0,3,0,1,0,0,0.0,0.0,0.0,0.0,0.0,0.0,0.0,0.0,0.0,0.0,0.0,0.0,0.0,0.0,0.0,0.0,0.0,0.0,0.0,0.0,0.0,0.0,0,0.0,0.0,0,0,,,0
2018-11-24,5,Saturday,0,0,0,,,1397,9,3,1397-09-03,Azar,0,0,0,1,1,0,0,24,9.120833333333334,6.7,10.9,83.625,5.300000000000001,5.300000000000001,0.0,98.54166666666667,6.0625,11.8,24.1,13,0,1,0,0,0.0,0.0,0.0,0.0,0.0,0.0,0.0,0.0,0.0,0.0,0.0,0.0,0.0,0.0,0.0,0.0,0.0,0.0,0.0,0.0,0.0,0.0,0,0.0,0.0,0,0,,,0
2018-11-25,6,Sunday,0,0,1,Birthday of Muhammad and Ja'far al-Sadiq (estimated),(تخمین زده) زادروز محمد و جعفر صادق,1397,9,4,1397-09-04,Azar,0,0,0,0,0,0,1,24,7.683333333333334,6.2,9.5,92.875,16.5,16.5,0.0,94.66666666666667,5.533333333333334,11.9,23.4,15,1,1,0,0,0.0,0.0,0.0,0.0,0.0,0.0,0.0,0.0,0.0,0.0,0.0,0.0,0.0,0.0,0.0,0.0,0.0,0.0,0.0,0.0,0.0,0.0,0,0.0,0.0,0,0,,,0
2018-11-26,0,Monday,0,0,0,,,1397,9,5,1397-09-05,Azar,0,0,0,1,0,1,0,24,7.5,2.1,13.1,73.20833333333333,0.0,0.0,0.0,35.041666666666664,7.0,15.1,31.3,0,0,0,0,0,0.0,0.0,0.0,0.0,0.0,0.0,0.0,0.0,0.0,0.0,0.0,0.0,0.0,0.0,0.0,0.0,0.0,0.0,0.0,0.0,0.0,0.0,0,0.0,0.0,0,0,,,0
2018-11-27,1,Tuesday,0,0,0,,,1397,9,6,1397-09-06,Azar,0,0,0,2,0,0,0,24,5.520833333333333,1.2,11.6,68.66666666666667,0.0,0.0,0.0,9.875,6.041666666666667,8.6,20.5,0,0,0,0,0,0.0,0.0,0.0,0.0,0.0,0.0,0.0,0.0,0.0,0.0,0.0,0.0,0.0,0.0,0.0,0.0,0.0,0.0,0.0,0.0,0.0,0.0,0,0.0,0.0,0,0,,,0
2018-11-28,2,Wednesday,0,0,0,,,1397,9,7,1397-09-07,Azar,0,0,0,3,0,0,0,24,5.608333333333333,-0.7,13.3,68.58333333333333,0.0,0.0,0.0,9.291666666666666,3.85,7.9,13.0,0,0,0,0,1,0.0,0.0,0.0,0.0,0.0,0.0,0.0,0.0,0.0,0.0,0.0,0.0,0.0,0.0,0.0,0.0,0.0,0.0,0.0,0.0,0.0,0.0,0,0.0,0.0,0,0,,,0
2018-11-29,3,Thursday,0,1,0,,,1397,9,8,1397-09-08,Azar,0,0,0,4,0,0,0,24,7.1000000000000005,0.2,14.8,68.66666666666667,0.0,0.0,0.0,38.458333333333336,2.8375,5.0,12.6,0,0,0,0,0,0.0,0.0,0.0,0.0,0.0,0.0,0.0,0.0,0.0,0.0,0.0,0.0,0.0,0.0,0.0,0.0,0.0,0.0,0.0,0.0,0.0,0.0,0,0.0,0.0,0,0,,,0
2018-11-30,4,Friday,1,0,0,,,1397,9,9,1397-09-09,Azar,0,0,0,5,0,0,1,24,8.575000000000001,2.1,16.5,67.79166666666667,0.0,0.0,0.0,70.91666666666667,3.6458333333333335,7.0,15.5,0,0,0,0,0,0.0,0.0,0.0,0.0,0.0,0.0,0.0,0.0,0.0,0.0,0.0,0.0,0.0,0.0,0.0,0.0,0.0,0.0,0.0,0.0,0.0,0.0,0,0.0,0.0,0,0,,,0
2018-12-01,5,Saturday,0,0,0,,,1397,9,10,1397-09-10,Azar,0,0,0,6,0,0,0,24,8.5375,2.8,14.3,67.29166666666667,0.0,0.0,0.0,98.20833333333333,2.504166666666667,4.9,13.3,0,0,0,0,0,0.0,0.0,0.0,0.0,0.0,0.0,0.0,0.0,0.0,0.0,0.0,0.0,0.0,0.0,0.0,0.0,0.0,0.0,0.0,0.0,0.0,0.0,0,0.0,0.0,0,0,,,0
2018-12-02,6,Sunday,0,0,0,,,1397,9,11,1397-09-11,Azar,0,0,0,7,0,0,0,24,9.591666666666667,3.5,17.1,66.875,0.4,0.4,0.0,17.125,3.5541666666666667,7.7,13.0,1,0,1,0,0,0.0,0.0,0.0,0.0,0.0,0.0,0.0,0.0,0.0,0.0,0.0,0.0,0.0,0.0,0.0,0.0,0.0,0.0,0.0,0.0,0.0,0.0,0,0.0,0.0,0,0,,,0
2018-12-03,0,Monday,0,0,0,,,1397,9,12,1397-09-12,Azar,0,0,0,8,0,0,0,24,8.549999999999999,2.6,15.4,67.33333333333333,0.0,0.0,0.0,79.08333333333333,3.3166666666666664,5.5,14.8,0,0,0,0,0,0.0,0.0,0.0,0.0,0.0,0.0,0.0,0.0,0.0,0.0,0.0,0.0,0.0,0.0,0.0,0.0,0.0,0.0,0.0,0.0,0.0,0.0,0,0.0,0.0,0,0,,,0
2018-12-04,1,Tuesday,0,0,0,,,1397,9,13,1397-09-13,Azar,0,0,0,9,0,0,0,24,8.695833333333333,2.4,15.8,67.79166666666667,0.0,0.0,0.0,86.125,2.9291666666666667,5.2,12.2,0,0,0,0,0,0.0,0.0,0.0,0.0,0.0,0.0,0.0,0.0,0.0,0.0,0.0,0.0,0.0,0.0,0.0,0.0,0.0,0.0,0.0,0.0,0.0,0.0,0,0.0,0.0,0,0,,,0
2018-12-05,2,Wednesday,0,0,0,,,1397,9,14,1397-09-14,Azar,0,0,0,10,0,0,0,24,9.85,4.7,16.0,64.58333333333333,0.0,0.0,0.0,57.5,3.9875000000000003,8.9,17.3,0,0,0,0,0,0.0,0.0,0.0,0.0,0.0,0.0,0.0,0.0,0.0,0.0,0.0,0.0,0.0,0.0,0.0,0.0,0.0,0.0,0.0,0.0,0.0,0.0,0,0.0,0.0,0,0,,,0
2018-12-06,3,Thursday,0,1,0,,,1397,9,15,1397-09-15,Azar,0,0,0,11,0,0,0,24,11.183333333333332,7.0,16.9,58.291666666666664,0.5,0.5,0.0,47.291666666666664,7.433333333333334,12.7,26.3,2,0,1,0,0,0.0,0.0,0.0,0.0,0.0,0.0,0.0,0.0,0.0,0.0,0.0,0.0,0.0,0.0,0.0,0.0,0.0,0.0,0.0,0.0,0.0,0.0,0,0.0,0.0,0,0,,,0
2018-12-07,4,Friday,1,0,0,,,1397,9,16,1397-09-16,Azar,0,0,0,12,0,0,1,24,8.8,4.4,13.9,55.541666666666664,0.2,0.2,0.0,7.166666666666667,7.425,13.2,31.3,1,0,1,0,0,0.0,0.0,0.0,0.0,0.0,0.0,0.0,0.0,0.0,0.0,0.0,0.0,0.0,0.0,0.0,0.0,0.0,0.0,0.0,0.0,0.0,0.0,0,0.0,0.0,0,0,,,0
2018-12-08,5,Saturday,0,0,0,,,1397,9,17,1397-09-17,Azar,0,0,0,13,0,0,0,24,6.25,1.1,12.3,60.833333333333336,0.0,0.0,0.0,6.708333333333333,6.495833333333334,10.5,21.6,0,0,0,0,0,0.0,0.0,0.0,0.0,0.0,0.0,0.0,0.0,0.0,0.0,0.0,0.0,0.0,0.0,0.0,0.0,0.0,0.0,0.0,0.0,0.0,0.0,0,0.0,0.0,0,0,,,0
2018-12-09,6,Sunday,0,0,0,,,1397,9,18,1397-09-18,Azar,0,0,0,14,0,0,0,24,5.245833333333334,-0.7,12.1,61.583333333333336,0.0,0.0,0.0,4.666666666666667,5.270833333333333,9.7,18.4,0,0,0,0,1,0.0,0.0,0.0,0.0,0.0,0.0,0.0,0.0,0.0,0.0,0.0,0.0,0.0,0.0,0.0,0.0,0.0,0.0,0.0,0.0,0.0,0.0,0,0.0,0.0,0,0,,,0
2018-12-10,0,Monday,0,0,0,,,1397,9,19,1397-09-19,Azar,0,0,0,15,0,0,0,24,5.416666666666667,-0.4,12.2,62.666666666666664,0.0,0.0,0.0,9.583333333333334,4.079166666666667,8.7,15.1,0,0,0,0,1,0.0,0.0,0.0,0.0,0.0,0.0,0.0,0.0,0.0,0.0,0.0,0.0,0.0,0.0,0.0,0.0,0.0,0.0,0.0,0.0,0.0,0.0,0,0.0,0.0,0,0,,,0
2018-12-11,1,Tuesday,0,0,0,,,1397,9,20,1397-09-20,Azar,0,0,0,16,0,0,0,24,5.845833333333334,-0.7,14.0,56.625,0.0,0.0,0.0,0.0,5.183333333333333,8.8,15.1,0,0,0,0,1,0.0,0.0,0.0,0.0,0.0,0.0,0.0,0.0,0.0,0.0,0.0,0.0,0.0,0.0,0.0,0.0,0.0,0.0,0.0,0.0,0.0,0.0,0,0.0,0.0,0,0,,,0
2018-12-12,2,Wednesday,0,0,0,,,1397,9,21,1397-09-21,Azar,0,0,0,17,0,0,0,24,5.291666666666667,-1.8,14.2,50.791666666666664,0.0,0.0,0.0,0.0,3.5500000000000003,6.1,14.8,0,0,0,0,1,0.0,0.0,0.0,0.0,0.0,0.0,0.0,0.0,0.0,0.0,0.0,0.0,0.0,0.0,0.0,0.0,0.0,0.0,0.0,0.0,0.0,0.0,0,0.0,0.0,0,0,,,0
2018-12-13,3,Thursday,0,1,0,,,1397,9,22,1397-09-22,Azar,0,0,0,18,0,0,0,24,5.45,-2.4,14.5,46.041666666666664,0.0,0.0,0.0,0.0,3.8958333333333335,7.6,13.3,0,0,0,0,1,0.0,0.0,0.0,0.0,0.0,0.0,0.0,0.0,0.0,0.0,0.0,0.0,0.0,0.0,0.0,0.0,0.0,0.0,0.0,0.0,0.0,0.0,0,0.0,0.0,0,0,,,0
2018-12-14,4,Friday,1,0,0,,,1397,9,23,1397-09-23,Azar,0,0,0,19,0,0,1,24,5.333333333333333,-2.0,14.8,43.625,0.0,0.0,0.0,0.0,5.641666666666667,9.7,14.4,0,0,0,0,1,0.0,0.0,0.0,0.0,0.0,0.0,0.0,0.0,0.0,0.0,0.0,0.0,0.0,0.0,0.0,0.0,0.0,0.0,0.0,0.0,0.0,0.0,0,0.0,0.0,0,0,,,0
2018-12-15,5,Saturday,0,0,0,,,1397,9,24,1397-09-24,Azar,0,0,0,20,0,0,0,24,5.4624999999999995,-2.4,14.6,40.791666666666664,0.0,0.0,0.0,0.0,4.291666666666667,9.0,14.0,0,0,0,0,1,0.0,0.0,0.0,0.0,0.0,0.0,0.0,0.0,0.0,0.0,0.0,0.0,0.0,0.0,0.0,0.0,0.0,0.0,0.0,0.0,0.0,0.0,0,0.0,0.0,0,0,,,0
2018-12-16,6,Sunday,0,0,0,,,1397,9,25,1397-09-25,Azar,0,0,0,21,0,0,0,24,5.175,-1.8,13.5,36.25,0.0,0.0,0.0,6.958333333333333,3.170833333333333,6.1,11.9,0,0,0,0,1,0.0,0.0,0.0,0.0,0.0,0.0,0.0,0.0,0.0,0.0,0.0,0.0,0.0,0.0,0.0,0.0,0.0,0.0,0.0,0.0,0.0,0.0,0,0.0,0.0,0,0,,,0
2018-12-17,0,Monday,0,0,0,,,1397,9,26,1397-09-26,Azar,0,0,0,22,0,0,0,24,5.2,-2.6,12.8,36.416666666666664,0.0,0.0,0.0,30.416666666666668,5.141666666666667,10.2,18.7,0,0,0,0,1,0.0,0.0,0.0,0.0,0.0,0.0,0.0,0.0,0.0,0.0,0.0,0.0,0.0,0.0,0.0,0.0,0.0,0.0,0.0,0.0,0.0,0.0,0,0.0,0.0,0,0,,,0
2018-12-18,1,Tuesday,0,0,0,,,1397,9,27,1397-09-27,Azar,0,0,0,23,0,0,0,24,7.3374999999999995,2.3,14.5,43.25,0.4,0.4,0.0,44.625,6.866666666666667,13.2,27.0,2,0,1,0,0,0.0,0.0,0.0,0.0,0.0,0.0,0.0,0.0,0.0,0.0,0.0,0.0,0.0,0.0,0.0,0.0,0.0,0.0,0.0,0.0,0.0,0.0,0,0.0,0.0,0,0,,,0
2018-12-19,2,Wednesday,0,0,0,,,1397,9,28,1397-09-28,Azar,0,0,0,24,0,0,0,24,4.933333333333334,-2.4,13.0,59.875,0.0,0.0,0.0,3.5,4.883333333333334,8.7,15.5,0,0,0,0,1,0.0,0.0,0.0,0.0,0.0,0.0,0.0,0.0,0.0,0.0,0.0,0.0,0.0,0.0,0.0,0.0,0.0,0.0,0.0,0.0,0.0,0.0,0,0.0,0.0,0,0,,,0
2018-12-20,3,Thursday,0,1,0,,,1397,9,29,1397-09-29,Azar,0,0,0,25,0,0,0,24,5.670833333333333,-0.4,13.3,49.916666666666664,0.0,0.0,0.0,1.5,4.833333333333333,9.5,18.4,0,0,0,0,1,0.0,0.0,0.0,0.0,0.0,0.0,0.0,0.0,0.0,0.0,0.0,0.0,0.0,0.0,0.0,0.0,0.0,0.0,0.0,0.0,0.0,0.0,0,0.0,0.0,0,0,,,0
2018-12-21,4,Friday,1,0,0,,,1397,9,30,1397-09-30,Azar,0,0,0,26,0,0,1,24,8.370833333333334,3.8,14.3,40.125,0.0,0.0,0.0,25.333333333333332,4.958333333333333,11.6,22.3,0,0,0,0,0,0.0,0.0,0.0,0.0,0.0,0.0,0.0,0.0,0.0,0.0,0.0,0.0,0.0,0.0,0.0,0.0,0.0,0.0,0.0,0.0,0.0,0.0,0,0.0,0.0,0,0,,,0
2018-12-22,5,Saturday,0,0,0,,,1397,10,1,1397-10-01,Dey,0,0,0,27,0,0,0,24,4.5874999999999995,0.0,10.6,57.666666666666664,0.0,0.0,0.0,17.375,6.529166666666666,9.6,23.4,0,0,0,0,1,0.0,0.0,0.0,0.0,0.0,0.0,0.0,0.0,0.0,0.0,0.0,0.0,0.0,0.0,0.0,0.0,0.0,0.0,0.0,0.0,0.0,0.0,0,0.0,0.0,0,0,,,0
2018-12-23,6,Sunday,0,0,0,,,1397,10,2,1397-10-02,Dey,0,0,0,28,0,0,0,24,3.129166666666667,-3.0,9.5,63.208333333333336,0.0,0.0,0.0,8.375,3.2458333333333336,6.1,13.7,0,0,0,0,1,0.0,0.0,0.0,0.0,0.0,0.0,0.0,0.0,0.0,0.0,0.0,0.0,0.0,0.0,0.0,0.0,0.0,0.0,0.0,0.0,0.0,0.0,0,0.0,0.0,0,0,,,0
2018-12-24,0,Monday,0,0,0,,,1397,10,3,1397-10-03,Dey,0,0,0,29,0,0,0,24,3.329166666666667,-3.3,10.3,47.375,0.0,0.0,0.0,0.0,4.233333333333333,8.8,16.2,0,0,0,0,1,0.0,0.0,0.0,0.0,0.0,0.0,0.0,0.0,0.0,0.0,0.0,0.0,0.0,0.0,0.0,0.0,0.0,0.0,0.0,0.0,0.0,0.0,0,0.0,0.0,0,0,,,0
2018-12-25,1,Tuesday,0,0,0,,,1397,10,4,1397-10-04,Dey,0,0,0,30,0,0,0,24,3.7541666666666664,-1.9,13.4,33.375,0.0,0.0,0.0,2.625,7.345833333333334,10.3,21.2,0,0,0,0,1,0.0,0.0,0.0,0.0,0.0,0.0,0.0,0.0,0.0,0.0,0.0,0.0,0.0,0.0,0.0,0.0,0.0,0.0,0.0,0.0,0.0,0.0,0,0.0,0.0,0,0,,,0
2018-12-26,2,Wednesday,0,0,0,,,1397,10,5,1397-10-05,Dey,0,0,0,31,0,0,0,24,3.670833333333333,-3.6,12.6,25.125,0.0,0.0,0.0,6.541666666666667,4.204166666666667,10.9,16.6,0,0,0,0,1,0.0,0.0,0.0,0.0,0.0,0.0,0.0,0.0,0.0,0.0,0.0,0.0,0.0,0.0,0.0,0.0,0.0,0.0,0.0,0.0,0.0,0.0,0,0.0,0.0,0,0,,,0
2018-12-27,3,Thursday,0,1,0,,,1397,10,6,1397-10-06,Dey,0,0,0,32,0,0,0,24,5.229166666666667,-2.7,13.2,21.208333333333332,0.4,0.4,0.0,51.333333333333336,5.1499999999999995,10.2,22.0,2,0,1,0,1,0.0,0.0,0.0,0.0,0.0,0.0,0.0,0.0,0.0,0.0,0.0,0.0,0.0,0.0,0.0,0.0,0.0,0.0,0.0,0.0,0.0,0.0,0,0.0,0.0,0,0,,,0
2018-12-28,4,Friday,1,0,0,,,1397,10,7,1397-10-07,Dey,0,0,0,33,0,0,1,24,8.725,2.8,16.0,35.125,0.0,0.0,0.0,10.625,7.520833333333333,19.3,34.9,0,0,0,0,0,0.0,0.0,0.0,0.0,0.0,0.0,0.0,0.0,0.0,0.0,0.0,0.0,0.0,0.0,0.0,0.0,0.0,0.0,0.0,0.0,0.0,0.0,0,0.0,0.0,0,0,,,0
2018-12-29,5,Saturday,0,0,0,,,1397,10,8,1397-10-08,Dey,0,0,0,34,0,0,0,24,7.566666666666666,1.8,14.0,42.0,0.0,0.0,0.0,2.875,5.995833333333334,10.1,23.8,0,0,0,0,0,0.0,0.0,0.0,0.0,0.0,0.0,0.0,0.0,0.0,0.0,0.0,0.0,0.0,0.0,0.0,0.0,0.0,0.0,0.0,0.0,0.0,0.0,0,0.0,0.0,0,0,,,0
2018-12-30,6,Sunday,0,0,0,,,1397,10,9,1397-10-09,Dey,0,0,0,35,0,0,0,24,4.0125,-3.1,11.2,48.416666666666664,0.2,0.2,0.0,31.375,5.9875,8.9,18.0,1,0,1,0,1,0.0,0.0,0.0,0.0,0.0,0.0,0.0,0.0,0.0,0.0,0.0,0.0,0.0,0.0,0.0,0.0,0.0,0.0,0.0,0.0,0.0,0.0,0,0.0,0.0,0,0,,,0
2018-12-31,0,Monday,0,0,0,,,1397,10,10,1397-10-10,Dey,0,0,0,36,0,0,0,24,4.741666666666666,0.6,10.8,58.625,1.5999999999999999,1.5999999999999999,0.0,29.791666666666668,5.075,9.5,18.7,6,0,1,0,0,0.0,0.0,0.0,0.0,0.0,0.0,0.0,0.0,0.0,0.0,0.0,0.0,0.0,0.0,0.0,0.0,0.0,0.0,0.0,0.0,0.0,0.0,0,0.0,0.0,0,0,,,0
2019-01-01,1,Tuesday,0,0,0,,,1397,10,11,1397-10-11,Dey,0,0,0,37,0,0,0,24,3.3208333333333333,-1.8,9.9,61.666666666666664,0.0,0.0,0.0,35.166666666666664,5.554166666666667,8.6,14.8,0,0,0,0,1,0.0,0.0,0.0,0.0,0.0,0.0,0.0,0.0,0.0,0.0,0.0,0.0,0.0,0.0,0.0,0.0,0.0,0.0,0.0,0.0,0.0,0.0,0,0.0,0.0,0,0,,,0
2019-01-02,2,Wednesday,0,0,0,,,1397,10,12,1397-10-12,Dey,0,0,0,37,0,0,0,24,4.820833333333334,0.6,9.4,45.708333333333336,0.0,0.0,0.0,93.95833333333333,3.533333333333333,7.2,11.5,0,0,0,0,0,0.0,0.0,0.0,0.0,0.0,0.0,0.0,0.0,0.0,0.0,0.0,0.0,0.0,0.0,0.0,0.0,0.0,0.0,0.0,0.0,0.0,0.0,0,0.0,0.0,0,0,,,0
2019-01-03,3,Thursday,0,1,0,,,1397,10,13,1397-10-13,Dey,0,0,0,36,0,0,0,24,5.7124999999999995,0.9,13.2,75.375,7.3,7.3,0.0,75.25,8.970833333333333,15.9,52.9,11,0,1,0,0,0.0,0.0,0.0,0.0,0.0,0.0,0.0,0.0,0.0,0.0,0.0,0.0,0.0,0.0,0.0,0.0,0.0,0.0,0.0,0.0,0.0,0.0,0,0.0,0.0,0,0,,,0
2019-01-04,4,Friday,1,0,0,,,1397,10,14,1397-10-14,Dey,0,0,0,35,0,0,1,24,4.008333333333334,-1.8,11.7,65.45833333333333,0.0,0.0,0.0,8.166666666666666,5.5,7.6,20.5,0,0,0,0,1,0.0,0.0,0.0,0.0,0.0,0.0,0.0,0.0,0.0,0.0,0.0,0.0,0.0,0.0,0.0,0.0,0.0,0.0,0.0,0.0,0.0,0.0,0,0.0,0.0,0,0,,,0
2019-01-05,5,Saturday,0,0,0,,,1397,10,15,1397-10-15,Dey,0,0,0,34,0,0,0,24,4.308333333333334,-1.9,11.9,55.625,0.0,0.0,0.0,24.333333333333332,2.6750000000000003,5.0,13.0,0,0,0,0,1,0.0,0.0,0.0,0.0,0.0,0.0,0.0,0.0,0.0,0.0,0.0,0.0,0.0,0.0,0.0,0.0,0.0,0.0,0.0,0.0,0.0,0.0,0,0.0,0.0,0,0,,,0
2019-01-06,6,Sunday,0,0,0,,,1397,10,16,1397-10-16,Dey,0,0,0,33,0,0,0,24,6.8374999999999995,-0.1,14.8,52.041666666666664,0.0,0.0,0.0,74.20833333333333,4.695833333333334,11.0,25.6,0,0,0,0,1,0.0,0.0,0.0,0.0,0.0,0.0,0.0,0.0,0.0,0.0,0.0,0.0,0.0,0.0,0.0,0.0,0.0,0.0,0.0,0.0,0.0,0.0,0,0.0,0.0,0,0,,,0
2019-01-07,0,Monday,0,0,0,,,1397,10,17,1397-10-17,Dey,0,0,0,32,0,0,0,24,8.758333333333333,4.3,12.7,50.416666666666664,0.0,0.0,0.0,63.833333333333336,12.304166666666667,22.7,46.1,0,0,0,0,0,0.0,0.0,0.0,0.0,0.0,0.0,0.0,0.0,0.0,0.0,0.0,0.0,0.0,0.0,0.0,0.0,0.0,0.0,0.0,0.0,0.0,0.0,0,0.0,0.0,0,0,,,0
2019-01-08,1,Tuesday,0,0,0,,,1397,10,18,1397-10-18,Dey,0,0,0,31,0,0,0,24,3.716666666666667,-2.2,9.2,60.791666666666664,0.0,0.0,0.0,85.79166666666667,6.208333333333333,9.8,17.6,0,0,0,0,1,0.0,0.0,0.0,0.0,0.0,0.0,0.0,0.0,0.0,0.0,0.0,0.0,0.0,0.0,0.0,0.0,0.0,0.0,0.0,0.0,0.0,0.0,0,0.0,0.0,0,0,,,0
2019-01-09,2,Wednesday,0,0,0,,,1397,10,19,1397-10-19,Dey,0,0,0,30,0,0,0,24,5.3999999999999995,3.0,8.4,68.70833333333333,0.8999999999999999,0.8999999999999999,0.0,76.58333333333333,3.4583333333333335,6.5,17.6,2,0,1,0,0,0.0,0.0,0.0,0.0,0.0,0.0,0.0,0.0,0.0,0.0,0.0,0.0,0.0,0.0,0.0,0.0,0.0,0.0,0.0,0.0,0.0,0.0,0,0.0,0.0,0,0,,,0
2019-01-10,3,Thursday,0,1,0,,,1397,10,20,1397-10-20,Dey,0,0,0,29,0,0,0,24,3.25,-2.1,10.3,54.166666666666664,0.0,0.0,0.0,45.458333333333336,6.9875,10.5,22.0,0,0,0,0,1,0.0,0.0,0.0,0.0,0.0,0.0,0.0,0.0,0.0,0.0,0.0,0.0,0.0,0.0,0.0,0.0,0.0,0.0,0.0,0.0,0.0,0.0,0,0.0,0.0,0,0,,,0
2019-01-11,4,Friday,1,0,0,,,1397,10,21,1397-10-21,Dey,0,0,0,28,0,0,1,24,1.5583333333333333,-4.1,8.9,49.875,0.0,0.0,0.0,0.0,2.4833333333333334,4.3,16.2,0,0,0,0,1,0.0,0.0,0.0,0.0,0.0,0.0,0.0,0.0,0.0,0.0,0.0,0.0,0.0,0.0,0.0,0.0,0.0,0.0,0.0,0.0,0.0,0.0,0,0.0,0.0,0,0,,,0
2019-01-12,5,Saturday,0,0,0,,,1397,10,22,1397-10-22,Dey,0,0,0,27,0,0,0,24,1.875,-4.0,9.3,47.458333333333336,0.0,0.0,0.0,43.375,3.0749999999999997,5.9,14.4,0,0,0,0,1,0.0,0.0,0.0,0.0,0.0,0.0,0.0,0.0,0.0,0.0,0.0,0.0,0.0,0.0,0.0,0.0,0.0,0.0,0.0,0.0,0.0,0.0,0,0.0,0.0,0,0,,,0
2019-01-13,6,Sunday,0,0,0,,,1397,10,23,1397-10-23,Dey,0,0,0,26,0,0,0,24,3.483333333333334,-0.5,8.1,49.125,0.0,0.0,0.0,96.25,4.445833333333334,6.9,16.9,0,0,0,0,1,0.0,0.0,0.0,0.0,0.0,0.0,0.0,0.0,0.0,0.0,0.0,0.0,0.0,0.0,0.0,0.0,0.0,0.0,0.0,0.0,0.0,0.0,0,0.0,0.0,0,0,,,0
2019-01-14,0,Monday,0,0,0,,,1397,10,24,1397-10-24,Dey,0,0,0,25,0,0,0,24,7.0249999999999995,2.5,11.9,65.20833333333333,6.199999999999999,6.199999999999999,0.0,92.83333333333333,7.520833333333333,20.3,36.0,19,0,1,0,0,0.0,0.0,0.0,0.0,0.0,0.0,0.0,0.0,0.0,0.0,0.0,0.0,0.0,0.0,0.0,0.0,0.0,0.0,0.0,0.0,0.0,0.0,0,0.0,0.0,0,0,,,0
2019-01-15,1,Tuesday,0,0,0,,,1397,10,25,1397-10-25,Dey,0,0,0,24,0,0,0,24,8.025,2.8,15.4,61.375,0.0,0.0,0.0,4.791666666666667,6.629166666666666,19.7,36.0,0,0,0,0,0,0.0,0.0,0.0,0.0,0.0,0.0,0.0,0.0,0.0,0.0,0.0,0.0,0.0,0.0,0.0,0.0,0.0,0.0,0.0,0.0,0.0,0.0,0,0.0,0.0,0,0,,,0
2019-01-16,2,Wednesday,0,0,0,,,1397,10,26,1397-10-26,Dey,0,0,0,23,0,0,0,24,6.145833333333333,0.1,11.0,75.91666666666667,1.3,1.3,0.0,46.916666666666664,7.158333333333334,11.2,34.9,3,0,1,0,0,0.0,0.0,0.0,0.0,0.0,0.0,0.0,0.0,0.0,0.0,0.0,0.0,0.0,0.0,0.0,0.0,0.0,0.0,0.0,0.0,0.0,0.0,0,0.0,0.0,0,0,,,0
2019-01-17,3,Thursday,0,1,0,,,1397,10,27,1397-10-27,Dey,0,0,0,22,0,0,0,24,6.566666666666666,2.1,13.1,60.458333333333336,0.2,0.2,0.0,34.041666666666664,15.762500000000001,30.3,57.2,1,0,1,0,0,0.0,0.0,0.0,0.0,0.0,0.0,0.0,0.0,0.0,0.0,0.0,0.0,0.0,0.0,0.0,0.0,0.0,0.0,0.0,0.0,0.0,0.0,0,0.0,0.0,0,0,,,0
2019-01-18,4,Friday,1,0,0,,,1397,10,28,1397-10-28,Dey,0,0,0,21,0,0,1,24,2.716666666666667,-1.4,8.2,47.583333333333336,0.0,0.0,0.0,4.583333333333333,7.3374999999999995,12.4,30.2,0,0,0,0,1,0.0,0.0,0.0,0.0,0.0,0.0,0.0,0.0,0.0,0.0,0.0,0.0,0.0,0.0,0.0,0.0,0.0,0.0,0.0,0.0,0.0,0.0,0,0.0,0.0,0,0,,,0
2019-01-19,5,Saturday,0,0,0,,,1397,10,29,1397-10-29,Dey,0,0,0,20,0,0,0,24,1.3625,-1.5,5.5,50.416666666666664,0.8999999999999999,0.0,0.63,33.0,11.025,20.7,41.8,3,0,1,0,1,0.0,0.0,0.0,0.0,0.0,0.0,0.0,0.0,0.0,0.0,0.0,0.0,0.0,0.0,0.0,0.0,0.0,0.0,0.0,0.0,0.0,0.0,0,0.0,0.0,0,0,,,0
2019-01-20,6,Sunday,0,0,0,,,1397,10,30,1397-10-30,Dey,0,0,0,19,0,0,0,24,1.1458333333333333,-2.7,7.4,45.125,0.0,0.0,0.0,0.0,3.9375,8.4,14.4,0,0,0,0,1,0.0,0.0,0.0,0.0,0.0,0.0,0.0,0.0,0.0,0.0,0.0,0.0,0.0,0.0,0.0,0.0,0.0,0.0,0.0,0.0,0.0,0.0,0,0.0,0.0,0,0,,,0
2019-01-21,0,Monday,0,0,0,,,1397,11,1,1397-11-01,Bahman,0,0,0,18,0,0,0,24,1.5041666666666667,-3.3,7.4,42.916666666666664,0.0,0.0,0.0,48.666666666666664,2.766666666666667,3.9,14.8,0,0,0,0,1,0.0,0.0,0.0,0.0,0.0,0.0,0.0,0.0,0.0,0.0,0.0,0.0,0.0,0.0,0.0,0.0,0.0,0.0,0.0,0.0,0.0,0.0,0,0.0,0.0,0,0,,,0
2019-01-22,1,Tuesday,0,0,0,,,1397,11,2,1397-11-02,Bahman,0,0,0,17,0,0,0,24,3.029166666666667,-2.9,11.6,41.916666666666664,0.0,0.0,0.0,2.8333333333333335,3.920833333333333,11.0,16.6,0,0,0,0,1,0.0,0.0,0.0,0.0,0.0,0.0,0.0,0.0,0.0,0.0,0.0,0.0,0.0,0.0,0.0,0.0,0.0,0.0,0.0,0.0,0.0,0.0,0,0.0,0.0,0,0,,,0
2019-01-23,2,Wednesday,0,0,0,,,1397,11,3,1397-11-03,Bahman,0,0,0,16,0,0,0,24,3.7916666666666665,-2.3,10.6,47.666666666666664,0.0,0.0,0.0,17.958333333333332,4.2124999999999995,7.8,16.2,0,0,0,0,1,0.0,0.0,0.0,0.0,0.0,0.0,0.0,0.0,0.0,0.0,0.0,0.0,0.0,0.0,0.0,0.0,0.0,0.0,0.0,0.0,0.0,0.0,0,0.0,0.0,0,0,,,0
2019-01-24,3,Thursday,0,1,0,,,1397,11,4,1397-11-04,Bahman,0,0,0,15,0,0,0,24,4.970833333333333,-0.9,11.9,50.083333333333336,0.0,0.0,0.0,7.666666666666667,3.0041666666666664,6.8,15.1,0,0,0,0,1,0.0,0.0,0.0,0.0,0.0,0.0,0.0,0.0,0.0,0.0,0.0,0.0,0.0,0.0,0.0,0.0,0.0,0.0,0.0,0.0,0.0,0.0,0,0.0,0.0,0,0,,,0
2019-01-25,4,Friday,1,0,0,,,1397,11,5,1397-11-05,Bahman,0,0,0,14,0,0,1,24,5.0,-1.6,12.6,52.625,0.0,0.0,0.0,20.333333333333332,4.083333333333333,6.1,15.5,0,0,0,0,1,0.0,0.0,0.0,0.0,0.0,0.0,0.0,0.0,0.0,0.0,0.0,0.0,0.0,0.0,0.0,0.0,0.0,0.0,0.0,0.0,0.0,0.0,0,0.0,0.0,0,0,,,0
2019-01-26,5,Saturday,0,0,0,,,1397,11,6,1397-11-06,Bahman,0,0,0,13,0,0,0,24,6.295833333333333,-1.3,15.1,57.625,0.0,0.0,0.0,3.625,5.7749999999999995,9.4,16.9,0,0,0,0,1,0.0,0.0,0.0,0.0,0.0,0.0,0.0,0.0,0.0,0.0,0.0,0.0,0.0,0.0,0.0,0.0,0.0,0.0,0.0,0.0,0.0,0.0,0,0.0,0.0,0,0,,,0
2019-01-27,6,Sunday,0,0,0,,,1397,11,7,1397-11-07,Bahman,0,0,0,12,0,0,0,24,6.870833333333334,-0.3,14.1,64.375,1.3,1.3,0.0,84.54166666666667,5.2875000000000005,7.9,22.0,2,0,1,0,1,0.0,0.0,0.0,0.0,0.0,0.0,0.0,0.0,0.0,0.0,0.0,0.0,0.0,0.0,0.0,0.0,0.0,0.0,0.0,0.0,0.0,0.0,0,0.0,0.0,0,0,,,0
2019-01-28,0,Monday,0,0,0,,,1397,11,8,1397-11-08,Bahman,0,0,0,11,0,0,0,24,11.799999999999999,5.9,18.5,58.708333333333336,1.0,1.0,0.0,99.54166666666667,11.245833333333332,22.6,45.7,6,0,1,0,0,0.0,0.0,0.0,0.0,0.0,0.0,0.0,0.0,0.0,0.0,0.0,0.0,0.0,0.0,0.0,0.0,0.0,0.0,0.0,0.0,0.0,0.0,0,0.0,0.0,0,0,,,0
2019-01-29,1,Tuesday,0,0,0,,,1397,11,9,1397-11-09,Bahman,0,0,0,10,0,0,0,24,10.016666666666667,3.8,14.5,42.333333333333336,0.2,0.2,0.0,29.458333333333332,15.258333333333333,30.0,59.0,1,0,1,0,0,0.0,0.0,0.0,0.0,0.0,0.0,0.0,0.0,0.0,0.0,0.0,0.0,0.0,0.0,0.0,0.0,0.0,0.0,0.0,0.0,0.0,0.0,0,0.0,0.0,0,0,,,0
2019-01-30,2,Wednesday,0,0,0,,,1397,11,10,1397-11-10,Bahman,0,0,0,9,0,0,0,24,6.033333333333334,-0.0,12.1,46.041666666666664,0.0,0.0,0.0,23.166666666666668,5.991666666666667,10.8,18.7,0,0,0,0,1,0.0,0.0,0.0,0.0,0.0,0.0,0.0,0.0,0.0,0.0,0.0,0.0,0.0,0.0,0.0,0.0,0.0,0.0,0.0,0.0,0.0,0.0,0,0.0,0.0,0,0,,,0
2019-01-31,3,Thursday,0,1,0,,,1397,11,11,1397-11-11,Bahman,0,0,0,8,0,0,0,24,7.833333333333333,-0.7,17.4,43.375,0.0,0.0,0.0,6.291666666666667,4.566666666666666,9.7,18.4,0,0,0,0,1,0.0,0.0,0.0,0.0,0.0,0.0,0.0,0.0,0.0,0.0,0.0,0.0,0.0,0.0,0.0,0.0,0.0,0.0,0.0,0.0,0.0,0.0,0,0.0,0.0,0,0,,,0
2019-02-01,4,Friday,1,0,0,,,1397,11,12,1397-11-12,Bahman,0,0,0,7,0,0,1,24,7.641666666666667,-0.2,15.9,48.125,0.0,0.0,0.0,48.208333333333336,7.045833333333333,11.0,25.6,0,0,0,0,1,0.0,0.0,0.0,0.0,0.0,0.0,0.0,0.0,0.0,0.0,0.0,0.0,0.0,0.0,0.0,0.0,0.0,0.0,0.0,0.0,0.0,0.0,0,0.0,0.0,0,0,,,0
2019-02-02,5,Saturday,0,0,0,,,1397,11,13,1397-11-13,Bahman,0,0,0,6,0,0,0,24,7.329166666666667,0.3,14.5,52.791666666666664,0.0,0.0,0.0,46.833333333333336,6.195833333333333,11.6,23.8,0,0,0,0,0,0.0,0.0,0.0,0.0,0.0,0.0,0.0,0.0,0.0,0.0,0.0,0.0,0.0,0.0,0.0,0.0,0.0,0.0,0.0,0.0,0.0,0.0,0,0.0,0.0,0,0,,,0
2019-02-03,6,Sunday,0,0,0,,,1397,11,14,1397-11-14,Bahman,0,0,0,5,0,0,0,24,5.758333333333333,1.1,12.2,46.291666666666664,0.1,0.1,0.0,26.083333333333332,11.129166666666668,27.4,53.3,1,0,1,0,0,0.0,0.0,0.0,0.0,0.0,0.0,0.0,0.0,0.0,0.0,0.0,0.0,0.0,0.0,0.0,0.0,0.0,0.0,0.0,0.0,0.0,0.0,0,0.0,0.0,0,0,,,0
2019-02-04,0,Monday,0,0,0,,,1397,11,15,1397-11-15,Bahman,0,0,0,4,0,0,0,24,3.404166666666667,-1.6,8.5,47.291666666666664,0.0,0.0,0.0,32.791666666666664,7.995833333333334,10.8,21.2,0,0,0,0,1,0.0,0.0,0.0,0.0,0.0,0.0,0.0,0.0,0.0,0.0,0.0,0.0,0.0,0.0,0.0,0.0,0.0,0.0,0.0,0.0,0.0,0.0,0,0.0,0.0,0,0,,,0
2019-02-05,1,Tuesday,0,0,0,,,1397,11,16,1397-11-16,Bahman,0,0,0,3,0,0,0,24,3.0041666666666664,-3.2,8.6,43.958333333333336,0.0,0.0,0.0,32.333333333333336,4.608333333333333,11.3,18.0,0,0,0,0,1,0.0,0.0,0.0,0.0,0.0,0.0,0.0,0.0,0.0,0.0,0.0,0.0,0.0,0.0,0.0,0.0,0.0,0.0,0.0,0.0,0.0,0.0,0,0.0,0.0,0,0,,,0
2019-02-06,2,Wednesday,0,0,0,,,1397,11,17,1397-11-17,Bahman,0,0,0,2,0,0,0,24,3.370833333333333,-3.9,10.8,34.416666666666664,0.0,0.0,0.0,0.0,3.475,5.9,18.4,0,0,0,0,1,0.0,0.0,0.0,0.0,0.0,0.0,0.0,0.0,0.0,0.0,0.0,0.0,0.0,0.0,0.0,0.0,0.0,0.0,0.0,0.0,0.0,0.0,0,0.0,0.0,0,0,,,0
2019-02-07,3,Thursday,0,1,0,,,1397,11,18,1397-11-18,Bahman,0,0,0,1,1,0,0,24,4.7375,-3.3,13.6,29.5,0.0,0.0,0.0,43.166666666666664,3.504166666666667,7.4,14.0,0,0,0,0,1,0.0,0.0,0.0,0.0,0.0,0.0,0.0,0.0,0.0,0.0,0.0,0.0,0.0,0.0,0.0,0.0,0.0,0.0,0.0,0.0,0.0,0.0,0,0.0,0.0,0,0,,,0
2019-02-08,4,Friday,1,0,1,Martyrdom of Fatima (estimated),(تخمین زده) کشته‌شدن فاطمه زهرا,1397,11,19,1397-11-19,Bahman,0,0,0,0,0,0,1,24,9.0375,-0.1,16.7,22.625,0.4,0.4,0.0,66.83333333333333,4.533333333333333,10.9,19.4,3,0,1,0,1,0.0,0.0,0.0,0.0,0.0,0.0,0.0,0.0,0.0,0.0,0.0,0.0,0.0,0.0,0.0,0.0,0.0,0.0,0.0,0.0,0.0,0.0,0,0.0,0.0,0,0,,,0
2019-02-09,5,Saturday,0,0,0,,,1397,11,20,1397-11-20,Bahman,0,0,0,1,0,1,0,24,9.170833333333333,5.7,13.3,45.958333333333336,1.7,1.7,0.0,61.208333333333336,3.954166666666667,10.7,33.1,4,0,1,0,0,0.0,0.0,0.0,0.0,0.0,0.0,0.0,0.0,0.0,0.0,0.0,0.0,0.0,0.0,0.0,0.0,0.0,0.0,0.0,0.0,0.0,0.0,0,0.0,0.0,0,0,,,0
2019-02-10,6,Sunday,0,0,0,,,1397,11,21,1397-11-21,Bahman,0,0,0,1,1,0,0,24,8.866666666666667,3.8,15.2,57.75,0.1,0.1,0.0,20.625,7.479166666666667,14.8,29.9,1,0,1,0,0,0.0,0.0,0.0,0.0,0.0,0.0,0.0,0.0,0.0,0.0,0.0,0.0,0.0,0.0,0.0,0.0,0.0,0.0,0.0,0.0,0.0,0.0,0,0.0,0.0,0,0,,,0
2019-02-11,0,Monday,0,0,1,Islamic Revolution Day,پیروزی انقلاب ۵۷,1397,11,22,1397-11-22,Bahman,0,0,0,0,0,0,1,24,6.629166666666666,4.0,10.7,67.75,1.8,1.8,0.0,62.625,4.979166666666667,9.0,25.2,8,0,1,0,0,0.0,0.0,0.0,0.0,0.0,0.0,0.0,0.0,0.0,0.0,0.0,0.0,0.0,0.0,0.0,0.0,0.0,0.0,0.0,0.0,0.0,0.0,0,0.0,0.0,0,0,,,0
2019-02-12,1,Tuesday,0,0,0,,,1397,11,23,1397-11-23,Bahman,0,0,0,1,0,1,0,24,5.7250000000000005,1.8,10.5,58.5,0.1,0.1,0.0,29.583333333333332,11.245833333333332,20.3,36.7,1,0,1,0,0,0.0,0.0,0.0,0.0,0.0,0.0,0.0,0.0,0.0,0.0,0.0,0.0,0.0,0.0,0.0,0.0,0.0,0.0,0.0,0.0,0.0,0.0,0,0.0,0.0,0,0,,,0
2019-02-13,2,Wednesday,0,0,0,,,1397,11,24,1397-11-24,Bahman,0,0,0,2,0,0,0,24,5.2875000000000005,-1.3,12.5,43.416666666666664,0.0,0.0,0.0,10.291666666666666,5.629166666666666,9.3,18.0,0,0,0,0,1,0.0,0.0,0.0,0.0,0.0,0.0,0.0,0.0,0.0,0.0,0.0,0.0,0.0,0.0,0.0,0.0,0.0,0.0,0.0,0.0,0.0,0.0,0,0.0,0.0,0,0,,,0
2019-02-14,3,Thursday,0,1,0,,,1397,11,25,1397-11-25,Bahman,0,0,0,3,0,0,0,24,6.958333333333333,-0.6,14.4,33.791666666666664,0.0,0.0,0.0,0.2916666666666667,4.870833333333334,11.4,18.4,0,0,0,0,1,0.0,0.0,0.0,0.0,0.0,0.0,0.0,0.0,0.0,0.0,0.0,0.0,0.0,0.0,0.0,0.0,0.0,0.0,0.0,0.0,0.0,0.0,0,0.0,0.0,0,0,,,0
2019-02-15,4,Friday,1,0,0,,,1397,11,26,1397-11-26,Bahman,0,0,0,4,0,0,1,24,10.35,2.7,17.8,41.75,0.0,0.0,0.0,10.625,7.095833333333334,18.8,37.8,0,0,0,0,0,0.0,0.0,0.0,0.0,0.0,0.0,0.0,0.0,0.0,0.0,0.0,0.0,0.0,0.0,0.0,0.0,0.0,0.0,0.0,0.0,0.0,0.0,0,0.0,0.0,0,0,,,0
2019-02-16,5,Saturday,0,0,0,,,1397,11,27,1397-11-27,Bahman,0,0,0,5,0,0,0,24,7.845833333333334,2.6,12.9,46.833333333333336,0.0,0.0,0.0,23.458333333333332,13.4625,30.1,56.2,0,0,0,0,0,0.0,0.0,0.0,0.0,0.0,0.0,0.0,0.0,0.0,0.0,0.0,0.0,0.0,0.0,0.0,0.0,0.0,0.0,0.0,0.0,0.0,0.0,0,0.0,0.0,0,0,,,0
2019-02-17,6,Sunday,0,0,0,,,1397,11,28,1397-11-28,Bahman,0,0,0,6,0,0,0,24,5.558333333333334,-0.4,12.1,41.833333333333336,0.5,0.5,0.0,18.083333333333332,11.345833333333333,26.3,51.1,4,0,1,0,1,0.0,0.0,0.0,0.0,0.0,0.0,0.0,0.0,0.0,0.0,0.0,0.0,0.0,0.0,0.0,0.0,0.0,0.0,0.0,0.0,0.0,0.0,0,0.0,0.0,0,0,,,0
2019-02-18,0,Monday,0,0,0,,,1397,11,29,1397-11-29,Bahman,0,0,0,7,0,0,0,24,4.970833333333333,-1.0,11.8,41.583333333333336,0.0,0.0,0.0,16.0,10.141666666666667,22.3,41.8,0,0,0,0,1,0.0,0.0,0.0,0.0,0.0,0.0,0.0,0.0,0.0,0.0,0.0,0.0,0.0,0.0,0.0,0.0,0.0,0.0,0.0,0.0,0.0,0.0,0,0.0,0.0,0,0,,,0
2019-02-19,1,Tuesday,0,0,0,,,1397,11,30,1397-11-30,Bahman,0,0,0,8,0,0,0,24,5.4750000000000005,-1.7,11.9,33.833333333333336,0.0,0.0,0.0,20.291666666666668,10.395833333333334,19.4,33.5,0,0,0,0,1,0.0,0.0,0.0,0.0,0.0,0.0,0.0,0.0,0.0,0.0,0.0,0.0,0.0,0.0,0.0,0.0,0.0,0.0,0.0,0.0,0.0,0.0,0,0.0,0.0,0,0,,,0
2019-02-20,2,Wednesday,0,0,0,,,1397,12,1,1397-12-01,Esfand,0,0,0,9,0,0,0,24,5.270833333333333,-0.4,11.1,35.375,0.0,0.0,0.0,1.7916666666666667,6.637499999999999,12.1,24.8,0,0,0,0,1,0.0,0.0,0.0,0.0,0.0,0.0,0.0,0.0,0.0,0.0,0.0,0.0,0.0,0.0,0.0,0.0,0.0,0.0,0.0,0.0,0.0,0.0,0,0.0,0.0,0,0,,,0
2019-02-21,3,Thursday,0,1,0,,,1397,12,2,1397-12-02,Esfand,0,0,0,10,0,0,0,24,5.6625000000000005,-1.1,13.3,30.833333333333332,0.0,0.0,0.0,12.75,6.054166666666667,9.8,20.9,0,0,0,0,1,0.0,0.0,0.0,0.0,0.0,0.0,0.0,0.0,0.0,0.0,0.0,0.0,0.0,0.0,0.0,0.0,0.0,0.0,0.0,0.0,0.0,0.0,0,0.0,0.0,0,0,,,0
2019-02-22,4,Friday,1,0,0,,,1397,12,3,1397-12-03,Esfand,0,0,0,11,0,0,1,24,6.466666666666666,-0.6,13.2,27.958333333333332,0.0,0.0,0.0,33.458333333333336,8.079166666666667,12.2,27.7,0,0,0,0,1,0.0,0.0,0.0,0.0,0.0,0.0,0.0,0.0,0.0,0.0,0.0,0.0,0.0,0.0,0.0,0.0,0.0,0.0,0.0,0.0,0.0,0.0,0,0.0,0.0,0,0,,,0
2019-02-23,5,Saturday,0,0,0,,,1397,12,4,1397-12-04,Esfand,0,0,0,12,0,0,0,24,6.7250000000000005,-1.4,13.2,33.333333333333336,0.0,0.0,0.0,26.125,4.3500000000000005,8.2,15.1,0,0,0,0,1,0.0,0.0,0.0,0.0,0.0,0.0,0.0,0.0,0.0,0.0,0.0,0.0,0.0,0.0,0.0,0.0,0.0,0.0,0.0,0.0,0.0,0.0,0,0.0,0.0,0,0,,,0
2019-02-24,6,Sunday,0,0,0,,,1397,12,5,1397-12-05,Esfand,0,0,0,13,0,0,0,24,8.591666666666667,1.9,13.8,38.041666666666664,0.4,0.4,0.0,32.583333333333336,4.029166666666667,7.6,23.4,4,0,1,0,0,0.0,0.0,0.0,0.0,0.0,0.0,0.0,0.0,0.0,0.0,0.0,0.0,0.0,0.0,0.0,0.0,0.0,0.0,0.0,0.0,0.0,0.0,0,0.0,0.0,0,0,,,0
2019-02-25,0,Monday,0,0,0,,,1397,12,6,1397-12-06,Esfand,0,0,0,14,0,0,0,24,7.783333333333332,2.5,13.3,41.75,0.0,0.0,0.0,18.583333333333332,9.225,15.6,35.6,0,0,0,0,0,0.0,0.0,0.0,0.0,0.0,0.0,0.0,0.0,0.0,0.0,0.0,0.0,0.0,0.0,0.0,0.0,0.0,0.0,0.0,0.0,0.0,0.0,0,0.0,0.0,0,0,,,0
2019-02-26,1,Tuesday,0,0,0,,,1397,12,7,1397-12-07,Esfand,0,0,0,15,0,0,0,24,7.695833333333333,-1.2,16.8,33.333333333333336,0.0,0.0,0.0,2.3333333333333335,7.25,19.7,37.1,0,0,0,0,1,0.0,0.0,0.0,0.0,0.0,0.0,0.0,0.0,0.0,0.0,0.0,0.0,0.0,0.0,0.0,0.0,0.0,0.0,0.0,0.0,0.0,0.0,0,0.0,0.0,0,0,,,0
2019-02-27,2,Wednesday,0,0,0,,,1397,12,8,1397-12-08,Esfand,0,0,0,16,0,0,0,24,9.3375,2.8,17.0,35.916666666666664,0.6,0.6,0.0,28.25,13.458333333333334,32.6,61.9,2,0,1,0,0,0.0,0.0,0.0,0.0,0.0,0.0,0.0,0.0,0.0,0.0,0.0,0.0,0.0,0.0,0.0,0.0,0.0,0.0,0.0,0.0,0.0,0.0,0,0.0,0.0,0,0,,,0
2019-02-28,3,Thursday,0,1,0,,,1397,12,9,1397-12-09,Esfand,0,0,0,17,0,0,0,24,9.924999999999999,5.2,15.1,33.958333333333336,0.0,0.0,0.0,11.5,13.85,26.2,53.6,0,0,0,0,0,0.0,0.0,0.0,0.0,0.0,0.0,0.0,0.0,0.0,0.0,0.0,0.0,0.0,0.0,0.0,0.0,0.0,0.0,0.0,0.0,0.0,0.0,0,0.0,0.0,0,0,,,0
2019-03-01,4,Friday,1,0,0,,,1397,12,10,1397-12-10,Esfand,0,0,0,18,0,0,1,24,5.3,1.2,10.1,49.916666666666664,0.4,0.4,0.0,49.041666666666664,9.829166666666667,19.3,37.1,3,0,1,0,0,0.0,0.0,0.0,0.0,0.0,0.0,0.0,0.0,0.0,0.0,0.0,0.0,0.0,0.0,0.0,0.0,0.0,0.0,0.0,0.0,0.0,0.0,0,0.0,0.0,0,0,,,0
2019-03-02,5,Saturday,0,0,0,,,1397,12,11,1397-12-11,Esfand,0,0,0,18,0,0,0,24,3.891666666666667,-4.7,13.2,38.833333333333336,0.0,0.0,0.0,1.4166666666666667,7.508333333333333,10.3,21.2,0,0,0,0,1,0.0,0.0,0.0,0.0,0.0,0.0,0.0,0.0,0.0,0.0,0.0,0.0,0.0,0.0,0.0,0.0,0.0,0.0,0.0,0.0,0.0,0.0,0,0.0,0.0,0,0,,,0
2019-03-03,6,Sunday,0,0,0,,,1397,12,12,1397-12-12,Esfand,0,0,0,17,0,0,0,24,6.6000000000000005,-1.2,15.2,28.5,0.0,0.0,0.0,0.0,7.358333333333333,11.9,24.1,0,0,0,0,1,0.0,0.0,0.0,0.0,0.0,0.0,0.0,0.0,0.0,0.0,0.0,0.0,0.0,0.0,0.0,0.0,0.0,0.0,0.0,0.0,0.0,0.0,0,0.0,0.0,0,0,,,0
2019-03-04,0,Monday,0,0,0,,,1397,12,13,1397-12-13,Esfand,0,0,0,16,0,0,0,24,7.566666666666666,-1.6,16.3,20.25,0.0,0.0,0.0,0.041666666666666664,10.4,20.1,38.9,0,0,0,0,1,0.0,0.0,0.0,0.0,0.0,0.0,0.0,0.0,0.0,0.0,0.0,0.0,0.0,0.0,0.0,0.0,0.0,0.0,0.0,0.0,0.0,0.0,0,0.0,0.0,0,0,,,0
2019-03-05,1,Tuesday,0,0,0,,,1397,12,14,1397-12-14,Esfand,0,0,0,15,0,0,0,24,8.491666666666667,1.0,15.3,27.875,0.0,0.0,0.0,3.0416666666666665,8.716666666666667,17.5,33.5,0,0,0,0,0,0.0,0.0,0.0,0.0,0.0,0.0,0.0,0.0,0.0,0.0,0.0,0.0,0.0,0.0,0.0,0.0,0.0,0.0,0.0,0.0,0.0,0.0,0,0.0,0.0,0,0,,,0
2019-03-06,2,Wednesday,0,0,0,,,1397,12,15,1397-12-15,Esfand,0,0,0,14,0,0,0,24,8.208333333333334,0.5,14.3,23.25,0.0,0.0,0.0,80.70833333333333,6.041666666666667,13.7,27.7,0,0,0,0,0,0.0,0.0,0.0,0.0,0.0,0.0,0.0,0.0,0.0,0.0,0.0,0.0,0.0,0.0,0.0,0.0,0.0,0.0,0.0,0.0,0.0,0.0,0,0.0,0.0,0,0,,,0
2019-03-07,3,Thursday,0,1,0,,,1397,12,16,1397-12-16,Esfand,0,0,0,13,0,0,0,24,9.008333333333333,1.7,16.2,20.916666666666668,0.0,0.0,0.0,2.4166666666666665,9.158333333333333,14.3,27.0,0,0,0,0,0,0.0,0.0,0.0,0.0,0.0,0.0,0.0,0.0,0.0,0.0,0.0,0.0,0.0,0.0,0.0,0.0,0.0,0.0,0.0,0.0,0.0,0.0,0,0.0,0.0,0,0,,,0
2019-03-08,4,Friday,1,0,0,,,1397,12,17,1397-12-17,Esfand,0,0,0,12,0,0,1,24,8.820833333333333,0.6,16.1,31.166666666666668,0.2,0.2,0.0,31.791666666666668,7.941666666666666,14.0,28.1,1,0,1,0,0,0.0,0.0,0.0,0.0,0.0,0.0,0.0,0.0,0.0,0.0,0.0,0.0,0.0,0.0,0.0,0.0,0.0,0.0,0.0,0.0,0.0,0.0,0,0.0,0.0,0,0,,,0
2019-03-09,5,Saturday,0,0,0,,,1397,12,18,1397-12-18,Esfand,0,0,0,11,0,0,0,24,5.8625,4.3,7.8,58.5,2.4,2.4,0.0,77.08333333333333,14.958333333333334,23.0,42.5,10,0,1,0,0,0.0,0.0,0.0,0.0,0.0,0.0,0.0,0.0,0.0,0.0,0.0,0.0,0.0,0.0,0.0,0.0,0.0,0.0,0.0,0.0,0.0,0.0,0,0.0,0.0,0,0,,,0
2019-03-10,6,Sunday,0,0,0,,,1397,12,19,1397-12-19,Esfand,0,0,0,10,0,0,0,24,7.5125,-0.5,14.3,43.416666666666664,0.0,0.0,0.0,4.916666666666667,5.004166666666666,9.2,19.1,0,0,0,0,1,0.0,0.0,0.0,0.0,0.0,0.0,0.0,0.0,0.0,0.0,0.0,0.0,0.0,0.0,0.0,0.0,0.0,0.0,0.0,0.0,0.0,0.0,0,0.0,0.0,0,0,,,0
2019-03-11,0,Monday,0,0,0,,,1397,12,20,1397-12-20,Esfand,0,0,0,9,0,0,0,24,9.445833333333333,1.6,16.3,23.625,0.0,0.0,0.0,64.04166666666667,6.575,11.9,28.4,0,0,0,0,0,0.0,0.0,0.0,0.0,0.0,0.0,0.0,0.0,0.0,0.0,0.0,0.0,0.0,0.0,0.0,0.0,0.0,0.0,0.0,0.0,0.0,0.0,0,0.0,0.0,0,0,,,0
2019-03-12,1,Tuesday,0,0,0,,,1397,12,21,1397-12-21,Esfand,0,0,0,8,0,0,0,24,10.270833333333334,3.8,17.1,26.5,0.0,0.0,0.0,7.0,8.754166666666666,12.4,23.8,0,0,0,0,0,0.0,0.0,0.0,0.0,0.0,0.0,0.0,0.0,0.0,0.0,0.0,0.0,0.0,0.0,0.0,0.0,0.0,0.0,0.0,0.0,0.0,0.0,0,0.0,0.0,0,0,,,0
2019-03-13,2,Wednesday,0,0,0,,,1397,12,22,1397-12-22,Esfand,0,0,0,7,0,0,0,24,11.833333333333334,2.3,20.7,16.791666666666668,0.0,0.0,0.0,29.291666666666668,4.425,9.4,18.0,0,0,0,0,0,0.0,0.0,0.0,0.0,0.0,0.0,0.0,0.0,0.0,0.0,0.0,0.0,0.0,0.0,0.0,0.0,0.0,0.0,0.0,0.0,0.0,0.0,0,0.0,0.0,0,0,,,0
2019-03-14,3,Thursday,0,1,0,,,1397,12,23,1397-12-23,Esfand,0,0,0,6,0,0,0,24,11.908333333333333,6.9,18.1,26.666666666666668,0.1,0.1,0.0,82.29166666666667,8.058333333333334,17.0,36.0,1,0,1,0,0,0.0,0.0,0.0,0.0,0.0,0.0,0.0,0.0,0.0,0.0,0.0,0.0,0.0,0.0,0.0,0.0,0.0,0.0,0.0,0.0,0.0,0.0,0,0.0,0.0,0,0,,,0
2019-03-15,4,Friday,1,0,0,,,1397,12,24,1397-12-24,Esfand,0,0,0,5,0,0,1,24,10.841666666666667,6.2,16.3,40.291666666666664,0.5,0.5,0.0,40.875,13.791666666666666,30.2,61.9,2,0,1,0,0,0.0,0.0,0.0,0.0,0.0,0.0,0.0,0.0,0.0,0.0,0.0,0.0,0.0,0.0,0.0,0.0,0.0,0.0,0.0,0.0,0.0,0.0,0,0.0,0.0,0,0,,,0
2019-03-16,5,Saturday,0,0,0,,,1397,12,25,1397-12-25,Esfand,0,0,0,4,0,0,0,24,10.549999999999999,1.9,19.5,38.708333333333336,0.0,0.0,0.0,5.041666666666667,7.733333333333333,17.6,36.0,0,0,0,0,0,0.0,0.0,0.0,0.0,0.0,0.0,0.0,0.0,0.0,0.0,0.0,0.0,0.0,0.0,0.0,0.0,0.0,0.0,0.0,0.0,0.0,0.0,0,0.0,0.0,0,0,,,0
2019-03-17,6,Sunday,0,0,0,,,1397,12,26,1397-12-26,Esfand,0,0,0,3,0,0,0,24,9.841666666666667,4.9,16.5,40.791666666666664,0.9,0.9,0.0,43.75,14.6875,35.6,70.9,3,0,1,0,0,0.0,0.0,0.0,0.0,0.0,0.0,0.0,0.0,0.0,0.0,0.0,0.0,0.0,0.0,0.0,0.0,0.0,0.0,0.0,0.0,0.0,0.0,0,0.0,0.0,0,0,,,0
2019-03-18,0,Monday,0,0,0,,,1397,12,27,1397-12-27,Esfand,0,0,0,2,0,0,0,24,8.566666666666666,3.5,13.8,34.0,0.2,0.2,0.0,14.75,16.45,31.4,61.6,1,0,1,0,0,0.0,0.0,0.0,0.0,0.0,0.0,0.0,0.0,0.0,0.0,0.0,0.0,0.0,0.0,0.0,0.0,0.0,0.0,0.0,0.0,0.0,0.0,0,0.0,0.0,0,0,,,0
2019-03-19,1,Tuesday,0,0,0,,,1397,12,28,1397-12-28,Esfand,0,0,0,1,1,0,0,24,8.387500000000001,-0.6,16.3,33.541666666666664,0.0,0.0,0.0,1.375,5.233333333333333,8.5,17.6,0,0,0,0,1,0.0,0.0,0.0,0.0,0.0,0.0,0.0,0.0,0.0,0.0,0.0,0.0,0.0,0.0,0.0,0.0,0.0,0.0,0.0,0.0,0.0,0.0,0,0.0,0.0,0,0,,,0
2019-03-20,2,Wednesday,0,0,1,Birthday of Ali (estimated); Iranian Oil Industry Nationalization Day,(تخمین زده) زادروز علی بن ابی‌طالب; ملی‌شدن صنعت نفت,1397,12,29,1397-12-29,Esfand,0,0,0,0,1,0,1,24,10.341666666666667,2.2,17.8,22.041666666666668,0.0,0.0,0.0,3.5416666666666665,8.2125,17.0,38.2,0,0,0,0,0,0.0,0.0,0.0,0.0,0.0,0.0,0.0,0.0,0.0,0.0,0.0,0.0,0.0,0.0,0.0,0.0,0.0,0.0,0.0,0.0,0.0,0.0,0,0.0,0.0,0,0,,,0
2019-03-21,3,Thursday,0,1,1,Persian New Year,نوروز,1398,1,1,1398-01-01,Farvardin,1,1,0,0,1,1,1,24,9.674999999999999,1.9,17.2,27.625,0.0,0.0,0.0,0.7916666666666666,9.654166666666667,22.2,43.2,0,0,0,0,0,0.0,0.0,0.0,0.0,0.0,0.0,0.0,0.0,0.0,0.0,0.0,0.0,0.0,0.0,0.0,0.0,0.0,0.0,0.0,0.0,0.0,0.0,0,0.0,0.0,0,0,,,0
2019-03-22,4,Friday,1,0,1,Persian New Year,نوروز,1398,1,2,1398-01-02,Farvardin,1,1,0,0,1,1,1,24,9.887500000000001,1.1,17.0,23.041666666666668,0.0,0.0,0.0,3.375,6.5125,12.2,20.5,0,0,0,0,0,0.0,0.0,0.0,0.0,0.0,0.0,0.0,0.0,0.0,0.0,0.0,0.0,0.0,0.0,0.0,0.0,0.0,0.0,0.0,0.0,0.0,0.0,0,0.0,0.0,0,0,,,0
2019-03-23,5,Saturday,0,0,1,Persian New Year,نوروز,1398,1,3,1398-01-03,Farvardin,1,1,0,0,1,1,1,24,12.004166666666668,3.0,19.8,20.333333333333332,0.0,0.0,0.0,19.291666666666668,6.558333333333334,13.4,29.2,0,0,0,0,0,0.0,0.0,0.0,0.0,0.0,0.0,0.0,0.0,0.0,0.0,0.0,0.0,0.0,0.0,0.0,0.0,0.0,0.0,0.0,0.0,0.0,0.0,0,0.0,0.0,0,0,,,0
2019-03-24,6,Sunday,0,0,1,Persian New Year,نوروز,1398,1,4,1398-01-04,Farvardin,1,1,0,0,0,1,1,24,14.479166666666666,9.2,19.4,31.541666666666668,0.5,0.5,0.0,88.79166666666667,8.1875,16.5,38.9,2,0,1,0,0,0.0,0.0,0.0,0.0,0.0,0.0,0.0,0.0,0.0,0.0,0.0,0.0,0.0,0.0,0.0,0.0,0.0,0.0,0.0,0.0,0.0,0.0,0,0.0,0.0,0,0,,,0
2019-03-25,0,Monday,0,0,0,,,1398,1,5,1398-01-05,Farvardin,1,0,0,1,0,1,0,24,13.670833333333334,11.5,16.7,61.833333333333336,7.7,7.7,0.0,99.33333333333333,11.883333333333333,22.9,63.0,11,0,1,0,0,0.0,0.0,0.0,0.0,0.0,0.0,0.0,0.0,0.0,0.0,0.0,0.0,0.0,0.0,0.0,0.0,0.0,0.0,0.0,0.0,0.0,0.0,0,0.0,0.0,0,0,,,0
2019-03-26,1,Tuesday,0,0,0,,,1398,1,6,1398-01-06,Farvardin,1,0,0,2,0,0,0,24,11.204166666666666,8.0,14.6,77.54166666666667,7.6,7.6,0.0,69.08333333333333,9.275,18.4,54.4,11,0,1,0,0,0.0,0.0,0.0,0.0,0.0,0.0,0.0,0.0,0.0,0.0,0.0,0.0,0.0,0.0,0.0,0.0,0.0,0.0,0.0,0.0,0.0,0.0,0,0.0,0.0,0,0,,,0
2019-03-27,2,Wednesday,0,0,0,,,1398,1,7,1398-01-07,Farvardin,1,0,0,3,0,0,0,24,11.216666666666667,6.0,17.1,47.583333333333336,0.0,0.0,0.0,0.75,9.775,14.5,32.4,0,0,0,0,0,0.0,0.0,0.0,0.0,0.0,0.0,0.0,0.0,0.0,0.0,0.0,0.0,0.0,0.0,0.0,0.0,0.0,0.0,0.0,0.0,0.0,0.0,0,0.0,0.0,0,0,,,0
2019-03-28,3,Thursday,0,1,0,,,1398,1,8,1398-01-08,Farvardin,1,0,0,4,0,0,0,24,9.104166666666666,4.8,13.7,52.083333333333336,0.9,0.9,0.0,18.708333333333332,8.612499999999999,18.0,46.1,4,0,1,0,0,0.0,0.0,0.0,0.0,0.0,0.0,0.0,0.0,0.0,0.0,0.0,0.0,0.0,0.0,0.0,0.0,0.0,0.0,0.0,0.0,0.0,0.0,0,0.0,0.0,0,0,,,0
2019-03-29,4,Friday,1,0,0,,,1398,1,9,1398-01-09,Farvardin,1,0,0,3,0,0,1,24,9.591666666666667,2.7,16.8,48.375,0.0,0.0,0.0,27.958333333333332,7.029166666666666,11.6,20.5,0,0,0,0,0,0.0,0.0,0.0,0.0,0.0,0.0,0.0,0.0,0.0,0.0,0.0,0.0,0.0,0.0,0.0,0.0,0.0,0.0,0.0,0.0,0.0,0.0,0,0.0,0.0,0,0,,,0
2019-03-30,5,Saturday,0,0,0,,,1398,1,10,1398-01-10,Farvardin,1,0,0,2,0,0,0,24,12.424999999999999,7.1,18.3,50.375,3.0,3.0,0.0,62.166666666666664,4.3500000000000005,11.5,25.9,6,0,1,0,0,0.0,0.0,0.0,0.0,0.0,0.0,0.0,0.0,0.0,0.0,0.0,0.0,0.0,0.0,0.0,0.0,0.0,0.0,0.0,0.0,0.0,0.0,0,0.0,0.0,0,0,,,0
2019-03-31,6,Sunday,0,0,0,,,1398,1,11,1398-01-11,Farvardin,1,0,0,1,1,0,0,24,12.258333333333333,7.4,17.9,68.29166666666667,1.0,1.0,0.0,90.45833333333333,8.091666666666667,14.3,40.0,4,0,1,0,0,0.0,0.0,0.0,0.0,0.0,0.0,0.0,0.0,0.0,0.0,0.0,0.0,0.0,0.0,0.0,0.0,0.0,0.0,0.0,0.0,0.0,0.0,0,0.0,0.0,0,0,,,0
2019-04-01,0,Monday,0,0,1,Islamic Republic Day,روز جمهوری اسلامی,1398,1,12,1398-01-12,Farvardin,1,0,0,0,1,0,1,24,13.829166666666666,12.0,16.8,61.875,0.30000000000000004,0.30000000000000004,0.0,88.70833333333333,24.025000000000002,30.8,58.7,2,0,1,0,0,0.0,0.0,0.0,0.0,0.0,0.0,0.0,0.0,0.0,0.0,0.0,0.0,0.0,0.0,0.0,0.0,0.0,0.0,0.0,0.0,0.0,0.0,0,0.0,0.0,0,0,,,0
2019-04-02,1,Tuesday,0,0,1,Nature's Day,روز طبیعت,1398,1,13,1398-01-13,Farvardin,1,0,0,0,1,1,1,24,13.045833333333334,8.0,19.7,29.125,0.0,0.0,0.0,7.916666666666667,13.795833333333334,24.5,50.0,0,0,0,0,0,0.0,0.0,0.0,0.0,0.0,0.0,0.0,0.0,0.0,0.0,0.0,0.0,0.0,0.0,0.0,0.0,0.0,0.0,0.0,0.0,0.0,0.0,0,0.0,0.0,0,0,,,0
2019-04-03,2,Wednesday,0,0,1,Isra' and Mi'raj (estimated),(تخمین زده) مبعث,1398,1,14,1398-01-14,Farvardin,0,0,0,0,0,1,1,24,12.666666666666666,5.5,20.5,34.333333333333336,0.3,0.3,0.0,21.75,7.570833333333333,20.3,41.0,1,0,1,0,0,0.0,0.0,0.0,0.0,0.0,0.0,0.0,0.0,0.0,0.0,0.0,0.0,0.0,0.0,0.0,0.0,0.0,0.0,0.0,0.0,0.0,0.0,0,0.0,0.0,0,0,,,0
2019-04-04,3,Thursday,0,1,0,,,1398,1,15,1398-01-15,Farvardin,0,0,0,1,0,1,0,24,14.583333333333334,8.7,22.0,43.416666666666664,0.2,0.2,0.0,26.583333333333332,8.516666666666667,19.6,35.6,1,0,1,0,0,0.0,0.0,0.0,0.0,0.0,0.0,0.0,0.0,0.0,0.0,0.0,0.0,0.0,0.0,0.0,0.0,0.0,0.0,0.0,0.0,0.0,0.0,0,0.0,0.0,0,0,,,0
2019-04-05,4,Friday,1,0,0,,,1398,1,16,1398-01-16,Farvardin,0,0,0,2,0,0,1,24,16.837500000000002,8.5,24.4,28.375,0.0,0.0,0.0,66.5,5.408333333333334,10.3,26.6,0,0,0,0,0,0.0,0.0,0.0,0.0,0.0,0.0,0.0,0.0,0.0,0.0,0.0,0.0,0.0,0.0,0.0,0.0,0.0,0.0,0.0,0.0,0.0,0.0,0,0.0,0.0,0,0,,,0
2019-04-06,5,Saturday,0,0,0,,,1398,1,17,1398-01-17,Farvardin,0,0,0,3,0,0,0,24,16.754166666666666,10.7,22.0,45.541666666666664,3.3000000000000003,3.3000000000000003,0.0,83.75,10.566666666666666,19.7,46.1,5,0,1,0,0,0.0,0.0,0.0,0.0,0.0,0.0,0.0,0.0,0.0,0.0,0.0,0.0,0.0,0.0,0.0,0.0,0.0,0.0,0.0,0.0,0.0,0.0,0,0.0,0.0,0,0,,,0
2019-04-07,6,Sunday,0,0,0,,,1398,1,18,1398-01-18,Farvardin,0,0,0,4,0,0,0,24,15.5,12.0,19.7,61.416666666666664,0.7999999999999999,0.7999999999999999,0.0,91.66666666666667,6.916666666666667,13.6,38.5,3,0,1,0,0,0.0,0.0,0.0,0.0,0.0,0.0,0.0,0.0,0.0,0.0,0.0,0.0,0.0,0.0,0.0,0.0,0.0,0.0,0.0,0.0,0.0,0.0,0,0.0,0.0,0,0,,,0
2019-04-08,0,Monday,0,0,0,,,1398,1,19,1398-01-19,Farvardin,0,0,0,5,0,0,0,24,16.333333333333332,11.5,22.2,45.583333333333336,0.7,0.7,0.0,38.125,11.779166666666667,20.8,38.2,3,0,1,0,0,0.0,0.0,0.0,0.0,0.0,0.0,0.0,0.0,0.0,0.0,0.0,0.0,0.0,0.0,0.0,0.0,0.0,0.0,0.0,0.0,0.0,0.0,0,0.0,0.0,0,0,,,0
2019-04-09,1,Tuesday,0,0,0,,,1398,1,20,1398-01-20,Farvardin,0,0,0,6,0,0,0,24,11.9375,6.5,18.3,59.708333333333336,4.5,4.5,0.0,49.833333333333336,5.941666666666666,11.9,26.6,6,0,1,0,0,0.0,0.0,0.0,0.0,0.0,0.0,0.0,0.0,0.0,0.0,0.0,0.0,0.0,0.0,0.0,0.0,0.0,0.0,0.0,0.0,0.0,0.0,0,0.0,0.0,0,0,,,0
2019-04-10,2,Wednesday,0,0,0,,,1398,1,21,1398-01-21,Farvardin,0,0,0,7,0,0,0,24,14.4125,6.3,21.6,54.791666666666664,0.0,0.0,0.0,16.375,6.541666666666667,9.2,22.7,0,0,0,0,0,0.0,0.0,0.0,0.0,0.0,0.0,0.0,0.0,0.0,0.0,0.0,0.0,0.0,0.0,0.0,0.0,0.0,0.0,0.0,0.0,0.0,0.0,0,0.0,0.0,0,0,,,0
2019-04-11,3,Thursday,0,1,0,,,1398,1,22,1398-01-22,Farvardin,0,0,0,8,0,0,0,24,16.833333333333332,9.7,23.3,37.833333333333336,0.0,0.0,0.0,11.791666666666666,7.175,9.4,21.6,0,0,0,0,0,0.0,0.0,0.0,0.0,0.0,0.0,0.0,0.0,0.0,0.0,0.0,0.0,0.0,0.0,0.0,0.0,0.0,0.0,0.0,0.0,0.0,0.0,0,0.0,0.0,0,0,,,0
2019-04-12,4,Friday,1,0,0,,,1398,1,23,1398-01-23,Farvardin,0,0,0,8,0,0,1,24,14.666666666666666,10.0,20.4,40.125,1.4,1.4,0.0,65.875,7.579166666666667,20.0,38.9,2,0,1,0,0,0.0,0.0,0.0,0.0,0.0,0.0,0.0,0.0,0.0,0.0,0.0,0.0,0.0,0.0,0.0,0.0,0.0,0.0,0.0,0.0,0.0,0.0,0,0.0,0.0,0,0,,,0
2019-04-13,5,Saturday,0,0,0,,,1398,1,24,1398-01-24,Farvardin,0,0,0,7,0,0,0,24,14.174999999999999,7.5,19.7,46.791666666666664,0.0,0.0,0.0,90.33333333333333,5.879166666666666,10.5,19.8,0,0,0,0,0,0.0,0.0,0.0,0.0,0.0,0.0,0.0,0.0,0.0,0.0,0.0,0.0,0.0,0.0,0.0,0.0,0.0,0.0,0.0,0.0,0.0,0.0,0,0.0,0.0,0,0,,,0
2019-04-14,6,Sunday,0,0,0,,,1398,1,25,1398-01-25,Farvardin,0,0,0,6,0,0,0,24,16.041666666666668,10.5,22.4,33.666666666666664,0.0,0.0,0.0,51.416666666666664,12.333333333333334,23.2,43.9,0,0,0,0,0,0.0,0.0,0.0,0.0,0.0,0.0,0.0,0.0,0.0,0.0,0.0,0.0,0.0,0.0,0.0,0.0,0.0,0.0,0.0,0.0,0.0,0.0,0,0.0,0.0,0,0,,,0
2019-04-15,0,Monday,0,0,0,,,1398,1,26,1398-01-26,Farvardin,0,0,0,5,0,0,0,24,16.583333333333332,6.9,25.1,22.083333333333332,0.0,0.0,0.0,10.666666666666666,15.083333333333334,32.8,59.8,0,0,0,0,0,0.0,0.0,0.0,0.0,0.0,0.0,0.0,0.0,0.0,0.0,0.0,0.0,0.0,0.0,0.0,0.0,0.0,0.0,0.0,0.0,0.0,0.0,0,0.0,0.0,0,0,,,0
2019-04-16,1,Tuesday,0,0,0,,,1398,1,27,1398-01-27,Farvardin,0,0,0,4,0,0,0,24,17.983333333333334,9.8,25.9,21.333333333333332,0.0,0.0,0.0,49.25,10.729166666666666,23.7,48.6,0,0,0,0,0,0.0,0.0,0.0,0.0,0.0,0.0,0.0,0.0,0.0,0.0,0.0,0.0,0.0,0.0,0.0,0.0,0.0,0.0,0.0,0.0,0.0,0.0,0,0.0,0.0,0,0,,,0
2019-04-17,2,Wednesday,0,0,0,,,1398,1,28,1398-01-28,Farvardin,0,0,0,3,0,0,0,24,19.3,11.2,26.8,22.541666666666668,0.0,0.0,0.0,7.958333333333333,12.541666666666666,26.5,56.2,0,0,0,0,0,0.0,0.0,0.0,0.0,0.0,0.0,0.0,0.0,0.0,0.0,0.0,0.0,0.0,0.0,0.0,0.0,0.0,0.0,0.0,0.0,0.0,0.0,0,0.0,0.0,0,0,,,0
2019-04-18,3,Thursday,0,1,0,,,1398,1,29,1398-01-29,Farvardin,0,0,0,2,0,0,0,24,17.779166666666665,14.2,22.0,36.458333333333336,0.30000000000000004,0.30000000000000004,0.0,69.04166666666667,11.004166666666668,16.9,47.5,3,0,1,0,0,0.0,0.0,0.0,0.0,0.0,0.0,0.0,0.0,0.0,0.0,0.0,0.0,0.0,0.0,0.0,0.0,0.0,0.0,0.0,0.0,0.0,0.0,0,0.0,0.0,0,0,,,0
2019-04-19,4,Friday,1,0,0,,,1398,1,30,1398-01-30,Farvardin,0,0,0,1,1,0,1,24,18.329166666666666,13.3,24.8,34.791666666666664,0.0,0.0,0.0,23.125,16.608333333333334,32.3,63.4,0,0,0,0,0,0.0,0.0,0.0,0.0,0.0,0.0,0.0,0.0,0.0,0.0,0.0,0.0,0.0,0.0,0.0,0.0,0.0,0.0,0.0,0.0,0.0,0.0,0,0.0,0.0,0,0,,,0
2019-04-20,5,Saturday,0,0,1,Birthday of Mahdi (estimated),(تخمین زده) زادروز حجت بن الحسن,1398,1,31,1398-01-31,Farvardin,0,0,0,0,0,0,1,24,17.295833333333334,11.6,23.3,30.666666666666668,0.0,0.0,0.0,7.375,14.120833333333332,33.1,66.6,0,0,0,0,0,0.0,0.0,0.0,0.0,0.0,0.0,0.0,0.0,0.0,0.0,0.0,0.0,0.0,0.0,0.0,0.0,0.0,0.0,0.0,0.0,0.0,0.0,0,0.0,0.0,0,0,,,0
2019-04-21,6,Sunday,0,0,0,,,1398,2,1,1398-02-01,Ordibehesht,0,0,0,1,0,1,0,24,16.558333333333334,8.0,24.3,29.458333333333332,0.0,0.0,0.0,1.5,10.533333333333333,24.6,48.2,0,0,0,0,0,0.0,0.0,0.0,0.0,0.0,0.0,0.0,0.0,0.0,0.0,0.0,0.0,0.0,0.0,0.0,0.0,0.0,0.0,0.0,0.0,0.0,0.0,0,0.0,0.0,0,0,,,0
2019-04-22,0,Monday,0,0,0,,,1398,2,2,1398-02-02,Ordibehesht,0,0,0,2,0,0,0,24,15.708333333333334,9.3,21.5,23.291666666666668,0.0,0.0,0.0,9.5,15.4,34.7,69.8,0,0,0,0,0,0.0,0.0,0.0,0.0,0.0,0.0,0.0,0.0,0.0,0.0,0.0,0.0,0.0,0.0,0.0,0.0,0.0,0.0,0.0,0.0,0.0,0.0,0,0.0,0.0,0,0,,,0
2019-04-23,1,Tuesday,0,0,0,,,1398,2,3,1398-02-03,Ordibehesht,0,0,0,3,0,0,0,24,11.25,4.3,17.3,18.458333333333332,0.0,0.0,0.0,11.666666666666666,14.970833333333333,28.1,53.3,0,0,0,0,0,0.0,0.0,0.0,0.0,0.0,0.0,0.0,0.0,0.0,0.0,0.0,0.0,0.0,0.0,0.0,0.0,0.0,0.0,0.0,0.0,0.0,0.0,0,0.0,0.0,0,0,,,0
2019-04-24,2,Wednesday,0,0,0,,,1398,2,4,1398-02-04,Ordibehesht,0,0,0,4,0,0,0,24,10.233333333333333,2.2,16.0,34.333333333333336,0.0,0.0,0.0,43.541666666666664,7.633333333333333,21.9,48.2,0,0,0,0,0,0.0,0.0,0.0,0.0,0.0,0.0,0.0,0.0,0.0,0.0,0.0,0.0,0.0,0.0,0.0,0.0,0.0,0.0,0.0,0.0,0.0,0.0,0,0.0,0.0,0,0,,,0
2019-04-25,3,Thursday,0,1,0,,,1398,2,5,1398-02-05,Ordibehesht,0,0,0,5,0,0,0,24,12.3125,4.4,18.1,24.125,0.0,0.0,0.0,44.75,10.508333333333335,16.6,31.7,0,0,0,0,0,0.0,0.0,0.0,0.0,0.0,0.0,0.0,0.0,0.0,0.0,0.0,0.0,0.0,0.0,0.0,0.0,0.0,0.0,0.0,0.0,0.0,0.0,0,0.0,0.0,0,0,,,0
2019-04-26,4,Friday,1,0,0,,,1398,2,6,1398-02-06,Ordibehesht,0,0,0,6,0,0,1,24,13.612499999999999,7.7,18.9,20.375,0.0,0.0,0.0,36.666666666666664,11.154166666666667,16.2,31.7,0,0,0,0,0,0.0,0.0,0.0,0.0,0.0,0.0,0.0,0.0,0.0,0.0,0.0,0.0,0.0,0.0,0.0,0.0,0.0,0.0,0.0,0.0,0.0,0.0,0,0.0,0.0,0,0,,,0
2019-04-27,5,Saturday,0,0,0,,,1398,2,7,1398-02-07,Ordibehesht,0,0,0,7,0,0,0,24,14.4375,4.9,21.1,20.041666666666668,0.0,0.0,0.0,12.75,6.091666666666666,9.3,26.3,0,0,0,0,0,0.0,0.0,0.0,0.0,0.0,0.0,0.0,0.0,0.0,0.0,0.0,0.0,0.0,0.0,0.0,0.0,0.0,0.0,0.0,0.0,0.0,0.0,0,0.0,0.0,0,0,,,0
2019-04-28,6,Sunday,0,0,0,,,1398,2,8,1398-02-08,Ordibehesht,0,0,0,8,0,0,0,24,15.279166666666667,10.5,19.4,23.125,0.0,0.0,0.0,60.708333333333336,8.095833333333333,12.8,28.8,0,0,0,0,0,0.0,0.0,0.0,0.0,0.0,0.0,0.0,0.0,0.0,0.0,0.0,0.0,0.0,0.0,0.0,0.0,0.0,0.0,0.0,0.0,0.0,0.0,0,0.0,0.0,0,0,,,0
2019-04-29,0,Monday,0,0,0,,,1398,2,9,1398-02-09,Ordibehesht,0,0,0,9,0,0,0,24,17.5125,9.1,24.3,26.5,0.0,0.0,0.0,0.0,6.904166666666666,10.8,26.6,0,0,0,0,0,0.0,0.0,0.0,0.0,0.0,0.0,0.0,0.0,0.0,0.0,0.0,0.0,0.0,0.0,0.0,0.0,0.0,0.0,0.0,0.0,0.0,0.0,0,0.0,0.0,0,0,,,0
2019-04-30,1,Tuesday,0,0,0,,,1398,2,10,1398-02-10,Ordibehesht,0,0,0,10,0,0,0,24,18.816666666666666,11.6,24.8,22.375,0.0,0.0,0.0,18.5,13.433333333333332,21.9,41.8,0,0,0,0,0,0.0,0.0,0.0,0.0,0.0,0.0,0.0,0.0,0.0,0.0,0.0,0.0,0.0,0.0,0.0,0.0,0.0,0.0,0.0,0.0,0.0,0.0,0,0.0,0.0,0,0,,,0
2019-05-01,2,Wednesday,0,0,0,,,1398,2,11,1398-02-11,Ordibehesht,0,0,0,11,0,0,0,24,18.891666666666666,9.9,25.8,24.25,0.0,0.0,0.0,18.125,4.825,8.7,18.0,0,0,0,0,0,0.0,0.0,0.0,0.0,0.0,0.0,0.0,0.0,0.0,0.0,0.0,0.0,0.0,0.0,0.0,0.0,0.0,0.0,0.0,0.0,0.0,0.0,0,0.0,0.0,0,0,,,0
2019-05-02,3,Thursday,0,1,0,,,1398,2,12,1398-02-12,Ordibehesht,0,0,0,12,0,0,0,24,20.754166666666666,13.8,28.0,22.916666666666668,0.7,0.7,0.0,20.541666666666668,10.716666666666667,16.5,41.4,2,0,1,0,0,0.0,0.0,0.0,0.0,0.0,0.0,0.0,0.0,0.0,0.0,0.0,0.0,0.0,0.0,0.0,0.0,0.0,0.0,0.0,0.0,0.0,0.0,0,0.0,0.0,0,0,,,0
2019-05-03,4,Friday,1,0,0,,,1398,2,13,1398-02-13,Ordibehesht,0,0,0,13,0,0,1,24,21.820833333333336,13.3,29.4,28.041666666666668,0.0,0.0,0.0,35.708333333333336,8.304166666666667,13.3,44.6,0,0,0,0,0,0.0,0.0,0.0,0.0,0.0,0.0,0.0,0.0,0.0,0.0,0.0,0.0,0.0,0.0,0.0,0.0,0.0,0.0,0.0,0.0,0.0,0.0,0,0.0,0.0,0,0,,,0
2019-05-04,5,Saturday,0,0,0,,,1398,2,14,1398-02-14,Ordibehesht,0,0,0,14,0,0,0,24,19.391666666666666,14.3,26.5,34.125,0.4,0.4,0.0,83.75,5.995833333333334,14.9,32.8,2,0,1,0,0,0.0,0.0,0.0,0.0,0.0,0.0,0.0,0.0,0.0,0.0,0.0,0.0,0.0,0.0,0.0,0.0,0.0,0.0,0.0,0.0,0.0,0.0,0,0.0,0.0,0,0,,,0
2019-05-05,6,Sunday,0,0,0,,,1398,2,15,1398-02-15,Ordibehesht,0,0,0,15,0,0,0,24,21.483333333333334,14.3,29.1,30.166666666666668,0.0,0.0,0.0,24.833333333333332,9.883333333333335,25.5,48.6,0,0,0,0,0,0.0,0.0,0.0,0.0,0.0,0.0,0.0,0.0,0.0,0.0,0.0,0.0,0.0,0.0,0.0,0.0,0.0,0.0,0.0,0.0,0.0,0.0,0,0.0,0.0,0,0,,,0
2019-05-06,0,Monday,0,0,0,,,1398,2,16,1398-02-16,Ordibehesht,0,0,1,16,0,0,0,24,22.358333333333334,14.0,30.0,22.166666666666668,0.0,0.0,0.0,17.083333333333332,7.6375,15.5,33.5,0,0,0,0,0,0.0,0.0,0.0,0.0,0.0,0.0,0.0,0.0,0.0,0.0,0.0,0.0,0.0,0.0,0.0,0.0,0.0,0.0,0.0,0.0,0.0,0.0,0,0.0,0.0,0,0,,,0
2019-05-07,1,Tuesday,0,0,0,,,1398,2,17,1398-02-17,Ordibehesht,0,0,1,17,0,0,0,24,23.125,14.2,30.2,17.333333333333332,0.0,0.0,0.0,23.541666666666668,7.9875,15.5,28.4,0,0,0,0,0,0.0,0.0,0.0,0.0,0.0,0.0,0.0,0.0,0.0,0.0,0.0,0.0,0.0,0.0,0.0,0.0,0.0,0.0,0.0,0.0,0.0,0.0,0,0.0,0.0,0,0,,,0
2019-05-08,2,Wednesday,0,0,0,,,1398,2,18,1398-02-18,Ordibehesht,0,0,1,18,0,0,0,24,22.370833333333334,14.9,30.6,25.125,1.2,1.2,0.0,48.458333333333336,8.129166666666666,19.7,49.0,1,0,1,0,0,0.0,0.0,0.0,0.0,0.0,0.0,0.0,0.0,0.0,0.0,0.0,0.0,0.0,0.0,0.0,0.0,0.0,0.0,0.0,0.0,0.0,0.0,0,0.0,0.0,0,0,,,0
2019-05-09,3,Thursday,0,1,0,,,1398,2,19,1398-02-19,Ordibehesht,0,0,1,17,0,0,0,24,22.166666666666668,14.6,29.9,30.458333333333332,0.4,0.4,0.0,47.208333333333336,8.258333333333333,15.3,42.5,2,0,1,0,0,0.0,0.0,0.0,0.0,0.0,0.0,0.0,0.0,0.0,0.0,0.0,0.0,0.0,0.0,0.0,0.0,0.0,0.0,0.0,0.0,0.0,0.0,0,0.0,0.0,0,0,,,0
2019-05-10,4,Friday,1,0,0,,,1398,2,20,1398-02-20,Ordibehesht,0,0,1,16,0,0,1,24,21.925,16.5,28.5,33.0,0.0,0.0,0.0,81.29166666666667,9.358333333333333,25.1,49.0,0,0,0,0,0,0.0,0.0,0.0,0.0,0.0,0.0,0.0,0.0,0.0,0.0,0.0,0.0,0.0,0.0,0.0,0.0,0.0,0.0,0.0,0.0,0.0,0.0,0,0.0,0.0,0,0,,,0
2019-05-11,5,Saturday,0,0,0,,,1398,2,21,1398-02-21,Ordibehesht,0,0,1,15,0,0,0,24,22.3625,13.7,30.6,19.25,0.0,0.0,0.0,2.3333333333333335,10.029166666666667,16.3,37.1,0,0,0,0,0,0.0,0.0,0.0,0.0,0.0,0.0,0.0,0.0,0.0,0.0,0.0,0.0,0.0,0.0,0.0,0.0,0.0,0.0,0.0,0.0,0.0,0.0,0,0.0,0.0,0,0,,,0
2019-05-12,6,Sunday,0,0,0,,,1398,2,22,1398-02-22,Ordibehesht,0,0,1,14,0,0,0,24,23.05,14.6,30.4,14.875,0.0,0.0,0.0,37.916666666666664,4.683333333333334,9.1,22.0,0,0,0,0,0,0.0,0.0,0.0,0.0,0.0,0.0,0.0,0.0,0.0,0.0,0.0,0.0,0.0,0.0,0.0,0.0,0.0,0.0,0.0,0.0,0.0,0.0,0,0.0,0.0,0,0,,,0
2019-05-13,0,Monday,0,0,0,,,1398,2,23,1398-02-23,Ordibehesht,0,0,1,13,0,0,0,24,22.979166666666668,17.8,28.8,23.416666666666668,0.3,0.3,0.0,61.208333333333336,7.8,15.7,39.6,1,0,1,0,0,0.0,0.0,0.0,0.0,0.0,0.0,0.0,0.0,0.0,0.0,0.0,0.0,0.0,0.0,0.0,0.0,0.0,0.0,0.0,0.0,0.0,0.0,0,0.0,0.0,0,0,,,0
2019-05-14,1,Tuesday,0,0,0,,,1398,2,24,1398-02-24,Ordibehesht,0,0,1,12,0,0,0,24,22.508333333333336,14.6,29.0,30.083333333333332,0.0,0.0,0.0,26.916666666666668,5.4624999999999995,18.4,38.9,0,0,0,0,0,0.0,0.0,0.0,0.0,0.0,0.0,0.0,0.0,0.0,0.0,0.0,0.0,0.0,0.0,0.0,0.0,0.0,0.0,0.0,0.0,0.0,0.0,0,0.0,0.0,0,0,,,0
2019-05-15,2,Wednesday,0,0,0,,,1398,2,25,1398-02-25,Ordibehesht,0,0,1,11,0,0,0,24,23.270833333333332,16.0,29.5,28.916666666666668,0.2,0.2,0.0,53.541666666666664,7.2749999999999995,20.3,41.8,1,0,1,0,0,0.0,0.0,0.0,0.0,0.0,0.0,0.0,0.0,0.0,0.0,0.0,0.0,0.0,0.0,0.0,0.0,0.0,0.0,0.0,0.0,0.0,0.0,0,0.0,0.0,0,0,,,0
2019-05-16,3,Thursday,0,1,0,,,1398,2,26,1398-02-26,Ordibehesht,0,0,1,10,0,0,0,24,23.6875,16.5,30.7,28.291666666666668,0.7,0.7,0.0,34.791666666666664,7.5625,19.2,34.2,2,0,1,0,0,0.0,0.0,0.0,0.0,0.0,0.0,0.0,0.0,0.0,0.0,0.0,0.0,0.0,0.0,0.0,0.0,0.0,0.0,0.0,0.0,0.0,0.0,0,0.0,0.0,0,0,,,0
2019-05-17,4,Friday,1,0,0,,,1398,2,27,1398-02-27,Ordibehesht,0,0,1,9,0,0,1,24,22.245833333333334,16.9,28.7,28.0,1.1,1.1,0.0,49.916666666666664,7.825,22.7,46.8,3,0,1,0,0,0.0,0.0,0.0,0.0,0.0,0.0,0.0,0.0,0.0,0.0,0.0,0.0,0.0,0.0,0.0,0.0,0.0,0.0,0.0,0.0,0.0,0.0,0,0.0,0.0,0,0,,,0
2019-05-18,5,Saturday,0,0,0,,,1398,2,28,1398-02-28,Ordibehesht,0,0,1,8,0,0,0,24,21.625,13.5,28.9,37.208333333333336,0.0,0.0,0.0,23.708333333333332,6.770833333333333,16.1,41.8,0,0,0,0,0,0.0,0.0,0.0,0.0,0.0,0.0,0.0,0.0,0.0,0.0,0.0,0.0,0.0,0.0,0.0,0.0,0.0,0.0,0.0,0.0,0.0,0.0,0,0.0,0.0,0,0,,,0
2019-05-19,6,Sunday,0,0,0,,,1398,2,29,1398-02-29,Ordibehesht,0,0,1,7,0,0,0,24,22.754166666666666,14.6,30.4,30.416666666666668,0.2,0.2,0.0,49.333333333333336,7.970833333333334,15.3,34.6,1,0,1,0,0,0.0,0.0,0.0,0.0,0.0,0.0,0.0,0.0,0.0,0.0,0.0,0.0,0.0,0.0,0.0,0.0,0.0,0.0,0.0,0.0,0.0,0.0,0,0.0,0.0,0,0,,,0
2019-05-20,0,Monday,0,0,0,,,1398,2,30,1398-02-30,Ordibehesht,0,0,1,6,0,0,0,24,21.6875,18.0,27.0,33.166666666666664,0.4,0.4,0.0,83.33333333333333,9.05,16.8,30.6,1,0,1,0,0,0.0,0.0,0.0,0.0,0.0,0.0,0.0,0.0,0.0,0.0,0.0,0.0,0.0,0.0,0.0,0.0,0.0,0.0,0.0,0.0,0.0,0.0,0,0.0,0.0,0,0,,,0
2019-05-21,1,Tuesday,0,0,0,,,1398,2,31,1398-02-31,Ordibehesht,0,0,1,5,0,0,0,24,21.212500000000002,16.1,27.0,35.5,0.0,0.0,0.0,54.958333333333336,5.4375,12.3,38.9,0,0,0,0,0,0.0,0.0,0.0,0.0,0.0,0.0,0.0,0.0,0.0,0.0,0.0,0.0,0.0,0.0,0.0,0.0,0.0,0.0,0.0,0.0,0.0,0.0,0,0.0,0.0,0,0,,,0
2019-05-22,2,Wednesday,0,0,0,,,1398,3,1,1398-03-01,Khordad,0,0,1,4,0,0,0,24,19.008333333333333,12.7,25.4,43.666666666666664,1.6,1.6,0.0,37.458333333333336,7.329166666666667,16.4,38.2,3,0,1,0,0,0.0,0.0,0.0,0.0,0.0,0.0,0.0,0.0,0.0,0.0,0.0,0.0,0.0,0.0,0.0,0.0,0.0,0.0,0.0,0.0,0.0,0.0,0,0.0,0.0,0,0,,,0
2019-05-23,3,Thursday,0,1,0,,,1398,3,2,1398-03-02,Khordad,0,0,1,3,0,0,0,24,20.76666666666667,12.4,28.6,45.333333333333336,0.0,0.0,0.0,7.125,4.933333333333334,7.8,21.6,0,0,0,0,0,0.0,0.0,0.0,0.0,0.0,0.0,0.0,0.0,0.0,0.0,0.0,0.0,0.0,0.0,0.0,0.0,0.0,0.0,0.0,0.0,0.0,0.0,0,0.0,0.0,0,0,,,0
2019-05-24,4,Friday,1,0,0,,,1398,3,3,1398-03-03,Khordad,0,0,1,2,0,0,1,24,24.616666666666664,15.5,32.5,31.375,0.0,0.0,0.0,15.291666666666666,6.3374999999999995,11.1,24.1,0,0,0,0,0,0.0,0.0,0.0,0.0,0.0,0.0,0.0,0.0,0.0,0.0,0.0,0.0,0.0,0.0,0.0,0.0,0.0,0.0,0.0,0.0,0.0,0.0,0,0.0,0.0,0,0,,,0
2019-05-25,5,Saturday,0,0,0,,,1398,3,4,1398-03-04,Khordad,0,0,1,1,1,0,0,24,25.958333333333332,18.0,33.2,21.625,0.0,0.0,0.0,15.25,8.625,21.9,37.4,0,0,0,0,0,0.0,0.0,0.0,0.0,0.0,0.0,0.0,0.0,0.0,0.0,0.0,0.0,0.0,0.0,0.0,0.0,0.0,0.0,0.0,0.0,0.0,0.0,0,0.0,0.0,0,0,,,0
2019-05-26,6,Sunday,0,0,1,Martyrdom of Ali (estimated),(تخمین زده) کشته‌شدن علی بن ابی‌طالب,1398,3,5,1398-03-05,Khordad,0,0,1,0,0,0,1,24,25.474999999999998,16.0,33.3,19.833333333333332,0.0,0.0,0.0,59.166666666666664,6.970833333333334,21.3,45.0,0,0,0,0,0,0.0,0.0,0.0,0.0,0.0,0.0,0.0,0.0,0.0,0.0,0.0,0.0,0.0,0.0,0.0,0.0,0.0,0.0,0.0,0.0,0.0,0.0,0,0.0,0.0,0,0,,,0
2019-05-27,0,Monday,0,0,0,,,1398,3,6,1398-03-06,Khordad,0,0,1,1,0,1,0,24,26.508333333333336,19.6,32.7,20.166666666666668,0.0,0.0,0.0,62.583333333333336,7.829166666666667,24.2,51.5,0,0,0,0,0,0.0,0.0,0.0,0.0,0.0,0.0,0.0,0.0,0.0,0.0,0.0,0.0,0.0,0.0,0.0,0.0,0.0,0.0,0.0,0.0,0.0,0.0,0,0.0,0.0,0,0,,,0
2019-05-28,1,Tuesday,0,0,0,,,1398,3,7,1398-03-07,Khordad,0,0,1,2,0,0,0,24,26.754166666666666,18.1,33.2,17.0,0.0,0.0,0.0,31.583333333333332,8.241666666666667,20.3,25.2,0,0,0,0,0,0.0,0.0,0.0,0.0,0.0,0.0,0.0,0.0,0.0,0.0,0.0,0.0,0.0,0.0,0.0,0.0,0.0,0.0,0.0,0.0,0.0,0.0,0,0.0,0.0,0,0,,,0
2019-05-29,2,Wednesday,0,0,0,,,1398,3,8,1398-03-08,Khordad,0,0,1,3,0,0,0,24,26.40416666666667,18.9,33.4,15.958333333333334,0.0,0.0,0.0,22.083333333333332,10.833333333333334,22.5,47.5,0,0,0,0,0,0.0,0.0,0.0,0.0,0.0,0.0,0.0,0.0,0.0,0.0,0.0,0.0,0.0,0.0,0.0,0.0,0.0,0.0,0.0,0.0,0.0,0.0,0,0.0,0.0,0,0,,,0
2019-05-30,3,Thursday,0,1,0,,,1398,3,9,1398-03-09,Khordad,0,0,1,4,0,0,0,24,25.258333333333336,16.5,33.2,23.166666666666668,0.0,0.0,0.0,21.583333333333332,9.9,26.2,51.5,0,0,0,0,0,0.0,0.0,0.0,0.0,0.0,0.0,0.0,0.0,0.0,0.0,0.0,0.0,0.0,0.0,0.0,0.0,0.0,0.0,0.0,0.0,0.0,0.0,0,0.0,0.0,0,0,,,0
2019-05-31,4,Friday,1,0,0,,,1398,3,10,1398-03-10,Khordad,0,0,1,4,0,0,1,24,23.224999999999998,17.0,30.2,32.0,0.0,0.0,0.0,16.416666666666668,8.1,21.0,47.5,0,0,0,0,0,0.0,0.0,0.0,0.0,0.0,0.0,0.0,0.0,0.0,0.0,0.0,0.0,0.0,0.0,0.0,0.0,0.0,0.0,0.0,0.0,0.0,0.0,0,0.0,0.0,0,0,,,0
2019-06-01,5,Saturday,0,0,0,,,1398,3,11,1398-03-11,Khordad,0,0,1,3,0,0,0,24,22.916666666666668,16.0,29.8,37.958333333333336,0.0,0.0,0.0,15.625,8.145833333333334,23.9,45.7,0,0,0,0,0,0.0,0.0,0.0,0.0,0.0,0.0,0.0,0.0,0.0,0.0,0.0,0.0,0.0,0.0,0.0,0.0,0.0,0.0,0.0,0.0,0.0,0.0,0,0.0,0.0,0,0,,,0
2019-06-02,6,Sunday,0,0,0,,,1398,3,12,1398-03-12,Khordad,0,0,1,2,0,0,0,24,23.95,16.1,30.5,31.5,0.1,0.1,0.0,30.75,9.420833333333333,16.2,35.6,1,0,1,0,0,0.0,0.0,0.0,0.0,0.0,0.0,0.0,0.0,0.0,0.0,0.0,0.0,0.0,0.0,0.0,0.0,0.0,0.0,0.0,0.0,0.0,0.0,0,0.0,0.0,0,0,,,0
2019-06-03,0,Monday,0,0,0,,,1398,3,13,1398-03-13,Khordad,0,0,1,1,1,0,0,24,24.429166666666664,15.1,31.4,19.666666666666668,0.0,0.0,0.0,0.0,6.270833333333333,12.3,24.5,0,0,0,0,0,0.0,0.0,0.0,0.0,0.0,0.0,0.0,0.0,0.0,0.0,0.0,0.0,0.0,0.0,0.0,0.0,0.0,0.0,0.0,0.0,0.0,0.0,0,0.0,0.0,0,0,,,0
2019-06-04,1,Tuesday,0,0,1,Death of Khomeini; Eid al-Fitr (estimated),(تخمین زده) عید فطر; درگذشت سید روح‌الله خمینی,1398,3,14,1398-03-14,Khordad,0,0,1,0,1,0,1,24,25.916666666666668,17.0,33.0,17.708333333333332,0.0,0.0,0.0,6.625,5.466666666666666,13.0,23.8,0,0,0,0,0,0.0,0.0,0.0,0.0,0.0,0.0,0.0,0.0,0.0,0.0,0.0,0.0,0.0,0.0,0.0,0.0,0.0,0.0,0.0,0.0,0.0,0.0,0,0.0,0.0,0,0,,,0
2019-06-05,2,Wednesday,0,0,1,Eid al-Fitr (estimated); Khordad National Uprising,(تخمین زده) عید فطر; تظاهرات ۱۵ خرداد,1398,3,15,1398-03-15,Khordad,0,0,0,0,0,1,1,24,27.391666666666666,17.3,34.9,14.833333333333334,0.0,0.0,0.0,23.291666666666668,5.416666666666667,12.3,20.5,0,0,0,0,0,0.0,0.0,0.0,0.0,0.0,0.0,0.0,0.0,0.0,0.0,0.0,0.0,0.0,0.0,0.0,0.0,0.0,0.0,0.0,0.0,0.0,0.0,0,0.0,0.0,0,0,,,0
2019-06-06,3,Thursday,0,1,0,,,1398,3,16,1398-03-16,Khordad,0,0,0,1,0,1,0,24,28.5,20.6,35.7,17.708333333333332,0.0,0.0,0.0,44.75,4.6499999999999995,10.5,26.3,0,0,0,1,0,0.0,0.0,0.0,0.0,0.0,0.0,0.0,0.0,0.0,0.0,0.0,0.0,0.0,0.0,0.0,0.0,0.0,0.0,0.0,0.0,0.0,0.0,0,0.0,0.0,0,0,,,0
2019-06-07,4,Friday,1,0,0,,,1398,3,17,1398-03-17,Khordad,0,0,0,2,0,0,1,24,29.258333333333336,20.4,35.8,14.791666666666666,0.0,0.0,0.0,40.083333333333336,4.8500000000000005,9.0,24.5,0,0,0,1,0,0.0,0.0,0.0,0.0,0.0,0.0,0.0,0.0,0.0,0.0,0.0,0.0,0.0,0.0,0.0,0.0,0.0,0.0,0.0,0.0,0.0,0.0,0,0.0,0.0,0,0,,,0
2019-06-08,5,Saturday,0,0,0,,,1398,3,18,1398-03-18,Khordad,0,0,0,3,0,0,0,24,30.183333333333334,22.8,36.3,16.333333333333332,0.0,0.0,0.0,46.625,6.95,19.6,36.0,0,0,0,1,0,0.0,0.0,0.0,0.0,0.0,0.0,0.0,0.0,0.0,0.0,0.0,0.0,0.0,0.0,0.0,0.0,0.0,0.0,0.0,0.0,0.0,0.0,0,0.0,0.0,0,0,,,0
2019-06-09,6,Sunday,0,0,0,,,1398,3,19,1398-03-19,Khordad,0,0,0,4,0,0,0,24,29.558333333333334,22.0,35.5,20.958333333333332,0.0,0.0,0.0,44.5,7.341666666666666,22.4,49.0,0,0,0,1,0,0.0,0.0,0.0,0.0,0.0,0.0,0.0,0.0,0.0,0.0,0.0,0.0,0.0,0.0,0.0,0.0,0.0,0.0,0.0,0.0,0.0,0.0,0,0.0,0.0,0,0,,,0
2019-06-10,0,Monday,0,0,0,,,1398,3,20,1398-03-20,Khordad,0,0,0,5,0,0,0,24,27.829166666666666,19.9,34.9,23.541666666666668,0.2,0.2,0.0,22.625,9.429166666666667,21.5,43.6,1,0,1,0,0,0.0,0.0,0.0,0.0,0.0,0.0,0.0,0.0,0.0,0.0,0.0,0.0,0.0,0.0,0.0,0.0,0.0,0.0,0.0,0.0,0.0,0.0,0,0.0,0.0,0,0,,,0
2019-06-11,1,Tuesday,0,0,0,,,1398,3,21,1398-03-21,Khordad,0,0,0,6,0,0,0,24,27.629166666666666,20.4,34.0,27.291666666666668,0.0,0.0,0.0,28.25,7.954166666666667,21.9,31.7,0,0,0,0,0,0.0,0.0,0.0,0.0,0.0,0.0,0.0,0.0,0.0,0.0,0.0,0.0,0.0,0.0,0.0,0.0,0.0,0.0,0.0,0.0,0.0,0.0,0,0.0,0.0,0,0,,,0
2019-06-12,2,Wednesday,0,0,0,,,1398,3,22,1398-03-22,Khordad,0,0,0,7,0,0,0,24,28.15416666666667,19.1,35.1,26.833333333333332,0.0,0.0,0.0,22.208333333333332,4.6000000000000005,8.8,22.0,0,0,0,1,0,0.0,0.0,0.0,0.0,0.0,0.0,0.0,0.0,0.0,0.0,0.0,0.0,0.0,0.0,0.0,0.0,0.0,0.0,0.0,0.0,0.0,0.0,0,0.0,0.0,0,0,,,0
2019-06-13,3,Thursday,0,1,0,,,1398,3,23,1398-03-23,Khordad,0,0,0,8,0,0,0,24,29.579166666666666,21.0,36.9,13.25,0.0,0.0,0.0,0.16666666666666666,5.270833333333333,10.2,20.2,0,0,0,1,0,0.0,0.0,0.0,0.0,0.0,0.0,0.0,0.0,0.0,0.0,0.0,0.0,0.0,0.0,0.0,0.0,0.0,0.0,0.0,0.0,0.0,0.0,0,0.0,0.0,0,0,,,0
2019-06-14,4,Friday,1,0,0,,,1398,3,24,1398-03-24,Khordad,0,0,0,9,0,0,1,24,28.666666666666668,19.2,35.9,14.541666666666666,0.0,0.0,0.0,1.0416666666666667,7.366666666666667,18.4,37.4,0,0,0,1,0,0.0,0.0,0.0,0.0,0.0,0.0,0.0,0.0,0.0,0.0,0.0,0.0,0.0,0.0,0.0,0.0,0.0,0.0,0.0,0.0,0.0,0.0,0,0.0,0.0,0,0,,,0
2019-06-15,5,Saturday,0,0,0,,,1398,3,25,1398-03-25,Khordad,0,0,0,10,0,0,0,24,28.804166666666664,19.6,35.9,17.333333333333332,0.0,0.0,0.0,0.5833333333333334,8.033333333333333,14.1,31.7,0,0,0,1,0,0.0,0.0,0.0,0.0,0.0,0.0,0.0,0.0,0.0,0.0,0.0,0.0,0.0,0.0,0.0,0.0,0.0,0.0,0.0,0.0,0.0,0.0,0,0.0,0.0,0,0,,,0
2019-06-16,6,Sunday,0,0,0,,,1398,3,26,1398-03-26,Khordad,0,0,0,11,0,0,0,24,29.90833333333333,19.3,38.0,12.666666666666666,0.0,0.0,0.0,18.583333333333332,7.716666666666666,17.4,25.9,0,0,0,1,0,0.0,0.0,0.0,0.0,0.0,0.0,0.0,0.0,0.0,0.0,0.0,0.0,0.0,0.0,0.0,0.0,0.0,0.0,0.0,0.0,0.0,0.0,0,0.0,0.0,0,0,,,0
2019-06-17,0,Monday,0,0,0,,,1398,3,27,1398-03-27,Khordad,0,0,0,11,0,0,0,24,30.212500000000002,20.4,38.1,11.833333333333334,0.0,0.0,0.0,10.833333333333334,12.262500000000001,23.1,43.2,0,0,0,1,0,0.0,0.0,0.0,0.0,0.0,0.0,0.0,0.0,0.0,0.0,0.0,0.0,0.0,0.0,0.0,0.0,0.0,0.0,0.0,0.0,0.0,0.0,0,0.0,0.0,0,0,,,0
2019-06-18,1,Tuesday,0,0,0,,,1398,3,28,1398-03-28,Khordad,0,0,0,10,0,0,0,24,30.212500000000002,22.0,36.7,11.0,0.0,0.0,0.0,0.0,8.9375,14.0,30.6,0,0,0,1,0,0.0,0.0,0.0,0.0,0.0,0.0,0.0,0.0,0.0,0.0,0.0,0.0,0.0,0.0,0.0,0.0,0.0,0.0,0.0,0.0,0.0,0.0,0,0.0,0.0,0,0,,,0
2019-06-19,2,Wednesday,0,0,0,,,1398,3,29,1398-03-29,Khordad,0,0,0,9,0,0,0,24,30.195833333333336,20.8,37.3,12.541666666666666,0.0,0.0,0.0,9.833333333333334,6.320833333333333,10.3,24.1,0,0,0,1,0,0.0,0.0,0.0,0.0,0.0,0.0,0.0,0.0,0.0,0.0,0.0,0.0,0.0,0.0,0.0,0.0,0.0,0.0,0.0,0.0,0.0,0.0,0,0.0,0.0,0,0,,,0
2019-06-20,3,Thursday,0,1,0,,,1398,3,30,1398-03-30,Khordad,0,0,0,8,0,0,0,24,30.066666666666666,21.4,37.3,17.375,0.0,0.0,0.0,0.25,7.066666666666666,10.4,27.7,0,0,0,1,0,0.0,0.0,0.0,0.0,0.0,0.0,0.0,0.0,0.0,0.0,0.0,0.0,0.0,0.0,0.0,0.0,0.0,0.0,0.0,0.0,0.0,0.0,0,0.0,0.0,0,0,,,0
2019-06-21,4,Friday,1,0,0,,,1398,3,31,1398-03-31,Khordad,0,0,0,7,0,0,1,24,30.629166666666666,21.1,38.5,10.791666666666666,0.0,0.0,0.0,0.0,7.695833333333333,14.8,28.1,0,0,0,1,0,0.0,0.0,0.0,0.0,0.0,0.0,0.0,0.0,0.0,0.0,0.0,0.0,0.0,0.0,0.0,0.0,0.0,0.0,0.0,0.0,0.0,0.0,0,0.0,0.0,0,0,,,0
2019-06-22,5,Saturday,0,0,0,,,1398,4,1,1398-04-01,Tir,0,0,0,6,0,0,0,24,30.845833333333335,21.8,38.2,12.75,0.0,0.0,0.0,0.0,9.783333333333333,18.3,33.8,0,0,0,1,0,0.0,0.0,0.0,0.0,0.0,0.0,0.0,0.0,0.0,0.0,0.0,0.0,0.0,0.0,0.0,0.0,0.0,0.0,0.0,0.0,0.0,0.0,0,0.0,0.0,0,0,,,0
2019-06-23,6,Sunday,0,0,0,,,1398,4,2,1398-04-02,Tir,0,0,0,5,0,0,0,24,32.083333333333336,22.3,39.6,14.875,0.0,0.0,0.0,17.083333333333332,8.079166666666667,15.2,27.4,0,0,0,1,0,0.0,0.0,0.0,0.0,0.0,0.0,0.0,0.0,0.0,0.0,0.0,0.0,0.0,0.0,0.0,0.0,0.0,0.0,0.0,0.0,0.0,0.0,0,0.0,0.0,0,0,,,0
2019-06-24,0,Monday,0,0,0,,,1398,4,3,1398-04-03,Tir,0,0,0,4,0,0,0,24,33.125,23.9,39.4,13.0,0.0,0.0,0.0,18.916666666666668,6.8,15.1,28.4,0,0,0,1,0,0.0,0.0,0.0,0.0,0.0,0.0,0.0,0.0,0.0,0.0,0.0,0.0,0.0,0.0,0.0,0.0,0.0,0.0,0.0,0.0,0.0,0.0,0,0.0,0.0,0,0,,,0
2019-06-25,1,Tuesday,0,0,0,,,1398,4,4,1398-04-04,Tir,0,0,0,3,0,0,0,24,32.824999999999996,23.9,39.4,13.791666666666666,0.0,0.0,0.0,16.0,5.191666666666666,9.3,24.1,0,0,0,1,0,0.0,0.0,0.0,0.0,0.0,0.0,0.0,0.0,0.0,0.0,0.0,0.0,0.0,0.0,0.0,0.0,0.0,0.0,0.0,0.0,0.0,0.0,0,0.0,0.0,0,0,,,0
2019-06-26,2,Wednesday,0,0,0,,,1398,4,5,1398-04-05,Tir,0,0,0,2,0,0,0,24,33.22083333333334,24.5,40.2,12.083333333333334,0.0,0.0,0.0,14.666666666666666,9.0,17.7,34.9,0,0,0,1,0,0.0,0.0,0.0,0.0,0.0,0.0,0.0,0.0,0.0,0.0,0.0,0.0,0.0,0.0,0.0,0.0,0.0,0.0,0.0,0.0,0.0,0.0,0,0.0,0.0,0,0,,,0
2019-06-27,3,Thursday,0,1,0,,,1398,4,6,1398-04-06,Tir,0,0,0,1,1,0,0,24,31.829166666666666,23.0,39.0,13.166666666666666,0.0,0.0,0.0,2.625,9.541666666666666,13.6,32.4,0,0,0,1,0,0.0,0.0,0.0,0.0,0.0,0.0,0.0,0.0,0.0,0.0,0.0,0.0,0.0,0.0,0.0,0.0,0.0,0.0,0.0,0.0,0.0,0.0,0,0.0,0.0,0,0,,,0
2019-06-28,4,Friday,1,0,1,Martyrdom of Ja'far al-Sadiq (estimated),(تخمین زده) کشته‌شدن جعفر صادق,1398,4,7,1398-04-07,Tir,0,0,0,0,0,0,1,24,31.900000000000002,21.8,39.1,12.75,0.0,0.0,0.0,4.0,5.570833333333333,13.4,27.0,0,0,0,1,0,0.0,0.0,0.0,0.0,0.0,0.0,0.0,0.0,0.0,0.0,0.0,0.0,0.0,0.0,0.0,0.0,0.0,0.0,0.0,0.0,0.0,0.0,0,0.0,0.0,0,0,,,0
2019-06-29,5,Saturday,0,0,0,,,1398,4,8,1398-04-08,Tir,0,0,0,1,0,1,0,24,32.57083333333333,23.8,39.7,13.541666666666666,0.0,0.0,0.0,0.20833333333333334,9.008333333333333,14.5,31.0,0,0,0,1,0,0.0,0.0,0.0,0.0,0.0,0.0,0.0,0.0,0.0,0.0,0.0,0.0,0.0,0.0,0.0,0.0,0.0,0.0,0.0,0.0,0.0,0.0,0,0.0,0.0,0,0,,,0
2019-06-30,6,Sunday,0,0,0,,,1398,4,9,1398-04-09,Tir,0,0,0,2,0,0,0,24,33.12916666666667,25.9,39.5,12.75,0.0,0.0,0.0,0.125,9.258333333333333,15.7,30.6,0,0,0,1,0,0.0,0.0,0.0,0.0,0.0,0.0,0.0,0.0,0.0,0.0,0.0,0.0,0.0,0.0,0.0,0.0,0.0,0.0,0.0,0.0,0.0,0.0,0,0.0,0.0,0,0,,,0
2019-07-01,0,Monday,0,0,0,,,1398,4,10,1398-04-10,Tir,0,0,0,3,0,0,0,24,32.90833333333333,24.2,40.3,12.958333333333334,0.0,0.0,0.0,0.041666666666666664,7.991666666666667,14.8,28.4,0,0,0,1,0,0.0,0.0,0.0,0.0,0.0,0.0,0.0,0.0,0.0,0.0,0.0,0.0,0.0,0.0,0.0,0.0,0.0,0.0,0.0,0.0,0.0,0.0,0,0.0,0.0,0,0,,,0
2019-07-02,1,Tuesday,0,0,0,,,1398,4,11,1398-04-11,Tir,0,0,0,4,0,0,0,24,30.795833333333334,24.9,37.1,25.291666666666668,0.0,0.0,0.0,1.5,15.262500000000001,22.7,40.7,0,0,0,1,0,0.0,0.0,0.0,0.0,0.0,0.0,0.0,0.0,0.0,0.0,0.0,0.0,0.0,0.0,0.0,0.0,0.0,0.0,0.0,0.0,0.0,0.0,0,0.0,0.0,0,0,,,0
2019-07-03,2,Wednesday,0,0,0,,,1398,4,12,1398-04-12,Tir,0,0,0,5,0,0,0,24,30.204166666666666,21.5,37.2,26.291666666666668,0.0,0.0,0.0,1.0,8.454166666666667,18.9,34.6,0,0,0,1,0,0.0,0.0,0.0,0.0,0.0,0.0,0.0,0.0,0.0,0.0,0.0,0.0,0.0,0.0,0.0,0.0,0.0,0.0,0.0,0.0,0.0,0.0,0,0.0,0.0,0,0,,,0
2019-07-04,3,Thursday,0,1,0,,,1398,4,13,1398-04-13,Tir,0,0,0,6,0,0,0,24,32.675000000000004,24.1,40.4,19.25,0.0,0.0,0.0,1.0416666666666667,6.441666666666666,18.7,33.8,0,0,0,1,0,0.0,0.0,0.0,0.0,0.0,0.0,0.0,0.0,0.0,0.0,0.0,0.0,0.0,0.0,0.0,0.0,0.0,0.0,0.0,0.0,0.0,0.0,0,0.0,0.0,0,0,,,0
2019-07-05,4,Friday,1,0,0,,,1398,4,14,1398-04-14,Tir,0,0,0,7,0,0,1,24,32.766666666666666,22.4,40.8,13.875,0.0,0.0,0.0,7.833333333333333,4.7124999999999995,8.7,20.5,0,0,0,1,0,0.0,0.0,0.0,0.0,0.0,0.0,0.0,0.0,0.0,0.0,0.0,0.0,0.0,0.0,0.0,0.0,0.0,0.0,0.0,0.0,0.0,0.0,0,0.0,0.0,0,0,,,0
2019-07-06,5,Saturday,0,0,0,,,1398,4,15,1398-04-15,Tir,0,0,0,8,0,0,0,24,33.675000000000004,24.1,41.2,12.625,0.0,0.0,0.0,6.125,11.9,17.9,41.0,0,0,0,1,0,0.0,0.0,0.0,0.0,0.0,0.0,0.0,0.0,0.0,0.0,0.0,0.0,0.0,0.0,0.0,0.0,0.0,0.0,0.0,0.0,0.0,0.0,0,0.0,0.0,0,0,,,0
2019-07-07,6,Sunday,0,0,0,,,1398,4,16,1398-04-16,Tir,0,0,0,9,0,0,0,24,33.324999999999996,23.9,40.2,13.458333333333334,0.0,0.0,0.0,6.708333333333333,6.854166666666667,11.4,28.8,0,0,0,1,0,0.0,0.0,0.0,0.0,0.0,0.0,0.0,0.0,0.0,0.0,0.0,0.0,0.0,0.0,0.0,0.0,0.0,0.0,0.0,0.0,0.0,0.0,0,0.0,0.0,0,0,,,0
2019-07-08,0,Monday,0,0,0,,,1398,4,17,1398-04-17,Tir,0,0,0,10,0,0,0,24,33.300000000000004,23.6,40.7,10.875,0.0,0.0,0.0,1.3333333333333333,10.004166666666666,19.1,32.8,0,0,0,1,0,0.0,0.0,0.0,0.0,0.0,0.0,0.0,0.0,0.0,0.0,0.0,0.0,0.0,0.0,0.0,0.0,0.0,0.0,0.0,0.0,0.0,0.0,0,0.0,0.0,0,0,,,0
2019-07-09,1,Tuesday,0,0,0,,,1398,4,18,1398-04-18,Tir,0,0,0,11,0,0,0,24,32.65833333333333,25.3,39.3,10.416666666666666,0.0,0.0,0.0,0.0,10.629166666666666,16.9,30.2,0,0,0,1,0,0.0,0.0,0.0,0.0,0.0,0.0,0.0,0.0,0.0,0.0,0.0,0.0,0.0,0.0,0.0,0.0,0.0,0.0,0.0,0.0,0.0,0.0,0,0.0,0.0,0,0,,,0
2019-07-10,2,Wednesday,0,0,0,,,1398,4,19,1398-04-19,Tir,0,0,0,12,0,0,0,24,31.708333333333332,22.5,38.8,16.5,0.0,0.0,0.0,19.416666666666668,11.683333333333332,25.6,42.1,0,0,0,1,0,0.0,0.0,0.0,0.0,0.0,0.0,0.0,0.0,0.0,0.0,0.0,0.0,0.0,0.0,0.0,0.0,0.0,0.0,0.0,0.0,0.0,0.0,0,0.0,0.0,0,0,,,0
2019-07-11,3,Thursday,0,1,0,,,1398,4,20,1398-04-20,Tir,0,0,0,13,0,0,0,24,32.545833333333334,26.1,37.9,21.0,0.0,0.0,0.0,38.333333333333336,10.758333333333333,20.6,37.1,0,0,0,1,0,0.0,0.0,0.0,0.0,0.0,0.0,0.0,0.0,0.0,0.0,0.0,0.0,0.0,0.0,0.0,0.0,0.0,0.0,0.0,0.0,0.0,0.0,0,0.0,0.0,0,0,,,0
2019-07-12,4,Friday,1,0,0,,,1398,4,21,1398-04-21,Tir,0,0,0,14,0,0,1,24,33.449999999999996,24.3,39.9,15.75,0.0,0.0,0.0,20.25,6.379166666666666,8.7,21.2,0,0,0,1,0,0.0,0.0,0.0,0.0,0.0,0.0,0.0,0.0,0.0,0.0,0.0,0.0,0.0,0.0,0.0,0.0,0.0,0.0,0.0,0.0,0.0,0.0,0,0.0,0.0,0,0,,,0
2019-07-13,5,Saturday,0,0,0,,,1398,4,22,1398-04-22,Tir,0,0,0,15,0,0,0,24,35.0375,27.6,41.0,10.5,0.0,0.0,0.0,49.333333333333336,7.129166666666666,14.1,28.8,0,0,0,1,0,0.0,0.0,0.0,0.0,0.0,0.0,0.0,0.0,0.0,0.0,0.0,0.0,0.0,0.0,0.0,0.0,0.0,0.0,0.0,0.0,0.0,0.0,0,0.0,0.0,0,0,,,0
2019-07-14,6,Sunday,0,0,0,,,1398,4,23,1398-04-23,Tir,0,0,0,16,0,0,0,24,34.90416666666667,28.3,40.6,9.166666666666666,0.0,0.0,0.0,37.166666666666664,6.391666666666667,12.2,26.6,0,0,0,1,0,0.0,0.0,0.0,0.0,0.0,0.0,0.0,0.0,0.0,0.0,0.0,0.0,0.0,0.0,0.0,0.0,0.0,0.0,0.0,0.0,0.0,0.0,0,0.0,0.0,0,0,,,0
2019-07-15,0,Monday,0,0,0,,,1398,4,24,1398-04-24,Tir,0,0,0,17,0,0,0,24,34.22083333333333,25.0,40.2,12.25,0.0,0.0,0.0,23.291666666666668,8.816666666666666,14.5,28.8,0,0,0,1,0,0.0,0.0,0.0,0.0,0.0,0.0,0.0,0.0,0.0,0.0,0.0,0.0,0.0,0.0,0.0,0.0,0.0,0.0,0.0,0.0,0.0,0.0,0,0.0,0.0,0,0,,,0
2019-07-16,1,Tuesday,0,0,0,,,1398,4,25,1398-04-25,Tir,0,0,0,18,0,0,0,24,34.44583333333333,26.4,40.1,13.333333333333334,0.0,0.0,0.0,16.166666666666668,12.108333333333334,19.2,37.4,0,0,0,1,0,0.0,0.0,0.0,0.0,0.0,0.0,0.0,0.0,0.0,0.0,0.0,0.0,0.0,0.0,0.0,0.0,0.0,0.0,0.0,0.0,0.0,0.0,0,0.0,0.0,0,0,,,0
2019-07-17,2,Wednesday,0,0,0,,,1398,4,26,1398-04-26,Tir,0,0,0,19,0,0,0,24,33.0625,24.9,40.1,11.75,0.0,0.0,0.0,0.5416666666666666,9.608333333333333,12.3,31.0,0,0,0,1,0,0.0,0.0,0.0,0.0,0.0,0.0,0.0,0.0,0.0,0.0,0.0,0.0,0.0,0.0,0.0,0.0,0.0,0.0,0.0,0.0,0.0,0.0,0,0.0,0.0,0,0,,,0
2019-07-18,3,Thursday,0,1,0,,,1398,4,27,1398-04-27,Tir,0,0,0,20,0,0,0,24,32.483333333333334,21.0,40.7,11.916666666666666,0.0,0.0,0.0,0.0,6.691666666666666,13.8,25.2,0,0,0,1,0,0.0,0.0,0.0,0.0,0.0,0.0,0.0,0.0,0.0,0.0,0.0,0.0,0.0,0.0,0.0,0.0,0.0,0.0,0.0,0.0,0.0,0.0,0,0.0,0.0,0,0,,,0
2019-07-19,4,Friday,1,0,0,,,1398,4,28,1398-04-28,Tir,0,0,0,21,0,0,1,24,32.3125,21.8,40.0,9.333333333333334,0.0,0.0,0.0,0.0,7.2,9.8,24.5,0,0,0,1,0,0.0,0.0,0.0,0.0,0.0,0.0,0.0,0.0,0.0,0.0,0.0,0.0,0.0,0.0,0.0,0.0,0.0,0.0,0.0,0.0,0.0,0.0,0,0.0,0.0,0,0,,,0
2019-07-20,5,Saturday,0,0,0,,,1398,4,29,1398-04-29,Tir,0,0,0,22,0,0,0,24,32.00416666666667,20.6,40.5,10.833333333333334,0.0,0.0,0.0,0.0,11.304166666666667,18.9,39.6,0,0,0,1,0,0.0,0.0,0.0,0.0,0.0,0.0,0.0,0.0,0.0,0.0,0.0,0.0,0.0,0.0,0.0,0.0,0.0,0.0,0.0,0.0,0.0,0.0,0,0.0,0.0,0,0,,,0
2019-07-21,6,Sunday,0,0,0,,,1398,4,30,1398-04-30,Tir,0,0,0,21,0,0,0,24,31.7625,22.8,38.6,13.041666666666666,0.0,0.0,0.0,26.541666666666668,11.433333333333332,18.0,40.3,0,0,0,1,0,0.0,0.0,0.0,0.0,0.0,0.0,0.0,0.0,0.0,0.0,0.0,0.0,0.0,0.0,0.0,0.0,0.0,0.0,0.0,0.0,0.0,0.0,0,0.0,0.0,0,0,,,0
2019-07-22,0,Monday,0,0,0,,,1398,4,31,1398-04-31,Tir,0,0,0,20,0,0,0,24,31.6875,25.6,37.1,17.25,0.0,0.0,0.0,27.166666666666668,10.066666666666666,16.6,37.1,0,0,0,1,0,0.0,0.0,0.0,0.0,0.0,0.0,0.0,0.0,0.0,0.0,0.0,0.0,0.0,0.0,0.0,0.0,0.0,0.0,0.0,0.0,0.0,0.0,0,0.0,0.0,0,0,,,0
2019-07-23,1,Tuesday,0,0,0,,,1398,5,1,1398-05-01,Mordad,0,0,0,19,0,0,0,24,31.59166666666667,22.4,38.5,14.583333333333334,0.0,0.0,0.0,21.458333333333332,8.758333333333335,16.6,31.3,0,0,0,1,0,0.0,0.0,0.0,0.0,0.0,0.0,0.0,0.0,0.0,0.0,0.0,0.0,0.0,0.0,0.0,0.0,0.0,0.0,0.0,0.0,0.0,0.0,0,0.0,0.0,0,0,,,0
2019-07-24,2,Wednesday,0,0,0,,,1398,5,2,1398-05-02,Mordad,0,0,0,18,0,0,0,24,31.391666666666666,22.6,38.4,8.875,0.0,0.0,0.0,13.083333333333334,6.3999999999999995,14.8,32.8,0,0,0,1,0,0.0,0.0,0.0,0.0,0.0,0.0,0.0,0.0,0.0,0.0,0.0,0.0,0.0,0.0,0.0,0.0,0.0,0.0,0.0,0.0,0.0,0.0,0,0.0,0.0,0,0,,,0
2019-07-25,3,Thursday,0,1,0,,,1398,5,3,1398-05-03,Mordad,0,0,0,17,0,0,0,24,32.06666666666667,21.3,39.3,9.708333333333334,0.0,0.0,0.0,9.958333333333334,5.741666666666667,18.0,34.6,0,0,0,1,0,0.0,0.0,0.0,0.0,0.0,0.0,0.0,0.0,0.0,0.0,0.0,0.0,0.0,0.0,0.0,0.0,0.0,0.0,0.0,0.0,0.0,0.0,0,0.0,0.0,0,0,,,0
2019-07-26,4,Friday,1,0,0,,,1398,5,4,1398-05-04,Mordad,0,0,0,16,0,0,1,24,32.05,20.4,39.4,10.625,0.0,0.0,0.0,20.541666666666668,9.529166666666667,17.5,30.2,0,0,0,1,0,0.0,0.0,0.0,0.0,0.0,0.0,0.0,0.0,0.0,0.0,0.0,0.0,0.0,0.0,0.0,0.0,0.0,0.0,0.0,0.0,0.0,0.0,0,0.0,0.0,0,0,,,0
2019-07-27,5,Saturday,0,0,0,,,1398,5,5,1398-05-05,Mordad,0,0,0,15,0,0,0,24,31.504166666666666,21.1,38.4,11.75,0.0,0.0,0.0,8.0,8.012500000000001,18.2,37.1,0,0,0,1,0,0.0,0.0,0.0,0.0,0.0,0.0,0.0,0.0,0.0,0.0,0.0,0.0,0.0,0.0,0.0,0.0,0.0,0.0,0.0,0.0,0.0,0.0,0,0.0,0.0,0,0,,,0
2019-07-28,6,Sunday,0,0,0,,,1398,5,6,1398-05-06,Mordad,0,0,0,14,0,0,0,24,32.204166666666666,23.6,39.9,10.625,0.0,0.0,0.0,11.041666666666666,9.616666666666665,22.9,38.9,0,0,0,1,0,0.0,0.0,0.0,0.0,0.0,0.0,0.0,0.0,0.0,0.0,0.0,0.0,0.0,0.0,0.0,0.0,0.0,0.0,0.0,0.0,0.0,0.0,0,0.0,0.0,0,0,,,0
2019-07-29,0,Monday,0,0,0,,,1398,5,7,1398-05-07,Mordad,0,0,0,13,0,0,0,24,31.358333333333334,23.7,38.1,8.875,0.0,0.0,0.0,0.0,9.012500000000001,15.3,29.5,0,0,0,1,0,0.0,0.0,0.0,0.0,0.0,0.0,0.0,0.0,0.0,0.0,0.0,0.0,0.0,0.0,0.0,0.0,0.0,0.0,0.0,0.0,0.0,0.0,0,0.0,0.0,0,0,,,0
2019-07-30,1,Tuesday,0,0,0,,,1398,5,8,1398-05-08,Mordad,0,0,0,12,0,0,0,24,30.96666666666667,22.3,38.6,12.166666666666666,0.0,0.0,0.0,0.0,7.5625,13.3,25.2,0,0,0,1,0,0.0,0.0,0.0,0.0,0.0,0.0,0.0,0.0,0.0,0.0,0.0,0.0,0.0,0.0,0.0,0.0,0.0,0.0,0.0,0.0,0.0,0.0,0,0.0,0.0,0,0,,,0
2019-07-31,2,Wednesday,0,0,0,,,1398,5,9,1398-05-09,Mordad,0,0,0,11,0,0,0,24,32.22083333333333,22.2,40.7,18.25,0.0,0.0,0.0,11.083333333333334,7.041666666666667,12.2,31.7,0,0,0,1,0,0.0,0.0,0.0,0.0,0.0,0.0,0.0,0.0,0.0,0.0,0.0,0.0,0.0,0.0,0.0,0.0,0.0,0.0,0.0,0.0,0.0,0.0,0,0.0,0.0,0,0,,,0
2019-08-01,3,Thursday,0,1,0,,,1398,5,10,1398-05-10,Mordad,0,0,0,10,0,0,0,24,33.88333333333333,24.9,41.0,14.5,0.0,0.0,0.0,13.875,7.983333333333333,17.7,32.4,0,0,0,1,0,0.0,0.0,0.0,0.0,0.0,0.0,0.0,0.0,0.0,0.0,0.0,0.0,0.0,0.0,0.0,0.0,0.0,0.0,0.0,0.0,0.0,0.0,0,0.0,0.0,0,0,,,0
2019-08-02,4,Friday,1,0,0,,,1398,5,11,1398-05-11,Mordad,0,0,0,9,0,0,1,24,33.96666666666667,25.4,41.0,12.708333333333334,0.0,0.0,0.0,10.75,10.325000000000001,17.3,38.2,0,0,0,1,0,0.0,0.0,0.0,0.0,0.0,0.0,0.0,0.0,0.0,0.0,0.0,0.0,0.0,0.0,0.0,0.0,0.0,0.0,0.0,0.0,0.0,0.0,0,0.0,0.0,0,0,,,0
2019-08-03,5,Saturday,0,0,0,,,1398,5,12,1398-05-12,Mordad,0,0,0,8,0,0,0,24,33.75416666666667,24.8,41.2,11.208333333333334,0.0,0.0,0.0,13.083333333333334,8.333333333333334,17.6,30.6,0,0,0,1,0,0.0,0.0,0.0,0.0,0.0,0.0,0.0,0.0,0.0,0.0,0.0,0.0,0.0,0.0,0.0,0.0,0.0,0.0,0.0,0.0,0.0,0.0,0,0.0,0.0,0,0,,,0
2019-08-04,6,Sunday,0,0,0,,,1398,5,13,1398-05-13,Mordad,0,0,0,7,0,0,0,24,32.983333333333334,25.1,40.3,12.75,0.0,0.0,0.0,6.125,8.904166666666667,19.1,30.2,0,0,0,1,0,0.0,0.0,0.0,0.0,0.0,0.0,0.0,0.0,0.0,0.0,0.0,0.0,0.0,0.0,0.0,0.0,0.0,0.0,0.0,0.0,0.0,0.0,0,0.0,0.0,0,0,,,0
2019-08-05,0,Monday,0,0,0,,,1398,5,14,1398-05-14,Mordad,0,0,0,6,0,0,0,24,32.487500000000004,24.6,40.1,12.583333333333334,0.0,0.0,0.0,0.0,7.766666666666667,13.3,25.9,0,0,0,1,0,0.0,0.0,0.0,0.0,0.0,0.0,0.0,0.0,0.0,0.0,0.0,0.0,0.0,0.0,0.0,0.0,0.0,0.0,0.0,0.0,0.0,0.0,0,0.0,0.0,0,0,,,0
2019-08-06,1,Tuesday,0,0,0,,,1398,5,15,1398-05-15,Mordad,0,0,0,5,0,0,0,24,32.84166666666667,23.8,41.2,16.666666666666668,0.0,0.0,0.0,3.4166666666666665,13.183333333333332,21.3,42.8,0,0,0,1,0,0.0,0.0,0.0,0.0,0.0,0.0,0.0,0.0,0.0,0.0,0.0,0.0,0.0,0.0,0.0,0.0,0.0,0.0,0.0,0.0,0.0,0.0,0,0.0,0.0,0,0,,,0
2019-08-07,2,Wednesday,0,0,0,,,1398,5,16,1398-05-16,Mordad,0,0,0,4,0,0,0,24,32.699999999999996,24.8,39.8,23.291666666666668,0.0,0.0,0.0,24.0,14.012500000000001,19.1,42.1,0,0,0,1,0,0.0,0.0,0.0,0.0,0.0,0.0,0.0,0.0,0.0,0.0,0.0,0.0,0.0,0.0,0.0,0.0,0.0,0.0,0.0,0.0,0.0,0.0,0,0.0,0.0,0,0,,,0
2019-08-08,3,Thursday,0,1,0,,,1398,5,17,1398-05-17,Mordad,0,0,0,3,0,0,0,24,32.25416666666667,22.5,38.4,20.458333333333332,0.0,0.0,0.0,17.166666666666668,10.008333333333333,19.4,35.3,0,0,0,1,0,0.0,0.0,0.0,0.0,0.0,0.0,0.0,0.0,0.0,0.0,0.0,0.0,0.0,0.0,0.0,0.0,0.0,0.0,0.0,0.0,0.0,0.0,0,0.0,0.0,0,0,,,0
2019-08-09,4,Friday,1,0,0,,,1398,5,18,1398-05-18,Mordad,0,0,0,2,0,0,1,24,30.78333333333333,22.0,37.2,18.958333333333332,0.0,0.0,0.0,0.041666666666666664,10.325000000000001,20.2,38.9,0,0,0,1,0,0.0,0.0,0.0,0.0,0.0,0.0,0.0,0.0,0.0,0.0,0.0,0.0,0.0,0.0,0.0,0.0,0.0,0.0,0.0,0.0,0.0,0.0,0,0.0,0.0,0,0,,,0
2019-08-10,5,Saturday,0,0,0,,,1398,5,19,1398-05-19,Mordad,0,0,0,1,1,0,0,24,30.28333333333333,20.1,37.0,19.583333333333332,0.0,0.0,0.0,2.0416666666666665,6.3374999999999995,14.6,27.0,0,0,0,1,0,0.0,0.0,0.0,0.0,0.0,0.0,0.0,0.0,0.0,0.0,0.0,0.0,0.0,0.0,0.0,0.0,0.0,0.0,0.0,0.0,0.0,0.0,0,0.0,0.0,0,0,,,0
2019-08-11,6,Sunday,0,0,1,Eid al-Adha (estimated),(تخمین زده) عید قربان,1398,5,20,1398-05-20,Mordad,0,0,0,0,0,0,1,24,30.729166666666668,20.5,38.6,15.125,0.0,0.0,0.0,0.0,9.758333333333333,22.4,42.1,0,0,0,1,0,0.0,0.0,0.0,0.0,0.0,0.0,0.0,0.0,0.0,0.0,0.0,0.0,0.0,0.0,0.0,0.0,0.0,0.0,0.0,0.0,0.0,0.0,0,0.0,0.0,0,0,,,0
2019-08-12,0,Monday,0,0,0,,,1398,5,21,1398-05-21,Mordad,0,0,0,1,0,1,0,24,29.1375,19.5,36.0,18.125,0.0,0.0,0.0,0.0,11.033333333333333,17.5,36.7,0,0,0,1,0,0.0,0.0,0.0,0.0,0.0,0.0,0.0,0.0,0.0,0.0,0.0,0.0,0.0,0.0,0.0,0.0,0.0,0.0,0.0,0.0,0.0,0.0,0,0.0,0.0,0,0,,,0
2019-08-13,1,Tuesday,0,0,0,,,1398,5,22,1398-05-22,Mordad,0,0,0,2,0,0,0,24,28.45,19.0,35.3,22.625,0.0,0.0,0.0,13.833333333333334,8.025,20.1,33.1,0,0,0,1,0,0.0,0.0,0.0,0.0,0.0,0.0,0.0,0.0,0.0,0.0,0.0,0.0,0.0,0.0,0.0,0.0,0.0,0.0,0.0,0.0,0.0,0.0,0,0.0,0.0,0,0,,,0
2019-08-14,2,Wednesday,0,0,0,,,1398,5,23,1398-05-23,Mordad,0,0,0,3,0,0,0,24,28.045833333333334,21.6,34.5,27.375,0.0,0.0,0.0,26.666666666666668,8.070833333333333,13.8,26.3,0,0,0,0,0,0.0,0.0,0.0,0.0,0.0,0.0,0.0,0.0,0.0,0.0,0.0,0.0,0.0,0.0,0.0,0.0,0.0,0.0,0.0,0.0,0.0,0.0,0,0.0,0.0,0,0,,,0
2019-08-15,3,Thursday,0,1,0,,,1398,5,24,1398-05-24,Mordad,0,0,0,4,0,0,0,24,28.191666666666666,20.8,35.1,22.416666666666668,0.0,0.0,0.0,22.125,5.995833333333334,11.8,22.7,0,0,0,1,0,0.0,0.0,0.0,0.0,0.0,0.0,0.0,0.0,0.0,0.0,0.0,0.0,0.0,0.0,0.0,0.0,0.0,0.0,0.0,0.0,0.0,0.0,0,0.0,0.0,0,0,,,0
2019-08-16,4,Friday,1,0,0,,,1398,5,25,1398-05-25,Mordad,0,0,0,3,0,0,1,24,28.525000000000002,20.5,35.5,17.125,0.0,0.0,0.0,2.3333333333333335,6.058333333333334,17.4,31.7,0,0,0,1,0,0.0,0.0,0.0,0.0,0.0,0.0,0.0,0.0,0.0,0.0,0.0,0.0,0.0,0.0,0.0,0.0,0.0,0.0,0.0,0.0,0.0,0.0,0,0.0,0.0,0,0,,,0
2019-08-17,5,Saturday,0,0,0,,,1398,5,26,1398-05-26,Mordad,0,0,0,2,0,0,0,24,28.083333333333332,20.2,36.2,10.666666666666666,0.0,0.0,0.0,0.0,6.533333333333334,14.4,26.6,0,0,0,1,0,0.0,0.0,0.0,0.0,0.0,0.0,0.0,0.0,0.0,0.0,0.0,0.0,0.0,0.0,0.0,0.0,0.0,0.0,0.0,0.0,0.0,0.0,0,0.0,0.0,0,0,,,0
2019-08-18,6,Sunday,0,0,0,,,1398,5,27,1398-05-27,Mordad,0,0,0,1,1,0,0,24,27.8,16.4,36.5,9.541666666666666,0.0,0.0,0.0,0.0,6.733333333333333,11.6,25.9,0,0,0,1,0,0.0,0.0,0.0,0.0,0.0,0.0,0.0,0.0,0.0,0.0,0.0,0.0,0.0,0.0,0.0,0.0,0.0,0.0,0.0,0.0,0.0,0.0,0,0.0,0.0,0,0,,,0
2019-08-19,0,Monday,0,0,1,Eid al-Ghadeer (estimated),(تخمین زده) عید غدیر,1398,5,28,1398-05-28,Mordad,0,0,0,0,0,0,1,24,27.795833333333334,15.6,36.5,10.458333333333334,0.0,0.0,0.0,0.0,6.0874999999999995,14.0,29.9,0,0,0,1,0,0.0,0.0,0.0,0.0,0.0,0.0,0.0,0.0,0.0,0.0,0.0,0.0,0.0,0.0,0.0,0.0,0.0,0.0,0.0,0.0,0.0,0.0,0,0.0,0.0,0,0,,,0
2019-08-20,1,Tuesday,0,0,0,,,1398,5,29,1398-05-29,Mordad,0,0,0,1,0,1,0,24,28.09583333333333,18.2,35.5,12.625,0.0,0.0,0.0,0.0,5.266666666666667,15.5,27.0,0,0,0,1,0,0.0,0.0,0.0,0.0,0.0,0.0,0.0,0.0,0.0,0.0,0.0,0.0,0.0,0.0,0.0,0.0,0.0,0.0,0.0,0.0,0.0,0.0,0,0.0,0.0,0,0,,,0
2019-08-21,2,Wednesday,0,0,0,,,1398,5,30,1398-05-30,Mordad,0,0,0,2,0,0,0,24,27.108333333333334,17.2,34.7,14.166666666666666,0.0,0.0,0.0,0.0,5.495833333333334,12.9,24.1,0,0,0,0,0,0.0,0.0,0.0,0.0,0.0,0.0,0.0,0.0,0.0,0.0,0.0,0.0,0.0,0.0,0.0,0.0,0.0,0.0,0.0,0.0,0.0,0.0,0,0.0,0.0,0,0,,,0
2019-08-22,3,Thursday,0,1,0,,,1398,5,31,1398-05-31,Mordad,0,0,0,3,0,0,0,24,26.879166666666666,17.0,34.4,15.083333333333334,0.0,0.0,0.0,0.0,4.720833333333333,12.8,21.2,0,0,0,0,0,0.0,0.0,0.0,0.0,0.0,0.0,0.0,0.0,0.0,0.0,0.0,0.0,0.0,0.0,0.0,0.0,0.0,0.0,0.0,0.0,0.0,0.0,0,0.0,0.0,0,0,,,0
2019-08-23,4,Friday,1,0,0,,,1398,6,1,1398-06-01,Shahrivar,0,0,0,4,0,0,1,24,26.795833333333334,16.9,34.0,17.041666666666668,0.0,0.0,0.0,0.0,5.666666666666667,12.0,22.0,0,0,0,0,0,0.0,0.0,0.0,0.0,0.0,0.0,0.0,0.0,0.0,0.0,0.0,0.0,0.0,0.0,0.0,0.0,0.0,0.0,0.0,0.0,0.0,0.0,0,0.0,0.0,0,0,,,0
2019-08-24,5,Saturday,0,0,0,,,1398,6,2,1398-06-02,Shahrivar,0,0,0,5,0,0,0,24,26.479166666666668,16.8,33.9,15.0,0.0,0.0,0.0,0.0,4.75,8.4,19.8,0,0,0,0,0,0.0,0.0,0.0,0.0,0.0,0.0,0.0,0.0,0.0,0.0,0.0,0.0,0.0,0.0,0.0,0.0,0.0,0.0,0.0,0.0,0.0,0.0,0,0.0,0.0,0,0,,,0
2019-08-25,6,Sunday,0,0,0,,,1398,6,3,1398-06-03,Shahrivar,0,0,0,6,0,0,0,24,26.75,16.4,35.0,12.791666666666666,0.0,0.0,0.0,0.0,4.858333333333333,10.9,19.4,0,0,0,1,0,0.0,0.0,0.0,0.0,0.0,0.0,0.0,0.0,0.0,0.0,0.0,0.0,0.0,0.0,0.0,0.0,0.0,0.0,0.0,0.0,0.0,0.0,0,0.0,0.0,0,0,,,0
2019-08-26,0,Monday,0,0,0,,,1398,6,4,1398-06-04,Shahrivar,0,0,0,7,0,0,0,24,27.724999999999998,17.8,35.6,12.625,0.0,0.0,0.0,0.0,5.1000000000000005,13.0,24.8,0,0,0,1,0,0.0,0.0,0.0,0.0,0.0,0.0,0.0,0.0,0.0,0.0,0.0,0.0,0.0,0.0,0.0,0.0,0.0,0.0,0.0,0.0,0.0,0.0,0,0.0,0.0,0,0,,,0
2019-08-27,1,Tuesday,0,0,0,,,1398,6,5,1398-06-05,Shahrivar,0,0,0,8,0,0,0,24,27.683333333333334,18.7,35.0,14.625,0.0,0.0,0.0,0.041666666666666664,6.483333333333333,14.3,28.4,0,0,0,1,0,0.0,0.0,0.0,0.0,0.0,0.0,0.0,0.0,0.0,0.0,0.0,0.0,0.0,0.0,0.0,0.0,0.0,0.0,0.0,0.0,0.0,0.0,0,0.0,0.0,0,0,,,0
2019-08-28,2,Wednesday,0,0,0,,,1398,6,6,1398-06-06,Shahrivar,0,0,0,9,0,0,0,24,28.108333333333334,19.5,35.7,14.833333333333334,0.0,0.0,0.0,12.0,5.8500000000000005,9.0,25.9,0,0,0,1,0,0.0,0.0,0.0,0.0,0.0,0.0,0.0,0.0,0.0,0.0,0.0,0.0,0.0,0.0,0.0,0.0,0.0,0.0,0.0,0.0,0.0,0.0,0,0.0,0.0,0,0,,,0
2019-08-29,3,Thursday,0,1,0,,,1398,6,7,1398-06-07,Shahrivar,0,0,0,10,0,0,0,24,29.099999999999998,19.8,36.9,14.041666666666666,0.0,0.0,0.0,20.583333333333332,9.858333333333333,22.0,42.5,0,0,0,1,0,0.0,0.0,0.0,0.0,0.0,0.0,0.0,0.0,0.0,0.0,0.0,0.0,0.0,0.0,0.0,0.0,0.0,0.0,0.0,0.0,0.0,0.0,0,0.0,0.0,0,0,,,0
2019-08-30,4,Friday,1,0,0,,,1398,6,8,1398-06-08,Shahrivar,0,0,0,9,0,0,1,24,28.400000000000002,19.8,35.4,21.666666666666668,0.0,0.0,0.0,6.375,9.483333333333333,20.8,29.9,0,0,0,1,0,0.0,0.0,0.0,0.0,0.0,0.0,0.0,0.0,0.0,0.0,0.0,0.0,0.0,0.0,0.0,0.0,0.0,0.0,0.0,0.0,0.0,0.0,0,0.0,0.0,0,0,,,0
2019-08-31,5,Saturday,0,0,0,,,1398,6,9,1398-06-09,Shahrivar,0,0,0,8,0,0,0,24,27.25,18.1,33.9,23.0,0.0,0.0,0.0,7.833333333333333,5.6000000000000005,13.2,24.8,0,0,0,0,0,0.0,0.0,0.0,0.0,0.0,0.0,0.0,0.0,0.0,0.0,0.0,0.0,0.0,0.0,0.0,0.0,0.0,0.0,0.0,0.0,0.0,0.0,0,0.0,0.0,0,0,,,0
2019-09-01,6,Sunday,0,0,0,,,1398,6,10,1398-06-10,Shahrivar,0,0,0,7,0,0,0,24,28.5625,19.7,36.5,19.083333333333332,0.0,0.0,0.0,2.625,6.770833333333333,12.3,27.0,0,0,0,1,0,0.0,0.0,0.0,0.0,0.0,0.0,0.0,0.0,0.0,0.0,0.0,0.0,0.0,0.0,0.0,0.0,0.0,0.0,0.0,0.0,0.0,0.0,0,0.0,0.0,0,0,,,0
2019-09-02,0,Monday,0,0,0,,,1398,6,11,1398-06-11,Shahrivar,0,0,0,6,0,0,0,24,27.479166666666668,17.6,36.0,21.083333333333332,0.0,0.0,0.0,0.0,6.729166666666667,20.8,33.5,0,0,0,1,0,0.0,0.0,0.0,0.0,0.0,0.0,0.0,0.0,0.0,0.0,0.0,0.0,0.0,0.0,0.0,0.0,0.0,0.0,0.0,0.0,0.0,0.0,0,0.0,0.0,0,0,,,0
2019-09-03,1,Tuesday,0,0,0,,,1398,6,12,1398-06-12,Shahrivar,0,0,0,5,0,0,0,24,27.691666666666666,17.5,36.5,18.041666666666668,0.0,0.0,0.0,0.0,4.820833333333334,8.9,22.0,0,0,0,1,0,0.0,0.0,0.0,0.0,0.0,0.0,0.0,0.0,0.0,0.0,0.0,0.0,0.0,0.0,0.0,0.0,0.0,0.0,0.0,0.0,0.0,0.0,0,0.0,0.0,0,0,,,0
2019-09-04,2,Wednesday,0,0,0,,,1398,6,13,1398-06-13,Shahrivar,0,0,0,4,0,0,0,24,26.8625,16.8,35.6,19.666666666666668,0.0,0.0,0.0,0.0,7.258333333333333,17.0,31.3,0,0,0,1,0,0.0,0.0,0.0,0.0,0.0,0.0,0.0,0.0,0.0,0.0,0.0,0.0,0.0,0.0,0.0,0.0,0.0,0.0,0.0,0.0,0.0,0.0,0,0.0,0.0,0,0,,,0
2019-09-05,3,Thursday,0,1,0,,,1398,6,14,1398-06-14,Shahrivar,0,0,0,3,0,0,0,24,26.608333333333334,16.3,34.9,21.291666666666668,0.0,0.0,0.0,0.0,5.520833333333333,16.9,27.4,0,0,0,0,0,0.0,0.0,0.0,0.0,0.0,0.0,0.0,0.0,0.0,0.0,0.0,0.0,0.0,0.0,0.0,0.0,0.0,0.0,0.0,0.0,0.0,0.0,0,0.0,0.0,0,0,,,0
2019-09-06,4,Friday,1,0,0,,,1398,6,15,1398-06-15,Shahrivar,0,0,0,2,0,0,1,24,26.183333333333334,16.3,34.9,20.041666666666668,0.0,0.0,0.0,0.0,5.341666666666666,9.5,20.2,0,0,0,0,0,0.0,0.0,0.0,0.0,0.0,0.0,0.0,0.0,0.0,0.0,0.0,0.0,0.0,0.0,0.0,0.0,0.0,0.0,0.0,0.0,0.0,0.0,0,0.0,0.0,0,0,,,0
2019-09-07,5,Saturday,0,0,0,,,1398,6,16,1398-06-16,Shahrivar,0,0,0,1,1,0,0,24,27.34166666666667,17.3,36.0,16.625,0.0,0.0,0.0,0.0,5.616666666666667,9.5,24.8,0,0,0,1,0,0.0,0.0,0.0,0.0,0.0,0.0,0.0,0.0,0.0,0.0,0.0,0.0,0.0,0.0,0.0,0.0,0.0,0.0,0.0,0.0,0.0,0.0,0,0.0,0.0,0,0,,,0
2019-09-08,6,Sunday,0,0,1,Tasua (estimated),(تخمین زده) تاسوعا,1398,6,17,1398-06-17,Shahrivar,0,0,0,0,1,0,1,24,27.508333333333336,17.5,35.8,12.708333333333334,0.0,0.0,0.0,0.0,6.3875,17.1,28.4,0,0,0,1,0,0.0,0.0,0.0,0.0,0.0,0.0,0.0,0.0,0.0,0.0,0.0,0.0,0.0,0.0,0.0,0.0,0.0,0.0,0.0,0.0,0.0,0.0,0,0.0,0.0,0,0,,,0
2019-09-09,0,Monday,0,0,1,Ashura (estimated),(تخمین زده) کشته‌شدن حسین بن علی، عاشورا,1398,6,18,1398-06-18,Shahrivar,0,0,0,0,0,1,1,24,25.27916666666667,16.5,33.4,24.75,0.0,0.0,0.0,0.0,10.358333333333333,20.3,37.4,0,0,0,0,0,0.0,0.0,0.0,0.0,0.0,0.0,0.0,0.0,0.0,0.0,0.0,0.0,0.0,0.0,0.0,0.0,0.0,0.0,0.0,0.0,0.0,0.0,0,0.0,0.0,0,0,,,0
2019-09-10,1,Tuesday,0,0,0,,,1398,6,19,1398-06-19,Shahrivar,0,0,0,1,0,1,0,24,24.1375,14.8,32.5,28.291666666666668,0.0,0.0,0.0,0.0,8.808333333333334,16.9,32.4,0,0,0,0,0,0.0,0.0,0.0,0.0,0.0,0.0,0.0,0.0,0.0,0.0,0.0,0.0,0.0,0.0,0.0,0.0,0.0,0.0,0.0,0.0,0.0,0.0,0,0.0,0.0,0,0,,,0
2019-09-11,2,Wednesday,0,0,0,,,1398,6,20,1398-06-20,Shahrivar,0,0,0,2,0,0,0,24,24.05,13.0,32.8,23.291666666666668,0.0,0.0,0.0,0.0,7.008333333333333,14.4,28.8,0,0,0,0,0,0.0,0.0,0.0,0.0,0.0,0.0,0.0,0.0,0.0,0.0,0.0,0.0,0.0,0.0,0.0,0.0,0.0,0.0,0.0,0.0,0.0,0.0,0,0.0,0.0,0,0,,,0
2019-09-12,3,Thursday,0,1,0,,,1398,6,21,1398-06-21,Shahrivar,0,0,0,3,0,0,0,24,23.9375,12.9,32.5,21.375,0.0,0.0,0.0,0.0,6.883333333333333,13.8,28.1,0,0,0,0,0,0.0,0.0,0.0,0.0,0.0,0.0,0.0,0.0,0.0,0.0,0.0,0.0,0.0,0.0,0.0,0.0,0.0,0.0,0.0,0.0,0.0,0.0,0,0.0,0.0,0,0,,,0
2019-09-13,4,Friday,1,0,0,,,1398,6,22,1398-06-22,Shahrivar,0,0,0,4,0,0,1,24,23.191666666666666,13.6,31.8,20.0,0.0,0.0,0.0,0.0,7.7625,15.9,27.4,0,0,0,0,0,0.0,0.0,0.0,0.0,0.0,0.0,0.0,0.0,0.0,0.0,0.0,0.0,0.0,0.0,0.0,0.0,0.0,0.0,0.0,0.0,0.0,0.0,0,0.0,0.0,0,0,,,0
2019-09-14,5,Saturday,0,0,0,,,1398,6,23,1398-06-23,Shahrivar,0,0,0,5,0,0,0,24,22.525000000000002,12.8,31.1,21.333333333333332,0.0,0.0,0.0,0.0,6.629166666666666,14.1,25.9,0,0,0,0,0,0.0,0.0,0.0,0.0,0.0,0.0,0.0,0.0,0.0,0.0,0.0,0.0,0.0,0.0,0.0,0.0,0.0,0.0,0.0,0.0,0.0,0.0,0,0.0,0.0,0,0,,,0
2019-09-15,6,Sunday,0,0,0,,,1398,6,24,1398-06-24,Shahrivar,0,0,0,6,0,0,0,24,24.0625,15.1,32.7,20.25,0.0,0.0,0.0,0.0,4.5,10.0,24.8,0,0,0,0,0,0.0,0.0,0.0,0.0,0.0,0.0,0.0,0.0,0.0,0.0,0.0,0.0,0.0,0.0,0.0,0.0,0.0,0.0,0.0,0.0,0.0,0.0,0,0.0,0.0,0,0,,,0
2019-09-16,0,Monday,0,0,0,,,1398,6,25,1398-06-25,Shahrivar,0,0,0,7,0,0,0,24,24.65416666666667,13.7,33.7,20.5,0.0,0.0,0.0,0.0,5.154166666666667,10.7,23.8,0,0,0,0,0,0.0,0.0,0.0,0.0,0.0,0.0,0.0,0.0,0.0,0.0,0.0,0.0,0.0,0.0,0.0,0.0,0.0,0.0,0.0,0.0,0.0,0.0,0,0.0,0.0,0,0,,,0
2019-09-17,1,Tuesday,0,0,0,,,1398,6,26,1398-06-26,Shahrivar,0,0,0,8,0,0,0,24,25.84166666666667,15.9,34.3,17.416666666666668,0.0,0.0,0.0,3.625,3.8666666666666667,7.7,16.6,0,0,0,0,0,0.0,0.0,0.0,0.0,0.0,0.0,0.0,0.0,0.0,0.0,0.0,0.0,0.0,0.0,0.0,0.0,0.0,0.0,0.0,0.0,0.0,0.0,0,0.0,0.0,0,0,,,0
2019-09-18,2,Wednesday,0,0,0,,,1398,6,27,1398-06-27,Shahrivar,0,0,0,9,0,0,0,24,26.77916666666667,17.7,35.4,15.0,0.0,0.0,0.0,10.625,5.316666666666667,8.4,22.3,0,0,0,1,0,0.0,0.0,0.0,0.0,0.0,0.0,0.0,0.0,0.0,0.0,0.0,0.0,0.0,0.0,0.0,0.0,0.0,0.0,0.0,0.0,0.0,0.0,0,0.0,0.0,0,0,,,0
2019-09-19,3,Thursday,0,1,0,,,1398,6,28,1398-06-28,Shahrivar,0,0,0,10,0,0,0,24,27.866666666666664,19.5,36.7,13.416666666666666,0.0,0.0,0.0,2.2916666666666665,5.4624999999999995,8.6,24.1,0,0,0,1,0,0.0,0.0,0.0,0.0,0.0,0.0,0.0,0.0,0.0,0.0,0.0,0.0,0.0,0.0,0.0,0.0,0.0,0.0,0.0,0.0,0.0,0.0,0,0.0,0.0,0,0,,,0
2019-09-20,4,Friday,1,0,0,,,1398,6,29,1398-06-29,Shahrivar,0,0,0,11,0,0,1,24,26.683333333333334,16.5,36.8,16.125,0.0,0.0,0.0,0.0,7.358333333333333,12.8,31.0,0,0,0,1,0,0.0,0.0,0.0,0.0,0.0,0.0,0.0,0.0,0.0,0.0,0.0,0.0,0.0,0.0,0.0,0.0,0.0,0.0,0.0,0.0,0.0,0.0,0,0.0,0.0,0,0,,,0
2019-09-21,5,Saturday,0,0,0,,,1398,6,30,1398-06-30,Shahrivar,0,0,0,12,0,0,0,24,26.3875,17.0,36.1,16.208333333333332,0.0,0.0,0.0,0.0,4.5249999999999995,8.4,19.4,0,0,0,1,0,0.0,0.0,0.0,0.0,0.0,0.0,0.0,0.0,0.0,0.0,0.0,0.0,0.0,0.0,0.0,0.0,0.0,0.0,0.0,0.0,0.0,0.0,0,0.0,0.0,0,0,,,0
2019-09-22,6,Sunday,0,0,0,,,1398,6,31,1398-06-31,Shahrivar,0,0,0,13,0,0,0,24,26.879166666666666,18.2,35.8,14.541666666666666,0.0,0.0,0.0,0.0,7.0,11.0,22.7,0,0,0,1,0,0.0,0.0,0.0,0.0,0.0,0.0,0.0,0.0,0.0,0.0,0.0,0.0,0.0,0.0,0.0,0.0,0.0,0.0,0.0,0.0,0.0,0.0,0,0.0,0.0,0,0,,,0
2019-09-23,0,Monday,0,0,0,,,1398,7,1,1398-07-01,Mehr,0,0,0,14,0,0,0,24,26.395833333333332,16.5,35.4,17.541666666666668,0.0,0.0,0.0,0.20833333333333334,5.5375000000000005,9.7,18.0,0,0,0,1,0,0.0,0.0,0.0,0.0,0.0,0.0,0.0,0.0,0.0,0.0,0.0,0.0,0.0,0.0,0.0,0.0,0.0,0.0,0.0,0.0,0.0,0.0,0,0.0,0.0,0,0,,,0
2019-09-24,1,Tuesday,0,0,0,,,1398,7,2,1398-07-02,Mehr,0,0,0,15,0,0,0,24,26.683333333333334,18.8,34.3,17.708333333333332,0.0,0.0,0.0,0.0,6.470833333333334,10.8,23.4,0,0,0,0,0,0.0,0.0,0.0,0.0,0.0,0.0,0.0,0.0,0.0,0.0,0.0,0.0,0.0,0.0,0.0,0.0,0.0,0.0,0.0,0.0,0.0,0.0,0,0.0,0.0,0,0,,,0
2019-09-25,2,Wednesday,0,0,0,,,1398,7,3,1398-07-03,Mehr,0,0,0,16,0,0,0,24,25.729166666666668,17.3,34.1,16.041666666666668,0.0,0.0,0.0,0.0,6.379166666666666,9.3,20.5,0,0,0,0,0,0.0,0.0,0.0,0.0,0.0,0.0,0.0,0.0,0.0,0.0,0.0,0.0,0.0,0.0,0.0,0.0,0.0,0.0,0.0,0.0,0.0,0.0,0,0.0,0.0,0,0,,,0
2019-09-26,3,Thursday,0,1,0,,,1398,7,4,1398-07-04,Mehr,0,0,0,17,0,0,0,24,24.270833333333332,15.2,33.8,12.541666666666666,0.0,0.0,0.0,0.0,5.995833333333334,8.8,19.8,0,0,0,0,0,0.0,0.0,0.0,0.0,0.0,0.0,0.0,0.0,0.0,0.0,0.0,0.0,0.0,0.0,0.0,0.0,0.0,0.0,0.0,0.0,0.0,0.0,0,0.0,0.0,0,0,,,0
2019-09-27,4,Friday,1,0,0,,,1398,7,5,1398-07-05,Mehr,0,0,0,18,0,0,1,24,24.75,13.5,34.4,13.416666666666666,0.0,0.0,0.0,0.0,6.154166666666666,10.7,18.7,0,0,0,0,0,0.0,0.0,0.0,0.0,0.0,0.0,0.0,0.0,0.0,0.0,0.0,0.0,0.0,0.0,0.0,0.0,0.0,0.0,0.0,0.0,0.0,0.0,0,0.0,0.0,0,0,,,0
2019-09-28,5,Saturday,0,0,0,,,1398,7,6,1398-07-06,Mehr,0,0,0,19,0,0,0,24,25.629166666666666,17.9,33.7,13.875,0.0,0.0,0.0,0.0,11.341666666666667,16.3,34.2,0,0,0,0,0,0.0,0.0,0.0,0.0,0.0,0.0,0.0,0.0,0.0,0.0,0.0,0.0,0.0,0.0,0.0,0.0,0.0,0.0,0.0,0.0,0.0,0.0,0,0.0,0.0,0,0,,,0
2019-09-29,6,Sunday,0,0,0,,,1398,7,7,1398-07-07,Mehr,0,0,0,20,0,0,0,24,24.8,15.8,33.2,16.333333333333332,0.0,0.0,0.0,0.0,6.391666666666667,10.2,18.7,0,0,0,0,0,0.0,0.0,0.0,0.0,0.0,0.0,0.0,0.0,0.0,0.0,0.0,0.0,0.0,0.0,0.0,0.0,0.0,0.0,0.0,0.0,0.0,0.0,0,0.0,0.0,0,0,,,0
2019-09-30,0,Monday,0,0,0,,,1398,7,8,1398-07-08,Mehr,0,0,0,19,0,0,0,24,25.212500000000002,17.5,32.5,16.791666666666668,0.0,0.0,0.0,15.041666666666666,10.695833333333333,17.7,38.5,0,0,0,0,0,0.0,0.0,0.0,0.0,0.0,0.0,0.0,0.0,0.0,0.0,0.0,0.0,0.0,0.0,0.0,0.0,0.0,0.0,0.0,0.0,0.0,0.0,0,0.0,0.0,0,0,,,0
2019-10-01,1,Tuesday,0,0,0,,,1398,7,9,1398-07-09,Mehr,0,0,0,18,0,0,0,24,24.6125,15.3,33.6,19.166666666666668,0.0,0.0,0.0,10.166666666666666,9.720833333333333,17.7,34.2,0,0,0,0,0,0.0,0.0,0.0,0.0,0.0,0.0,0.0,0.0,0.0,0.0,0.0,0.0,0.0,0.0,0.0,0.0,0.0,0.0,0.0,0.0,0.0,0.0,0,0.0,0.0,0,0,,,0
2019-10-02,2,Wednesday,0,0,0,,,1398,7,10,1398-07-10,Mehr,0,0,0,17,0,0,0,24,22.516666666666666,16.1,29.2,31.0,0.1,0.1,0.0,37.833333333333336,9.8875,22.2,49.7,1,0,1,0,0,0.0,0.0,0.0,0.0,0.0,0.0,0.0,0.0,0.0,0.0,0.0,0.0,0.0,0.0,0.0,0.0,0.0,0.0,0.0,0.0,0.0,0.0,0,0.0,0.0,0,0,,,0
2019-10-03,3,Thursday,0,1,0,,,1398,7,11,1398-07-11,Mehr,0,0,0,16,0,0,0,24,22.3625,13.0,31.1,27.0,0.0,0.0,0.0,19.708333333333332,6.283333333333334,11.9,26.3,0,0,0,0,0,0.0,0.0,0.0,0.0,0.0,0.0,0.0,0.0,0.0,0.0,0.0,0.0,0.0,0.0,0.0,0.0,0.0,0.0,0.0,0.0,0.0,0.0,0,0.0,0.0,0,0,,,0
2019-10-04,4,Friday,1,0,0,,,1398,7,12,1398-07-12,Mehr,0,0,0,15,0,0,1,24,23.8875,17.1,31.1,24.625,0.0,0.0,0.0,11.083333333333334,10.108333333333333,24.9,43.2,0,0,0,0,0,0.0,0.0,0.0,0.0,0.0,0.0,0.0,0.0,0.0,0.0,0.0,0.0,0.0,0.0,0.0,0.0,0.0,0.0,0.0,0.0,0.0,0.0,0,0.0,0.0,0,0,,,0
2019-10-05,5,Saturday,0,0,0,,,1398,7,13,1398-07-13,Mehr,0,0,0,14,0,0,0,24,20.175,12.1,28.2,23.375,0.0,0.0,0.0,0.0,5.612500000000001,13.2,20.5,0,0,0,0,0,0.0,0.0,0.0,0.0,0.0,0.0,0.0,0.0,0.0,0.0,0.0,0.0,0.0,0.0,0.0,0.0,0.0,0.0,0.0,0.0,0.0,0.0,0,0.0,0.0,0,0,,,0
2019-10-06,6,Sunday,0,0,0,,,1398,7,14,1398-07-14,Mehr,0,0,0,13,0,0,0,24,20.212500000000002,10.8,28.8,20.833333333333332,0.0,0.0,0.0,0.0,4.383333333333334,9.8,20.2,0,0,0,0,0,0.0,0.0,0.0,0.0,0.0,0.0,0.0,0.0,0.0,0.0,0.0,0.0,0.0,0.0,0.0,0.0,0.0,0.0,0.0,0.0,0.0,0.0,0,0.0,0.0,0,0,,,0
2019-10-07,0,Monday,0,0,0,,,1398,7,15,1398-07-15,Mehr,0,0,0,12,0,0,0,24,22.545833333333334,15.6,29.9,27.5,0.3,0.3,0.0,17.166666666666668,9.512500000000001,20.0,41.4,1,0,1,0,0,0.0,0.0,0.0,0.0,0.0,0.0,0.0,0.0,0.0,0.0,0.0,0.0,0.0,0.0,0.0,0.0,0.0,0.0,0.0,0.0,0.0,0.0,0,0.0,0.0,0,0,,,0
2019-10-08,1,Tuesday,0,0,0,,,1398,7,16,1398-07-16,Mehr,0,0,0,11,0,0,0,24,22.15833333333333,14.0,29.2,26.416666666666668,0.0,0.0,0.0,11.458333333333334,4.270833333333333,8.2,16.2,0,0,0,0,0,0.0,0.0,0.0,0.0,0.0,0.0,0.0,0.0,0.0,0.0,0.0,0.0,0.0,0.0,0.0,0.0,0.0,0.0,0.0,0.0,0.0,0.0,0,0.0,0.0,0,0,,,0
2019-10-09,2,Wednesday,0,0,0,,,1398,7,17,1398-07-17,Mehr,0,0,0,10,0,0,0,24,21.95,13.3,29.7,21.291666666666668,0.0,0.0,0.0,4.0,5.283333333333333,13.1,23.0,0,0,0,0,0,0.0,0.0,0.0,0.0,0.0,0.0,0.0,0.0,0.0,0.0,0.0,0.0,0.0,0.0,0.0,0.0,0.0,0.0,0.0,0.0,0.0,0.0,0,0.0,0.0,0,0,,,0
2019-10-10,3,Thursday,0,1,0,,,1398,7,18,1398-07-18,Mehr,0,0,0,9,0,0,0,24,20.808333333333334,11.4,29.0,23.791666666666668,0.0,0.0,0.0,3.9583333333333335,5.8500000000000005,11.0,20.5,0,0,0,0,0,0.0,0.0,0.0,0.0,0.0,0.0,0.0,0.0,0.0,0.0,0.0,0.0,0.0,0.0,0.0,0.0,0.0,0.0,0.0,0.0,0.0,0.0,0,0.0,0.0,0,0,,,0
2019-10-11,4,Friday,1,0,0,,,1398,7,19,1398-07-19,Mehr,0,0,0,8,0,0,1,24,20.224999999999998,11.3,28.6,22.75,0.0,0.0,0.0,0.0,4.954166666666667,9.4,19.1,0,0,0,0,0,0.0,0.0,0.0,0.0,0.0,0.0,0.0,0.0,0.0,0.0,0.0,0.0,0.0,0.0,0.0,0.0,0.0,0.0,0.0,0.0,0.0,0.0,0,0.0,0.0,0,0,,,0
2019-10-12,5,Saturday,0,0,0,,,1398,7,20,1398-07-20,Mehr,0,0,0,7,0,0,0,24,20.7625,12.9,28.9,21.458333333333332,0.0,0.0,0.0,0.0,4.433333333333333,8.7,16.6,0,0,0,0,0,0.0,0.0,0.0,0.0,0.0,0.0,0.0,0.0,0.0,0.0,0.0,0.0,0.0,0.0,0.0,0.0,0.0,0.0,0.0,0.0,0.0,0.0,0,0.0,0.0,0,0,,,0
2019-10-13,6,Sunday,0,0,0,,,1398,7,21,1398-07-21,Mehr,0,0,0,6,0,0,0,24,20.779166666666665,12.6,28.3,24.958333333333332,0.0,0.0,0.0,22.291666666666668,9.516666666666667,21.6,36.7,0,0,0,0,0,0.0,0.0,0.0,0.0,0.0,0.0,0.0,0.0,0.0,0.0,0.0,0.0,0.0,0.0,0.0,0.0,0.0,0.0,0.0,0.0,0.0,0.0,0,0.0,0.0,0,0,,,0
2019-10-14,0,Monday,0,0,0,,,1398,7,22,1398-07-22,Mehr,0,0,0,5,0,0,0,24,18.633333333333333,12.3,25.6,40.791666666666664,0.0,0.0,0.0,24.166666666666668,7.829166666666667,15.3,28.4,0,0,0,0,0,0.0,0.0,0.0,0.0,0.0,0.0,0.0,0.0,0.0,0.0,0.0,0.0,0.0,0.0,0.0,0.0,0.0,0.0,0.0,0.0,0.0,0.0,0,0.0,0.0,0,0,,,0
2019-10-15,1,Tuesday,0,0,0,,,1398,7,23,1398-07-23,Mehr,0,0,0,4,0,0,0,24,17.3875,9.3,24.6,38.291666666666664,0.0,0.0,0.0,1.5416666666666667,4.654166666666667,8.8,19.4,0,0,0,0,0,0.0,0.0,0.0,0.0,0.0,0.0,0.0,0.0,0.0,0.0,0.0,0.0,0.0,0.0,0.0,0.0,0.0,0.0,0.0,0.0,0.0,0.0,0,0.0,0.0,0,0,,,0
2019-10-16,2,Wednesday,0,0,0,,,1398,7,24,1398-07-24,Mehr,0,0,0,3,0,0,0,24,17.95,10.6,26.4,29.041666666666668,0.0,0.0,0.0,1.2083333333333333,4.5125,8.0,15.5,0,0,0,0,0,0.0,0.0,0.0,0.0,0.0,0.0,0.0,0.0,0.0,0.0,0.0,0.0,0.0,0.0,0.0,0.0,0.0,0.0,0.0,0.0,0.0,0.0,0,0.0,0.0,0,0,,,0
2019-10-17,3,Thursday,0,1,0,,,1398,7,25,1398-07-25,Mehr,0,0,0,2,0,0,0,24,18.150000000000002,8.9,26.8,26.666666666666668,0.0,0.0,0.0,16.791666666666668,4.845833333333333,10.1,16.9,0,0,0,0,0,0.0,0.0,0.0,0.0,0.0,0.0,0.0,0.0,0.0,0.0,0.0,0.0,0.0,0.0,0.0,0.0,0.0,0.0,0.0,0.0,0.0,0.0,0,0.0,0.0,0,0,,,0
2019-10-18,4,Friday,1,0,0,,,1398,7,26,1398-07-26,Mehr,0,0,0,1,1,0,1,24,17.991666666666667,10.9,25.9,25.916666666666668,0.0,0.0,0.0,48.875,6.791666666666667,16.6,36.0,0,0,0,0,0,0.0,0.0,0.0,0.0,0.0,0.0,0.0,0.0,0.0,0.0,0.0,0.0,0.0,0.0,0.0,0.0,0.0,0.0,0.0,0.0,0.0,0.0,0,0.0,0.0,0,0,,,0
2019-10-19,5,Saturday,0,0,1,Arbaeen (estimated),(تخمین زده) چهلم حسین بن علی اربعین,1398,7,27,1398-07-27,Mehr,0,0,0,0,0,0,1,24,18.608333333333334,10.5,26.4,31.208333333333332,0.0,0.0,0.0,28.875,3.5083333333333333,8.0,15.8,0,0,0,0,0,0.0,0.0,0.0,0.0,0.0,0.0,0.0,0.0,0.0,0.0,0.0,0.0,0.0,0.0,0.0,0.0,0.0,0.0,0.0,0.0,0.0,0.0,0,0.0,0.0,0,0,,,0
2019-10-20,6,Sunday,0,0,0,,,1398,7,28,1398-07-28,Mehr,0,0,0,1,0,1,0,24,18.3125,12.8,25.2,31.291666666666668,0.0,0.0,0.0,55.583333333333336,5.9375,16.1,25.9,0,0,0,0,0,0.0,0.0,0.0,0.0,0.0,0.0,0.0,0.0,0.0,0.0,0.0,0.0,0.0,0.0,0.0,0.0,0.0,0.0,0.0,0.0,0.0,0.0,0,0.0,0.0,0,0,,,0
2019-10-21,0,Monday,0,0,0,,,1398,7,29,1398-07-29,Mehr,0,0,0,2,0,0,0,24,16.891666666666666,9.8,23.0,46.083333333333336,0.0,0.0,0.0,41.708333333333336,4.195833333333334,9.2,20.5,0,0,0,0,0,0.0,0.0,0.0,0.0,0.0,0.0,0.0,0.0,0.0,0.0,0.0,0.0,0.0,0.0,0.0,0.0,0.0,0.0,0.0,0.0,0.0,0.0,0,0.0,0.0,0,0,,,0
2019-10-22,1,Tuesday,0,0,0,,,1398,7,30,1398-07-30,Mehr,0,0,0,3,0,0,0,24,15.2125,9.2,20.3,47.0,0.0,0.0,0.0,55.541666666666664,6.391666666666667,9.2,22.7,0,0,0,0,0,0.0,0.0,0.0,0.0,0.0,0.0,0.0,0.0,0.0,0.0,0.0,0.0,0.0,0.0,0.0,0.0,0.0,0.0,0.0,0.0,0.0,0.0,0,0.0,0.0,0,0,,,0
2019-10-23,2,Wednesday,0,0,0,,,1398,8,1,1398-08-01,Aban,0,0,0,4,0,0,0,24,14.679166666666667,10.5,20.2,53.958333333333336,0.4,0.4,0.0,52.541666666666664,4.641666666666667,12.6,33.8,1,0,1,0,0,0.0,0.0,0.0,0.0,0.0,0.0,0.0,0.0,0.0,0.0,0.0,0.0,0.0,0.0,0.0,0.0,0.0,0.0,0.0,0.0,0.0,0.0,0,0.0,0.0,0,0,,,0
2019-10-24,3,Thursday,0,1,0,,,1398,8,2,1398-08-02,Aban,0,0,0,3,0,0,0,24,15.870833333333332,9.7,23.2,59.041666666666664,0.8,0.8,0.0,29.541666666666668,5.1875,16.0,36.0,2,0,1,0,0,0.0,0.0,0.0,0.0,0.0,0.0,0.0,0.0,0.0,0.0,0.0,0.0,0.0,0.0,0.0,0.0,0.0,0.0,0.0,0.0,0.0,0.0,0,0.0,0.0,0,0,,,0
2019-10-25,4,Friday,1,0,0,,,1398,8,3,1398-08-03,Aban,0,0,0,2,0,0,1,24,14.083333333333334,10.6,20.2,67.95833333333333,4.300000000000001,4.300000000000001,0.0,68.20833333333333,5.158333333333333,8.6,31.0,8,0,1,0,0,0.0,0.0,0.0,0.0,0.0,0.0,0.0,0.0,0.0,0.0,0.0,0.0,0.0,0.0,0.0,0.0,0.0,0.0,0.0,0.0,0.0,0.0,0,0.0,0.0,0,0,,,0
2019-10-26,5,Saturday,0,0,0,,,1398,8,4,1398-08-04,Aban,0,0,0,1,1,0,0,24,15.704166666666666,10.4,22.2,59.0,0.0,0.0,0.0,35.375,5.679166666666667,10.2,31.3,0,0,0,0,0,0.0,0.0,0.0,0.0,0.0,0.0,0.0,0.0,0.0,0.0,0.0,0.0,0.0,0.0,0.0,0.0,0.0,0.0,0.0,0.0,0.0,0.0,0,0.0,0.0,0,0,,,0
2019-10-27,6,Sunday,0,0,1,Demise of Prophet Muhammad and Hasan ibn Ali (estimated),(تخمین زده) کشته‌شدن حسن مجتبی و درگذشت محمد,1398,8,5,1398-08-05,Aban,0,0,0,0,1,0,1,24,13.862499999999999,10.7,17.4,70.91666666666667,0.0,0.0,0.0,79.04166666666667,6.129166666666666,9.6,23.8,0,0,0,0,0,0.0,0.0,0.0,0.0,0.0,0.0,0.0,0.0,0.0,0.0,0.0,0.0,0.0,0.0,0.0,0.0,0.0,0.0,0.0,0.0,0.0,0.0,0,0.0,0.0,0,0,,,0
2019-10-28,0,Monday,0,0,1,Martyrdom of Ali al-Rida (estimated),(تخمین زده) کشته‌شدن علی بن موسی الرضا,1398,8,6,1398-08-06,Aban,0,0,0,0,0,1,1,24,14.375,9.2,20.2,66.0,0.2,0.2,0.0,35.958333333333336,4.579166666666667,7.0,26.6,1,0,1,0,0,0.0,0.0,0.0,0.0,0.0,0.0,0.0,0.0,0.0,0.0,0.0,0.0,0.0,0.0,0.0,0.0,0.0,0.0,0.0,0.0,0.0,0.0,0,0.0,0.0,0,0,,,0
2019-10-29,1,Tuesday,0,0,0,,,1398,8,7,1398-08-07,Aban,0,0,0,1,0,1,0,24,15.783333333333333,9.2,23.9,50.625,0.0,0.0,0.0,10.625,4.066666666666666,8.7,23.4,0,0,0,0,0,0.0,0.0,0.0,0.0,0.0,0.0,0.0,0.0,0.0,0.0,0.0,0.0,0.0,0.0,0.0,0.0,0.0,0.0,0.0,0.0,0.0,0.0,0,0.0,0.0,0,0,,,0
2019-10-30,2,Wednesday,0,0,0,,,1398,8,8,1398-08-08,Aban,0,0,0,2,0,0,0,24,15.1625,8.8,22.2,46.791666666666664,0.0,0.0,0.0,1.7083333333333333,7.458333333333333,13.7,31.0,0,0,0,0,0,0.0,0.0,0.0,0.0,0.0,0.0,0.0,0.0,0.0,0.0,0.0,0.0,0.0,0.0,0.0,0.0,0.0,0.0,0.0,0.0,0.0,0.0,0,0.0,0.0,0,0,,,0
2019-10-31,3,Thursday,0,1,0,,,1398,8,9,1398-08-09,Aban,0,0,0,3,0,0,0,24,13.4375,6.1,20.4,41.791666666666664,0.0,0.0,0.0,0.7083333333333334,4.845833333333333,8.2,15.8,0,0,0,0,0,0.0,0.0,0.0,0.0,0.0,0.0,0.0,0.0,0.0,0.0,0.0,0.0,0.0,0.0,0.0,0.0,0.0,0.0,0.0,0.0,0.0,0.0,0,0.0,0.0,0,0,,,0
2019-11-01,4,Friday,1,0,0,,,1398,8,10,1398-08-10,Aban,0,0,0,4,0,0,1,24,12.6625,5.2,20.2,47.0,0.0,0.0,0.0,0.0,3.3833333333333333,7.7,14.4,0,0,0,0,0,0.0,0.0,0.0,0.0,0.0,0.0,0.0,0.0,0.0,0.0,0.0,0.0,0.0,0.0,0.0,0.0,0.0,0.0,0.0,0.0,0.0,0.0,0,0.0,0.0,0,0,,,0
2019-11-02,5,Saturday,0,0,0,,,1398,8,11,1398-08-11,Aban,0,0,0,3,0,0,0,24,13.112499999999999,5.9,21.7,36.875,0.0,0.0,0.0,0.0,4.379166666666666,8.0,15.1,0,0,0,0,0,0.0,0.0,0.0,0.0,0.0,0.0,0.0,0.0,0.0,0.0,0.0,0.0,0.0,0.0,0.0,0.0,0.0,0.0,0.0,0.0,0.0,0.0,0,0.0,0.0,0,0,,,0
2019-11-03,6,Sunday,0,0,0,,,1398,8,12,1398-08-12,Aban,0,0,0,2,0,0,0,24,13.033333333333333,4.2,21.6,31.416666666666668,0.0,0.0,0.0,1.9583333333333333,5.533333333333334,8.9,16.2,0,0,0,0,0,0.0,0.0,0.0,0.0,0.0,0.0,0.0,0.0,0.0,0.0,0.0,0.0,0.0,0.0,0.0,0.0,0.0,0.0,0.0,0.0,0.0,0.0,0,0.0,0.0,0,0,,,0
2019-11-04,0,Monday,0,0,0,,,1398,8,13,1398-08-13,Aban,0,0,0,1,1,0,0,24,12.720833333333333,5.0,20.5,48.208333333333336,0.1,0.1,0.0,25.541666666666668,5.3125,15.0,28.4,1,0,1,0,0,0.0,0.0,0.0,0.0,0.0,0.0,0.0,0.0,0.0,0.0,0.0,0.0,0.0,0.0,0.0,0.0,0.0,0.0,0.0,0.0,0.0,0.0,0,0.0,0.0,0,0,,,0
2019-11-05,1,Tuesday,0,0,1,Martyrdom of Hasan al-Askari (estimated),(تخمین زده) کشته‌شدن حسن عسکری,1398,8,14,1398-08-14,Aban,0,0,0,0,0,0,1,24,12.0875,4.5,19.8,54.833333333333336,0.0,0.0,0.0,0.875,4.429166666666666,6.4,16.9,0,0,0,0,0,0.0,0.0,0.0,0.0,0.0,0.0,0.0,0.0,0.0,0.0,0.0,0.0,0.0,0.0,0.0,0.0,0.0,0.0,0.0,0.0,0.0,0.0,0,0.0,0.0,0,0,,,0
2019-11-06,2,Wednesday,0,0,0,,,1398,8,15,1398-08-15,Aban,0,0,0,1,0,1,0,24,12.329166666666666,5.7,20.9,40.375,0.0,0.0,0.0,0.20833333333333334,5.670833333333333,9.4,21.6,0,0,0,0,0,0.0,0.0,0.0,0.0,0.0,0.0,0.0,0.0,0.0,0.0,0.0,0.0,0.0,0.0,0.0,0.0,0.0,0.0,0.0,0.0,0.0,0.0,0,0.0,0.0,0,0,,,0
2019-11-07,3,Thursday,0,1,0,,,1398,8,16,1398-08-16,Aban,0,0,0,2,0,0,0,24,12.0875,5.5,19.9,37.958333333333336,0.0,0.0,0.0,0.041666666666666664,4.366666666666666,8.7,18.4,0,0,0,0,0,0.0,0.0,0.0,0.0,0.0,0.0,0.0,0.0,0.0,0.0,0.0,0.0,0.0,0.0,0.0,0.0,0.0,0.0,0.0,0.0,0.0,0.0,0,0.0,0.0,0,0,,,0
2019-11-08,4,Friday,1,0,0,,,1398,8,17,1398-08-17,Aban,0,0,0,3,0,0,1,24,10.870833333333332,3.0,18.6,44.0,0.0,0.0,0.0,25.666666666666668,5.575,14.2,29.5,0,0,0,0,0,0.0,0.0,0.0,0.0,0.0,0.0,0.0,0.0,0.0,0.0,0.0,0.0,0.0,0.0,0.0,0.0,0.0,0.0,0.0,0.0,0.0,0.0,0,0.0,0.0,0,0,,,0
2019-11-09,5,Saturday,0,0,0,,,1398,8,18,1398-08-18,Aban,0,0,0,4,0,0,0,24,10.762500000000001,4.1,17.4,43.625,0.0,0.0,0.0,7.25,4.625,8.1,16.6,0,0,0,0,0,0.0,0.0,0.0,0.0,0.0,0.0,0.0,0.0,0.0,0.0,0.0,0.0,0.0,0.0,0.0,0.0,0.0,0.0,0.0,0.0,0.0,0.0,0,0.0,0.0,0,0,,,0
2019-11-10,6,Sunday,0,0,0,,,1398,8,19,1398-08-19,Aban,0,0,0,4,0,0,0,24,8.979166666666666,-0.1,17.5,31.5,0.0,0.0,0.0,0.0,4.854166666666667,9.3,16.6,0,0,0,0,1,0.0,0.0,0.0,0.0,0.0,0.0,0.0,0.0,0.0,0.0,0.0,0.0,0.0,0.0,0.0,0.0,0.0,0.0,0.0,0.0,0.0,0.0,0,0.0,0.0,0,0,,,0
2019-11-11,0,Monday,0,0,0,,,1398,8,20,1398-08-20,Aban,0,0,0,3,0,0,0,24,8.070833333333333,-0.5,17.7,24.916666666666668,0.0,0.0,0.0,0.0,3.2875,5.1,16.6,0,0,0,0,1,0.0,0.0,0.0,0.0,0.0,0.0,0.0,0.0,0.0,0.0,0.0,0.0,0.0,0.0,0.0,0.0,0.0,0.0,0.0,0.0,0.0,0.0,0,0.0,0.0,0,0,,,0
2019-11-12,1,Tuesday,0,0,0,,,1398,8,21,1398-08-21,Aban,0,0,0,2,0,0,0,24,7.629166666666666,-1.2,18.3,20.666666666666668,0.0,0.0,0.0,0.0,3.3000000000000003,5.7,16.9,0,0,0,0,1,0.0,0.0,0.0,0.0,0.0,0.0,0.0,0.0,0.0,0.0,0.0,0.0,0.0,0.0,0.0,0.0,0.0,0.0,0.0,0.0,0.0,0.0,0,0.0,0.0,0,0,,,0
2019-11-13,2,Wednesday,0,0,0,,,1398,8,22,1398-08-22,Aban,0,0,0,1,1,0,0,24,7.2749999999999995,-1.0,17.7,17.333333333333332,0.0,0.0,0.0,0.0,3.9375,6.6,14.4,0,0,0,0,1,0.0,0.0,0.0,0.0,0.0,0.0,0.0,0.0,0.0,0.0,0.0,0.0,0.0,0.0,0.0,0.0,0.0,0.0,0.0,0.0,0.0,0.0,0,0.0,0.0,0,0,,,0
2019-11-14,3,Thursday,0,1,1,Birthday of Muhammad and Ja'far al-Sadiq (estimated),(تخمین زده) زادروز محمد و جعفر صادق,1398,8,23,1398-08-23,Aban,0,0,0,0,0,0,1,24,7.1125,-2.0,16.5,15.541666666666666,0.0,0.0,0.0,0.875,4.370833333333334,9.1,15.5,0,0,0,0,1,0.0,0.0,0.0,0.0,0.0,0.0,0.0,0.0,0.0,0.0,0.0,0.0,0.0,0.0,0.0,0.0,0.0,0.0,0.0,0.0,0.0,0.0,0,0.0,0.0,0,0,,,0
2019-11-15,4,Friday,1,0,0,,,1398,8,24,1398-08-24,Aban,0,0,0,1,0,1,1,24,6.179166666666667,-2.5,14.5,18.625,0.0,0.0,0.0,23.416666666666668,4.104166666666667,6.9,14.4,0,0,0,0,1,0.0,0.0,0.0,0.0,0.0,0.0,0.0,0.0,0.0,0.0,0.0,0.0,0.0,0.0,0.0,0.0,0.0,0.0,0.0,0.0,0.0,0.0,0,0.0,0.0,0,1,national_disruption,Fuel-price protests and road disruptions,3
2019-11-16,5,Saturday,0,0,0,,,1398,8,25,1398-08-25,Aban,0,0,0,2,0,0,0,24,4.3,-1.2,9.5,50.5,0.0,0.0,0.0,32.208333333333336,7.029166666666666,16.4,26.6,0,0,0,0,1,0.0,0.0,0.0,0.0,0.0,0.0,0.0,0.0,0.0,0.0,0.0,0.0,0.0,0.0,0.0,0.0,0.0,0.0,0.0,0.0,0.0,0.0,0,0.0,0.0,0,1,national_disruption,Fuel-price protests and road disruptions,3
2019-11-17,6,Sunday,0,0,0,,,1398,8,26,1398-08-26,Aban,0,0,0,3,0,0,0,24,3.9875000000000003,1.3,7.4,64.83333333333333,6.300000000000001,4.3,1.4,85.66666666666667,6.220833333333334,11.9,26.6,9,0,1,0,0,0.0,0.0,0.0,0.0,0.0,0.0,0.0,0.0,0.0,0.0,0.0,0.0,0.0,0.0,0.0,0.0,0.0,0.0,0.0,0.0,0.0,0.0,0,0.0,0.0,0,1,national_disruption,Fuel-price protests and road disruptions,3
2019-11-18,0,Monday,0,0,0,,,1398,8,27,1398-08-27,Aban,0,0,0,4,0,0,0,24,4.0874999999999995,0.5,9.4,86.29166666666667,10.299999999999999,2.3,5.6,75.66666666666667,5.55,9.6,25.9,10,1,1,0,0,0.0,0.0,0.0,0.0,0.0,0.0,0.0,0.0,0.0,0.0,0.0,0.0,0.0,0.0,0.0,0.0,0.0,0.0,0.0,0.0,0.0,0.0,0,0.0,0.0,0,1,national_disruption,Fuel-price protests and road disruptions,3
2019-11-19,1,Tuesday,0,0,0,,,1398,8,28,1398-08-28,Aban,0,0,0,5,0,0,0,24,6.0874999999999995,2.7,11.3,78.33333333333333,1.9,1.9,0.0,43.666666666666664,6.583333333333333,13.4,25.2,8,0,1,0,0,0.0,0.0,0.0,0.0,0.0,0.0,0.0,0.0,0.0,0.0,0.0,0.0,0.0,0.0,0.0,0.0,0.0,0.0,0.0,0.0,0.0,0.0,0,0.0,0.0,0,1,national_disruption,Fuel-price protests and road disruptions,3
2019-11-20,2,Wednesday,0,0,0,,,1398,8,29,1398-08-29,Aban,0,0,0,6,0,0,0,24,4.220833333333333,1.7,7.4,79.54166666666667,3.0999999999999996,2.5,0.42000000000000004,75.08333333333333,6.508333333333333,15.8,27.7,11,0,1,0,0,0.0,0.0,0.0,0.0,0.0,0.0,0.0,0.0,0.0,0.0,0.0,0.0,0.0,0.0,0.0,0.0,0.0,0.0,0.0,0.0,0.0,0.0,0,0.0,0.0,0,1,national_disruption,Fuel-price protests and road disruptions,3
2019-11-21,3,Thursday,0,1,0,,,1398,8,30,1398-08-30,Aban,0,0,0,7,0,0,0,24,5.454166666666667,1.0,11.4,66.125,0.0,0.0,0.0,14.291666666666666,6.425,9.2,22.0,0,0,0,0,0,0.0,0.0,0.0,0.0,0.0,0.0,0.0,0.0,0.0,0.0,0.0,0.0,0.0,0.0,0.0,0.0,0.0,0.0,0.0,0.0,0.0,0.0,0,0.0,0.0,0,1,national_disruption,Fuel-price protests and road disruptions,3
2019-11-22,4,Friday,1,0,0,,,1398,9,1,1398-09-01,Azar,0,0,0,8,0,0,1,24,4.683333333333334,0.6,11.0,71.79166666666667,0.0,0.0,0.0,2.4583333333333335,4.35,8.7,16.2,0,0,0,0,0,0.0,0.0,0.0,0.0,0.0,0.0,0.0,0.0,0.0,0.0,0.0,0.0,0.0,0.0,0.0,0.0,0.0,0.0,0.0,0.0,0.0,0.0,0,0.0,0.0,0,0,,,0
2019-11-23,5,Saturday,0,0,0,,,1398,9,2,1398-09-02,Azar,0,0,0,9,0,0,0,24,4.529166666666667,-0.3,10.7,71.41666666666667,0.0,0.0,0.0,64.25,4.620833333333334,8.0,16.9,0,0,0,0,1,0.0,0.0,0.0,0.0,0.0,0.0,0.0,0.0,0.0,0.0,0.0,0.0,0.0,0.0,0.0,0.0,0.0,0.0,0.0,0.0,0.0,0.0,0,0.0,0.0,0,0,,,0
2019-11-24,6,Sunday,0,0,0,,,1398,9,3,1398-09-03,Azar,0,0,0,10,0,0,0,24,4.2625,0.2,9.0,75.125,0.0,0.0,0.0,61.083333333333336,4.1875,7.6,15.5,0,0,0,0,0,0.0,0.0,0.0,0.0,0.0,0.0,0.0,0.0,0.0,0.0,0.0,0.0,0.0,0.0,0.0,0.0,0.0,0.0,0.0,0.0,0.0,0.0,0,0.0,0.0,0,0,,,0
2019-11-25,0,Monday,0,0,0,,,1398,9,4,1398-09-04,Azar,0,0,0,11,0,0,0,24,4.270833333333333,0.7,9.3,74.45833333333333,0.0,0.0,0.0,52.791666666666664,3.795833333333333,7.1,13.7,0,0,0,0,0,0.0,0.0,0.0,0.0,0.0,0.0,0.0,0.0,0.0,0.0,0.0,0.0,0.0,0.0,0.0,0.0,0.0,0.0,0.0,0.0,0.0,0.0,0,0.0,0.0,0,0,,,0
2019-11-26,1,Tuesday,0,0,0,,,1398,9,5,1398-09-05,Azar,0,0,0,12,0,0,0,24,5.3500000000000005,-0.5,12.3,70.45833333333333,0.0,0.0,0.0,5.875,3.9458333333333333,8.2,13.7,0,0,0,0,1,0.0,0.0,0.0,0.0,0.0,0.0,0.0,0.0,0.0,0.0,0.0,0.0,0.0,0.0,0.0,0.0,0.0,0.0,0.0,0.0,0.0,0.0,0,0.0,0.0,0,0,,,0
2019-11-27,2,Wednesday,0,0,0,,,1398,9,6,1398-09-06,Azar,0,0,0,13,0,0,0,24,6.375,-0.2,14.0,66.41666666666667,0.0,0.0,0.0,3.2083333333333335,4.05,9.0,14.8,0,0,0,0,1,0.0,0.0,0.0,0.0,0.0,0.0,0.0,0.0,0.0,0.0,0.0,0.0,0.0,0.0,0.0,0.0,0.0,0.0,0.0,0.0,0.0,0.0,0,0.0,0.0,0,0,,,0
2019-11-28,3,Thursday,0,1,0,,,1398,9,7,1398-09-07,Azar,0,0,0,14,0,0,0,24,7.3374999999999995,-0.1,16.1,60.083333333333336,0.0,0.0,0.0,1.6666666666666667,4.641666666666667,9.5,16.9,0,0,0,0,1,0.0,0.0,0.0,0.0,0.0,0.0,0.0,0.0,0.0,0.0,0.0,0.0,0.0,0.0,0.0,0.0,0.0,0.0,0.0,0.0,0.0,0.0,0,0.0,0.0,0,0,,,0
2019-11-29,4,Friday,1,0,0,,,1398,9,8,1398-09-08,Azar,0,0,0,15,0,0,1,24,7.7875000000000005,0.7,15.3,56.791666666666664,0.0,0.0,0.0,35.125,3.3791666666666664,7.5,15.1,0,0,0,0,0,0.0,0.0,0.0,0.0,0.0,0.0,0.0,0.0,0.0,0.0,0.0,0.0,0.0,0.0,0.0,0.0,0.0,0.0,0.0,0.0,0.0,0.0,0,0.0,0.0,0,0,,,0
2019-11-30,5,Saturday,0,0,0,,,1398,9,9,1398-09-09,Azar,0,0,0,16,0,0,0,24,8.695833333333333,0.8,17.4,50.666666666666664,0.0,0.0,0.0,0.3333333333333333,3.470833333333333,6.8,15.8,0,0,0,0,0,0.0,0.0,0.0,0.0,0.0,0.0,0.0,0.0,0.0,0.0,0.0,0.0,0.0,0.0,0.0,0.0,0.0,0.0,0.0,0.0,0.0,0.0,0,0.0,0.0,0,0,,,0
2019-12-01,6,Sunday,0,0,0,,,1398,9,10,1398-09-10,Azar,0,0,0,17,0,0,0,24,8.279166666666667,1.2,16.3,47.791666666666664,0.0,0.0,0.0,35.375,4.5625,8.3,16.6,0,0,0,0,0,0.0,0.0,0.0,0.0,0.0,0.0,0.0,0.0,0.0,0.0,0.0,0.0,0.0,0.0,0.0,0.0,0.0,0.0,0.0,0.0,0.0,0.0,0,0.0,0.0,0,0,,,0
2019-12-02,0,Monday,0,0,0,,,1398,9,11,1398-09-11,Azar,0,0,0,18,0,0,0,24,7.070833333333333,1.1,11.7,47.583333333333336,0.7999999999999999,0.7999999999999999,0.0,62.625,4.3374999999999995,8.3,33.1,4,0,1,0,0,0.0,0.0,0.0,0.0,0.0,0.0,0.0,0.0,0.0,0.0,0.0,0.0,0.0,0.0,0.0,0.0,0.0,0.0,0.0,0.0,0.0,0.0,0,0.0,0.0,0,0,,,0
2019-12-03,1,Tuesday,0,0,0,,,1398,9,12,1398-09-12,Azar,0,0,0,19,0,0,0,24,8.154166666666667,4.3,12.6,64.875,1.7,1.7,0.0,56.208333333333336,5.7749999999999995,9.2,30.6,4,0,1,0,0,0.0,0.0,0.0,0.0,0.0,0.0,0.0,0.0,0.0,0.0,0.0,0.0,0.0,0.0,0.0,0.0,0.0,0.0,0.0,0.0,0.0,0.0,0,0.0,0.0,0,0,,,0
2019-12-04,2,Wednesday,0,0,0,,,1398,9,13,1398-09-13,Azar,0,0,0,20,0,0,0,24,6.1000000000000005,1.2,12.7,70.41666666666667,0.0,0.0,0.0,26.875,4.954166666666667,7.4,16.9,0,0,0,0,0,0.0,0.0,0.0,0.0,0.0,0.0,0.0,0.0,0.0,0.0,0.0,0.0,0.0,0.0,0.0,0.0,0.0,0.0,0.0,0.0,0.0,0.0,0,0.0,0.0,0,0,,,0
2019-12-05,3,Thursday,0,1,0,,,1398,9,14,1398-09-14,Azar,0,0,0,21,0,0,0,24,6.116666666666667,0.1,12.9,60.708333333333336,0.0,0.0,0.0,4.125,5.2875000000000005,9.0,16.6,0,0,0,0,0,0.0,0.0,0.0,0.0,0.0,0.0,0.0,0.0,0.0,0.0,0.0,0.0,0.0,0.0,0.0,0.0,0.0,0.0,0.0,0.0,0.0,0.0,0,0.0,0.0,0,0,,,0
2019-12-06,4,Friday,1,0,0,,,1398,9,15,1398-09-15,Azar,0,0,0,22,0,0,1,24,6.8,0.5,13.4,54.0,0.8999999999999999,0.8999999999999999,0.0,35.583333333333336,4.429166666666666,9.8,22.3,2,0,1,0,0,0.0,0.0,0.0,0.0,0.0,0.0,0.0,0.0,0.0,0.0,0.0,0.0,0.0,0.0,0.0,0.0,0.0,0.0,0.0,0.0,0.0,0.0,0,0.0,0.0,0,0,,,0
2019-12-07,5,Saturday,0,0,0,,,1398,9,16,1398-09-16,Azar,0,0,0,23,0,0,0,24,5.3,3.8,7.1,83.04166666666667,10.899999999999999,10.399999999999999,0.35000000000000003,98.91666666666667,3.283333333333333,4.9,23.0,18,1,1,0,0,0.0,0.0,0.0,0.0,0.0,0.0,0.0,0.0,0.0,0.0,0.0,0.0,0.0,0.0,0.0,0.0,0.0,0.0,0.0,0.0,0.0,0.0,0,0.0,0.0,0,0,,,0
2019-12-08,6,Sunday,0,0,0,,,1398,9,17,1398-09-17,Azar,0,0,0,24,0,0,0,24,6.875,2.5,13.3,68.625,0.0,0.0,0.0,38.625,8.266666666666667,15.0,40.7,0,0,0,0,0,0.0,0.0,0.0,0.0,0.0,0.0,0.0,0.0,0.0,0.0,0.0,0.0,0.0,0.0,0.0,0.0,0.0,0.0,0.0,0.0,0.0,0.0,0,0.0,0.0,0,0,,,0
2019-12-09,0,Monday,0,0,0,,,1398,9,18,1398-09-18,Azar,0,0,0,25,0,0,0,24,6.3,2.6,11.5,55.75,0.0,0.0,0.0,20.5,5.391666666666667,10.4,20.2,0,0,0,0,0,0.0,0.0,0.0,0.0,0.0,0.0,0.0,0.0,0.0,0.0,0.0,0.0,0.0,0.0,0.0,0.0,0.0,0.0,0.0,0.0,0.0,0.0,0,0.0,0.0,0,0,,,0
2019-12-10,1,Tuesday,0,0,0,,,1398,9,19,1398-09-19,Azar,0,0,0,26,0,0,0,24,3.670833333333333,-1.5,8.0,68.25,0.0,0.0,0.0,62.541666666666664,4.966666666666667,8.1,14.4,0,0,0,0,1,0.0,0.0,0.0,0.0,0.0,0.0,0.0,0.0,0.0,0.0,0.0,0.0,0.0,0.0,0.0,0.0,0.0,0.0,0.0,0.0,0.0,0.0,0,0.0,0.0,0,0,,,0
2019-12-11,2,Wednesday,0,0,0,,,1398,9,20,1398-09-20,Azar,0,0,0,27,0,0,0,24,5.995833333333334,0.8,12.6,62.625,0.0,0.0,0.0,24.666666666666668,3.4958333333333336,6.6,12.2,0,0,0,0,0,0.0,0.0,0.0,0.0,0.0,0.0,0.0,0.0,0.0,0.0,0.0,0.0,0.0,0.0,0.0,0.0,0.0,0.0,0.0,0.0,0.0,0.0,0,0.0,0.0,0,0,,,0
2019-12-12,3,Thursday,0,1,0,,,1398,9,21,1398-09-21,Azar,0,0,0,28,0,0,0,24,4.641666666666667,-0.2,10.6,67.29166666666667,0.0,0.0,0.0,20.666666666666668,5.4750000000000005,8.1,16.6,0,0,0,0,1,0.0,0.0,0.0,0.0,0.0,0.0,0.0,0.0,0.0,0.0,0.0,0.0,0.0,0.0,0.0,0.0,0.0,0.0,0.0,0.0,0.0,0.0,0,0.0,0.0,0,0,,,0
2019-12-13,4,Friday,1,0,0,,,1398,9,22,1398-09-22,Azar,0,0,0,29,0,0,1,24,3.808333333333333,0.7,7.6,71.41666666666667,1.9999999999999998,1.9999999999999998,0.0,48.083333333333336,4.2124999999999995,6.6,19.1,6,0,1,0,0,0.0,0.0,0.0,0.0,0.0,0.0,0.0,0.0,0.0,0.0,0.0,0.0,0.0,0.0,0.0,0.0,0.0,0.0,0.0,0.0,0.0,0.0,0,0.0,0.0,0,0,,,0
2019-12-14,5,Saturday,0,0,0,,,1398,9,23,1398-09-23,Azar,0,0,0,30,0,0,0,24,5.425,1.4,10.5,79.83333333333333,0.0,0.0,0.0,71.45833333333333,4.1125,7.3,16.2,0,0,0,0,0,0.0,0.0,0.0,0.0,0.0,0.0,0.0,0.0,0.0,0.0,0.0,0.0,0.0,0.0,0.0,0.0,0.0,0.0,0.0,0.0,0.0,0.0,0,0.0,0.0,0,0,,,0
2019-12-15,6,Sunday,0,0,0,,,1398,9,24,1398-09-24,Azar,0,0,0,31,0,0,0,24,5.7375,0.5,11.4,75.70833333333333,0.0,0.0,0.0,9.625,4.7,9.0,15.5,0,0,0,0,0,0.0,0.0,0.0,0.0,0.0,0.0,0.0,0.0,0.0,0.0,0.0,0.0,0.0,0.0,0.0,0.0,0.0,0.0,0.0,0.0,0.0,0.0,0,0.0,0.0,0,0,,,0
2019-12-16,0,Monday,0,0,0,,,1398,9,25,1398-09-25,Azar,0,0,0,32,0,0,0,24,4.6125,-0.4,9.3,74.29166666666667,4.6,4.4,0.14,47.333333333333336,5.441666666666666,9.6,15.5,5,0,1,0,1,0.0,0.0,0.0,0.0,0.0,0.0,0.0,0.0,0.0,0.0,0.0,0.0,0.0,0.0,0.0,0.0,0.0,0.0,0.0,0.0,0.0,0.0,0,0.0,0.0,0,0,,,0
2019-12-17,1,Tuesday,0,0,0,,,1398,9,26,1398-09-26,Azar,0,0,0,33,0,0,0,24,5.483333333333333,3.4,8.6,86.54166666666667,6.4,5.9,0.35000000000000003,78.95833333333333,5.266666666666667,8.9,18.4,10,0,1,0,0,0.0,0.0,0.0,0.0,0.0,0.0,0.0,0.0,0.0,0.0,0.0,0.0,0.0,0.0,0.0,0.0,0.0,0.0,0.0,0.0,0.0,0.0,0,0.0,0.0,0,0,,,0
2019-12-18,2,Wednesday,0,0,0,,,1398,9,27,1398-09-27,Azar,0,0,0,34,0,0,0,24,5.3999999999999995,3.1,8.5,80.33333333333333,2.6999999999999997,2.6999999999999997,0.0,55.25,4.579166666666667,6.9,19.4,10,0,1,0,0,0.0,0.0,0.0,0.0,0.0,0.0,0.0,0.0,0.0,0.0,0.0,0.0,0.0,0.0,0.0,0.0,0.0,0.0,0.0,0.0,0.0,0.0,0,0.0,0.0,0,0,,,0
2019-12-19,3,Thursday,0,1,0,,,1398,9,28,1398-09-28,Azar,0,0,0,35,0,0,0,24,4.270833333333333,-0.3,9.4,77.08333333333333,0.0,0.0,0.0,27.083333333333332,5.370833333333334,8.0,20.2,0,0,0,0,1,0.0,0.0,0.0,0.0,0.0,0.0,0.0,0.0,0.0,0.0,0.0,0.0,0.0,0.0,0.0,0.0,0.0,0.0,0.0,0.0,0.0,0.0,0,0.0,0.0,0,0,,,0
2019-12-20,4,Friday,1,0,0,,,1398,9,29,1398-09-29,Azar,0,0,0,36,0,0,1,24,3.8499999999999996,-1.1,11.6,65.625,0.0,0.0,0.0,0.125,4.4750000000000005,8.0,12.6,0,0,0,0,1,0.0,0.0,0.0,0.0,0.0,0.0,0.0,0.0,0.0,0.0,0.0,0.0,0.0,0.0,0.0,0.0,0.0,0.0,0.0,0.0,0.0,0.0,0,0.0,0.0,0,0,,,0
2019-12-21,5,Saturday,0,0,0,,,1398,9,30,1398-09-30,Azar,0,0,0,37,0,0,0,24,4.05,-2.2,11.8,65.33333333333333,0.0,0.0,0.0,0.0,3.3166666666666664,5.4,11.9,0,0,0,0,1,0.0,0.0,0.0,0.0,0.0,0.0,0.0,0.0,0.0,0.0,0.0,0.0,0.0,0.0,0.0,0.0,0.0,0.0,0.0,0.0,0.0,0.0,0,0.0,0.0,0,0,,,0
2019-12-22,6,Sunday,0,0,0,,,1398,10,1,1398-10-01,Dey,0,0,0,37,0,0,0,24,3.704166666666667,-2.5,11.7,69.58333333333333,0.0,0.0,0.0,38.291666666666664,2.9166666666666665,4.5,13.0,0,0,0,0,1,0.0,0.0,0.0,0.0,0.0,0.0,0.0,0.0,0.0,0.0,0.0,0.0,0.0,0.0,0.0,0.0,0.0,0.0,0.0,0.0,0.0,0.0,0,0.0,0.0,0,0,,,0
2019-12-23,0,Monday,0,0,0,,,1398,10,2,1398-10-02,Dey,0,0,0,36,0,0,0,24,4.3,-2.1,12.9,62.25,0.0,0.0,0.0,0.0,3.5833333333333335,7.2,10.4,0,0,0,0,1,0.0,0.0,0.0,0.0,0.0,0.0,0.0,0.0,0.0,0.0,0.0,0.0,0.0,0.0,0.0,0.0,0.0,0.0,0.0,0.0,0.0,0.0,0,0.0,0.0,0,0,,,0
2019-12-24,1,Tuesday,0,0,0,,,1398,10,3,1398-10-03,Dey,0,0,0,35,0,0,0,24,4.629166666666666,-3.0,13.0,60.666666666666664,0.0,0.0,0.0,0.0,3.8041666666666667,6.2,15.5,0,0,0,0,1,0.0,0.0,0.0,0.0,0.0,0.0,0.0,0.0,0.0,0.0,0.0,0.0,0.0,0.0,0.0,0.0,0.0,0.0,0.0,0.0,0.0,0.0,0,0.0,0.0,0,0,,,0
2019-12-25,2,Wednesday,0,0,0,,,1398,10,4,1398-10-04,Dey,0,0,0,34,0,0,0,24,4.533333333333333,-2.4,12.7,61.625,0.0,0.0,0.0,0.0,4.029166666666667,7.6,14.0,0,0,0,0,1,0.0,0.0,0.0,0.0,0.0,0.0,0.0,0.0,0.0,0.0,0.0,0.0,0.0,0.0,0.0,0.0,0.0,0.0,0.0,0.0,0.0,0.0,0,0.0,0.0,0,0,,,0
2019-12-26,3,Thursday,0,1,0,,,1398,10,5,1398-10-05,Dey,0,0,0,33,0,0,0,24,4.954166666666667,-3.1,13.6,56.5,0.0,0.0,0.0,0.0,5.825,9.6,21.6,0,0,0,0,1,0.0,0.0,0.0,0.0,0.0,0.0,0.0,0.0,0.0,0.0,0.0,0.0,0.0,0.0,0.0,0.0,0.0,0.0,0.0,0.0,0.0,0.0,0,0.0,0.0,0,0,,,0
2019-12-27,4,Friday,1,0,0,,,1398,10,6,1398-10-06,Dey,0,0,0,32,0,0,1,24,6.825,0.1,14.6,46.166666666666664,0.0,0.0,0.0,0.625,4.941666666666666,10.7,22.7,0,0,0,0,0,0.0,0.0,0.0,0.0,0.0,0.0,0.0,0.0,0.0,0.0,0.0,0.0,0.0,0.0,0.0,0.0,0.0,0.0,0.0,0.0,0.0,0.0,0,0.0,0.0,0,0,,,0
2019-12-28,5,Saturday,0,0,0,,,1398,10,7,1398-10-07,Dey,0,0,0,31,0,0,0,24,6.045833333333333,1.1,12.5,52.791666666666664,0.0,0.0,0.0,8.791666666666666,5.033333333333333,7.7,16.6,0,0,0,0,0,0.0,0.0,0.0,0.0,0.0,0.0,0.0,0.0,0.0,0.0,0.0,0.0,0.0,0.0,0.0,0.0,0.0,0.0,0.0,0.0,0.0,0.0,0,0.0,0.0,0,0,,,0
2019-12-29,6,Sunday,0,0,0,,,1398,10,8,1398-10-08,Dey,0,0,0,30,0,0,0,24,4.379166666666667,-2.0,11.3,66.16666666666667,0.0,0.0,0.0,3.4166666666666665,4.625,7.3,15.8,0,0,0,0,1,0.0,0.0,0.0,0.0,0.0,0.0,0.0,0.0,0.0,0.0,0.0,0.0,0.0,0.0,0.0,0.0,0.0,0.0,0.0,0.0,0.0,0.0,0,0.0,0.0,0,0,,,0
2019-12-30,0,Monday,0,0,0,,,1398,10,9,1398-10-09,Dey,0,0,0,29,0,0,0,24,5.004166666666667,-1.4,12.8,61.25,0.0,0.0,0.0,1.7916666666666667,4.170833333333333,7.9,11.5,0,0,0,0,1,0.0,0.0,0.0,0.0,0.0,0.0,0.0,0.0,0.0,0.0,0.0,0.0,0.0,0.0,0.0,0.0,0.0,0.0,0.0,0.0,0.0,0.0,0,0.0,0.0,0,0,,,0
2019-12-31,1,Tuesday,0,0,0,,,1398,10,10,1398-10-10,Dey,0,0,0,28,0,0,0,24,6.3999999999999995,1.1,14.4,56.291666666666664,0.0,0.0,0.0,12.5,6.891666666666667,15.4,24.5,0,0,0,0,0,0.0,0.0,0.0,0.0,0.0,0.0,0.0,0.0,0.0,0.0,0.0,0.0,0.0,0.0,0.0,0.0,0.0,0.0,0.0,0.0,0.0,0.0,0,0.0,0.0,0,0,,,0
2020-01-01,2,Wednesday,0,0,0,,,1398,10,11,1398-10-11,Dey,0,0,0,27,0,0,0,24,4.804166666666666,-2.1,12.5,62.458333333333336,0.0,0.0,0.0,26.208333333333332,5.6125,11.6,16.6,0,0,0,0,1,0.0,,0.0,,0.0,,0.0,,0.0,,0.0,,0.0,,0.0,0.0,0.0,0.0,0.0,0.0,0.0,0.0,1,0.0,0.0,0,0,,,0
2020-01-02,3,Thursday,0,1,0,,,1398,10,12,1398-10-12,Dey,0,0,0,26,0,0,0,24,3.4416666666666664,-3.0,9.7,58.208333333333336,0.0,0.0,0.0,64.70833333333333,5.7875000000000005,9.0,16.2,0,0,0,0,1,0.0,,0.0,,0.0,,0.0,,0.0,,0.0,,0.0,,0.0,0.0,0.0,0.0,0.0,0.0,0.0,0.0,1,0.0,0.0,0,0,,,0
2020-01-03,4,Friday,1,0,0,,,1398,10,13,1398-10-13,Dey,0,0,0,25,0,0,1,24,5.366666666666667,-0.4,11.8,51.291666666666664,0.0,0.0,0.0,37.5,5.391666666666667,10.0,17.6,0,0,0,0,1,0.0,,0.0,,0.0,,0.0,,0.0,,0.0,,0.0,,0.0,0.0,0.0,0.0,0.0,0.0,0.0,0.0,1,0.0,0.0,0,0,,,0
2020-01-04,5,Saturday,0,0,0,,,1398,10,14,1398-10-14,Dey,0,0,0,24,0,0,0,24,5.104166666666667,1.8,8.3,69.5,0.0,0.0,0.0,69.54166666666667,4.883333333333334,8.4,20.2,0,0,0,0,0,0.0,,0.0,,0.0,,0.0,,0.0,,0.0,,0.0,,0.0,0.0,0.0,0.0,0.0,0.0,0.0,0.0,1,0.0,0.0,0,0,,,0
2020-01-05,6,Sunday,0,0,0,,,1398,10,15,1398-10-15,Dey,0,0,0,23,0,0,0,24,4.620833333333334,-0.6,11.2,54.75,0.0,0.0,0.0,1.3333333333333333,8.012500000000001,16.2,32.8,0,0,0,0,1,0.0,,0.0,,0.0,,0.0,,0.0,,0.0,,0.0,,0.0,0.0,0.0,0.0,0.0,0.0,0.0,0.0,1,0.0,0.0,0,0,,,0
2020-01-06,0,Monday,0,0,0,,,1398,10,16,1398-10-16,Dey,0,0,0,22,0,0,0,24,2.6666666666666665,-2.9,9.7,53.416666666666664,0.0,0.0,0.0,0.3333333333333333,5.229166666666667,8.2,16.9,0,0,0,0,1,0.0,,0.0,,0.0,,0.0,,0.0,,0.0,,0.0,,0.0,0.0,0.0,0.0,0.0,0.0,0.0,0.0,1,0.0,0.0,0,0,,,0
2020-01-07,1,Tuesday,0,0,0,,,1398,10,17,1398-10-17,Dey,0,0,0,21,0,0,0,24,2.8375,-2.9,10.4,53.375,0.0,0.0,0.0,0.0,4.295833333333333,8.7,17.6,0,0,0,0,1,0.0,,0.0,,0.0,,0.0,,0.0,,0.0,,0.0,,0.0,0.0,0.0,0.0,0.0,0.0,0.0,0.0,1,0.0,0.0,0,0,,,0
2020-01-08,2,Wednesday,0,0,0,,,1398,10,18,1398-10-18,Dey,0,0,0,20,0,0,0,24,3.058333333333333,-2.9,10.9,46.5,0.0,0.0,0.0,0.2916666666666667,5.591666666666666,10.1,20.2,0,0,0,0,1,0.0,,0.0,,0.0,,0.0,,0.0,,0.0,,0.0,,0.0,0.0,0.0,0.0,0.0,0.0,0.0,0.0,1,0.0,0.0,0,0,,,0
2020-01-09,3,Thursday,0,1,0,,,1398,10,19,1398-10-19,Dey,0,0,0,19,0,0,0,24,4.775,-1.4,12.1,48.208333333333336,0.0,0.0,0.0,29.75,7.558333333333334,18.3,39.6,0,0,0,0,1,0.0,,0.0,,0.0,,0.0,,0.0,,0.0,,0.0,,0.0,0.0,0.0,0.0,0.0,0.0,0.0,0.0,1,0.0,0.0,0,0,,,0
2020-01-10,4,Friday,1,0,0,,,1398,10,20,1398-10-20,Dey,0,0,0,18,0,0,1,24,3.8541666666666665,0.9,7.8,68.08333333333333,1.5999999999999999,1.3,0.21000000000000002,42.875,5.766666666666667,11.0,29.2,7,0,1,0,0,0.0,,0.0,,0.0,,0.0,,0.0,,0.0,,0.0,,0.0,0.0,0.0,0.0,0.0,0.0,0.0,0.0,1,0.0,0.0,0,0,,,0
2020-01-11,5,Saturday,0,0,0,,,1398,10,21,1398-10-21,Dey,0,0,0,17,0,0,0,24,1.2083333333333333,-1.5,5.0,74.16666666666667,0.7000000000000001,0.1,0.49000000000000005,73.83333333333333,8.858333333333333,18.1,36.7,4,0,1,0,1,0.0,,0.0,,0.0,,0.0,,0.0,,0.0,,0.0,,0.0,0.0,0.0,0.0,0.0,0.0,0.0,0.0,1,0.0,0.0,0,0,,,0
2020-01-12,6,Sunday,0,0,0,,,1398,10,22,1398-10-22,Dey,0,0,0,16,0,0,0,24,1.9333333333333333,-3.2,8.1,52.416666666666664,0.0,0.0,0.0,21.541666666666668,7.029166666666666,14.0,28.8,0,0,0,0,1,0.0,,0.0,,0.0,,0.0,,0.0,,0.0,,0.0,,0.0,0.0,0.0,0.0,0.0,0.0,0.0,0.0,1,0.0,0.0,0,0,,,0
2020-01-13,0,Monday,0,0,0,,,1398,10,23,1398-10-23,Dey,0,0,0,15,0,0,0,24,3.1458333333333335,-1.8,8.4,43.041666666666664,0.0,0.0,0.0,83.54166666666667,3.7291666666666665,8.2,13.7,0,0,0,0,1,0.0,,0.0,,0.0,,0.0,,0.0,,0.0,,0.0,,0.0,0.0,0.0,0.0,0.0,0.0,0.0,0.0,1,0.0,0.0,0,0,,,0
2020-01-14,1,Tuesday,0,0,0,,,1398,10,24,1398-10-24,Dey,0,0,0,14,0,0,0,24,1.4458333333333335,-1.6,4.3,72.16666666666667,0.8,0.0,0.6300000000000001,56.75,8.758333333333333,18.9,37.4,5,0,1,0,1,0.0,,0.0,,0.0,,0.0,,0.0,,0.0,,0.0,,0.0,0.0,0.0,0.0,0.0,0.0,0.0,0.0,1,0.0,0.0,0,0,,,0
2020-01-15,2,Wednesday,0,0,0,,,1398,10,25,1398-10-25,Dey,0,0,0,13,0,0,0,24,1.1875,-3.9,7.5,63.916666666666664,0.0,0.0,0.0,31.625,5.129166666666667,8.0,20.9,0,0,0,0,1,0.0,,0.0,,0.0,,0.0,,0.0,,0.0,,0.0,,0.0,0.0,0.0,0.0,0.0,0.0,0.0,0.0,1,0.0,0.0,0,0,,,0
2020-01-16,3,Thursday,0,1,0,,,1398,10,26,1398-10-26,Dey,0,0,0,12,0,0,0,24,3.295833333333333,-1.6,10.4,56.833333333333336,0.0,0.0,0.0,63.916666666666664,4.7875000000000005,8.9,19.1,0,0,0,0,1,0.0,,0.0,,0.0,,0.0,,0.0,,0.0,,0.0,,0.0,0.0,0.0,0.0,0.0,0.0,0.0,0.0,1,0.0,0.0,0,0,,,0
2020-01-17,4,Friday,1,0,0,,,1398,10,27,1398-10-27,Dey,0,0,0,11,0,0,1,24,4.6875,0.1,10.9,55.916666666666664,0.3,0.2,0.14,40.25,5.4875,10.2,21.6,1,0,1,0,0,0.0,,0.0,,0.0,,0.0,,0.0,,0.0,,0.0,,0.0,0.0,0.0,0.0,0.0,0.0,0.0,0.0,1,0.0,0.0,0,0,,,0
2020-01-18,5,Saturday,0,0,0,,,1398,10,28,1398-10-28,Dey,0,0,0,10,0,0,0,24,4.6375,0.0,10.0,58.958333333333336,0.0,0.0,0.0,37.541666666666664,5.575,8.6,20.9,0,0,0,0,1,0.0,,0.0,,0.0,,0.0,,0.0,,0.0,,0.0,,0.0,0.0,0.0,0.0,0.0,0.0,0.0,0.0,1,0.0,0.0,0,0,,,0
2020-01-19,6,Sunday,0,0,0,,,1398,10,29,1398-10-29,Dey,0,0,0,9,0,0,0,24,5.2250000000000005,0.6,11.8,60.833333333333336,0.2,0.2,0.0,17.125,7.691666666666666,16.4,33.5,1,0,1,0,0,0.0,,0.0,,0.0,,0.0,,0.0,,0.0,,0.0,,0.0,0.0,0.0,0.0,0.0,0.0,0.0,0.0,1,0.0,0.0,0,0,,,0
2020-01-20,0,Monday,0,0,0,,,1398,10,30,1398-10-30,Dey,0,0,0,8,0,0,0,24,4.3374999999999995,-0.4,10.0,60.375,0.0,0.0,0.0,16.916666666666668,6.8625,9.0,18.4,0,0,0,0,1,0.0,,0.0,,0.0,,0.0,,0.0,,0.0,,0.0,,0.0,0.0,0.0,0.0,0.0,0.0,0.0,0.0,1,0.0,0.0,0,0,,,0
2020-01-21,1,Tuesday,0,0,0,,,1398,11,1,1398-11-01,Bahman,0,0,0,7,0,0,0,24,3.2708333333333335,-0.7,8.5,66.33333333333333,0.1,0.1,0.0,16.0,4.833333333333333,11.6,21.6,1,0,1,0,1,0.0,,0.0,,0.0,,0.0,,0.0,,0.0,,0.0,,0.0,0.0,0.0,0.0,0.0,0.0,0.0,0.0,1,0.0,0.0,0,0,,,0
2020-01-22,2,Wednesday,0,0,0,,,1398,11,2,1398-11-02,Bahman,0,0,0,6,0,0,0,24,3.3625000000000003,-1.3,6.5,70.29166666666667,1.5,1.5,0.07,60.75,9.716666666666667,15.9,32.0,6,0,1,0,1,0.0,,0.0,,0.0,,0.0,,0.0,,0.0,,0.0,,0.0,0.0,0.0,0.0,0.0,0.0,0.0,0.0,1,0.0,0.0,0,0,,,0
2020-01-23,3,Thursday,0,1,0,,,1398,11,3,1398-11-03,Bahman,0,0,0,5,0,0,0,24,3.4916666666666667,-1.4,8.9,57.25,0.0,0.0,0.0,4.166666666666667,11.091666666666667,27.4,49.3,0,0,0,0,1,0.0,,0.0,,0.0,,0.0,,0.0,,0.0,,0.0,,0.0,0.0,0.0,0.0,0.0,0.0,0.0,0.0,1,0.0,0.0,0,0,,,0
2020-01-24,4,Friday,1,0,0,,,1398,11,4,1398-11-04,Bahman,0,0,0,4,0,0,1,24,1.875,-3.0,9.0,52.125,0.0,0.0,0.0,3.0833333333333335,6.05,10.8,19.4,0,0,0,0,1,0.0,,0.0,,0.0,,0.0,,0.0,,0.0,,0.0,,0.0,0.0,0.0,0.0,0.0,0.0,0.0,0.0,1,0.0,0.0,0,0,,,0
2020-01-25,5,Saturday,0,0,0,,,1398,11,5,1398-11-05,Bahman,0,0,0,3,0,0,0,24,2.0500000000000003,-3.2,7.9,47.25,0.0,0.0,0.0,3.5833333333333335,4.604166666666667,12.8,23.8,0,0,0,0,1,0.0,,0.0,,0.0,,0.0,,0.0,,0.0,,0.0,,0.0,0.0,0.0,0.0,0.0,0.0,0.0,0.0,1,0.0,0.0,0,0,,,0
2020-01-26,6,Sunday,0,0,0,,,1398,11,6,1398-11-06,Bahman,0,0,0,2,0,0,0,24,2.4250000000000003,-2.7,8.3,59.458333333333336,0.0,0.0,0.0,3.75,5.116666666666666,7.9,17.6,0,0,0,0,1,0.0,,0.0,,0.0,,0.0,,0.0,,0.0,,0.0,,0.0,0.0,0.0,0.0,0.0,0.0,0.0,0.0,1,0.0,0.0,0,0,,,0
2020-01-27,0,Monday,0,0,0,,,1398,11,7,1398-11-07,Bahman,0,0,0,1,1,0,0,24,2.4458333333333333,-2.7,9.7,43.5,0.0,0.0,0.0,0.0,5.125,9.4,16.2,0,0,0,0,1,0.0,,0.0,,0.0,,0.0,,0.0,,0.0,,0.0,,0.0,0.0,0.0,0.0,0.0,0.0,0.0,0.0,1,0.0,0.0,0,0,,,0
2020-01-28,1,Tuesday,0,0,1,Martyrdom of Fatima (estimated),(تخمین زده) کشته‌شدن فاطمه زهرا,1398,11,8,1398-11-08,Bahman,0,0,0,0,0,0,1,24,1.9958333333333333,-5.1,9.5,57.041666666666664,0.0,0.0,0.0,0.0,4.3500000000000005,9.5,16.9,0,0,0,0,1,0.0,,0.0,,0.0,,0.0,,0.0,,0.0,,0.0,,0.0,0.0,0.0,0.0,0.0,0.0,0.0,0.0,1,0.0,0.0,0,0,,,0
2020-01-29,2,Wednesday,0,0,0,,,1398,11,9,1398-11-09,Bahman,0,0,0,1,0,1,0,24,3.7541666666666664,-1.4,10.4,39.125,0.0,0.0,0.0,61.041666666666664,5.5125,10.4,19.4,0,0,0,0,1,0.0,,0.0,,0.0,,0.0,,0.0,,0.0,,0.0,,0.0,0.0,0.0,0.0,0.0,0.0,0.0,0.0,1,0.0,0.0,0,0,,,0
2020-01-30,3,Thursday,0,1,0,,,1398,11,10,1398-11-10,Bahman,0,0,0,2,0,0,0,24,5.8500000000000005,-0.3,12.0,34.791666666666664,0.0,0.0,0.0,12.708333333333334,10.125,18.1,36.0,0,0,0,0,1,0.0,,0.0,,0.0,,0.0,,0.0,,0.0,,0.0,,0.0,0.0,0.0,0.0,0.0,0.0,0.0,0.0,1,0.0,0.0,0,0,,,0
2020-01-31,4,Friday,1,0,0,,,1398,11,11,1398-11-11,Bahman,0,0,0,3,0,0,1,24,4.408333333333333,-2.8,13.8,37.625,0.0,0.0,0.0,0.08333333333333333,6.333333333333333,10.4,19.8,0,0,0,0,1,0.0,,0.0,,0.0,,0.0,,0.0,,0.0,,0.0,,0.0,0.0,0.0,0.0,0.0,0.0,0.0,0.0,1,0.0,0.0,0,0,,,0
2020-02-01,5,Saturday,0,0,0,,,1398,11,12,1398-11-12,Bahman,0,0,0,4,0,0,0,24,5.254166666666666,-0.6,12.3,32.75,0.0,0.0,0.0,11.333333333333334,11.816666666666668,33.5,64.4,0,0,0,0,1,0.0,,0.0,,0.0,,0.0,,0.0,,0.0,,0.0,,0.0,0.0,0.0,0.0,0.0,0.0,0.0,0.0,1,0.0,0.0,0,0,,,0
2020-02-02,6,Sunday,0,0,0,,,1398,11,13,1398-11-13,Bahman,0,0,0,5,0,0,0,24,4.45,-1.1,9.7,32.666666666666664,0.0,0.0,0.0,16.166666666666668,9.770833333333334,16.2,34.9,0,0,0,0,1,0.0,,0.0,,0.0,,0.0,,0.0,,0.0,,0.0,,0.0,0.0,0.0,0.0,0.0,0.0,0.0,0.0,1,0.0,0.0,0,0,,,0
2020-02-03,0,Monday,0,0,0,,,1398,11,14,1398-11-14,Bahman,0,0,0,6,0,0,0,24,2.441666666666667,-3.1,9.6,30.833333333333332,0.0,0.0,0.0,0.16666666666666666,7.05,8.9,22.0,0,0,0,0,1,0.0,,0.0,,0.0,,0.0,,0.0,,0.0,,0.0,,0.0,0.0,0.0,0.0,0.0,0.0,0.0,0.0,1,0.0,0.0,0,0,,,0
2020-02-04,1,Tuesday,0,0,0,,,1398,11,15,1398-11-15,Bahman,0,0,0,7,0,0,0,24,5.3625,-3.4,16.0,20.166666666666668,0.0,0.0,0.0,0.125,6.2625,17.4,36.7,0,0,0,0,1,0.0,,0.0,,0.0,,0.0,,0.0,,0.0,,0.0,,0.0,0.0,0.0,0.0,0.0,0.0,0.0,0.0,1,0.0,0.0,0,0,,,0
2020-02-05,2,Wednesday,0,0,0,,,1398,11,16,1398-11-16,Bahman,0,0,0,6,0,0,0,24,6.875,-0.9,16.1,20.75,0.0,0.0,0.0,4.041666666666667,5.854166666666667,9.4,17.3,0,0,0,0,1,0.0,,0.0,,0.0,,0.0,,0.0,,0.0,,0.0,,0.0,0.0,0.0,0.0,0.0,0.0,0.0,0.0,1,0.0,0.0,0,0,,,0
2020-02-06,3,Thursday,0,1,0,,,1398,11,17,1398-11-17,Bahman,0,0,0,5,0,0,0,24,7.779166666666666,-0.9,18.0,24.5,0.0,0.0,0.0,0.0,4.754166666666666,8.0,15.1,0,0,0,0,1,0.0,,0.0,,0.0,,0.0,,0.0,,0.0,,0.0,,0.0,0.0,0.0,0.0,0.0,0.0,0.0,0.0,1,0.0,0.0,0,0,,,0
2020-02-07,4,Friday,1,0,0,,,1398,11,18,1398-11-18,Bahman,0,0,0,4,0,0,1,24,9.145833333333334,-0.1,18.9,30.083333333333332,0.0,0.0,0.0,4.416666666666667,7.8374999999999995,13.4,26.3,0,0,0,0,1,0.0,,0.0,,0.0,,0.0,,0.0,,0.0,,0.0,,0.0,0.0,0.0,0.0,0.0,0.0,0.0,0.0,1,0.0,0.0,0,0,,,0
2020-02-08,5,Saturday,0,0,0,,,1398,11,19,1398-11-19,Bahman,0,0,0,3,0,0,0,24,12.125,4.9,18.9,43.041666666666664,0.0,0.0,0.0,16.25,19.25,37.2,70.9,0,0,0,0,0,0.0,,0.0,,0.0,,0.0,,0.0,,0.0,,0.0,,0.0,0.0,0.0,0.0,0.0,0.0,0.0,0.0,1,0.0,0.0,0,0,,,0
2020-02-09,6,Sunday,0,0,0,,,1398,11,20,1398-11-20,Bahman,0,0,0,2,0,0,0,24,9.970833333333333,4.0,14.8,26.833333333333332,0.0,0.0,0.0,5.208333333333333,18.416666666666668,33.2,63.0,0,0,0,0,0,0.0,,0.0,,0.0,,0.0,,0.0,,0.0,,0.0,,0.0,0.0,0.0,0.0,0.0,0.0,0.0,0.0,1,0.0,0.0,0,0,,,0
2020-02-10,0,Monday,0,0,0,,,1398,11,21,1398-11-21,Bahman,0,0,0,1,1,0,0,24,5.091666666666667,-0.9,10.4,31.25,0.0,0.0,0.0,10.208333333333334,11.775,21.5,44.6,0,0,0,0,1,0.0,,0.0,,0.0,,0.0,,0.0,,0.0,,0.0,,0.0,0.0,0.0,0.0,0.0,0.0,0.0,0.0,1,0.0,0.0,0,0,,,0
2020-02-11,1,Tuesday,0,0,1,Islamic Revolution Day,پیروزی انقلاب ۵۷,1398,11,22,1398-11-22,Bahman,0,0,0,0,0,0,1,24,-0.20833333333333334,-4.8,4.0,32.25,0.0,0.0,0.0,28.583333333333332,13.704166666666666,25.3,47.2,0,0,0,0,1,0.0,,0.0,,0.0,,0.0,,0.0,,0.0,,0.0,,0.0,0.0,0.0,0.0,0.0,0.0,0.0,0.0,1,0.0,0.0,0,0,,,0
2020-02-12,2,Wednesday,0,0,0,,,1398,11,23,1398-11-23,Bahman,0,0,0,1,0,1,0,24,-1.1916666666666667,-7.7,8.0,24.083333333333332,0.0,0.0,0.0,22.708333333333332,10.483333333333333,15.5,32.8,0,0,0,0,1,0.0,,0.0,,0.0,,0.0,,0.0,,0.0,,0.0,,0.0,0.0,0.0,0.0,0.0,0.0,0.0,0.0,1,0.0,0.0,0,0,,,0
2020-02-13,3,Thursday,0,1,0,,,1398,11,24,1398-11-24,Bahman,0,0,0,2,0,0,0,24,3.3874999999999997,-5.1,12.2,18.583333333333332,0.0,0.0,0.0,0.5416666666666666,4.508333333333334,9.0,19.8,0,0,0,0,1,0.0,,0.0,,0.0,,0.0,,0.0,,0.0,,0.0,,0.0,0.0,0.0,0.0,0.0,0.0,0.0,0.0,1,0.0,0.0,0,0,,,0
2020-02-14,4,Friday,1,0,0,,,1398,11,25,1398-11-25,Bahman,0,0,0,3,0,0,1,24,7.8500000000000005,-1.2,18.3,19.75,0.0,0.0,0.0,0.0,7.570833333333333,21.3,42.8,0,0,0,0,1,0.0,,0.0,,0.0,,0.0,,0.0,,0.0,,0.0,,0.0,0.0,0.0,0.0,0.0,0.0,0.0,0.0,1,0.0,0.0,0,0,,,0
2020-02-15,5,Saturday,0,0,0,,,1398,11,26,1398-11-26,Bahman,0,0,0,4,0,0,0,24,5.0625,-1.9,12.9,26.208333333333332,0.0,0.0,0.0,77.375,6.9375,12.0,25.6,0,0,0,0,1,0.0,,0.0,,0.0,,0.0,,0.0,,0.0,,0.0,,0.0,0.0,0.0,0.0,0.0,0.0,0.0,0.0,1,0.0,0.0,0,0,,,0
2020-02-16,6,Sunday,0,0,0,,,1398,11,27,1398-11-27,Bahman,0,0,0,5,0,0,0,24,7.379166666666666,-1.7,16.0,22.041666666666668,0.0,0.0,0.0,42.125,4.9750000000000005,10.5,24.8,0,0,0,0,1,0.0,,0.0,,0.0,,0.0,,0.0,,0.0,,0.0,,0.0,0.0,0.0,0.0,0.0,0.0,0.0,0.0,1,0.0,0.0,0,0,,,0
2020-02-17,0,Monday,0,0,0,,,1398,11,28,1398-11-28,Bahman,0,0,0,6,0,0,0,24,10.466666666666667,4.7,17.5,22.375,0.2,0.2,0.0,35.333333333333336,6.7875000000000005,10.1,25.9,1,0,1,0,0,0.0,,0.0,,0.0,,0.0,,0.0,,0.0,,0.0,,0.0,0.0,0.0,0.0,0.0,0.0,0.0,0.0,1,0.0,0.0,0,0,,,0
2020-02-18,1,Tuesday,0,0,0,,,1398,11,29,1398-11-29,Bahman,0,0,0,7,0,0,0,24,9.933333333333334,0.9,17.7,30.333333333333332,0.0,0.0,0.0,58.333333333333336,5.679166666666667,10.4,22.7,0,0,0,0,0,0.0,,0.0,,0.0,,0.0,,0.0,,0.0,,0.0,,0.0,0.0,0.0,0.0,0.0,0.0,0.0,0.0,1,0.0,0.0,0,0,,,0
2020-02-19,2,Wednesday,0,0,0,,,1398,11,30,1398-11-30,Bahman,0,0,0,8,0,0,0,24,11.495833333333332,5.4,17.6,35.833333333333336,1.5,1.5,0.0,97.54166666666667,4.55,9.6,20.5,4,0,1,0,0,0.0,,0.0,,0.0,,0.0,,0.0,,0.0,,0.0,,0.0,0.0,0.0,0.0,0.0,0.0,2.0,2.0,1,2.0,2.0,0,1,covid_milestone,First confirmed COVID-19 cases reported in Iran,3
2020-02-20,3,Thursday,0,1,0,,,1398,12,1,1398-12-01,Esfand,0,0,0,9,0,0,0,24,10.816666666666668,3.6,16.4,57.0,3.1000000000000005,3.1000000000000005,0.0,66.08333333333333,15.512500000000001,26.0,61.2,10,0,1,0,0,0.0,,0.0,,1.0,0.0,0.0,,0.0,,0.0,,0.0,,0.0,0.0,2.78,3.65,4.17,0.0,5.0,2.0,1,3.0,0.0,0,0,,,0
2020-02-21,4,Friday,1,0,0,,,1398,12,2,1398-12-02,Esfand,0,0,0,10,0,0,1,24,8.266666666666667,0.0,16.6,54.875,0.0,0.0,0.0,3.9583333333333335,6.083333333333333,8.8,18.0,0,0,0,0,1,0.0,,0.0,,1.0,0.0,0.0,,0.0,,0.0,,0.0,,0.0,0.0,2.78,3.65,4.17,0.0,18.0,4.0,1,13.0,2.0,0,0,,,0
2020-02-22,5,Saturday,0,0,0,,,1398,12,3,1398-12-03,Esfand,0,0,0,11,0,0,0,24,10.633333333333333,2.9,19.1,40.541666666666664,0.0,0.0,0.0,1.5833333333333333,6.316666666666666,13.0,28.4,0,0,0,0,0,0.0,,0.0,,2.0,1.0,0.0,,0.0,,0.0,,0.0,,0.0,0.0,11.11,8.33,9.52,0.0,28.0,5.0,1,10.0,1.0,0,0,,,0
2020-02-23,6,Sunday,0,0,0,,,1398,12,4,1398-12-04,Esfand,0,0,0,12,0,0,0,24,10.7875,1.9,19.5,41.916666666666664,0.0,0.0,0.0,28.5,8.404166666666667,15.7,31.7,0,0,0,0,0,0.0,,0.0,,2.0,1.0,0.0,,0.0,,0.0,,0.0,,0.0,0.0,11.11,8.33,9.52,0.0,43.0,8.0,1,15.0,3.0,0,0,,,0
2020-02-24,0,Monday,0,0,0,,,1398,12,5,1398-12-05,Esfand,0,0,0,13,0,0,0,24,13.85,5.4,21.8,39.875,0.1,0.1,0.0,89.75,4.720833333333333,9.6,22.7,1,0,1,0,0,0.0,,0.0,,2.0,1.0,0.0,,0.0,,0.0,,0.0,,0.0,0.0,11.11,8.33,9.52,0.0,61.0,12.0,1,18.0,4.0,0,0,,,0
2020-02-25,1,Tuesday,0,0,0,,,1398,12,6,1398-12-06,Esfand,0,0,0,12,0,0,0,24,15.737499999999999,10.6,21.2,59.125,4.199999999999999,4.199999999999999,0.0,95.45833333333333,9.404166666666667,20.4,41.8,12,0,1,0,0,0.0,,0.0,,2.0,1.0,0.0,,0.0,,0.0,,0.0,,0.0,0.0,11.11,8.33,9.52,0.0,95.0,16.0,1,34.0,4.0,0,0,,,0
2020-02-26,2,Wednesday,0,0,0,,,1398,12,7,1398-12-07,Esfand,0,0,0,11,0,0,0,24,11.433333333333332,5.4,15.3,55.833333333333336,3.4000000000000004,3.4000000000000004,0.0,60.208333333333336,15.033333333333333,24.4,47.9,6,0,1,0,0,0.0,,1.0,1.0,2.0,1.0,0.0,,0.0,,0.0,,0.0,,0.0,0.0,20.37,13.54,15.48,0.0,139.0,19.0,1,44.0,3.0,1,0,,,0
2020-02-27,3,Thursday,0,1,0,,,1398,12,8,1398-12-08,Esfand,0,0,0,10,0,0,0,24,8.208333333333334,1.3,15.4,59.541666666666664,0.0,0.0,0.0,3.2083333333333335,5.366666666666667,9.0,20.5,0,0,0,0,0,0.0,,1.0,1.0,2.0,1.0,0.0,,0.0,,0.0,,0.0,,0.0,0.0,20.37,13.54,15.48,0.0,245.0,26.0,1,106.0,7.0,1,0,,,0
2020-02-28,4,Friday,1,0,0,,,1398,12,9,1398-12-09,Esfand,0,0,0,9,0,0,1,24,10.35,2.4,19.0,55.208333333333336,0.0,0.0,0.0,40.583333333333336,3.3000000000000003,7.0,18.0,0,0,0,0,0,0.0,,1.0,1.0,2.0,1.0,0.0,,0.0,,0.0,,0.0,,0.0,0.0,20.37,13.54,15.48,0.0,388.0,34.0,1,143.0,8.0,1,0,,,0
2020-02-29,5,Saturday,0,0,0,,,1398,12,10,1398-12-10,Esfand,0,0,0,8,0,0,0,24,11.85,3.0,21.1,41.041666666666664,0.0,0.0,0.0,0.9166666666666666,5.679166666666667,10.0,18.7,0,0,0,0,0,0.0,,1.0,1.0,2.0,1.0,0.0,,0.0,,0.0,,0.0,,0.0,0.0,20.37,13.54,15.48,0.0,593.0,43.0,1,205.0,9.0,1,0,,,0
2020-03-01,6,Sunday,0,0,0,,,1398,12,11,1398-12-11,Esfand,0,0,0,7,0,0,0,24,12.725,4.0,21.8,36.916666666666664,0.2,0.2,0.0,4.791666666666667,8.7875,19.5,40.7,1,0,1,0,0,0.0,,1.0,1.0,2.0,1.0,0.0,,0.0,,0.0,,0.0,,0.0,0.0,20.37,13.54,15.48,0.0,978.0,54.0,1,385.0,11.0,1,0,,,0
2020-03-02,0,Monday,0,0,0,,,1398,12,12,1398-12-12,Esfand,0,0,0,6,0,0,0,24,12.395833333333334,6.7,18.2,27.125,0.0,0.0,0.0,5.083333333333333,14.479166666666666,26.1,50.4,0,0,0,0,0,0.0,,1.0,1.0,2.0,1.0,0.0,,0.0,,0.0,,0.0,,0.0,0.0,20.37,13.54,15.48,0.0,1501.0,66.0,1,523.0,12.0,1,0,,,0
2020-03-03,1,Tuesday,0,0,0,,,1398,12,13,1398-12-13,Esfand,0,0,0,5,0,0,0,24,8.3125,0.8,15.3,37.291666666666664,0.0,0.0,0.0,18.166666666666668,12.9625,23.1,44.3,0,0,0,0,0,0.0,,1.0,1.0,2.0,1.0,0.0,,0.0,,0.0,,0.0,,0.0,0.0,20.37,13.54,15.48,0.0,2336.0,77.0,1,835.0,11.0,1,0,,,0
2020-03-04,2,Wednesday,0,0,0,,,1398,12,14,1398-12-14,Esfand,0,0,0,4,0,0,0,24,7.983333333333333,-1.6,15.9,41.291666666666664,0.0,0.0,0.0,0.125,5.804166666666667,9.4,20.5,0,0,0,0,1,0.0,,1.0,1.0,2.0,1.0,0.0,,0.0,,0.0,,0.0,,0.0,0.0,20.37,13.54,15.48,0.0,2922.0,92.0,1,586.0,15.0,1,0,,,0
2020-03-05,3,Thursday,0,1,0,,,1398,12,15,1398-12-15,Esfand,0,0,0,3,0,0,0,24,10.329166666666667,1.6,18.0,26.5,0.0,0.0,0.0,0.0,3.391666666666667,7.1,16.6,0,0,0,0,0,3.0,1.0,1.0,1.0,2.0,1.0,0.0,,0.0,,0.0,,2.0,1.0,0.0,0.0,42.59,26.04,29.76,0.0,3513.0,107.0,1,591.0,15.0,1,0,,,0
2020-03-06,4,Friday,1,0,0,,,1398,12,16,1398-12-16,Esfand,0,0,0,2,0,0,1,24,11.775,2.4,20.7,19.0,0.0,0.0,0.0,0.0,4.316666666666666,9.2,16.6,0,0,0,0,0,3.0,1.0,1.0,1.0,2.0,1.0,0.0,,0.0,,0.0,,2.0,1.0,0.0,0.0,42.59,26.04,29.76,0.0,4747.0,124.0,1,1234.0,17.0,1,0,,,0
2020-03-07,5,Saturday,0,0,0,,,1398,12,17,1398-12-17,Esfand,0,0,0,1,1,0,0,24,13.237499999999999,3.5,20.3,16.333333333333332,0.0,0.0,0.0,55.166666666666664,10.299999999999999,18.2,38.9,0,0,0,0,0,3.0,1.0,1.0,1.0,2.0,1.0,0.0,,0.0,,0.0,,2.0,1.0,0.0,0.0,42.59,26.04,29.76,0.0,5823.0,145.0,1,1076.0,21.0,1,0,,,0
2020-03-08,6,Sunday,0,0,1,Birthday of Ali (estimated),(تخمین زده) زادروز علی بن ابی‌طالب,1398,12,18,1398-12-18,Esfand,0,0,0,0,0,0,1,24,11.25,4.4,17.0,18.416666666666668,0.0,0.0,0.0,33.041666666666664,13.941666666666668,28.8,55.4,0,0,0,0,0,3.0,1.0,1.0,1.0,2.0,1.0,0.0,,0.0,,0.0,,2.0,1.0,0.0,0.0,42.59,26.04,29.76,0.0,6566.0,194.0,1,743.0,49.0,1,0,,,0
2020-03-09,0,Monday,0,0,0,,,1398,12,19,1398-12-19,Esfand,0,0,0,1,0,1,0,24,9.495833333333334,2.1,16.0,15.333333333333334,0.0,0.0,0.0,3.3333333333333335,9.595833333333333,14.4,31.0,0,0,0,0,0,3.0,1.0,1.0,1.0,2.0,1.0,0.0,,0.0,,0.0,,2.0,1.0,0.0,0.0,42.59,26.04,29.76,0.0,7161.0,237.0,1,595.0,43.0,1,0,,,0
2020-03-10,1,Tuesday,0,0,0,,,1398,12,20,1398-12-20,Esfand,0,0,0,2,0,0,0,24,8.7875,0.0,17.1,13.208333333333334,0.0,0.0,0.0,0.041666666666666664,2.85,6.2,18.0,0,0,0,0,1,3.0,1.0,1.0,1.0,2.0,1.0,0.0,,0.0,,0.0,,2.0,1.0,0.0,0.0,42.59,26.04,29.76,0.0,8042.0,291.0,1,881.0,54.0,1,0,,,0
2020-03-11,2,Wednesday,0,0,0,,,1398,12,21,1398-12-21,Esfand,0,0,0,3,0,0,0,24,10.629166666666666,-0.2,20.3,7.791666666666667,0.0,0.0,0.0,15.0,3.5,8.2,16.2,0,0,0,0,1,3.0,1.0,1.0,1.0,2.0,1.0,0.0,,1.0,1.0,0.0,,2.0,1.0,0.0,0.0,48.15,29.17,33.33,0.0,9000.0,354.0,1,958.0,63.0,1,0,,,0
2020-03-12,3,Thursday,0,1,0,,,1398,12,22,1398-12-22,Esfand,0,0,0,4,0,0,0,24,13.641666666666666,3.2,23.5,9.25,0.0,0.0,0.0,15.916666666666666,4.458333333333333,8.3,18.0,0,0,0,0,0,3.0,1.0,1.0,1.0,2.0,1.0,0.0,,1.0,1.0,0.0,,2.0,1.0,0.0,0.0,48.15,29.17,33.33,0.0,10075.0,429.0,1,1075.0,75.0,1,0,,,0
2020-03-13,4,Friday,1,0,0,,,1398,12,23,1398-12-23,Esfand,0,0,0,5,0,0,1,24,15.174999999999999,6.7,22.7,13.333333333333334,0.0,0.0,0.0,93.375,4.8999999999999995,8.6,22.3,0,0,0,0,0,3.0,1.0,1.0,1.0,2.0,1.0,0.0,,1.0,1.0,0.0,,2.0,1.0,0.0,0.0,48.15,29.17,33.33,0.0,11364.0,514.0,1,1289.0,85.0,1,0,,,0
2020-03-14,5,Saturday,0,0,0,,,1398,12,24,1398-12-24,Esfand,0,0,0,5,0,0,0,24,16.204166666666666,11.7,23.6,20.208333333333332,0.0,0.0,0.0,63.791666666666664,12.345833333333333,26.2,54.4,0,0,0,0,0,3.0,1.0,1.0,1.0,2.0,1.0,0.0,,1.0,1.0,0.0,,2.0,1.0,0.0,0.0,48.15,29.17,33.33,0.0,12729.0,611.0,1,1365.0,97.0,1,0,,,0
2020-03-15,6,Sunday,0,0,0,,,1398,12,25,1398-12-25,Esfand,0,0,0,4,0,0,0,24,13.237499999999999,9.3,17.2,46.458333333333336,0.4,0.4,0.0,55.333333333333336,8.916666666666666,16.1,29.5,1,0,1,0,0,3.0,1.0,1.0,1.0,2.0,1.0,0.0,,1.0,1.0,0.0,,2.0,1.0,0.0,0.0,48.15,35.42,33.33,50.0,13938.0,724.0,1,1209.0,113.0,1,0,,,0
2020-03-16,0,Monday,0,0,0,,,1398,12,26,1398-12-26,Esfand,0,0,0,3,0,0,0,24,13.0375,3.7,20.8,46.166666666666664,0.0,0.0,0.0,44.125,7.983333333333333,14.9,26.3,0,0,0,0,0,3.0,1.0,1.0,1.0,2.0,1.0,0.0,,1.0,1.0,0.0,,2.0,1.0,0.0,0.0,48.15,35.42,33.33,50.0,14991.0,853.0,1,1053.0,129.0,1,0,,,0
2020-03-17,1,Tuesday,0,0,0,,,1398,12,27,1398-12-27,Esfand,0,0,0,2,0,0,0,24,15.512500000000001,7.1,22.7,35.0,0.0,0.0,0.0,31.5,5.941666666666666,9.7,22.7,0,0,0,0,0,3.0,1.0,1.0,1.0,2.0,1.0,0.0,,1.0,1.0,0.0,,2.0,1.0,0.0,0.0,48.15,35.42,33.33,50.0,16169.0,988.0,1,1178.0,135.0,1,0,,,0
2020-03-18,2,Wednesday,0,0,0,,,1398,12,28,1398-12-28,Esfand,0,0,0,1,1,0,0,24,12.254166666666668,8.4,16.2,47.291666666666664,1.2999999999999998,1.2999999999999998,0.0,79.91666666666667,8.4375,16.9,37.8,4,0,1,0,0,3.0,1.0,1.0,1.0,2.0,1.0,0.0,,1.0,1.0,0.0,,2.0,1.0,0.0,0.0,48.15,35.42,33.33,50.0,17361.0,1135.0,1,1192.0,147.0,1,0,,,0
2020-03-19,3,Thursday,0,1,1,Iranian Oil Industry Nationalization Day,ملی‌شدن صنعت نفت,1398,12,29,1398-12-29,Esfand,0,0,0,0,1,0,1,24,13.525,7.0,22.2,43.125,0.0,0.0,0.0,22.791666666666668,10.795833333333334,24.2,45.0,0,0,0,0,0,3.0,1.0,1.0,1.0,2.0,1.0,0.0,,1.0,1.0,1.0,1.0,2.0,1.0,0.0,0.0,51.85,39.58,38.1,50.0,18407.0,1284.0,1,1046.0,149.0,1,0,,,0
2020-03-20,4,Friday,1,0,1,Persian New Year,نوروز,1399,1,1,1399-01-01,Farvardin,1,1,0,0,1,1,1,24,12.0625,3.4,21.4,33.75,0.0,0.0,0.0,8.125,8.995833333333334,19.8,40.0,0,0,0,0,0,3.0,1.0,1.0,1.0,2.0,1.0,0.0,,1.0,1.0,1.0,1.0,2.0,1.0,0.0,0.0,51.85,39.58,38.1,50.0,19644.0,1433.0,1,1237.0,149.0,1,0,,,0
2020-03-21,5,Saturday,0,0,1,Persian New Year,نوروز,1399,1,2,1399-01-02,Farvardin,1,1,0,0,1,1,1,24,12.845833333333333,6.0,18.5,24.875,0.5,0.5,0.0,36.25,6.0874999999999995,15.6,34.2,3,0,1,0,0,3.0,1.0,1.0,1.0,2.0,1.0,0.0,,1.0,1.0,1.0,1.0,2.0,1.0,0.0,0.0,51.85,39.58,38.1,50.0,20610.0,1556.0,1,966.0,123.0,1,0,,,0
2020-03-22,6,Sunday,0,0,1,Isra' and Mi'raj (estimated); Persian New Year,(تخمین زده) مبعث; نوروز,1399,1,3,1399-01-03,Farvardin,1,1,0,0,1,1,1,24,9.283333333333333,3.4,14.4,61.75,8.1,8.1,0.0,60.833333333333336,12.941666666666668,33.4,65.5,9,0,1,0,0,3.0,1.0,3.0,0.0,2.0,1.0,0.0,,1.0,1.0,1.0,1.0,2.0,1.0,0.0,0.0,57.41,42.71,41.67,50.0,21638.0,1685.0,1,1028.0,129.0,1,0,,,0
2020-03-23,0,Monday,0,0,1,Persian New Year,نوروز,1399,1,4,1399-01-04,Farvardin,1,1,0,0,0,1,1,24,5.591666666666666,0.3,9.7,62.916666666666664,1.4000000000000001,0.9,0.35000000000000003,72.875,13.970833333333333,25.9,48.2,5,0,1,0,0,3.0,1.0,3.0,0.0,2.0,1.0,0.0,,1.0,1.0,1.0,1.0,2.0,1.0,0.0,0.0,57.41,42.71,41.67,50.0,23049.0,1812.0,1,1411.0,127.0,1,0,,,0
2020-03-24,1,Tuesday,0,0,0,,,1399,1,5,1399-01-05,Farvardin,1,0,0,1,0,1,0,24,9.020833333333334,3.1,13.9,62.0,0.0,0.0,0.0,78.83333333333333,7.433333333333334,10.3,23.8,0,0,0,0,0,3.0,1.0,3.0,0.0,2.0,1.0,0.0,,1.0,1.0,1.0,1.0,2.0,1.0,0.0,0.0,57.41,42.71,41.67,50.0,24811.0,1934.0,1,1762.0,122.0,1,0,,,0
2020-03-25,2,Wednesday,0,0,0,,,1399,1,6,1399-01-06,Farvardin,1,0,0,2,0,0,0,24,10.275,5.0,16.1,65.54166666666667,2.4,2.4,0.0,59.75,5.329166666666667,8.9,22.3,10,0,1,0,0,3.0,1.0,3.0,0.0,2.0,1.0,0.0,,1.0,1.0,1.0,1.0,2.0,1.0,0.0,0.0,57.41,42.71,41.67,50.0,27017.0,2077.0,1,2206.0,143.0,1,0,,,0
2020-03-26,3,Thursday,0,1,0,,,1399,1,7,1399-01-07,Farvardin,1,0,0,3,0,0,0,24,10.554166666666665,4.3,16.0,66.54166666666667,1.5,1.5,0.0,67.58333333333333,7.241666666666667,18.7,35.3,5,0,1,0,0,3.0,1.0,3.0,0.0,2.0,1.0,0.0,,1.0,1.0,1.0,1.0,2.0,1.0,0.0,0.0,57.41,42.71,41.67,50.0,29406.0,2234.0,1,2389.0,157.0,1,0,,,0
2020-03-27,4,Friday,1,0,0,,,1399,1,8,1399-01-08,Farvardin,1,0,0,4,0,0,1,24,11.379166666666668,6.3,16.3,60.875,0.0,0.0,0.0,65.79166666666667,5.204166666666667,9.7,24.1,0,0,0,0,0,3.0,1.0,3.0,0.0,2.0,1.0,0.0,,1.0,1.0,1.0,1.0,2.0,1.0,0.0,0.0,57.41,42.71,41.67,50.0,32332.0,2378.0,1,2926.0,144.0,1,0,,,0
2020-03-28,5,Saturday,0,0,0,,,1399,1,9,1399-01-09,Farvardin,1,0,0,3,0,0,0,24,10.079166666666667,6.1,13.3,70.04166666666667,7.1,7.1,0.0,93.79166666666667,7.012499999999999,13.6,27.0,11,0,1,0,0,3.0,1.0,3.0,0.0,2.0,1.0,0.0,,1.0,1.0,1.0,1.0,2.0,1.0,0.0,0.0,57.41,42.71,41.67,50.0,35408.0,2517.0,1,3076.0,139.0,1,0,,,0
2020-03-29,6,Sunday,0,0,0,,,1399,1,10,1399-01-10,Farvardin,1,0,0,2,0,0,0,24,11.204166666666666,6.1,17.4,69.33333333333333,0.2,0.2,0.0,65.75,8.154166666666667,15.9,32.4,1,0,1,0,0,3.0,1.0,3.0,0.0,2.0,1.0,0.0,,1.0,1.0,1.0,1.0,2.0,1.0,0.0,0.0,57.41,42.71,41.67,50.0,38309.0,2640.0,1,2901.0,123.0,1,0,,,0
2020-03-30,0,Monday,0,0,0,,,1399,1,11,1399-01-11,Farvardin,1,0,0,1,1,0,0,24,11.4,4.0,19.8,49.833333333333336,0.0,0.0,0.0,15.583333333333334,12.216666666666667,26.4,47.2,0,0,0,0,0,3.0,1.0,3.0,0.0,2.0,1.0,0.0,,1.0,1.0,1.0,1.0,2.0,1.0,0.0,0.0,57.41,42.71,41.67,50.0,41495.0,2757.0,1,3186.0,117.0,1,0,,,0
2020-03-31,1,Tuesday,0,0,1,Islamic Republic Day,روز جمهوری اسلامی,1399,1,12,1399-01-12,Farvardin,1,0,0,0,1,0,1,24,11.879166666666668,5.4,17.6,38.5,0.8,0.8,0.0,8.375,14.9625,28.8,57.6,2,0,1,0,0,3.0,1.0,3.0,0.0,2.0,1.0,0.0,,1.0,1.0,1.0,1.0,2.0,1.0,0.0,0.0,57.41,42.71,41.67,50.0,44605.0,2898.0,1,3110.0,141.0,1,0,,,0
2020-04-01,2,Wednesday,0,0,1,Nature's Day,روز طبیعت,1399,1,13,1399-01-13,Farvardin,1,0,0,0,0,1,1,24,12.183333333333332,4.7,20.5,52.75,1.0,1.0,0.0,39.458333333333336,6.3999999999999995,13.5,29.5,4,0,1,0,0,3.0,1.0,3.0,0.0,2.0,1.0,0.0,,1.0,1.0,1.0,1.0,2.0,1.0,0.0,0.0,57.41,42.71,41.67,50.0,47593.0,3036.0,1,2988.0,138.0,1,0,,,0
2020-04-02,3,Thursday,0,1,0,,,1399,1,14,1399-01-14,Farvardin,0,0,0,1,0,1,0,24,16.016666666666666,7.8,23.8,40.416666666666664,0.0,0.0,0.0,25.5,11.683333333333332,25.7,53.3,0,0,0,0,0,3.0,1.0,3.0,0.0,2.0,1.0,0.0,,1.0,1.0,1.0,1.0,2.0,1.0,0.0,0.0,57.41,42.71,41.67,50.0,50468.0,3160.0,1,2875.0,124.0,1,0,,,0
2020-04-03,4,Friday,1,0,0,,,1399,1,15,1399-01-15,Farvardin,0,0,0,2,0,0,1,24,16.650000000000002,10.0,23.2,29.458333333333332,0.0,0.0,0.0,60.583333333333336,10.095833333333333,25.4,48.6,0,0,0,0,0,3.0,1.0,3.0,0.0,2.0,1.0,0.0,,1.0,1.0,1.0,1.0,2.0,1.0,0.0,0.0,57.41,42.71,41.67,50.0,53183.0,3294.0,1,2715.0,134.0,1,0,,,0
2020-04-04,5,Saturday,0,0,0,,,1399,1,16,1399-01-16,Farvardin,0,0,0,3,0,0,0,24,16.320833333333333,7.7,23.8,19.916666666666668,0.0,0.0,0.0,42.208333333333336,8.916666666666666,23.0,45.0,0,0,0,0,0,3.0,1.0,3.0,0.0,2.0,1.0,0.0,,1.0,1.0,1.0,1.0,2.0,1.0,0.0,0.0,57.41,42.71,41.67,50.0,55743.0,3452.0,1,2560.0,158.0,1,0,,,0
2020-04-05,6,Sunday,0,0,0,,,1399,1,17,1399-01-17,Farvardin,0,0,0,3,0,0,0,24,15.845833333333333,7.5,23.6,17.75,0.0,0.0,0.0,4.125,11.625,19.4,38.9,0,0,0,0,0,3.0,1.0,3.0,1.0,2.0,1.0,0.0,,1.0,1.0,1.0,1.0,2.0,1.0,0.0,0.0,59.26,43.75,42.86,50.0,58226.0,3603.0,1,2483.0,151.0,1,0,,,0
2020-04-06,0,Monday,0,0,0,,,1399,1,18,1399-01-18,Farvardin,0,0,0,2,0,0,0,24,15.5625,5.7,24.4,24.166666666666668,0.0,0.0,0.0,35.5,6.6875,9.2,23.4,0,0,0,0,0,3.0,1.0,3.0,1.0,2.0,1.0,0.0,,1.0,1.0,1.0,1.0,2.0,1.0,0.0,0.0,59.26,43.75,42.86,50.0,60500.0,3739.0,1,2274.0,136.0,1,0,,,0
2020-04-07,1,Tuesday,0,0,0,,,1399,1,19,1399-01-19,Farvardin,0,0,0,1,1,0,0,24,17.904166666666665,11.1,25.6,26.916666666666668,0.2,0.2,0.0,92.0,9.416666666666666,21.6,53.6,2,0,1,0,0,3.0,1.0,3.0,1.0,2.0,1.0,0.0,,1.0,1.0,1.0,1.0,2.0,1.0,0.0,0.0,59.26,45.31,42.86,62.5,62589.0,3872.0,1,2089.0,133.0,1,0,,,0
2020-04-08,2,Wednesday,0,0,1,Birthday of Mahdi (estimated),(تخمین زده) زادروز حجت بن الحسن,1399,1,20,1399-01-20,Farvardin,0,0,0,0,0,0,1,24,14.341666666666667,9.2,22.8,61.833333333333336,4.6,4.6,0.0,83.95833333333333,8.708333333333334,30.4,57.2,5,0,1,0,0,3.0,1.0,3.0,1.0,2.0,1.0,0.0,,1.0,1.0,1.0,1.0,2.0,1.0,0.0,0.0,59.26,45.31,42.86,62.5,64586.0,3993.0,1,1997.0,121.0,1,0,,,0
2020-04-09,3,Thursday,0,1,0,,,1399,1,21,1399-01-21,Farvardin,0,0,0,1,0,1,0,24,12.4,7.5,17.9,66.54166666666667,0.5,0.5,0.0,88.04166666666667,9.979166666666666,15.9,34.6,3,0,1,0,0,3.0,1.0,3.0,1.0,2.0,1.0,0.0,,1.0,1.0,1.0,1.0,2.0,1.0,0.0,0.0,59.26,45.31,42.86,62.5,66220.0,4110.0,1,1634.0,117.0,1,0,,,0
2020-04-10,4,Friday,1,0,0,,,1399,1,22,1399-01-22,Farvardin,0,0,0,2,0,0,1,24,16.0625,11.6,20.6,57.583333333333336,0.0,0.0,0.0,58.083333333333336,15.533333333333333,21.0,52.6,0,0,0,0,0,3.0,1.0,3.0,1.0,2.0,1.0,0.0,,1.0,1.0,1.0,1.0,2.0,1.0,0.0,0.0,59.26,45.31,42.86,62.5,68192.0,4232.0,1,1972.0,122.0,1,0,,,0
2020-04-11,5,Saturday,0,0,0,,,1399,1,23,1399-01-23,Farvardin,0,0,0,3,0,0,0,24,16.541666666666668,11.5,22.5,53.708333333333336,0.7999999999999999,0.7999999999999999,0.0,46.833333333333336,15.158333333333333,33.4,70.9,3,0,1,0,0,3.0,1.0,2.0,0.0,2.0,1.0,0.0,,1.0,1.0,1.0,1.0,2.0,0.0,0.0,0.0,50.93,40.62,37.5,62.5,70029.0,4357.0,1,1837.0,125.0,1,0,,,0
2020-04-12,6,Sunday,0,0,0,,,1399,1,24,1399-01-24,Farvardin,0,0,0,4,0,0,0,24,14.479166666666666,7.5,21.1,39.958333333333336,0.0,0.0,0.0,14.833333333333334,11.75,29.0,54.4,0,0,0,0,0,3.0,1.0,2.0,0.0,2.0,1.0,0.0,,1.0,1.0,1.0,1.0,2.0,0.0,0.0,0.0,50.93,40.62,37.5,62.5,71686.0,4474.0,1,1657.0,117.0,1,0,,,0
2020-04-13,0,Monday,0,0,0,,,1399,1,25,1399-01-25,Farvardin,0,0,0,5,0,0,0,24,13.887500000000001,4.7,22.4,28.083333333333332,0.0,0.0,0.0,8.75,8.933333333333334,19.6,42.8,0,0,0,0,0,3.0,1.0,2.0,0.0,2.0,1.0,0.0,,1.0,1.0,1.0,1.0,2.0,0.0,0.0,0.0,50.93,40.62,37.5,62.5,73303.0,4585.0,1,1617.0,111.0,1,0,,,0
2020-04-14,1,Tuesday,0,0,0,,,1399,1,26,1399-01-26,Farvardin,0,0,0,6,0,0,0,24,13.354166666666666,5.7,20.1,48.541666666666664,0.0,0.0,0.0,35.375,6.633333333333333,21.1,37.1,0,0,0,0,0,3.0,1.0,2.0,0.0,2.0,1.0,0.0,,1.0,1.0,1.0,1.0,2.0,0.0,0.0,0.0,50.93,40.62,37.5,62.5,74877.0,4683.0,1,1574.0,98.0,1,0,,,0
2020-04-15,2,Wednesday,0,0,0,,,1399,1,27,1399-01-27,Farvardin,0,0,0,7,0,0,0,24,14.691666666666668,6.6,21.5,43.875,0.0,0.0,0.0,25.375,5.395833333333333,11.8,32.8,0,0,0,0,0,3.0,1.0,2.0,0.0,2.0,1.0,0.0,,1.0,1.0,1.0,1.0,2.0,0.0,0.0,0.0,50.93,40.62,37.5,62.5,76389.0,4777.0,1,1512.0,94.0,1,0,,,0
2020-04-16,3,Thursday,0,1,0,,,1399,1,28,1399-01-28,Farvardin,0,0,0,8,0,0,0,24,16.075,8.6,23.4,42.0,0.2,0.2,0.0,22.75,6.5375000000000005,14.9,30.6,1,0,1,0,0,3.0,1.0,2.0,0.0,2.0,1.0,0.0,,1.0,1.0,1.0,1.0,2.0,0.0,0.0,0.0,50.93,40.62,37.5,62.5,77995.0,4869.0,1,1606.0,92.0,1,0,,,0
2020-04-17,4,Friday,1,0,0,,,1399,1,29,1399-01-29,Farvardin,0,0,0,9,0,0,1,24,15.795833333333334,11.7,21.8,48.166666666666664,3.4,3.4,0.0,60.958333333333336,5.766666666666667,10.1,29.2,8,0,1,0,0,3.0,1.0,2.0,0.0,2.0,1.0,0.0,,1.0,1.0,1.0,1.0,2.0,0.0,0.0,0.0,50.93,40.62,37.5,62.5,79494.0,4958.0,1,1499.0,89.0,1,0,,,0
2020-04-18,5,Saturday,0,0,0,,,1399,1,30,1399-01-30,Farvardin,0,0,0,10,0,0,0,24,15.266666666666666,8.3,21.2,50.666666666666664,0.2,0.2,0.0,64.5,4.708333333333333,10.3,25.6,1,0,1,0,0,3.0,1.0,2.0,0.0,2.0,1.0,0.0,,1.0,1.0,1.0,1.0,2.0,0.0,0.0,0.0,50.93,40.62,37.5,62.5,80868.0,5031.0,1,1374.0,73.0,1,0,,,0
2020-04-19,6,Sunday,0,0,0,,,1399,1,31,1399-01-31,Farvardin,0,0,0,11,0,0,0,24,16.5,11.7,21.9,51.916666666666664,0.2,0.2,0.0,35.125,6.258333333333334,8.8,23.0,1,0,1,0,0,3.0,1.0,2.0,0.0,2.0,1.0,1.0,1.0,1.0,1.0,1.0,1.0,2.0,0.0,0.0,0.0,53.7,42.19,39.29,62.5,82211.0,5118.0,1,1343.0,87.0,1,0,,,0
2020-04-20,0,Monday,0,0,0,,,1399,2,1,1399-02-01,Ordibehesht,0,0,0,12,0,0,0,24,18.633333333333333,11.5,25.5,44.166666666666664,0.0,0.0,0.0,79.04166666666667,5.2749999999999995,8.0,22.3,0,0,0,0,0,3.0,1.0,2.0,0.0,2.0,1.0,1.0,1.0,1.0,1.0,1.0,1.0,2.0,0.0,0.0,0.0,53.7,42.19,39.29,62.5,83505.0,5209.0,1,1294.0,91.0,1,0,,,0
2020-04-21,1,Tuesday,0,0,0,,,1399,2,2,1399-02-02,Ordibehesht,0,0,0,13,0,0,0,24,19.35833333333333,12.0,24.7,32.791666666666664,0.0,0.0,0.0,86.29166666666667,6.6499999999999995,8.6,23.4,0,0,0,0,0,3.0,1.0,2.0,0.0,2.0,1.0,1.0,1.0,1.0,1.0,1.0,1.0,2.0,0.0,0.0,0.0,53.7,42.19,39.29,62.5,84802.0,5297.0,1,1297.0,88.0,1,0,,,0
2020-04-22,2,Wednesday,0,0,0,,,1399,2,3,1399-02-03,Ordibehesht,0,0,0,14,0,0,0,24,17.912499999999998,14.8,21.3,42.083333333333336,0.2,0.2,0.0,71.83333333333333,8.174999999999999,10.3,28.4,1,0,1,0,0,3.0,1.0,2.0,0.0,2.0,1.0,1.0,1.0,1.0,1.0,1.0,1.0,2.0,0.0,0.0,0.0,53.7,42.19,39.29,62.5,85996.0,5391.0,1,1194.0,94.0,1,0,,,0
2020-04-23,3,Thursday,0,1,0,,,1399,2,4,1399-02-04,Ordibehesht,0,0,0,15,0,0,0,24,19.416666666666668,12.0,27.4,38.75,0.0,0.0,0.0,19.208333333333332,7.516666666666667,21.2,41.8,0,0,0,0,0,3.0,1.0,2.0,0.0,2.0,1.0,1.0,1.0,1.0,1.0,1.0,1.0,2.0,0.0,0.0,0.0,53.7,42.19,39.29,62.5,87026.0,5481.0,1,1030.0,90.0,1,0,,,0
2020-04-24,4,Friday,1,0,0,,,1399,2,5,1399-02-05,Ordibehesht,0,0,1,16,0,0,1,24,21.041666666666668,13.4,28.3,28.958333333333332,0.0,0.0,0.0,16.333333333333332,12.095833333333333,27.3,56.2,0,0,0,0,0,3.0,1.0,2.0,0.0,2.0,1.0,1.0,1.0,1.0,1.0,1.0,1.0,2.0,0.0,0.0,0.0,53.7,42.19,39.29,62.5,88194.0,5574.0,1,1168.0,93.0,1,0,,,0
2020-04-25,5,Saturday,0,0,0,,,1399,2,6,1399-02-06,Ordibehesht,0,0,1,17,0,0,0,24,22.420833333333334,14.0,29.4,20.791666666666668,0.0,0.0,0.0,37.291666666666664,11.975,23.9,49.7,0,0,0,0,0,3.0,1.0,2.0,0.0,2.0,1.0,1.0,1.0,1.0,1.0,1.0,1.0,2.0,0.0,0.0,0.0,53.7,42.19,39.29,62.5,89328.0,5650.0,1,1134.0,76.0,1,0,,,0
2020-04-26,6,Sunday,0,0,0,,,1399,2,7,1399-02-07,Ordibehesht,0,0,1,18,0,0,0,24,20.4375,17.1,25.2,34.666666666666664,4.3,4.3,0.0,65.20833333333333,16.333333333333332,28.5,67.7,4,0,1,0,0,3.0,1.0,2.0,0.0,2.0,1.0,1.0,1.0,1.0,1.0,1.0,1.0,2.0,0.0,0.0,0.0,53.7,42.19,39.29,62.5,90481.0,5710.0,1,1153.0,60.0,1,0,,,0
2020-04-27,0,Monday,0,0,0,,,1399,2,8,1399-02-08,Ordibehesht,0,0,1,17,0,0,0,24,18.2625,13.5,24.2,28.75,0.0,0.0,0.0,6.166666666666667,12.041666666666666,19.0,41.8,0,0,0,0,0,3.0,1.0,2.0,0.0,2.0,1.0,1.0,1.0,1.0,1.0,1.0,1.0,2.0,0.0,0.0,0.0,53.7,42.19,39.29,62.5,91472.0,5806.0,1,991.0,96.0,1,0,,,0
2020-04-28,1,Tuesday,0,0,0,,,1399,2,9,1399-02-09,Ordibehesht,0,0,1,16,0,0,0,24,16.879166666666666,9.4,24.9,28.208333333333332,0.1,0.1,0.0,24.208333333333332,11.35,25.8,53.6,1,0,1,0,0,3.0,1.0,2.0,0.0,2.0,1.0,1.0,1.0,1.0,1.0,1.0,1.0,2.0,0.0,0.0,0.0,53.7,42.19,39.29,62.5,92584.0,5877.0,1,1112.0,71.0,1,0,,,0
2020-04-29,2,Wednesday,0,0,0,,,1399,2,10,1399-02-10,Ordibehesht,0,0,1,15,0,0,0,24,14.233333333333334,11.3,17.2,51.166666666666664,2.1,2.1,0.0,81.25,6.416666666666667,13.7,30.2,4,0,1,0,0,3.0,1.0,2.0,0.0,2.0,1.0,1.0,1.0,1.0,1.0,1.0,1.0,2.0,0.0,0.0,0.0,53.7,42.19,39.29,62.5,93657.0,5957.0,1,1073.0,80.0,1,0,,,0
2020-04-30,3,Thursday,0,1,0,,,1399,2,11,1399-02-11,Ordibehesht,0,0,1,14,0,0,0,24,13.229166666666666,10.0,17.6,72.83333333333333,4.3,4.3,0.0,71.95833333333333,7.854166666666667,15.0,32.0,7,0,1,0,0,3.0,1.0,2.0,0.0,2.0,1.0,1.0,1.0,1.0,1.0,1.0,1.0,2.0,0.0,0.0,0.0,53.7,42.19,39.29,62.5,94640.0,6028.0,1,983.0,71.0,1,0,,,0
2020-05-01,4,Friday,1,0,0,,,1399,2,12,1399-02-12,Ordibehesht,0,0,1,13,0,0,1,24,16.150000000000002,8.5,24.8,64.29166666666667,0.0,0.0,0.0,41.625,5.666666666666667,11.2,26.3,0,0,0,0,0,3.0,1.0,2.0,0.0,2.0,1.0,1.0,1.0,1.0,1.0,1.0,1.0,2.0,0.0,0.0,0.0,53.7,42.19,39.29,62.5,95646.0,6091.0,1,1006.0,63.0,1,0,,,0
2020-05-02,5,Saturday,0,0,0,,,1399,2,13,1399-02-13,Ordibehesht,0,0,1,12,0,0,0,24,18.608333333333334,11.6,25.5,41.875,0.0,0.0,0.0,35.583333333333336,8.595833333333333,17.1,36.0,0,0,0,0,0,3.0,1.0,2.0,0.0,2.0,1.0,1.0,1.0,1.0,1.0,1.0,1.0,2.0,0.0,0.0,0.0,53.7,42.19,39.29,62.5,96448.0,6156.0,1,802.0,65.0,1,0,,,0
2020-05-03,6,Sunday,0,0,0,,,1399,2,14,1399-02-14,Ordibehesht,0,0,1,11,0,0,0,24,19.983333333333334,13.3,27.1,33.208333333333336,0.0,0.0,0.0,14.791666666666666,14.383333333333333,29.5,58.3,0,0,0,0,0,3.0,1.0,2.0,0.0,2.0,1.0,1.0,1.0,1.0,1.0,1.0,1.0,2.0,0.0,0.0,0.0,53.7,42.19,39.29,62.5,97424.0,6203.0,1,976.0,47.0,1,0,,,0
2020-05-04,0,Monday,0,0,0,,,1399,2,15,1399-02-15,Ordibehesht,0,0,1,10,0,0,0,24,20.912499999999998,12.0,29.2,23.208333333333332,0.0,0.0,0.0,3.125,5.233333333333333,12.0,26.3,0,0,0,0,0,3.0,1.0,2.0,0.0,2.0,1.0,1.0,1.0,1.0,1.0,1.0,1.0,2.0,0.0,0.0,0.0,53.7,42.19,39.29,62.5,98647.0,6277.0,1,1223.0,74.0,1,0,,,0
2020-05-05,1,Tuesday,0,0,0,,,1399,2,16,1399-02-16,Ordibehesht,0,0,1,9,0,0,0,24,22.258333333333336,12.4,30.2,23.875,0.0,0.0,0.0,50.791666666666664,5.9375,9.2,18.7,0,0,0,0,0,3.0,1.0,2.0,0.0,2.0,1.0,1.0,1.0,1.0,1.0,1.0,1.0,2.0,0.0,0.0,0.0,53.7,42.19,39.29,62.5,99970.0,6340.0,1,1323.0,63.0,1,0,,,0
2020-05-06,2,Wednesday,0,0,0,,,1399,2,17,1399-02-17,Ordibehesht,0,0,1,8,0,0,0,24,22.941666666666666,18.4,27.6,28.666666666666668,0.0,0.0,0.0,41.333333333333336,15.025,27.4,56.5,0,0,0,0,0,3.0,1.0,2.0,0.0,2.0,1.0,1.0,1.0,1.0,1.0,1.0,1.0,2.0,0.0,0.0,0.0,53.7,42.19,39.29,62.5,101650.0,6418.0,1,1680.0,78.0,1,0,,,0
2020-05-07,3,Thursday,0,1,0,,,1399,2,18,1399-02-18,Ordibehesht,0,0,1,7,0,0,0,24,21.808333333333334,14.9,29.7,21.458333333333332,0.0,0.0,0.0,0.7083333333333334,12.354166666666666,22.8,47.2,0,0,0,0,0,3.0,1.0,2.0,0.0,2.0,1.0,1.0,1.0,1.0,1.0,1.0,1.0,2.0,0.0,0.0,0.0,53.7,42.19,39.29,62.5,103135.0,6486.0,1,1485.0,68.0,1,0,,,0
2020-05-08,4,Friday,1,0,0,,,1399,2,19,1399-02-19,Ordibehesht,0,0,1,6,0,0,1,24,21.349999999999998,11.4,30.0,16.291666666666668,0.0,0.0,0.0,0.0,8.470833333333333,11.7,24.5,0,0,0,0,0,3.0,1.0,2.0,0.0,2.0,1.0,1.0,1.0,1.0,1.0,1.0,1.0,2.0,0.0,0.0,0.0,53.7,42.19,39.29,62.5,104691.0,6541.0,1,1556.0,55.0,1,0,,,0
2020-05-09,5,Saturday,0,0,0,,,1399,2,20,1399-02-20,Ordibehesht,0,0,1,5,0,0,0,24,22.291666666666668,12.7,29.1,18.916666666666668,0.0,0.0,0.0,63.833333333333336,6.804166666666667,23.4,41.0,0,0,0,0,0,3.0,1.0,2.0,0.0,2.0,0.0,1.0,1.0,1.0,1.0,1.0,1.0,2.0,0.0,0.0,0.0,50.93,40.62,37.5,62.5,106220.0,6589.0,1,1529.0,48.0,1,0,,,0
2020-05-10,6,Sunday,0,0,0,,,1399,2,21,1399-02-21,Ordibehesht,0,0,1,4,0,0,0,24,24.791666666666668,19.8,31.0,25.5,0.0,0.0,0.0,48.458333333333336,14.316666666666668,30.1,57.2,0,0,0,0,0,3.0,1.0,2.0,0.0,2.0,0.0,1.0,1.0,1.0,1.0,1.0,1.0,2.0,0.0,0.0,0.0,50.93,40.62,37.5,62.5,107603.0,6640.0,1,1383.0,51.0,1,0,,,0
2020-05-11,0,Monday,0,0,0,,,1399,2,22,1399-02-22,Ordibehesht,0,0,1,3,0,0,0,24,23.40416666666667,15.6,31.0,20.041666666666668,0.0,0.0,0.0,24.458333333333332,10.308333333333334,20.9,41.8,0,0,0,0,0,3.0,1.0,2.0,0.0,2.0,0.0,1.0,1.0,1.0,1.0,1.0,1.0,2.0,0.0,0.0,0.0,50.93,40.62,37.5,62.5,109286.0,6685.0,1,1683.0,45.0,1,0,,,0
2020-05-12,1,Tuesday,0,0,0,,,1399,2,23,1399-02-23,Ordibehesht,0,0,1,2,0,0,0,24,21.075,13.5,28.8,18.583333333333332,0.0,0.0,0.0,15.75,11.195833333333333,23.2,45.4,0,0,0,0,0,3.0,1.0,2.0,0.0,2.0,0.0,1.0,1.0,1.0,1.0,1.0,1.0,2.0,0.0,0.0,0.0,50.93,40.62,37.5,62.5,110767.0,6733.0,1,1481.0,48.0,1,0,,,0
2020-05-13,2,Wednesday,0,0,0,,,1399,2,24,1399-02-24,Ordibehesht,0,0,1,1,1,0,0,24,19.645833333333332,10.9,27.0,20.666666666666668,0.0,0.0,0.0,0.0,6.783333333333334,10.3,23.4,0,0,0,0,0,3.0,1.0,2.0,0.0,2.0,0.0,1.0,1.0,1.0,1.0,1.0,1.0,2.0,0.0,0.0,0.0,50.93,40.62,37.5,62.5,112725.0,6783.0,1,1958.0,50.0,1,0,,,0
2020-05-14,3,Thursday,0,1,1,Martyrdom of Ali (estimated),(تخمین زده) کشته‌شدن علی بن ابی‌طالب,1399,2,25,1399-02-25,Ordibehesht,0,0,1,0,0,0,1,24,20.962500000000002,11.8,28.3,16.75,0.0,0.0,0.0,1.1666666666666667,6.729166666666667,23.7,40.3,0,0,0,0,0,3.0,1.0,2.0,0.0,2.0,0.0,1.0,1.0,1.0,1.0,1.0,1.0,2.0,0.0,0.0,0.0,50.93,40.62,37.5,62.5,114533.0,6854.0,1,1808.0,71.0,1,0,,,0
2020-05-15,4,Friday,1,0,0,,,1399,2,26,1399-02-26,Ordibehesht,0,0,1,1,0,1,1,24,20.945833333333333,11.6,28.2,17.833333333333332,0.0,0.0,0.0,13.5,7.074999999999999,11.8,25.9,0,0,0,0,0,3.0,1.0,2.0,0.0,2.0,0.0,1.0,1.0,1.0,1.0,1.0,1.0,2.0,0.0,0.0,0.0,50.93,40.62,37.5,62.5,116635.0,6902.0,1,2102.0,48.0,1,0,,,0
2020-05-16,5,Saturday,0,0,0,,,1399,2,27,1399-02-27,Ordibehesht,0,0,1,2,0,0,0,24,22.445833333333336,12.5,29.9,19.75,0.0,0.0,0.0,2.8333333333333335,4.4375,11.7,21.2,0,0,0,0,0,2.0,0.0,2.0,0.0,2.0,0.0,1.0,1.0,1.0,1.0,1.0,1.0,2.0,0.0,0.0,0.0,45.37,37.5,33.93,62.5,118392.0,6937.0,1,1757.0,35.0,1,0,,,0
2020-05-17,6,Sunday,0,0,0,,,1399,2,28,1399-02-28,Ordibehesht,0,0,1,3,0,0,0,24,24.537499999999998,15.0,31.9,19.0,0.0,0.0,0.0,21.708333333333332,4.8374999999999995,9.4,22.3,0,0,0,0,0,2.0,0.0,2.0,0.0,2.0,0.0,1.0,1.0,1.0,1.0,1.0,1.0,2.0,0.0,0.0,0.0,45.37,39.58,36.31,62.5,120198.0,6988.0,1,1806.0,51.0,1,0,,,0
2020-05-18,0,Monday,0,0,0,,,1399,2,29,1399-02-29,Ordibehesht,0,0,1,4,0,0,0,24,24.7375,16.2,32.8,22.083333333333332,0.2,0.2,0.0,31.458333333333332,7.362500000000001,21.1,42.5,1,0,1,0,0,2.0,0.0,2.0,0.0,2.0,0.0,1.0,1.0,1.0,1.0,1.0,1.0,2.0,0.0,0.0,0.0,45.37,39.58,36.31,62.5,122492.0,7057.0,1,2294.0,69.0,1,0,,,0
2020-05-19,1,Tuesday,0,0,0,,,1399,2,30,1399-02-30,Ordibehesht,0,0,1,5,0,0,0,24,24.258333333333336,18.2,31.5,28.208333333333332,0.1,0.1,0.0,43.833333333333336,7.004166666666666,26.0,42.1,1,0,1,0,0,2.0,0.0,2.0,0.0,2.0,0.0,1.0,1.0,1.0,1.0,1.0,1.0,2.0,0.0,0.0,0.0,45.37,39.58,36.31,62.5,124603.0,7119.0,1,2111.0,62.0,1,0,,,0
2020-05-20,2,Wednesday,0,0,0,,,1399,2,31,1399-02-31,Ordibehesht,0,0,1,4,0,0,0,24,20.337500000000002,15.6,26.6,47.208333333333336,2.8,2.8,0.0,66.83333333333333,8.241666666666667,19.6,42.8,6,0,1,0,0,2.0,0.0,2.0,0.0,2.0,0.0,1.0,1.0,1.0,1.0,1.0,1.0,2.0,0.0,0.0,0.0,45.37,39.58,36.31,62.5,126949.0,7183.0,1,2346.0,64.0,1,0,,,0
2020-05-21,3,Thursday,0,1,0,,,1399,3,1,1399-03-01,Khordad,0,0,1,3,0,0,0,24,21.025000000000002,13.7,28.6,46.625,0.0,0.0,0.0,9.333333333333334,4.716666666666667,10.0,19.1,0,0,0,0,0,2.0,0.0,2.0,0.0,2.0,0.0,1.0,1.0,1.0,1.0,1.0,1.0,2.0,0.0,0.0,0.0,45.37,39.58,36.31,62.5,129341.0,7249.0,1,2392.0,66.0,1,0,,,0
2020-05-22,4,Friday,1,0,0,,,1399,3,2,1399-03-02,Khordad,0,0,1,2,0,0,1,24,24.3875,15.8,32.4,24.75,0.0,0.0,0.0,10.208333333333334,6.229166666666667,14.5,22.0,0,0,0,0,0,2.0,0.0,2.0,0.0,2.0,0.0,1.0,1.0,1.0,1.0,1.0,1.0,2.0,0.0,0.0,0.0,45.37,39.58,36.31,62.5,131652.0,7300.0,1,2311.0,51.0,1,0,,,0
2020-05-23,5,Saturday,0,0,0,,,1399,3,3,1399-03-03,Khordad,0,0,1,1,1,0,0,24,25.891666666666666,16.2,33.8,24.375,0.2,0.2,0.0,31.291666666666668,7.9624999999999995,10.2,24.8,1,0,1,0,0,2.0,0.0,2.0,0.0,2.0,0.0,1.0,1.0,1.0,1.0,1.0,1.0,2.0,0.0,0.0,0.0,45.37,39.58,36.31,62.5,133521.0,7359.0,1,1869.0,59.0,1,0,,,0
2020-05-24,6,Sunday,0,0,1,Eid al-Fitr (estimated),(تخمین زده) عید فطر,1399,3,4,1399-03-04,Khordad,0,0,0,0,1,0,1,24,26.304166666666664,18.5,33.7,19.166666666666668,0.1,0.1,0.0,57.916666666666664,8.125,18.5,46.1,1,0,1,0,0,2.0,0.0,2.0,1.0,2.0,0.0,1.0,1.0,1.0,1.0,1.0,1.0,2.0,0.0,0.0,0.0,47.22,40.62,37.5,62.5,135701.0,7417.0,1,2180.0,58.0,1,0,,,0
2020-05-25,0,Monday,0,0,1,Eid al-Fitr (estimated),(تخمین زده) عید فطر,1399,3,5,1399-03-05,Khordad,0,0,0,0,0,1,1,24,27.675,18.8,34.7,14.541666666666666,0.0,0.0,0.0,37.5,9.0,18.0,33.5,0,0,0,0,0,2.0,0.0,2.0,1.0,2.0,0.0,1.0,1.0,1.0,1.0,1.0,1.0,2.0,0.0,0.0,0.0,47.22,40.62,37.5,62.5,137724.0,7451.0,1,2023.0,34.0,1,0,,,0
2020-05-26,1,Tuesday,0,0,0,,,1399,3,6,1399-03-06,Khordad,0,0,0,1,0,1,0,24,27.791666666666668,18.6,34.5,14.25,0.0,0.0,0.0,39.75,6.745833333333334,12.1,25.2,0,0,0,0,0,2.0,0.0,2.0,1.0,2.0,0.0,0.0,,1.0,1.0,1.0,1.0,2.0,0.0,0.0,0.0,44.44,39.06,35.71,62.5,139511.0,7508.0,1,1787.0,57.0,1,0,,,0
2020-05-27,2,Wednesday,0,0,0,,,1399,3,7,1399-03-07,Khordad,0,0,0,2,0,0,0,24,27.97083333333333,18.8,34.3,16.5,0.0,0.0,0.0,50.25,9.616666666666667,19.5,34.6,0,0,0,0,0,2.0,0.0,2.0,1.0,2.0,0.0,0.0,,1.0,1.0,1.0,1.0,2.0,0.0,0.0,0.0,44.44,39.06,35.71,62.5,141591.0,7564.0,1,2080.0,56.0,1,0,,,0
2020-05-28,3,Thursday,0,1,0,,,1399,3,8,1399-03-08,Khordad,0,0,0,3,0,0,0,24,28.3875,21.2,34.7,16.083333333333332,0.0,0.0,0.0,38.708333333333336,8.491666666666667,15.5,28.8,0,0,0,0,0,2.0,0.0,2.0,1.0,2.0,0.0,0.0,,1.0,1.0,1.0,1.0,2.0,0.0,0.0,0.0,44.44,39.06,35.71,62.5,143849.0,7627.0,1,2258.0,63.0,1,0,,,0
2020-05-29,4,Friday,1,0,0,,,1399,3,9,1399-03-09,Khordad,0,0,0,4,0,0,1,24,28.075,19.0,35.2,13.125,0.0,0.0,0.0,15.166666666666666,5.416666666666667,10.4,21.6,0,0,0,1,0,2.0,0.0,2.0,1.0,2.0,0.0,0.0,,1.0,1.0,1.0,1.0,2.0,0.0,0.0,0.0,44.44,39.06,35.71,62.5,146668.0,7677.0,1,2819.0,50.0,1,0,,,0
2020-05-30,5,Saturday,0,0,0,,,1399,3,10,1399-03-10,Khordad,0,0,0,4,0,0,0,24,29.308333333333334,21.0,36.7,14.0,0.0,0.0,0.0,28.791666666666668,9.275,20.4,37.4,0,0,0,1,0,2.0,0.0,2.0,1.0,2.0,0.0,0.0,,1.0,1.0,1.0,1.0,2.0,0.0,0.0,0.0,44.44,39.06,35.71,62.5,148950.0,7734.0,1,2282.0,57.0,1,0,,,0
2020-05-31,6,Sunday,0,0,0,,,1399,3,11,1399-03-11,Khordad,0,0,0,3,0,0,0,24,28.90416666666667,21.7,35.9,15.958333333333334,0.0,0.0,0.0,46.875,9.679166666666667,24.1,58.0,0,0,0,1,0,2.0,0.0,2.0,1.0,2.0,0.0,0.0,,1.0,1.0,1.0,1.0,2.0,0.0,0.0,0.0,44.44,39.06,35.71,62.5,151466.0,7797.0,1,2516.0,63.0,1,0,,,0
2020-06-01,0,Monday,0,0,0,,,1399,3,12,1399-03-12,Khordad,0,0,0,2,0,0,0,24,28.34583333333333,20.3,35.7,17.583333333333332,0.0,0.0,0.0,31.416666666666668,8.720833333333333,20.0,36.4,0,0,0,1,0,2.0,0.0,2.0,1.0,2.0,0.0,0.0,,1.0,1.0,1.0,1.0,2.0,0.0,0.0,0.0,44.44,39.06,35.71,62.5,154445.0,7878.0,1,2979.0,81.0,1,0,,,0
2020-06-02,1,Tuesday,0,0,0,,,1399,3,13,1399-03-13,Khordad,0,0,0,1,1,0,0,24,27.8625,20.0,35.1,19.833333333333332,0.2,0.2,0.0,28.25,9.020833333333334,17.4,35.3,1,0,1,1,0,2.0,0.0,2.0,1.0,2.0,0.0,0.0,,1.0,1.0,1.0,1.0,2.0,0.0,0.0,0.0,44.44,39.06,35.71,62.5,157562.0,7942.0,1,3117.0,64.0,1,0,,,0
2020-06-03,2,Wednesday,0,0,1,Death of Khomeini,درگذشت سید روح‌الله خمینی,1399,3,14,1399-03-14,Khordad,0,0,0,0,1,0,1,24,28.9875,20.0,37.0,17.833333333333332,0.0,0.0,0.0,15.541666666666666,8.908333333333333,21.7,40.7,0,0,0,1,0,2.0,0.0,2.0,1.0,2.0,0.0,0.0,,1.0,1.0,1.0,1.0,2.0,0.0,0.0,0.0,44.44,39.06,35.71,62.5,160696.0,8012.0,1,3134.0,70.0,1,0,,,0
2020-06-04,3,Thursday,0,1,1,Khordad National Uprising,تظاهرات ۱۵ خرداد,1399,3,15,1399-03-15,Khordad,0,0,0,0,0,1,1,24,29.40833333333333,19.5,37.4,12.5,0.0,0.0,0.0,0.0,9.766666666666667,18.7,34.6,0,0,0,1,0,2.0,0.0,2.0,1.0,2.0,0.0,0.0,,1.0,1.0,1.0,1.0,2.0,0.0,0.0,0.0,44.44,39.06,35.71,62.5,164270.0,8071.0,1,3574.0,59.0,1,0,,,0
2020-06-05,4,Friday,1,0,0,,,1399,3,16,1399-03-16,Khordad,0,0,0,1,0,1,1,24,29.95,20.3,37.3,11.0,0.0,0.0,0.0,11.25,6.1625000000000005,13.3,31.7,0,0,0,1,0,2.0,0.0,2.0,1.0,2.0,0.0,0.0,,1.0,1.0,1.0,1.0,2.0,0.0,0.0,0.0,44.44,39.06,35.71,62.5,167156.0,8134.0,1,2886.0,63.0,1,0,,,0
2020-06-06,5,Saturday,0,0,0,,,1399,3,17,1399-03-17,Khordad,0,0,0,2,0,0,0,24,29.770833333333332,20.5,37.4,10.791666666666666,0.0,0.0,0.0,34.125,9.958333333333334,18.2,32.8,0,0,0,1,0,2.0,0.0,2.0,1.0,2.0,0.0,0.0,,1.0,1.0,1.0,1.0,2.0,0.0,0.0,0.0,44.44,39.06,35.71,62.5,169425.0,8209.0,1,2269.0,75.0,1,0,,,0
2020-06-07,6,Sunday,0,0,0,,,1399,3,18,1399-03-18,Khordad,0,0,0,3,0,0,0,24,26.854166666666668,19.8,33.6,19.0,0.1,0.1,0.0,3.7083333333333335,12.783333333333333,23.3,34.6,1,0,1,0,0,2.0,0.0,2.0,1.0,2.0,0.0,0.0,,1.0,1.0,1.0,1.0,2.0,0.0,0.0,0.0,44.44,39.06,35.71,62.5,171789.0,8281.0,1,2364.0,72.0,1,0,,,0
2020-06-08,0,Monday,0,0,0,,,1399,3,19,1399-03-19,Khordad,0,0,0,4,0,0,0,24,26.366666666666664,19.5,33.2,23.833333333333332,0.0,0.0,0.0,3.7916666666666665,10.733333333333334,16.4,37.1,0,0,0,0,0,2.0,0.0,2.0,1.0,2.0,0.0,0.0,,1.0,1.0,1.0,1.0,2.0,0.0,0.0,0.0,44.44,39.06,35.71,62.5,173832.0,8351.0,1,2043.0,70.0,1,0,,,0
2020-06-09,1,Tuesday,0,0,0,,,1399,3,20,1399-03-20,Khordad,0,0,0,5,0,0,0,24,26.945833333333336,17.2,34.2,19.5,0.0,0.0,0.0,3.5,8.066666666666666,19.6,34.2,0,0,0,0,0,2.0,0.0,2.0,1.0,2.0,0.0,0.0,,1.0,1.0,1.0,1.0,2.0,0.0,0.0,0.0,44.44,39.06,35.71,62.5,175927.0,8425.0,1,2095.0,74.0,1,0,,,0
2020-06-10,2,Wednesday,0,0,0,,,1399,3,21,1399-03-21,Khordad,0,0,0,6,0,0,0,24,27.545833333333334,18.2,35.0,17.166666666666668,0.0,0.0,0.0,10.125,8.354166666666666,14.5,31.0,0,0,0,1,0,2.0,0.0,2.0,1.0,2.0,0.0,0.0,,1.0,1.0,1.0,1.0,2.0,0.0,0.0,0.0,44.44,39.06,35.71,62.5,177938.0,8506.0,1,2011.0,81.0,1,0,,,0
2020-06-11,3,Thursday,0,1,0,,,1399,3,22,1399-03-22,Khordad,0,0,0,6,0,0,0,24,28.070833333333336,17.2,35.2,13.333333333333334,0.0,0.0,0.0,12.375,5.3500000000000005,13.5,25.6,0,0,0,1,0,2.0,0.0,2.0,1.0,2.0,0.0,0.0,,1.0,1.0,1.0,1.0,2.0,0.0,0.0,0.0,44.44,39.06,35.71,62.5,180156.0,8584.0,1,2218.0,78.0,1,0,,,0
2020-06-12,4,Friday,1,0,0,,,1399,3,23,1399-03-23,Khordad,0,0,0,5,0,0,1,24,28.950000000000003,20.0,36.1,12.208333333333334,0.0,0.0,0.0,6.875,6.0125,18.8,32.4,0,0,0,1,0,2.0,0.0,2.0,1.0,2.0,0.0,0.0,,1.0,1.0,1.0,1.0,2.0,0.0,0.0,0.0,44.44,39.06,35.71,62.5,182525.0,8659.0,1,2369.0,75.0,1,0,,,0
2020-06-13,5,Saturday,0,0,0,,,1399,3,24,1399-03-24,Khordad,0,0,0,4,0,0,0,24,29.554166666666664,19.8,37.7,9.791666666666666,0.0,0.0,0.0,0.0,10.158333333333333,19.2,33.1,0,0,0,1,0,2.0,0.0,2.0,1.0,2.0,0.0,0.0,,1.0,1.0,1.0,1.0,2.0,0.0,0.0,0.0,44.44,39.06,35.71,62.5,184955.0,8730.0,1,2430.0,71.0,1,0,,,0
2020-06-14,6,Sunday,0,0,0,,,1399,3,25,1399-03-25,Khordad,0,0,0,3,0,0,0,24,29.754166666666666,19.5,38.6,9.875,0.0,0.0,0.0,0.0,10.579166666666667,19.6,35.6,0,0,0,1,0,2.0,0.0,2.0,1.0,2.0,0.0,0.0,,1.0,1.0,1.0,1.0,2.0,0.0,0.0,0.0,44.44,39.06,35.71,62.5,187427.0,8837.0,1,2472.0,107.0,1,0,,,0
2020-06-15,0,Monday,0,0,0,,,1399,3,26,1399-03-26,Khordad,0,0,0,2,0,0,0,24,28.587500000000002,20.3,35.7,10.083333333333334,0.0,0.0,0.0,0.0,10.466666666666667,14.8,30.2,0,0,0,1,0,2.0,0.0,2.0,1.0,2.0,0.0,0.0,,1.0,1.0,1.0,1.0,2.0,0.0,0.0,0.0,44.44,39.06,35.71,62.5,189876.0,8950.0,1,2449.0,113.0,1,0,,,0
2020-06-16,1,Tuesday,0,0,0,,,1399,3,27,1399-03-27,Khordad,0,0,0,1,1,0,0,24,28.17916666666667,17.1,36.1,10.916666666666666,0.0,0.0,0.0,7.5,7.6375,17.4,31.3,0,0,0,1,0,2.0,0.0,2.0,1.0,2.0,0.0,0.0,,1.0,1.0,1.0,1.0,2.0,0.0,0.0,0.0,44.44,39.06,35.71,62.5,192439.0,9065.0,1,2563.0,115.0,1,0,,,0
2020-06-17,2,Wednesday,0,0,1,Martyrdom of Ja'far al-Sadiq (estimated),(تخمین زده) کشته‌شدن جعفر صادق,1399,3,28,1399-03-28,Khordad,0,0,0,0,0,0,1,24,29.270833333333332,19.2,36.8,12.666666666666666,0.0,0.0,0.0,2.5416666666666665,7.3500000000000005,15.0,27.0,0,0,0,1,0,2.0,0.0,2.0,1.0,2.0,0.0,0.0,,1.0,1.0,1.0,1.0,2.0,0.0,0.0,0.0,44.44,39.06,35.71,62.5,195051.0,9185.0,1,2612.0,120.0,1,0,,,0
2020-06-18,3,Thursday,0,1,0,,,1399,3,29,1399-03-29,Khordad,0,0,0,1,0,1,0,24,30.82083333333333,21.2,38.7,11.041666666666666,0.0,0.0,0.0,9.083333333333334,9.095833333333333,16.2,33.8,0,0,0,1,0,2.0,0.0,2.0,1.0,2.0,0.0,0.0,,1.0,1.0,1.0,1.0,2.0,0.0,0.0,0.0,44.44,39.06,35.71,62.5,197647.0,9272.0,1,2596.0,87.0,1,0,,,0
2020-06-19,4,Friday,1,0,0,,,1399,3,30,1399-03-30,Khordad,0,0,0,2,0,0,1,24,31.40833333333333,21.2,39.5,10.125,0.0,0.0,0.0,10.333333333333334,7.4125000000000005,22.1,33.5,0,0,0,1,0,2.0,0.0,2.0,1.0,2.0,0.0,0.0,,1.0,1.0,1.0,1.0,2.0,0.0,0.0,0.0,44.44,39.06,35.71,62.5,200262.0,9392.0,1,2615.0,120.0,1,0,,,0
2020-06-20,5,Saturday,0,0,0,,,1399,3,31,1399-03-31,Khordad,0,0,0,3,0,0,0,24,30.962500000000002,23.3,38.7,9.666666666666666,0.0,0.0,0.0,0.0,11.2125,24.9,48.6,0,0,0,1,0,2.0,0.0,2.0,1.0,2.0,0.0,0.0,,1.0,1.0,1.0,1.0,2.0,0.0,0.0,0.0,44.44,39.06,35.71,62.5,202584.0,9507.0,1,2322.0,115.0,1,0,,,0
2020-06-21,6,Sunday,0,0,0,,,1399,4,1,1399-04-01,Tir,0,0,0,4,0,0,0,24,27.96666666666667,21.0,34.7,10.875,0.0,0.0,0.0,0.0,11.566666666666668,19.4,39.6,0,0,0,0,0,2.0,0.0,2.0,1.0,1.0,1.0,0.0,,1.0,1.0,1.0,1.0,2.0,0.0,0.0,0.0,41.67,37.5,33.93,62.5,204952.0,9623.0,1,2368.0,116.0,1,0,,,0
2020-06-22,0,Monday,0,0,0,,,1399,4,2,1399-04-02,Tir,0,0,0,5,0,0,0,24,26.945833333333336,18.9,33.6,14.5,0.0,0.0,0.0,0.0,7.458333333333333,14.0,26.3,0,0,0,0,0,2.0,0.0,2.0,1.0,1.0,1.0,0.0,,1.0,1.0,1.0,1.0,2.0,0.0,0.0,0.0,41.67,37.5,33.93,62.5,207525.0,9742.0,1,2573.0,119.0,1,0,,,0
2020-06-23,1,Tuesday,0,0,0,,,1399,4,3,1399-04-03,Tir,0,0,0,6,0,0,0,24,28.416666666666668,18.5,36.2,17.875,0.0,0.0,0.0,0.0,9.9,14.9,32.0,0,0,0,1,0,2.0,0.0,2.0,1.0,1.0,1.0,0.0,,1.0,1.0,1.0,1.0,2.0,0.0,0.0,0.0,41.67,37.5,33.93,62.5,209970.0,9863.0,1,2445.0,121.0,1,0,,,0
2020-06-24,2,Wednesday,0,0,0,,,1399,4,4,1399-04-04,Tir,0,0,0,7,0,0,0,24,29.420833333333334,19.8,37.2,16.416666666666668,0.0,0.0,0.0,0.0,6.091666666666666,10.2,26.3,0,0,0,1,0,2.0,0.0,2.0,1.0,1.0,1.0,0.0,,1.0,1.0,1.0,1.0,2.0,0.0,0.0,0.0,41.67,37.5,33.93,62.5,212501.0,9996.0,1,2531.0,133.0,1,0,,,0
2020-06-25,3,Thursday,0,1,0,,,1399,4,5,1399-04-05,Tir,0,0,0,8,0,0,0,24,31.700000000000003,22.5,39.8,14.791666666666666,0.0,0.0,0.0,0.0,7.8625,22.3,41.0,0,0,0,1,0,2.0,0.0,2.0,1.0,1.0,1.0,0.0,,1.0,1.0,1.0,1.0,2.0,0.0,0.0,0.0,41.67,37.5,33.93,62.5,215096.0,10130.0,1,2595.0,134.0,1,0,,,0
2020-06-26,4,Friday,1,0,0,,,1399,4,6,1399-04-06,Tir,0,0,0,9,0,0,1,24,32.112500000000004,22.7,40.2,12.583333333333334,0.0,0.0,0.0,0.0,5.9875,15.7,28.8,0,0,0,1,0,2.0,0.0,2.0,1.0,1.0,1.0,0.0,,1.0,1.0,1.0,1.0,2.0,0.0,0.0,0.0,41.67,37.5,33.93,62.5,217724.0,10239.0,1,2628.0,109.0,1,0,,,0
2020-06-27,5,Saturday,0,0,0,,,1399,4,7,1399-04-07,Tir,0,0,0,10,0,0,0,24,29.325,21.4,36.7,22.416666666666668,0.0,0.0,0.0,2.5833333333333335,11.729166666666666,25.0,46.1,0,0,0,1,0,2.0,0.0,2.0,1.0,1.0,1.0,0.0,,1.0,1.0,1.0,1.0,2.0,0.0,0.0,0.0,41.67,37.5,33.93,62.5,220180.0,10364.0,1,2456.0,125.0,1,0,,,0
2020-06-28,6,Sunday,0,0,0,,,1399,4,8,1399-04-08,Tir,0,0,0,11,0,0,0,24,29.15416666666667,20.9,36.3,24.708333333333332,0.0,0.0,0.0,0.08333333333333333,6.808333333333334,10.8,27.7,0,0,0,1,0,2.0,0.0,2.0,1.0,1.0,1.0,0.0,,1.0,1.0,1.0,1.0,2.0,0.0,0.0,0.0,41.67,37.5,33.93,62.5,222669.0,10508.0,1,2489.0,144.0,1,0,,,0
2020-06-29,0,Monday,0,0,0,,,1399,4,9,1399-04-09,Tir,0,0,0,12,0,0,0,24,29.479166666666668,20.6,36.8,16.666666666666668,0.0,0.0,0.0,0.0,5.129166666666666,10.2,19.4,0,0,0,1,0,2.0,0.0,2.0,1.0,1.0,1.0,0.0,,1.0,1.0,1.0,1.0,2.0,0.0,0.0,0.0,41.67,37.5,33.93,62.5,225205.0,10670.0,1,2536.0,162.0,1,0,,,0
2020-06-30,1,Tuesday,0,0,0,,,1399,4,10,1399-04-10,Tir,0,0,0,13,0,0,0,24,28.416666666666668,19.3,35.8,15.75,0.0,0.0,0.0,0.0,6.108333333333333,8.6,25.6,0,0,0,1,0,2.0,0.0,2.0,1.0,1.0,1.0,0.0,,1.0,1.0,1.0,1.0,2.0,0.0,0.0,0.0,41.67,37.5,33.93,62.5,227662.0,10817.0,1,2457.0,147.0,1,0,,,0
2020-07-01,2,Wednesday,0,0,0,,,1399,4,11,1399-04-11,Tir,0,0,0,14,0,0,0,24,29.7375,21.7,37.0,14.5,0.0,0.0,0.0,0.0,5.2,10.7,28.4,0,0,0,1,0,2.0,0.0,2.0,1.0,1.0,1.0,0.0,,1.0,1.0,1.0,1.0,2.0,0.0,0.0,0.0,41.67,37.5,33.93,62.5,230211.0,10958.0,1,2549.0,141.0,1,0,,,0
2020-07-02,3,Thursday,0,1,0,,,1399,4,12,1399-04-12,Tir,0,0,0,15,0,0,0,24,29.22083333333333,20.6,37.0,18.75,0.0,0.0,0.0,0.0,5.258333333333334,9.9,30.6,0,0,0,1,0,2.0,0.0,2.0,1.0,1.0,1.0,0.0,,1.0,1.0,1.0,1.0,2.0,0.0,0.0,0.0,41.67,37.5,33.93,62.5,232863.0,11106.0,1,2652.0,148.0,1,0,,,0
2020-07-03,4,Friday,1,0,0,,,1399,4,13,1399-04-13,Tir,0,0,0,16,0,0,1,24,29.795833333333334,20.8,37.6,18.208333333333332,0.0,0.0,0.0,0.125,10.483333333333333,24.1,48.2,0,0,0,1,0,2.0,0.0,2.0,1.0,1.0,1.0,0.0,,1.0,1.0,1.0,1.0,2.0,0.0,0.0,0.0,41.67,37.5,33.93,62.5,235429.0,11260.0,1,2566.0,154.0,1,0,,,0
2020-07-04,5,Saturday,0,0,0,,,1399,4,14,1399-04-14,Tir,0,0,0,17,0,0,0,24,30.0,21.9,37.3,17.958333333333332,0.0,0.0,0.0,8.333333333333334,13.237499999999999,21.5,42.8,0,0,0,1,0,2.0,0.0,2.0,1.0,1.0,1.0,0.0,,1.0,1.0,1.0,1.0,2.0,0.0,0.0,0.0,41.67,37.5,33.93,62.5,237878.0,11408.0,1,2449.0,148.0,1,0,,,0
2020-07-05,6,Sunday,0,0,0,,,1399,4,15,1399-04-15,Tir,0,0,0,18,0,0,0,24,29.083333333333332,20.6,35.9,15.791666666666666,0.0,0.0,0.0,1.8333333333333333,13.775,21.3,44.3,0,0,0,1,0,2.0,0.0,2.0,1.0,1.0,1.0,0.0,,1.0,1.0,1.0,1.0,2.0,0.0,0.0,2.0,41.67,40.62,37.5,62.5,240438.0,11571.0,1,2560.0,163.0,1,0,,,0
2020-07-06,0,Monday,0,0,0,,,1399,4,16,1399-04-16,Tir,0,0,0,19,0,0,0,24,27.941666666666666,19.2,34.5,14.916666666666666,0.0,0.0,0.0,18.458333333333332,12.791666666666666,21.6,41.0,0,0,0,0,0,2.0,0.0,2.0,1.0,1.0,1.0,0.0,,1.0,1.0,1.0,1.0,2.0,0.0,0.0,2.0,41.67,40.62,37.5,62.5,243051.0,11731.0,1,2613.0,160.0,1,0,,,0
2020-07-07,1,Tuesday,0,0,0,,,1399,4,17,1399-04-17,Tir,0,0,0,20,0,0,0,24,27.96666666666667,19.5,34.6,18.75,0.0,0.0,0.0,28.458333333333332,6.979166666666667,11.9,26.6,0,0,0,0,0,2.0,0.0,2.0,1.0,1.0,1.0,0.0,,1.0,1.0,1.0,1.0,2.0,0.0,0.0,2.0,41.67,40.62,37.5,62.5,245688.0,11931.0,1,2637.0,200.0,1,0,,,0
2020-07-08,2,Wednesday,0,0,0,,,1399,4,18,1399-04-18,Tir,0,0,0,21,0,0,0,24,29.224999999999998,20.2,35.9,17.875,0.0,0.0,0.0,28.125,6.570833333333333,10.6,21.6,0,0,0,1,0,2.0,0.0,2.0,1.0,1.0,1.0,0.0,,1.0,1.0,1.0,1.0,2.0,0.0,0.0,2.0,41.67,40.62,37.5,62.5,248379.0,12084.0,1,2691.0,153.0,1,0,,,0
2020-07-09,3,Thursday,0,1,0,,,1399,4,19,1399-04-19,Tir,0,0,0,22,0,0,0,24,31.03333333333333,23.1,37.3,16.041666666666668,0.0,0.0,0.0,20.625,9.066666666666666,15.5,28.8,0,0,0,1,0,2.0,0.0,2.0,1.0,1.0,1.0,0.0,,1.0,1.0,1.0,1.0,2.0,0.0,0.0,2.0,41.67,40.62,37.5,62.5,250458.0,12305.0,1,2079.0,221.0,1,0,,,0
2020-07-10,4,Friday,1,0,0,,,1399,4,20,1399-04-20,Tir,0,0,0,21,0,0,1,24,31.179166666666664,23.7,37.7,14.25,0.0,0.0,0.0,11.166666666666666,9.275,18.8,35.3,0,0,0,1,0,2.0,0.0,2.0,1.0,1.0,1.0,0.0,,1.0,1.0,1.0,1.0,2.0,0.0,0.0,2.0,41.67,40.62,37.5,62.5,252720.0,12447.0,1,2262.0,142.0,1,0,,,0
2020-07-11,5,Saturday,0,0,0,,,1399,4,21,1399-04-21,Tir,0,0,0,20,0,0,0,24,31.008333333333336,22.4,37.8,15.333333333333334,0.0,0.0,0.0,6.0,9.516666666666667,17.3,36.4,0,0,0,1,0,2.0,0.0,2.0,0.0,1.0,1.0,2.0,0.0,1.0,1.0,1.0,1.0,2.0,0.0,3.0,2.0,52.31,46.61,44.35,62.5,255117.0,12635.0,1,2397.0,188.0,1,0,,,0
2020-07-12,6,Sunday,0,0,0,,,1399,4,22,1399-04-22,Tir,0,0,0,19,0,0,0,24,29.645833333333332,21.9,35.6,21.0,0.0,0.0,0.0,41.75,8.5625,17.0,37.4,0,0,0,1,0,2.0,0.0,2.0,0.0,1.0,1.0,2.0,0.0,1.0,1.0,1.0,1.0,2.0,0.0,3.0,2.0,52.31,46.61,44.35,62.5,257303.0,12829.0,1,2186.0,194.0,1,0,,,0
2020-07-13,0,Monday,0,0,0,,,1399,4,23,1399-04-23,Tir,0,0,0,18,0,0,0,24,29.46666666666667,22.2,34.6,18.166666666666668,0.0,0.0,0.0,17.0,6.1875,12.3,21.2,0,0,0,0,0,3.0,0.0,2.0,0.0,2.0,0.0,2.0,0.0,1.0,1.0,1.0,1.0,2.0,0.0,3.0,2.0,58.8,50.26,48.51,62.5,259652.0,13032.0,1,2349.0,203.0,1,0,,,0
2020-07-14,1,Tuesday,0,0,0,,,1399,4,24,1399-04-24,Tir,0,0,0,17,0,0,0,24,30.454166666666666,23.5,37.0,14.666666666666666,0.0,0.0,0.0,22.208333333333332,10.554166666666667,19.6,36.7,0,0,0,1,0,3.0,0.0,2.0,0.0,2.0,0.0,2.0,0.0,1.0,1.0,1.0,1.0,2.0,0.0,3.0,2.0,58.8,50.26,48.51,62.5,262173.0,13211.0,1,2521.0,179.0,1,0,,,0
2020-07-15,2,Wednesday,0,0,0,,,1399,4,25,1399-04-25,Tir,0,0,0,16,0,0,0,24,29.733333333333334,20.4,36.7,16.083333333333332,0.0,0.0,0.0,31.583333333333332,5.870833333333334,15.1,27.7,0,0,0,1,0,3.0,0.0,2.0,0.0,2.0,0.0,2.0,0.0,1.0,1.0,1.0,1.0,2.0,0.0,3.0,2.0,58.8,50.26,48.51,62.5,264561.0,13410.0,1,2388.0,199.0,1,0,,,0
2020-07-16,3,Thursday,0,1,0,,,1399,4,26,1399-04-26,Tir,0,0,0,15,0,0,0,24,28.433333333333334,21.5,34.5,26.125,0.0,0.0,0.0,34.208333333333336,11.508333333333333,23.7,42.8,0,0,0,0,0,3.0,0.0,2.0,0.0,2.0,0.0,2.0,0.0,1.0,1.0,1.0,1.0,2.0,0.0,3.0,2.0,58.8,50.26,48.51,62.5,267061.0,13608.0,1,2500.0,198.0,1,0,,,0
2020-07-17,4,Friday,1,0,0,,,1399,4,27,1399-04-27,Tir,0,0,0,14,0,0,1,24,28.058333333333334,21.7,33.9,29.416666666666668,0.0,0.0,0.0,38.833333333333336,9.225,18.0,38.2,0,0,0,0,0,3.0,0.0,2.0,0.0,2.0,0.0,2.0,0.0,1.0,1.0,1.0,1.0,2.0,0.0,3.0,2.0,58.8,50.26,48.51,62.5,269440.0,13791.0,1,2379.0,183.0,1,0,,,0
2020-07-18,5,Saturday,0,0,0,,,1399,4,28,1399-04-28,Tir,0,0,0,13,0,0,0,24,30.325,22.9,36.9,24.25,0.0,0.0,0.0,18.541666666666668,6.8999999999999995,15.6,26.6,0,0,0,1,0,3.0,0.0,2.0,0.0,2.0,0.0,2.0,0.0,1.0,1.0,1.0,1.0,2.0,0.0,3.0,2.0,58.8,50.26,48.51,62.5,271606.0,13979.0,1,2166.0,188.0,1,0,,,0
2020-07-19,6,Sunday,0,0,0,,,1399,4,29,1399-04-29,Tir,0,0,0,12,0,0,0,24,31.333333333333332,23.6,37.8,19.625,0.0,0.0,0.0,1.1666666666666667,6.983333333333333,16.3,29.5,0,0,0,1,0,3.0,0.0,2.0,0.0,2.0,0.0,2.0,0.0,1.0,1.0,1.0,1.0,2.0,0.0,3.0,2.0,58.8,50.26,48.51,62.5,273788.0,14188.0,1,2182.0,209.0,1,0,,,0
2020-07-20,0,Monday,0,0,0,,,1399,4,30,1399-04-30,Tir,0,0,0,11,0,0,0,24,31.2625,23.0,37.8,16.5,0.0,0.0,0.0,1.8333333333333333,7.9125000000000005,18.4,37.4,0,0,0,1,0,3.0,0.0,2.0,0.0,2.0,0.0,2.0,0.0,1.0,1.0,1.0,1.0,2.0,0.0,3.0,2.0,58.8,50.26,48.51,62.5,276202.0,14405.0,1,2414.0,217.0,1,0,,,0
2020-07-21,1,Tuesday,0,0,0,,,1399,4,31,1399-04-31,Tir,0,0,0,10,0,0,0,24,29.895833333333332,21.6,36.6,15.0,0.0,0.0,0.0,0.0,4.866666666666666,9.0,23.0,0,0,0,1,0,3.0,0.0,2.0,0.0,2.0,0.0,2.0,0.0,1.0,1.0,1.0,1.0,2.0,0.0,3.0,2.0,58.8,50.26,48.51,62.5,278827.0,14634.0,1,2625.0,229.0,1,0,,,0
2020-07-22,2,Wednesday,0,0,0,,,1399,5,1,1399-05-01,Mordad,0,0,0,9,0,0,0,24,30.02916666666667,20.9,37.5,12.958333333333334,0.0,0.0,0.0,0.0,4.791666666666667,10.0,19.4,0,0,0,1,0,3.0,0.0,2.0,0.0,2.0,0.0,2.0,0.0,1.0,1.0,1.0,1.0,2.0,0.0,3.0,2.0,58.8,50.26,48.51,62.5,281413.0,14853.0,1,2586.0,219.0,1,0,,,0
2020-07-23,3,Thursday,0,1,0,,,1399,5,2,1399-05-02,Mordad,0,0,0,8,0,0,0,24,31.333333333333332,21.2,38.7,10.333333333333334,0.0,0.0,0.0,13.916666666666666,7.2375,19.1,37.1,0,0,0,1,0,3.0,0.0,2.0,0.0,2.0,0.0,2.0,0.0,1.0,1.0,1.0,1.0,2.0,0.0,3.0,2.0,58.8,50.26,48.51,62.5,284034.0,15074.0,1,2621.0,221.0,1,0,,,0
2020-07-24,4,Friday,1,0,0,,,1399,5,3,1399-05-03,Mordad,0,0,0,7,0,0,1,24,31.724999999999998,22.1,39.0,11.708333333333334,0.0,0.0,0.0,15.5,8.2,15.0,31.7,0,0,0,1,0,3.0,0.0,2.0,0.0,2.0,0.0,2.0,0.0,1.0,1.0,1.0,1.0,2.0,0.0,3.0,2.0,58.8,50.26,48.51,62.5,286523.0,15289.0,1,2489.0,215.0,1,0,,,0
2020-07-25,5,Saturday,0,0,0,,,1399,5,4,1399-05-04,Mordad,0,0,0,6,0,0,0,24,31.787499999999998,21.0,39.6,12.25,0.0,0.0,0.0,17.0,8.608333333333333,19.9,32.8,0,0,0,1,0,3.0,0.0,2.0,0.0,2.0,0.0,2.0,0.0,1.0,1.0,1.0,1.0,2.0,0.0,3.0,2.0,58.8,50.26,48.51,62.5,288839.0,15484.0,1,2316.0,195.0,1,0,,,0
2020-07-26,6,Sunday,0,0,0,,,1399,5,5,1399-05-05,Mordad,0,0,0,5,0,0,0,24,32.333333333333336,23.1,38.8,15.0,0.0,0.0,0.0,23.208333333333332,8.145833333333334,19.5,28.8,0,0,0,1,0,3.0,0.0,2.0,0.0,2.0,0.0,2.0,0.0,1.0,1.0,1.0,1.0,2.0,0.0,3.0,2.0,58.8,50.26,48.51,62.5,291172.0,15700.0,1,2333.0,216.0,1,0,,,0
2020-07-27,0,Monday,0,0,0,,,1399,5,6,1399-05-06,Mordad,0,0,0,4,0,0,0,24,33.24583333333333,24.8,39.1,16.541666666666668,0.0,0.0,0.0,37.875,6.904166666666666,11.6,28.4,0,0,0,1,0,3.0,0.0,2.0,0.0,2.0,0.0,2.0,0.0,1.0,1.0,1.0,1.0,2.0,0.0,3.0,2.0,58.8,50.26,48.51,62.5,293606.0,15912.0,1,2434.0,212.0,1,0,,,0
2020-07-28,1,Tuesday,0,0,0,,,1399,5,7,1399-05-07,Mordad,0,0,0,3,0,0,0,24,33.449999999999996,25.3,39.8,13.416666666666666,0.0,0.0,0.0,36.916666666666664,7.629166666666666,15.1,29.5,0,0,0,1,0,3.0,0.0,2.0,0.0,2.0,0.0,2.0,0.0,1.0,1.0,1.0,1.0,2.0,0.0,3.0,2.0,58.8,50.26,48.51,62.5,296273.0,16147.0,1,2667.0,235.0,1,0,,,0
2020-07-29,2,Wednesday,0,0,0,,,1399,5,8,1399-05-08,Mordad,0,0,0,2,0,0,0,24,32.49583333333333,23.4,39.5,12.875,0.0,0.0,0.0,9.041666666666666,6.2749999999999995,15.5,28.8,0,0,0,1,0,3.0,0.0,2.0,0.0,2.0,0.0,2.0,0.0,1.0,1.0,1.0,1.0,2.0,0.0,3.0,2.0,58.8,50.26,48.51,62.5,298909.0,16343.0,1,2636.0,196.0,1,0,,,0
2020-07-30,3,Thursday,0,1,0,,,1399,5,9,1399-05-09,Mordad,0,0,0,1,1,0,0,24,32.99166666666667,24.0,39.5,15.125,0.0,0.0,0.0,26.5,7.2875000000000005,21.7,37.1,0,0,0,1,0,3.0,0.0,2.0,0.0,2.0,0.0,2.0,0.0,1.0,1.0,1.0,1.0,2.0,0.0,3.0,2.0,58.8,50.26,48.51,62.5,301530.0,16569.0,1,2621.0,226.0,1,0,,,0
2020-07-31,4,Friday,1,0,1,Eid al-Adha (estimated),(تخمین زده) عید قربان,1399,5,10,1399-05-10,Mordad,0,0,0,0,0,0,1,24,30.84583333333333,26.1,35.9,24.125,0.0,0.0,0.0,25.875,11.070833333333333,21.6,39.2,0,0,0,1,0,3.0,0.0,2.0,0.0,2.0,1.0,2.0,0.0,1.0,1.0,1.0,1.0,2.0,0.0,3.0,2.0,61.57,51.82,50.3,62.5,304204.0,16766.0,1,2674.0,197.0,1,0,,,0
2020-08-01,5,Saturday,0,0,0,,,1399,5,11,1399-05-11,Mordad,0,0,0,1,0,1,0,24,29.641666666666666,22.2,35.6,26.541666666666668,0.0,0.0,0.0,12.666666666666666,5.670833333333333,8.1,25.9,0,0,0,1,0,3.0,0.0,2.0,0.0,2.0,1.0,2.0,0.0,1.0,1.0,1.0,1.0,2.0,0.0,3.0,2.0,61.57,51.82,50.3,62.5,306752.0,16982.0,1,2548.0,216.0,1,0,,,0
2020-08-02,6,Sunday,0,0,0,,,1399,5,12,1399-05-12,Mordad,0,0,0,2,0,0,0,24,31.724999999999998,23.1,38.7,19.125,0.0,0.0,0.0,29.25,7.1125,14.8,28.1,0,0,0,1,0,3.0,0.0,2.0,0.0,2.0,1.0,2.0,0.0,1.0,1.0,1.0,1.0,2.0,0.0,3.0,2.0,61.57,51.82,50.3,62.5,309437.0,17190.0,1,2685.0,208.0,1,0,,,0
2020-08-03,0,Monday,0,0,0,,,1399,5,13,1399-05-13,Mordad,0,0,0,3,0,0,0,24,32.079166666666666,24.1,38.7,18.75,0.0,0.0,0.0,0.0,9.5,21.0,37.8,0,0,0,1,0,3.0,0.0,2.0,0.0,2.0,1.0,2.0,0.0,1.0,1.0,1.0,1.0,2.0,0.0,3.0,2.0,61.57,51.82,50.3,62.5,312035.0,17405.0,1,2598.0,215.0,1,0,,,0
2020-08-04,1,Tuesday,0,0,0,,,1399,5,14,1399-05-14,Mordad,0,0,0,4,0,0,0,24,31.008333333333336,24.1,38.0,21.416666666666668,0.0,0.0,0.0,4.5,14.299999999999999,19.7,35.6,0,0,0,1,0,3.0,0.0,2.0,0.0,2.0,1.0,1.0,1.0,1.0,1.0,1.0,1.0,2.0,0.0,3.0,2.0,60.19,51.04,49.4,62.5,314786.0,17617.0,1,2751.0,212.0,1,0,,,0
2020-08-05,2,Wednesday,0,0,0,,,1399,5,15,1399-05-15,Mordad,0,0,0,3,0,0,0,24,29.983333333333334,19.6,38.7,22.416666666666668,0.0,0.0,0.0,3.2916666666666665,9.554166666666667,17.4,29.9,0,0,0,1,0,3.0,0.0,2.0,0.0,2.0,1.0,1.0,1.0,1.0,1.0,1.0,1.0,2.0,0.0,3.0,2.0,60.19,51.04,49.4,62.5,317483.0,17802.0,1,2697.0,185.0,1,0,,,0
2020-08-06,3,Thursday,0,1,0,,,1399,5,16,1399-05-16,Mordad,0,0,0,2,0,0,0,24,29.070833333333336,19.2,37.0,16.666666666666668,0.0,0.0,0.0,0.0,9.470833333333333,27.0,47.5,0,0,0,1,0,3.0,0.0,2.0,0.0,2.0,1.0,1.0,1.0,1.0,1.0,1.0,1.0,2.0,0.0,3.0,2.0,60.19,51.04,49.4,62.5,320117.0,17976.0,1,2634.0,174.0,1,0,,,0
2020-08-07,4,Friday,1,0,0,,,1399,5,17,1399-05-17,Mordad,0,0,0,1,1,0,1,24,29.004166666666666,21.9,36.3,25.541666666666668,0.0,0.0,0.0,5.041666666666667,13.216666666666667,23.8,43.2,0,0,0,1,0,3.0,0.0,2.0,0.0,2.0,1.0,1.0,1.0,1.0,1.0,1.0,1.0,2.0,0.0,3.0,2.0,60.19,51.04,49.4,62.5,322567.0,18132.0,1,2450.0,156.0,1,0,,,0
2020-08-08,5,Saturday,0,0,1,Eid al-Ghadeer (estimated),(تخمین زده) عید غدیر,1399,5,18,1399-05-18,Mordad,0,0,0,0,0,0,1,24,28.5625,20.3,36.0,25.0,0.0,0.0,0.0,3.6666666666666665,10.920833333333334,18.2,37.8,0,0,0,1,0,3.0,0.0,2.0,0.0,2.0,1.0,1.0,1.0,1.0,1.0,1.0,1.0,2.0,0.0,3.0,2.0,60.19,51.04,49.4,62.5,324692.0,18264.0,1,2125.0,132.0,1,0,,,0
2020-08-09,6,Sunday,0,0,0,,,1399,5,19,1399-05-19,Mordad,0,0,0,1,0,1,0,24,29.570833333333336,20.6,37.3,22.583333333333332,0.0,0.0,0.0,0.125,6.45,12.7,29.5,0,0,0,1,0,3.0,0.0,2.0,0.0,2.0,1.0,1.0,1.0,1.0,1.0,1.0,1.0,2.0,0.0,3.0,2.0,60.19,51.04,49.4,62.5,326712.0,18427.0,1,2020.0,163.0,1,0,,,0
2020-08-10,0,Monday,0,0,0,,,1399,5,20,1399-05-20,Mordad,0,0,0,2,0,0,0,24,30.491666666666664,20.2,38.3,21.25,0.0,0.0,0.0,5.708333333333333,6.425,10.9,27.0,0,0,0,1,0,3.0,0.0,2.0,0.0,2.0,1.0,1.0,1.0,1.0,1.0,1.0,1.0,2.0,0.0,3.0,2.0,60.19,51.04,49.4,62.5,328844.0,18616.0,1,2132.0,189.0,1,0,,,0
2020-08-11,1,Tuesday,0,0,0,,,1399,5,21,1399-05-21,Mordad,0,0,0,3,0,0,0,24,32.24166666666667,20.7,40.2,17.5,0.0,0.0,0.0,3.9166666666666665,5.645833333333333,9.7,27.4,0,0,0,1,0,3.0,0.0,2.0,0.0,2.0,1.0,1.0,1.0,1.0,1.0,1.0,1.0,2.0,0.0,3.0,2.0,60.19,51.04,49.4,62.5,331189.0,18800.0,1,2345.0,184.0,1,0,,,0
2020-08-12,2,Wednesday,0,0,0,,,1399,5,22,1399-05-22,Mordad,0,0,0,4,0,0,0,24,33.5,24.5,41.0,15.875,0.0,0.0,0.0,4.125,5.441666666666666,13.0,24.8,0,0,0,1,0,3.0,0.0,2.0,0.0,2.0,1.0,1.0,1.0,1.0,1.0,1.0,1.0,2.0,0.0,3.0,2.0,60.19,51.04,49.4,62.5,333699.0,18988.0,1,2510.0,188.0,1,0,,,0
2020-08-13,3,Thursday,0,1,0,,,1399,5,23,1399-05-23,Mordad,0,0,0,5,0,0,0,24,32.958333333333336,23.7,40.7,16.041666666666668,0.0,0.0,0.0,1.7916666666666667,6.070833333333333,11.5,22.7,0,0,0,1,0,3.0,0.0,2.0,0.0,2.0,1.0,1.0,1.0,1.0,1.0,1.0,1.0,2.0,0.0,3.0,2.0,60.19,51.04,49.4,62.5,336324.0,19162.0,1,2625.0,174.0,1,0,,,0
2020-08-14,4,Friday,1,0,0,,,1399,5,24,1399-05-24,Mordad,0,0,0,6,0,0,1,24,33.041666666666664,23.0,41.2,14.875,0.0,0.0,0.0,7.583333333333333,10.070833333333333,16.4,37.4,0,0,0,1,0,3.0,0.0,2.0,0.0,2.0,1.0,1.0,1.0,1.0,1.0,1.0,1.0,2.0,0.0,3.0,2.0,60.19,51.04,49.4,62.5,338825.0,19331.0,1,2501.0,169.0,1,0,,,0
2020-08-15,5,Saturday,0,0,0,,,1399,5,25,1399-05-25,Mordad,0,0,0,7,0,0,0,24,33.708333333333336,25.3,41.9,13.833333333333334,0.0,0.0,0.0,0.08333333333333333,8.879166666666666,16.9,36.0,0,0,0,1,0,3.0,0.0,2.0,0.0,2.0,1.0,1.0,1.0,1.0,1.0,1.0,1.0,2.0,0.0,3.0,2.0,60.19,51.04,49.4,62.5,341070.0,19492.0,1,2245.0,161.0,1,0,,,0
2020-08-16,6,Sunday,0,0,0,,,1399,5,26,1399-05-26,Mordad,0,0,0,8,0,0,0,24,31.162499999999998,23.2,38.9,23.166666666666668,0.0,0.0,0.0,0.0,9.737499999999999,16.9,30.6,0,0,0,1,0,3.0,0.0,2.0,0.0,2.0,1.0,1.0,1.0,1.0,1.0,1.0,1.0,2.0,0.0,3.0,2.0,60.19,51.04,49.4,62.5,343203.0,19639.0,1,2133.0,147.0,1,0,,,0
2020-08-17,0,Monday,0,0,0,,,1399,5,27,1399-05-27,Mordad,0,0,0,9,0,0,0,24,30.0,21.6,38.0,26.083333333333332,0.0,0.0,0.0,0.0,9.583333333333334,26.9,49.0,0,0,0,1,0,3.0,0.0,2.0,0.0,2.0,1.0,1.0,1.0,1.0,1.0,1.0,1.0,2.0,0.0,3.0,2.0,60.19,51.04,49.4,62.5,345450.0,19804.0,1,2247.0,165.0,1,0,,,0
2020-08-18,1,Tuesday,0,0,0,,,1399,5,28,1399-05-28,Mordad,0,0,0,10,0,0,0,24,29.445833333333336,20.7,36.7,27.416666666666668,0.0,0.0,0.0,0.0,10.054166666666667,19.0,36.7,0,0,0,1,0,3.0,0.0,2.0,0.0,2.0,1.0,1.0,1.0,1.0,1.0,1.0,1.0,2.0,0.0,3.0,2.0,60.19,51.04,49.4,62.5,347835.0,19972.0,1,2385.0,168.0,1,0,,,0
2020-08-19,2,Wednesday,0,0,0,,,1399,5,29,1399-05-29,Mordad,0,0,0,9,0,0,0,24,30.558333333333334,19.9,38.4,22.5,0.0,0.0,0.0,0.4583333333333333,4.875,10.2,24.5,0,0,0,1,0,3.0,0.0,2.0,0.0,2.0,1.0,1.0,1.0,1.0,1.0,1.0,1.0,2.0,0.0,3.0,2.0,60.19,51.04,49.4,62.5,350279.0,20125.0,1,2444.0,153.0,1,0,,,0
2020-08-20,3,Thursday,0,1,0,,,1399,5,30,1399-05-30,Mordad,0,0,0,8,0,0,0,24,31.145833333333332,21.4,39.5,18.166666666666668,0.0,0.0,0.0,0.0,5.829166666666667,11.5,25.2,0,0,0,1,0,3.0,0.0,2.0,0.0,2.0,1.0,1.0,1.0,1.0,1.0,1.0,1.0,2.0,0.0,3.0,2.0,60.19,51.04,49.4,62.5,352558.0,20264.0,1,2279.0,139.0,1,0,,,0
2020-08-21,4,Friday,1,0,0,,,1399,5,31,1399-05-31,Mordad,0,0,0,7,0,0,1,24,31.77916666666667,21.7,40.4,16.75,0.0,0.0,0.0,0.0,7.033333333333334,13.0,31.7,0,0,0,1,0,3.0,0.0,2.0,0.0,2.0,1.0,1.0,1.0,1.0,1.0,1.0,1.0,2.0,0.0,3.0,2.0,60.19,51.04,49.4,62.5,354764.0,20376.0,1,2206.0,112.0,1,0,,,0
2020-08-22,5,Saturday,0,0,0,,,1399,6,1,1399-06-01,Shahrivar,0,0,0,6,0,0,0,24,31.433333333333334,23.4,39.2,10.791666666666666,0.0,0.0,0.0,0.0,10.391666666666667,24.5,44.3,0,0,0,1,0,3.0,0.0,2.0,0.0,2.0,1.0,1.0,1.0,1.0,1.0,1.0,1.0,2.0,0.0,3.0,2.0,60.19,51.04,49.4,62.5,356792.0,20502.0,1,2028.0,126.0,1,0,,,0
2020-08-23,6,Sunday,0,0,0,,,1399,6,2,1399-06-02,Shahrivar,0,0,0,5,0,0,0,24,29.65416666666667,20.4,37.2,12.25,0.0,0.0,0.0,0.0,10.975,21.4,42.5,0,0,0,1,0,3.0,0.0,2.0,0.0,2.0,1.0,1.0,1.0,1.0,1.0,1.0,1.0,2.0,0.0,3.0,2.0,60.19,51.04,49.4,62.5,358905.0,20643.0,1,2113.0,141.0,1,0,,,0
2020-08-24,0,Monday,0,0,0,,,1399,6,3,1399-06-03,Shahrivar,0,0,0,4,0,0,0,24,28.104166666666668,20.1,35.9,17.583333333333332,0.0,0.0,0.0,0.0,7.8999999999999995,19.1,35.3,0,0,0,1,0,3.0,0.0,2.0,0.0,2.0,1.0,1.0,1.0,1.0,1.0,1.0,1.0,2.0,0.0,3.0,2.0,60.19,51.04,49.4,62.5,361150.0,20776.0,1,2245.0,133.0,1,0,,,0
2020-08-25,1,Tuesday,0,0,0,,,1399,6,4,1399-06-04,Shahrivar,0,0,0,3,0,0,0,24,25.8625,20.2,32.2,31.458333333333332,0.0,0.0,0.0,6.125,12.620833333333332,24.1,46.1,0,0,0,0,0,3.0,0.0,2.0,0.0,2.0,1.0,1.0,1.0,1.0,1.0,1.0,1.0,2.0,0.0,3.0,2.0,60.19,51.04,49.4,62.5,363363.0,20901.0,1,2213.0,125.0,1,0,,,0
2020-08-26,2,Wednesday,0,0,0,,,1399,6,5,1399-06-05,Shahrivar,0,0,0,2,0,0,0,24,25.241666666666664,17.6,32.3,29.625,0.0,0.0,0.0,0.75,8.470833333333333,17.7,32.0,0,0,0,0,0,3.0,0.0,2.0,0.0,2.0,1.0,1.0,1.0,1.0,1.0,1.0,1.0,2.0,0.0,3.0,2.0,60.19,51.04,49.4,62.5,365606.0,21020.0,1,2243.0,119.0,1,0,,,0
2020-08-27,3,Thursday,0,1,0,,,1399,6,6,1399-06-06,Shahrivar,0,0,0,1,1,0,0,24,25.791666666666668,18.2,32.9,24.166666666666668,0.0,0.0,0.0,21.75,7.0874999999999995,16.4,27.4,0,0,0,0,0,3.0,0.0,2.0,0.0,2.0,1.0,1.0,1.0,1.0,1.0,1.0,1.0,2.0,0.0,3.0,2.0,60.19,51.04,49.4,62.5,367796.0,21137.0,1,2190.0,117.0,1,0,,,0
2020-08-28,4,Friday,1,0,1,Tasua (estimated),(تخمین زده) تاسوعا,1399,6,7,1399-06-07,Shahrivar,0,0,0,0,1,0,1,24,26.775000000000002,18.2,34.1,18.583333333333332,0.0,0.0,0.0,9.0,5.158333333333333,13.8,24.8,0,0,0,0,0,3.0,0.0,2.0,0.0,2.0,1.0,1.0,1.0,1.0,1.0,1.0,1.0,2.0,0.0,3.0,2.0,60.19,51.04,49.4,62.5,369911.0,21249.0,1,2115.0,112.0,1,0,,,0
2020-08-29,5,Saturday,0,0,1,Ashura (estimated),(تخمین زده) کشته‌شدن حسین بن علی، عاشورا,1399,6,8,1399-06-08,Shahrivar,0,0,0,0,0,1,1,24,27.508333333333336,17.8,34.9,14.166666666666666,0.0,0.0,0.0,6.916666666666667,6.816666666666666,20.3,32.0,0,0,0,0,0,3.0,0.0,2.0,0.0,2.0,1.0,1.0,1.0,1.0,1.0,1.0,1.0,2.0,0.0,3.0,2.0,60.19,51.04,49.4,62.5,371816.0,21359.0,1,1905.0,110.0,1,0,,,0
2020-08-30,6,Sunday,0,0,0,,,1399,6,9,1399-06-09,Shahrivar,0,0,0,1,0,1,0,24,26.241666666666664,18.9,32.5,15.0,0.0,0.0,0.0,0.5,6.3500000000000005,11.3,22.7,0,0,0,0,0,3.0,0.0,2.0,0.0,2.0,1.0,1.0,1.0,1.0,1.0,1.0,1.0,2.0,0.0,3.0,2.0,60.19,51.04,49.4,62.5,373570.0,21462.0,1,1754.0,103.0,1,0,,,0
2020-08-31,0,Monday,0,0,0,,,1399,6,10,1399-06-10,Shahrivar,0,0,0,2,0,0,0,24,24.95,17.3,31.8,21.625,0.0,0.0,0.0,1.8333333333333333,6.3625,16.8,30.2,0,0,0,0,0,3.0,0.0,2.0,0.0,2.0,1.0,1.0,1.0,1.0,1.0,1.0,1.0,2.0,0.0,3.0,2.0,60.19,51.04,49.4,62.5,375212.0,21571.0,1,1642.0,109.0,1,0,,,0
2020-09-01,1,Tuesday,0,0,0,,,1399,6,11,1399-06-11,Shahrivar,0,0,0,3,0,0,0,24,24.958333333333332,17.3,31.4,23.291666666666668,0.0,0.0,0.0,10.791666666666666,5.758333333333333,11.6,23.8,0,0,0,0,0,3.0,0.0,2.0,0.0,2.0,1.0,1.0,1.0,1.0,1.0,1.0,1.0,2.0,0.0,3.0,2.0,60.19,51.04,49.4,62.5,376894.0,21672.0,1,1682.0,101.0,1,0,,,0
2020-09-02,2,Wednesday,0,0,0,,,1399,6,12,1399-06-12,Shahrivar,0,0,0,4,0,0,0,24,25.108333333333334,17.2,32.6,21.291666666666668,0.0,0.0,0.0,2.25,5.925,14.3,28.4,0,0,0,0,0,3.0,0.0,2.0,0.0,2.0,1.0,1.0,1.0,1.0,1.0,1.0,1.0,2.0,0.0,3.0,2.0,60.19,51.04,49.4,62.5,378752.0,21797.0,1,1858.0,125.0,1,0,,,0
2020-09-03,3,Thursday,0,1,0,,,1399,6,13,1399-06-13,Shahrivar,0,0,0,5,0,0,0,24,24.891666666666666,15.4,32.7,16.708333333333332,0.0,0.0,0.0,0.0,5.133333333333334,11.5,24.1,0,0,0,0,0,3.0,0.0,2.0,0.0,2.0,1.0,1.0,1.0,1.0,1.0,1.0,1.0,2.0,0.0,3.0,2.0,60.19,51.04,49.4,62.5,380746.0,21926.0,1,1994.0,129.0,1,0,,,0
2020-09-04,4,Friday,1,0,0,,,1399,6,14,1399-06-14,Shahrivar,0,0,0,6,0,0,1,24,24.241666666666664,15.1,32.2,14.208333333333334,0.0,0.0,0.0,0.0,5.091666666666667,10.1,21.6,0,0,0,0,0,3.0,0.0,2.0,0.0,2.0,1.0,1.0,1.0,1.0,1.0,1.0,1.0,2.0,0.0,3.0,2.0,60.19,51.04,49.4,62.5,382772.0,22044.0,1,2026.0,118.0,1,0,,,0
2020-09-05,5,Saturday,0,0,0,,,1399,6,15,1399-06-15,Shahrivar,0,0,0,7,0,0,0,24,24.504166666666666,15.0,32.9,12.916666666666666,0.0,0.0,0.0,0.08333333333333333,4.2625,12.4,22.3,0,0,0,0,0,3.0,0.0,2.0,0.0,2.0,1.0,1.0,1.0,1.0,1.0,1.0,1.0,2.0,0.0,3.0,2.0,60.19,51.04,49.4,62.5,384666.0,22154.0,1,1894.0,110.0,1,0,,,0
2020-09-06,6,Sunday,0,0,0,,,1399,6,16,1399-06-16,Shahrivar,0,0,0,8,0,0,0,24,25.45,14.9,34.1,14.333333333333334,0.0,0.0,0.0,0.041666666666666664,4.333333333333333,11.2,20.5,0,0,0,0,0,3.0,0.0,2.0,0.0,2.0,1.0,1.0,1.0,1.0,1.0,1.0,1.0,2.0,0.0,3.0,2.0,60.19,51.04,49.4,62.5,386658.0,22293.0,1,1992.0,139.0,1,0,,,0
2020-09-07,0,Monday,0,0,0,,,1399,6,17,1399-06-17,Shahrivar,0,0,0,9,0,0,0,24,26.620833333333334,16.9,34.8,14.5,0.0,0.0,0.0,4.083333333333333,5.179166666666666,10.2,21.2,0,0,0,0,0,3.0,0.0,2.0,0.0,2.0,1.0,1.0,1.0,1.0,1.0,1.0,1.0,2.0,0.0,3.0,2.0,60.19,51.04,49.4,62.5,388810.0,22410.0,1,2152.0,117.0,1,0,,,0
2020-09-08,1,Tuesday,0,0,0,,,1399,6,18,1399-06-18,Shahrivar,0,0,0,10,0,0,0,24,27.2375,17.3,34.7,14.708333333333334,0.0,0.0,0.0,21.208333333333332,3.8666666666666667,7.7,18.0,0,0,0,0,0,3.0,0.0,2.0,0.0,2.0,1.0,1.0,1.0,1.0,1.0,1.0,1.0,2.0,0.0,3.0,2.0,60.19,51.04,49.4,62.5,391112.0,22542.0,1,2302.0,132.0,1,0,,,0
2020-09-09,2,Wednesday,0,0,0,,,1399,6,19,1399-06-19,Shahrivar,0,0,0,11,0,0,0,24,27.575,18.9,35.1,14.5,0.0,0.0,0.0,10.25,6.641666666666667,17.9,35.6,0,0,0,1,0,3.0,0.0,2.0,0.0,2.0,1.0,1.0,1.0,1.0,1.0,1.0,1.0,2.0,0.0,3.0,2.0,60.19,51.04,49.4,62.5,393425.0,22669.0,1,2313.0,127.0,1,0,,,0
2020-09-10,3,Thursday,0,1,0,,,1399,6,20,1399-06-20,Shahrivar,0,0,0,12,0,0,0,24,26.15416666666667,17.6,33.5,20.0,0.0,0.0,0.0,13.208333333333334,10.0,22.5,40.3,0,0,0,0,0,3.0,0.0,2.0,0.0,2.0,1.0,1.0,1.0,1.0,1.0,1.0,1.0,2.0,0.0,3.0,2.0,60.19,51.04,49.4,62.5,395488.0,22798.0,1,2063.0,129.0,1,0,,,0
2020-09-11,4,Friday,1,0,0,,,1399,6,21,1399-06-21,Shahrivar,0,0,0,13,0,0,1,24,25.366666666666664,17.3,32.3,24.958333333333332,0.0,0.0,0.0,28.583333333333332,5.8999999999999995,13.6,23.8,0,0,0,0,0,3.0,0.0,2.0,0.0,2.0,1.0,1.0,1.0,1.0,1.0,1.0,1.0,2.0,0.0,3.0,2.0,60.19,51.04,49.4,62.5,397801.0,22913.0,1,2313.0,115.0,1,0,,,0
2020-09-12,5,Saturday,0,0,0,,,1399,6,22,1399-06-22,Shahrivar,0,0,0,14,0,0,0,24,25.3125,16.2,32.6,23.833333333333332,0.0,0.0,0.0,11.333333333333334,5.6375,11.8,22.0,0,0,0,0,0,3.0,0.0,2.0,0.0,2.0,1.0,1.0,1.0,1.0,1.0,1.0,1.0,2.0,0.0,3.0,2.0,60.19,51.04,49.4,62.5,399940.0,23029.0,1,2139.0,116.0,1,0,,,0
2020-09-13,6,Sunday,0,0,0,,,1399,6,23,1399-06-23,Shahrivar,0,0,0,15,0,0,0,24,24.849999999999998,15.6,32.1,20.541666666666668,0.0,0.0,0.0,3.3333333333333335,5.7875000000000005,16.1,30.6,0,0,0,0,0,3.0,0.0,2.0,0.0,2.0,1.0,1.0,1.0,1.0,1.0,1.0,1.0,2.0,0.0,3.0,2.0,60.19,51.04,49.4,62.5,402029.0,23157.0,1,2089.0,128.0,1,0,,,0
2020-09-14,0,Monday,0,0,0,,,1399,6,24,1399-06-24,Shahrivar,0,0,0,16,0,0,0,24,23.77916666666667,15.4,30.8,19.5,0.0,0.0,0.0,0.2916666666666667,5.4125000000000005,12.4,21.6,0,0,0,0,0,3.0,0.0,2.0,0.0,2.0,1.0,1.0,1.0,1.0,1.0,1.0,1.0,2.0,0.0,3.0,2.0,60.19,51.04,49.4,62.5,404648.0,23313.0,1,2619.0,156.0,1,0,,,0
2020-09-15,1,Tuesday,0,0,0,,,1399,6,25,1399-06-25,Shahrivar,0,0,0,17,0,0,0,24,23.379166666666666,14.9,30.7,22.083333333333332,0.0,0.0,0.0,0.0,4.104166666666667,9.7,17.3,0,0,0,0,0,3.0,0.0,0.0,,2.0,1.0,1.0,1.0,1.0,1.0,1.0,1.0,2.0,0.0,3.0,2.0,54.63,47.92,45.83,62.5,407353.0,23453.0,1,2705.0,140.0,1,0,,,0
2020-09-16,2,Wednesday,0,0,0,,,1399,6,26,1399-06-26,Shahrivar,0,0,0,18,0,0,0,24,23.28333333333333,14.1,30.2,20.041666666666668,0.0,0.0,0.0,0.0,4.908333333333333,9.8,19.8,0,0,0,0,0,3.0,0.0,0.0,,2.0,1.0,1.0,1.0,1.0,1.0,1.0,1.0,2.0,0.0,3.0,2.0,54.63,47.92,45.83,62.5,410334.0,23632.0,1,2981.0,179.0,1,0,,,0
2020-09-17,3,Thursday,0,1,0,,,1399,6,27,1399-06-27,Shahrivar,0,0,0,19,0,0,0,24,23.28333333333333,14.3,30.3,20.25,0.0,0.0,0.0,0.0,4.391666666666667,11.0,22.3,0,0,0,0,0,3.0,0.0,0.0,,2.0,1.0,1.0,1.0,1.0,1.0,1.0,1.0,2.0,0.0,3.0,2.0,54.63,47.92,45.83,62.5,413149.0,23808.0,1,2815.0,176.0,1,0,,,0
2020-09-18,4,Friday,1,0,0,,,1399,6,28,1399-06-28,Shahrivar,0,0,0,19,0,0,1,24,23.016666666666666,14.1,30.5,23.375,0.0,0.0,0.0,0.0,3.7125,9.3,17.3,0,0,0,0,0,3.0,0.0,0.0,,2.0,1.0,1.0,1.0,1.0,1.0,1.0,1.0,2.0,0.0,3.0,2.0,54.63,47.92,45.83,62.5,416198.0,23952.0,1,3049.0,144.0,1,0,,,0
2020-09-19,5,Saturday,0,0,0,,,1399,6,29,1399-06-29,Shahrivar,0,0,0,18,0,0,0,24,23.916666666666668,16.1,32.1,21.291666666666668,0.0,0.0,0.0,0.0,4.320833333333334,8.4,17.3,0,0,0,0,0,3.0,0.0,0.0,,2.0,1.0,1.0,1.0,1.0,1.0,1.0,1.0,2.0,0.0,3.0,2.0,54.63,47.92,45.83,62.5,419043.0,24118.0,1,2845.0,166.0,1,0,,,0
2020-09-20,6,Sunday,0,0,0,,,1399,6,30,1399-06-30,Shahrivar,0,0,0,17,0,0,0,24,24.291666666666668,17.3,32.2,17.458333333333332,0.0,0.0,0.0,0.0,8.674999999999999,14.5,32.8,0,0,0,0,0,3.0,0.0,0.0,,2.0,1.0,1.0,1.0,1.0,1.0,1.0,1.0,2.0,0.0,3.0,2.0,54.63,47.92,45.83,62.5,422140.0,24301.0,1,3097.0,183.0,1,0,,,0
2020-09-21,0,Monday,0,0,0,,,1399,6,31,1399-06-31,Shahrivar,0,0,0,16,0,0,0,24,23.566666666666666,12.5,32.4,17.0,0.0,0.0,0.0,0.0,6.833333333333333,14.5,25.9,0,0,0,0,0,3.0,0.0,0.0,,2.0,1.0,1.0,1.0,1.0,1.0,1.0,1.0,2.0,0.0,3.0,2.0,54.63,47.92,45.83,62.5,425481.0,24478.0,1,3341.0,177.0,1,0,,,0
2020-09-22,1,Tuesday,0,0,0,,,1399,7,1,1399-07-01,Mehr,0,0,0,15,0,0,0,24,23.712500000000002,14.0,31.4,19.833333333333332,0.0,0.0,0.0,0.0,4.608333333333333,12.9,22.0,0,0,0,0,0,3.0,0.0,0.0,,2.0,1.0,1.0,1.0,1.0,1.0,1.0,1.0,2.0,0.0,3.0,2.0,54.63,47.92,45.83,62.5,429193.0,24656.0,1,3712.0,178.0,1,0,,,0
2020-09-23,2,Wednesday,0,0,0,,,1399,7,2,1399-07-02,Mehr,0,0,0,14,0,0,0,24,23.3875,14.5,29.9,25.208333333333332,0.0,0.0,0.0,0.0,4.058333333333334,11.3,22.7,0,0,0,0,0,3.0,0.0,0.0,,2.0,1.0,1.0,1.0,1.0,1.0,1.0,1.0,2.0,0.0,3.0,2.0,54.63,47.92,45.83,62.5,432798.0,24840.0,1,3605.0,184.0,1,0,,,0
2020-09-24,3,Thursday,0,1,0,,,1399,7,3,1399-07-03,Mehr,0,0,0,13,0,0,0,24,22.866666666666664,14.5,30.6,24.166666666666668,0.0,0.0,0.0,0.125,6.575,11.0,20.9,0,0,0,0,0,3.0,0.0,0.0,,2.0,1.0,1.0,1.0,1.0,1.0,1.0,1.0,2.0,0.0,3.0,2.0,54.63,47.92,45.83,62.5,436319.0,25015.0,1,3521.0,175.0,1,0,,,0
2020-09-25,4,Friday,1,0,0,,,1399,7,4,1399-07-04,Mehr,0,0,0,12,0,0,1,24,23.34583333333333,15.4,32.0,19.208333333333332,0.0,0.0,0.0,0.5,6.058333333333334,9.1,23.8,0,0,0,0,0,3.0,0.0,0.0,,2.0,1.0,1.0,1.0,1.0,1.0,1.0,1.0,2.0,0.0,3.0,2.0,54.63,47.92,45.83,62.5,439882.0,25222.0,1,3563.0,207.0,1,0,,,0
2020-09-26,5,Saturday,0,0,0,,,1399,7,5,1399-07-05,Mehr,0,0,0,11,0,0,0,24,24.254166666666666,15.6,33.0,16.041666666666668,0.0,0.0,0.0,0.0,5.695833333333333,9.9,21.6,0,0,0,0,0,3.0,0.0,0.0,,2.0,1.0,1.0,1.0,1.0,1.0,1.0,1.0,2.0,0.0,3.0,2.0,54.63,47.92,45.83,62.5,443086.0,25394.0,1,3204.0,172.0,1,0,,,0
2020-09-27,6,Sunday,0,0,0,,,1399,7,6,1399-07-06,Mehr,0,0,0,10,0,0,0,24,24.433333333333334,15.9,32.3,17.041666666666668,0.2,0.2,0.0,20.5,10.691666666666668,17.7,35.3,1,0,1,0,0,3.0,0.0,0.0,,2.0,1.0,1.0,1.0,1.0,1.0,1.0,1.0,2.0,0.0,3.0,2.0,54.63,47.92,45.83,62.5,446448.0,25589.0,1,3362.0,195.0,1,0,,,0
2020-09-28,0,Monday,0,0,0,,,1399,7,7,1399-07-07,Mehr,0,0,0,9,0,0,0,24,22.47083333333333,14.1,30.6,22.916666666666668,0.0,0.0,0.0,1.9583333333333333,8.529166666666667,19.5,38.2,0,0,0,0,0,3.0,0.0,0.0,,2.0,1.0,1.0,1.0,1.0,1.0,1.0,1.0,2.0,0.0,3.0,2.0,54.63,47.92,45.83,62.5,449960.0,25779.0,1,3512.0,190.0,1,0,,,0
2020-09-29,1,Tuesday,0,0,0,,,1399,7,8,1399-07-08,Mehr,0,0,0,8,0,0,0,24,19.349999999999998,13.9,25.3,35.5,0.0,0.0,0.0,2.9583333333333335,9.241666666666667,17.3,31.3,0,0,0,0,0,3.0,0.0,0.0,,2.0,1.0,1.0,1.0,1.0,1.0,1.0,1.0,2.0,0.0,3.0,2.0,54.63,47.92,45.83,62.5,453637.0,25986.0,1,3677.0,207.0,1,0,,,0
2020-09-30,2,Wednesday,0,0,0,,,1399,7,9,1399-07-09,Mehr,0,0,0,7,0,0,0,24,18.983333333333334,12.0,25.2,26.541666666666668,0.0,0.0,0.0,13.083333333333334,6.420833333333333,9.8,23.8,0,0,0,0,0,3.0,0.0,0.0,,2.0,1.0,1.0,1.0,1.0,1.0,1.0,1.0,2.0,0.0,3.0,2.0,54.63,47.92,45.83,62.5,457219.0,26169.0,1,3582.0,183.0,1,0,,,0
2020-10-01,3,Thursday,0,1,0,,,1399,7,10,1399-07-10,Mehr,0,0,0,6,0,0,0,24,20.720833333333335,14.0,26.9,31.083333333333332,0.0,0.0,0.0,14.833333333333334,5.329166666666667,12.5,19.8,0,0,0,0,0,3.0,0.0,0.0,,2.0,1.0,1.0,1.0,1.0,1.0,1.0,1.0,2.0,0.0,3.0,2.0,54.63,47.92,45.83,62.5,461044.0,26380.0,1,3825.0,211.0,1,0,,,0
2020-10-02,4,Friday,1,0,0,,,1399,7,11,1399-07-11,Mehr,0,0,0,5,0,0,1,24,21.433333333333334,12.8,29.2,32.833333333333336,0.0,0.0,0.0,6.291666666666667,4.358333333333333,10.5,18.0,0,0,0,0,0,3.0,0.0,0.0,,2.0,1.0,1.0,1.0,1.0,1.0,1.0,1.0,2.0,0.0,3.0,2.0,54.63,47.92,45.83,62.5,464596.0,26567.0,1,3552.0,187.0,1,0,,,0
2020-10-03,5,Saturday,0,0,0,,,1399,7,12,1399-07-12,Mehr,0,0,0,4,0,0,0,24,21.916666666666668,13.7,29.6,34.833333333333336,0.0,0.0,0.0,11.083333333333334,4.995833333333334,8.7,17.3,0,0,0,0,0,3.0,0.0,0.0,,2.0,1.0,1.0,1.0,1.0,1.0,1.0,1.0,2.0,1.0,3.0,2.0,57.41,49.48,47.62,62.5,468119.0,26746.0,1,3523.0,179.0,1,0,,,0
2020-10-04,6,Sunday,0,0,0,,,1399,7,13,1399-07-13,Mehr,0,0,0,3,0,0,0,24,22.120833333333334,13.6,29.9,29.666666666666668,0.0,0.0,0.0,23.583333333333332,6.170833333333333,10.1,24.5,0,0,0,0,0,3.0,0.0,0.0,,2.0,1.0,1.0,1.0,1.0,1.0,1.0,1.0,2.0,1.0,3.0,2.0,57.41,49.48,47.62,62.5,471772.0,26957.0,1,3653.0,211.0,1,0,,,0
2020-10-05,0,Monday,0,0,0,,,1399,7,14,1399-07-14,Mehr,0,0,0,2,0,0,0,24,20.616666666666667,15.2,27.3,28.875,0.0,0.0,0.0,16.791666666666668,7.504166666666666,20.0,41.8,0,0,0,0,0,3.0,0.0,0.0,,2.0,1.0,1.0,1.0,1.0,1.0,1.0,1.0,2.0,1.0,3.0,2.0,57.41,49.48,47.62,62.5,475674.0,27192.0,1,3902.0,235.0,1,0,,,0
2020-10-06,1,Tuesday,0,0,0,,,1399,7,15,1399-07-15,Mehr,0,0,0,1,1,0,0,24,19.316666666666666,10.5,27.0,33.375,0.0,0.0,0.0,18.833333333333332,6.720833333333334,15.8,24.8,0,0,0,0,0,3.0,1.0,0.0,,2.0,1.0,4.0,1.0,1.0,1.0,2.0,0.0,2.0,1.0,3.0,2.0,69.44,48.44,55.36,0.0,479825.0,27419.0,1,4151.0,227.0,1,0,,,0
2020-10-07,2,Wednesday,0,0,1,Arbaeen (estimated),(تخمین زده) چهلم حسین بن علی اربعین,1399,7,16,1399-07-16,Mehr,0,0,0,0,0,0,1,24,19.45,8.3,28.4,34.166666666666664,0.0,0.0,0.0,6.5,7.604166666666667,15.0,27.4,0,0,0,0,0,3.0,1.0,0.0,,2.0,1.0,4.0,1.0,1.0,1.0,2.0,0.0,2.0,1.0,3.0,2.0,69.44,48.44,55.36,0.0,483844.0,27658.0,1,4019.0,239.0,1,0,,,0
2020-10-08,3,Thursday,0,1,0,,,1399,7,17,1399-07-17,Mehr,0,0,0,1,0,1,0,24,19.079166666666666,10.2,27.9,30.291666666666668,0.0,0.0,0.0,1.125,7.741666666666667,18.8,34.9,0,0,0,0,0,3.0,1.0,0.0,,2.0,1.0,4.0,1.0,1.0,1.0,2.0,0.0,2.0,1.0,3.0,2.0,69.44,48.44,55.36,0.0,488236.0,27888.0,1,4392.0,230.0,1,0,,,0
2020-10-09,4,Friday,1,0,0,,,1399,7,18,1399-07-18,Mehr,0,0,0,2,0,0,1,24,16.341666666666665,10.1,21.9,41.416666666666664,0.0,0.0,0.0,23.916666666666668,12.120833333333332,26.8,48.2,0,0,0,0,0,3.0,1.0,0.0,,2.0,1.0,4.0,1.0,1.0,1.0,2.0,0.0,2.0,1.0,3.0,2.0,69.44,48.44,55.36,0.0,492378.0,28098.0,1,4142.0,210.0,1,0,,,0
2020-10-10,5,Saturday,0,0,0,,,1399,7,19,1399-07-19,Mehr,0,0,0,3,0,0,0,24,15.370833333333332,10.1,21.1,37.583333333333336,0.0,0.0,0.0,14.0,8.245833333333334,13.0,25.2,0,0,0,0,0,3.0,1.0,0.0,,2.0,1.0,4.0,1.0,1.0,1.0,2.0,0.0,2.0,1.0,3.0,3.0,69.44,49.22,56.25,0.0,496253.0,28293.0,1,3875.0,195.0,1,0,,,0
2020-10-11,6,Sunday,0,0,0,,,1399,7,20,1399-07-20,Mehr,0,0,0,4,0,0,0,24,13.512500000000001,4.9,21.4,24.666666666666668,0.0,0.0,0.0,0.0,4.1625000000000005,9.4,18.4,0,0,0,0,0,3.0,1.0,0.0,,2.0,1.0,4.0,1.0,1.0,1.0,2.0,0.0,2.0,1.0,3.0,3.0,69.44,49.22,56.25,0.0,500075.0,28544.0,1,3822.0,251.0,1,0,,,0
2020-10-12,0,Monday,0,0,0,,,1399,7,21,1399-07-21,Mehr,0,0,0,3,0,0,0,24,13.233333333333334,4.1,22.4,18.375,0.0,0.0,0.0,0.0,3.85,9.7,16.9,0,0,0,0,0,3.0,1.0,0.0,,2.0,1.0,4.0,1.0,1.0,1.0,2.0,0.0,2.0,1.0,3.0,3.0,69.44,49.22,56.25,0.0,504281.0,28816.0,1,4206.0,272.0,1,0,,,0
2020-10-13,1,Tuesday,0,0,0,,,1399,7,22,1399-07-22,Mehr,0,0,0,2,0,0,0,24,12.920833333333334,3.5,22.2,15.875,0.0,0.0,0.0,0.0,3.4,5.8,17.6,0,0,0,0,0,3.0,1.0,0.0,,2.0,1.0,4.0,1.0,1.0,1.0,2.0,0.0,2.0,1.0,3.0,3.0,69.44,49.22,56.25,0.0,508389.0,29070.0,1,4108.0,254.0,1,0,,,0
2020-10-14,2,Wednesday,0,0,0,,,1399,7,23,1399-07-23,Mehr,0,0,0,1,1,0,0,24,13.120833333333332,3.0,23.6,12.708333333333334,0.0,0.0,0.0,0.0,3.6750000000000003,7.7,15.8,0,0,0,0,0,3.0,1.0,0.0,,2.0,1.0,4.0,1.0,1.0,1.0,2.0,0.0,2.0,1.0,3.0,3.0,69.44,49.22,56.25,0.0,513219.0,29349.0,1,4830.0,279.0,1,0,,,0
2020-10-15,3,Thursday,0,1,1,Demise of Prophet Muhammad and Hasan ibn Ali (estimated),(تخمین زده) کشته‌شدن حسن مجتبی و درگذشت محمد,1399,7,24,1399-07-24,Mehr,0,0,0,0,0,0,1,24,13.645833333333334,3.9,24.1,10.833333333333334,0.0,0.0,0.0,0.0,3.841666666666667,6.7,16.6,0,0,0,0,0,3.0,0.0,0.0,,2.0,1.0,3.0,0.0,1.0,1.0,1.0,1.0,2.0,0.0,3.0,3.0,58.8,43.23,49.4,0.0,517835.0,29605.0,1,4616.0,256.0,1,0,,,0
2020-10-16,4,Friday,1,0,0,,,1399,7,25,1399-07-25,Mehr,0,0,0,1,1,1,1,24,13.370833333333332,4.0,23.8,11.916666666666666,0.0,0.0,0.0,0.0,5.320833333333334,9.9,20.5,0,0,0,0,0,3.0,0.0,0.0,,2.0,1.0,3.0,0.0,1.0,1.0,1.0,1.0,2.0,0.0,3.0,3.0,58.8,43.23,49.4,0.0,522387.0,29870.0,1,4552.0,265.0,1,0,,,0
2020-10-17,5,Saturday,0,0,1,Martyrdom of Ali al-Rida (estimated),(تخمین زده) کشته‌شدن علی بن موسی الرضا,1399,7,26,1399-07-26,Mehr,0,0,0,0,0,0,1,24,14.291666666666666,5.2,24.2,13.458333333333334,0.0,0.0,0.0,0.0,4.791666666666667,9.2,19.1,0,0,0,0,0,3.0,0.0,0.0,,2.0,1.0,3.0,0.0,1.0,1.0,1.0,1.0,2.0,0.0,3.0,3.0,58.8,43.23,49.4,0.0,526490.0,30123.0,1,4103.0,253.0,1,0,,,0
2020-10-18,6,Sunday,0,0,0,,,1399,7,27,1399-07-27,Mehr,0,0,0,1,0,1,0,24,14.220833333333333,6.1,24.5,14.583333333333334,0.0,0.0,0.0,0.0,4.379166666666666,9.3,15.8,0,0,0,0,0,3.0,0.0,0.0,,2.0,1.0,3.0,0.0,1.0,1.0,1.0,1.0,2.0,0.0,3.0,3.0,58.8,43.23,49.4,0.0,530380.0,30375.0,1,3890.0,252.0,1,0,,,0
2020-10-19,0,Monday,0,0,0,,,1399,7,28,1399-07-28,Mehr,0,0,0,2,0,0,0,24,14.725,5.4,25.4,13.166666666666666,0.0,0.0,0.0,0.0,3.170833333333333,6.4,14.8,0,0,0,0,0,3.0,0.0,0.0,,2.0,1.0,3.0,0.0,1.0,1.0,1.0,1.0,2.0,0.0,3.0,3.0,58.8,43.23,49.4,0.0,534631.0,30712.0,1,4251.0,337.0,1,0,,,0
2020-10-20,1,Tuesday,0,0,0,,,1399,7,29,1399-07-29,Mehr,0,0,0,3,0,0,0,24,15.420833333333334,5.3,26.5,13.583333333333334,0.0,0.0,0.0,0.0,4.054166666666666,8.7,15.1,0,0,0,0,0,3.0,0.0,0.0,,2.0,1.0,3.0,0.0,1.0,1.0,1.0,1.0,2.0,0.0,3.0,3.0,58.8,43.23,49.4,0.0,539670.0,31034.0,1,5039.0,322.0,1,0,,,0
2020-10-21,2,Wednesday,0,0,0,,,1399,7,30,1399-07-30,Mehr,0,0,0,4,0,0,0,24,15.608333333333334,6.8,26.1,12.708333333333334,0.0,0.0,0.0,0.0,4.733333333333333,7.6,18.4,0,0,0,0,0,3.0,0.0,0.0,,2.0,1.0,3.0,0.0,1.0,1.0,1.0,1.0,2.0,0.0,3.0,3.0,58.8,43.23,49.4,0.0,545286.0,31346.0,1,5616.0,312.0,1,0,,,0
2020-10-22,3,Thursday,0,1,0,,,1399,8,1,1399-08-01,Aban,0,0,0,3,0,0,0,24,13.445833333333333,3.2,23.9,14.916666666666666,0.0,0.0,0.0,0.0,3.6374999999999997,5.2,16.9,0,0,0,0,0,3.0,0.0,0.0,,2.0,1.0,3.0,0.0,1.0,1.0,1.0,1.0,2.0,0.0,3.0,3.0,58.8,43.23,49.4,0.0,550757.0,31650.0,1,5471.0,304.0,1,0,,,0
2020-10-23,4,Friday,1,0,0,,,1399,8,2,1399-08-02,Aban,0,0,0,2,0,0,1,24,14.345833333333333,5.9,23.8,20.083333333333332,0.0,0.0,0.0,0.0,3.35,8.9,15.5,0,0,0,0,0,3.0,0.0,0.0,,2.0,1.0,3.0,0.0,1.0,1.0,1.0,1.0,2.0,0.0,3.0,3.0,58.8,43.23,49.4,0.0,556891.0,31985.0,1,6134.0,335.0,1,0,,,0
2020-10-24,5,Saturday,0,0,0,,,1399,8,3,1399-08-03,Aban,0,0,0,1,1,0,0,24,14.233333333333334,6.1,22.8,27.666666666666668,0.0,0.0,0.0,1.1666666666666667,3.6291666666666664,6.6,16.2,0,0,0,0,0,3.0,0.0,0.0,,2.0,1.0,3.0,0.0,1.0,1.0,1.0,1.0,2.0,0.0,3.0,3.0,58.8,43.23,49.4,0.0,562705.0,32320.0,1,5814.0,335.0,1,0,,,0
2020-10-25,6,Sunday,0,0,1,Martyrdom of Hasan al-Askari (estimated),(تخمین زده) کشته‌شدن حسن عسکری,1399,8,4,1399-08-04,Aban,0,0,0,0,0,0,1,24,14.841666666666667,6.6,23.6,27.291666666666668,0.0,0.0,0.0,0.0,3.775,7.5,15.5,0,0,0,0,0,3.0,0.0,0.0,,2.0,1.0,3.0,0.0,1.0,1.0,1.0,1.0,2.0,0.0,3.0,3.0,58.8,43.23,49.4,0.0,568896.0,32616.0,1,6191.0,296.0,1,0,,,0
2020-10-26,0,Monday,0,0,0,,,1399,8,5,1399-08-05,Aban,0,0,0,1,0,1,0,24,15.316666666666668,6.5,24.8,24.541666666666668,0.0,0.0,0.0,0.08333333333333333,4.279166666666667,8.3,18.0,0,0,0,0,0,3.0,0.0,3.0,0.0,2.0,1.0,3.0,0.0,2.0,0.0,1.0,1.0,2.0,0.0,3.0,3.0,70.83,50.0,57.14,0.0,574856.0,32953.0,1,5960.0,337.0,1,0,,,0
2020-10-27,1,Tuesday,0,0,0,,,1399,8,6,1399-08-06,Aban,0,0,0,2,0,0,0,24,15.2125,5.6,25.4,21.541666666666668,0.0,0.0,0.0,0.0,5.766666666666667,9.5,16.9,0,0,0,0,0,3.0,0.0,3.0,0.0,2.0,1.0,3.0,0.0,2.0,0.0,1.0,1.0,2.0,0.0,3.0,3.0,70.83,50.0,57.14,0.0,581824.0,33299.0,1,6968.0,346.0,1,0,,,0
2020-10-28,2,Wednesday,0,0,0,,,1399,8,7,1399-08-07,Aban,0,0,0,3,0,0,0,24,14.420833333333334,5.9,23.2,24.541666666666668,0.0,0.0,0.0,0.0,5.083333333333333,9.8,20.2,0,0,0,0,0,3.0,0.0,3.0,0.0,2.0,1.0,3.0,0.0,2.0,0.0,1.0,1.0,2.0,0.0,3.0,3.0,70.83,50.0,57.14,0.0,588648.0,33714.0,1,6824.0,415.0,1,0,,,0
2020-10-29,3,Thursday,0,1,0,,,1399,8,8,1399-08-08,Aban,0,0,0,4,0,0,0,24,13.945833333333333,5.4,23.0,23.958333333333332,0.0,0.0,0.0,1.0,3.3249999999999997,6.2,14.8,0,0,0,0,0,3.0,0.0,3.0,0.0,2.0,1.0,3.0,0.0,2.0,0.0,1.0,1.0,2.0,0.0,3.0,3.0,70.83,50.0,57.14,0.0,596941.0,34113.0,1,8293.0,399.0,1,0,,,0
2020-10-30,4,Friday,1,0,0,,,1399,8,9,1399-08-09,Aban,0,0,0,4,0,0,1,24,14.320833333333333,5.3,23.8,21.708333333333332,0.0,0.0,0.0,14.625,2.8874999999999997,6.5,14.4,0,0,0,0,0,3.0,0.0,3.0,0.0,2.0,1.0,3.0,0.0,1.0,1.0,1.0,1.0,2.0,0.0,3.0,3.0,68.06,48.44,55.36,0.0,604952.0,34478.0,1,8011.0,365.0,1,0,,,0
2020-10-31,5,Saturday,0,0,0,,,1399,8,10,1399-08-10,Aban,0,0,0,3,0,0,0,24,14.491666666666667,5.1,24.1,22.541666666666668,0.0,0.0,0.0,0.0,3.9583333333333335,8.7,14.4,0,0,0,0,0,3.0,0.0,3.0,0.0,2.0,1.0,3.0,0.0,1.0,1.0,1.0,1.0,2.0,0.0,3.0,3.0,68.06,48.44,55.36,0.0,612772.0,34864.0,1,7820.0,386.0,1,0,,,0
2020-11-01,6,Sunday,0,0,0,,,1399,8,11,1399-08-11,Aban,0,0,0,2,0,0,0,24,14.783333333333333,5.7,24.6,20.75,0.0,0.0,0.0,0.0,4.245833333333334,8.6,16.6,0,0,0,0,0,3.0,0.0,3.0,0.0,2.0,1.0,4.0,0.0,1.0,1.0,1.0,1.0,2.0,0.0,3.0,3.0,70.83,50.0,57.14,0.0,620491.0,35298.0,1,7719.0,434.0,1,0,,,0
2020-11-02,0,Monday,0,0,0,,,1399,8,12,1399-08-12,Aban,0,0,0,1,1,0,0,24,14.508333333333333,5.5,25.1,20.458333333333332,0.0,0.0,0.0,0.9166666666666666,4.708333333333333,6.9,16.9,0,0,0,0,0,3.0,0.0,3.0,0.0,2.0,1.0,4.0,0.0,1.0,1.0,1.0,1.0,2.0,0.0,3.0,3.0,70.83,50.0,57.14,0.0,628780.0,35738.0,1,8289.0,440.0,1,0,,,0
2020-11-03,1,Tuesday,0,0,1,Birthday of Muhammad and Ja'far al-Sadiq (estimated),(تخمین زده) زادروز محمد و جعفر صادق,1399,8,13,1399-08-13,Aban,0,0,0,0,0,0,1,24,13.941666666666668,5.1,24.4,21.375,0.0,0.0,0.0,0.2916666666666667,5.158333333333333,8.7,20.9,0,0,0,0,0,3.0,0.0,3.0,0.0,2.0,1.0,4.0,0.0,1.0,1.0,1.0,1.0,2.0,0.0,3.0,3.0,70.83,50.0,57.14,0.0,637712.0,36160.0,1,8932.0,422.0,1,0,,,0
2020-11-04,2,Wednesday,0,0,0,,,1399,8,14,1399-08-14,Aban,0,0,0,1,0,1,0,24,13.554166666666667,5.9,24.1,20.583333333333332,0.0,0.0,0.0,0.0,5.1375,9.0,18.0,0,0,0,0,0,3.0,0.0,3.0,0.0,2.0,1.0,4.0,0.0,1.0,1.0,1.0,1.0,2.0,0.0,3.0,3.0,70.83,50.0,57.14,0.0,646164.0,36579.0,1,8452.0,419.0,1,0,,,0
2020-11-05,3,Thursday,0,1,0,,,1399,8,15,1399-08-15,Aban,0,0,0,2,0,0,0,24,12.929166666666667,5.0,23.6,22.125,0.0,0.0,0.0,2.625,4.954166666666667,9.2,18.4,0,0,0,0,0,3.0,0.0,3.0,0.0,2.0,1.0,4.0,0.0,1.0,1.0,1.0,1.0,2.0,0.0,3.0,3.0,70.83,50.0,57.14,0.0,654936.0,36985.0,1,8772.0,406.0,1,0,,,0
2020-11-06,4,Friday,1,0,0,,,1399,8,16,1399-08-16,Aban,0,0,0,3,0,0,1,24,13.737499999999999,4.7,22.7,18.75,0.0,0.0,0.0,77.29166666666667,4.8,7.8,20.2,0,0,0,0,0,3.0,0.0,3.0,0.0,2.0,1.0,4.0,0.0,1.0,1.0,1.0,1.0,2.0,0.0,3.0,3.0,70.83,50.0,57.14,0.0,663800.0,37409.0,1,8864.0,424.0,1,0,,,0
2020-11-07,5,Saturday,0,0,0,,,1399,8,17,1399-08-17,Aban,0,0,0,4,0,0,0,24,14.7125,7.3,22.4,16.75,0.0,0.0,0.0,63.833333333333336,4.379166666666666,9.1,20.2,0,0,0,0,0,3.0,0.0,3.0,0.0,2.0,1.0,4.0,0.0,1.0,1.0,1.0,1.0,2.0,0.0,3.0,3.0,70.83,50.0,57.14,0.0,673250.0,37832.0,1,9450.0,423.0,1,0,,,0
2020-11-08,6,Sunday,0,0,0,,,1399,8,18,1399-08-18,Aban,0,0,0,5,0,0,0,24,15.204166666666666,9.6,21.1,22.5,0.0,0.0,0.0,82.0,2.766666666666667,6.9,14.4,0,0,0,0,0,3.0,0.0,3.0,0.0,2.0,1.0,4.0,0.0,1.0,1.0,1.0,1.0,2.0,0.0,3.0,3.0,70.83,50.0,57.14,0.0,682486.0,38291.0,1,9236.0,459.0,1,0,,,0
2020-11-09,0,Monday,0,0,0,,,1399,8,19,1399-08-19,Aban,0,0,0,6,0,0,0,24,13.270833333333334,5.3,20.6,41.25,0.0,0.0,0.0,28.958333333333332,4.683333333333334,8.2,16.9,0,0,0,0,0,3.0,0.0,3.0,0.0,2.0,1.0,4.0,0.0,1.0,1.0,1.0,1.0,2.0,0.0,3.0,3.0,70.83,50.0,57.14,0.0,692949.0,38749.0,1,10463.0,458.0,1,0,,,0
2020-11-10,1,Tuesday,0,0,0,,,1399,8,20,1399-08-20,Aban,0,0,0,7,0,0,0,24,15.354166666666666,10.3,22.2,40.166666666666664,0.0,0.0,0.0,34.833333333333336,6.5,13.4,29.2,0,0,0,0,0,3.0,0.0,3.0,0.0,2.0,1.0,4.0,0.0,1.0,1.0,1.0,1.0,2.0,0.0,3.0,3.0,70.83,50.0,57.14,0.0,703288.0,39202.0,1,10339.0,453.0,1,0,,,0
2020-11-11,2,Wednesday,0,0,0,,,1399,8,21,1399-08-21,Aban,0,0,0,8,0,0,0,24,12.75,8.0,18.1,50.583333333333336,0.0,0.0,0.0,31.875,5.129166666666666,12.7,27.0,0,0,0,0,0,3.0,0.0,3.0,0.0,2.0,1.0,4.0,0.0,1.0,1.0,1.0,1.0,2.0,0.0,3.0,3.0,70.83,50.0,57.14,0.0,715068.0,39664.0,1,11780.0,462.0,1,0,,,0
2020-11-12,3,Thursday,0,1,0,,,1399,8,22,1399-08-22,Aban,0,0,0,9,0,0,0,24,10.783333333333333,5.9,15.5,69.45833333333333,4.5,4.5,0.0,58.708333333333336,5.458333333333333,11.6,24.5,5,0,1,0,0,3.0,0.0,3.0,0.0,2.0,1.0,4.0,0.0,1.0,1.0,1.0,1.0,2.0,0.0,3.0,3.0,70.83,50.0,57.14,0.0,726585.0,40121.0,1,11517.0,457.0,1,0,,,0
2020-11-13,4,Friday,1,0,0,,,1399,8,23,1399-08-23,Aban,0,0,0,10,0,0,1,24,10.558333333333334,7.7,15.4,75.33333333333333,2.4,2.4,0.0,45.75,6.575,17.3,29.9,10,0,1,0,0,3.0,0.0,3.0,0.0,2.0,1.0,4.0,0.0,1.0,1.0,1.0,1.0,2.0,0.0,3.0,3.0,70.83,50.0,57.14,0.0,738322.0,40582.0,1,11737.0,461.0,1,0,,,0
2020-11-14,5,Saturday,0,0,0,,,1399,8,24,1399-08-24,Aban,0,0,0,11,0,0,0,24,8.450000000000001,4.3,12.9,66.58333333333333,0.0,0.0,0.0,37.041666666666664,6.004166666666666,9.0,19.4,0,0,0,0,0,3.0,0.0,3.0,0.0,2.0,1.0,4.0,0.0,1.0,1.0,1.0,1.0,2.0,0.0,3.0,3.0,70.83,50.0,57.14,0.0,749525.0,41034.0,1,11203.0,452.0,1,0,,,0
2020-11-15,6,Sunday,0,0,0,,,1399,8,25,1399-08-25,Aban,0,0,0,12,0,0,0,24,6.925,1.1,13.0,65.45833333333333,0.0,0.0,0.0,16.5,5.2625,7.6,20.9,0,0,0,0,0,3.0,0.0,3.0,0.0,2.0,1.0,4.0,0.0,1.0,1.0,1.0,1.0,2.0,0.0,3.0,3.0,70.83,50.0,57.14,0.0,762068.0,41493.0,1,12543.0,459.0,1,0,,,0
2020-11-16,0,Monday,0,0,0,,,1399,8,26,1399-08-26,Aban,0,0,0,13,0,0,0,24,8.445833333333333,1.3,15.1,62.333333333333336,0.0,0.0,0.0,31.208333333333332,3.7416666666666667,7.2,16.9,0,0,0,0,0,3.0,0.0,3.0,0.0,2.0,1.0,4.0,0.0,1.0,1.0,1.0,1.0,2.0,0.0,3.0,3.0,70.83,50.0,57.14,0.0,775121.0,41979.0,1,13053.0,486.0,1,0,,,0
2020-11-17,1,Tuesday,0,0,0,,,1399,8,27,1399-08-27,Aban,0,0,0,14,0,0,0,24,10.1625,4.4,16.9,62.875,0.0,0.0,0.0,15.625,4.204166666666667,7.8,17.3,0,0,0,0,0,3.0,0.0,3.0,0.0,2.0,1.0,4.0,0.0,1.0,1.0,1.0,1.0,2.0,0.0,3.0,3.0,70.83,50.0,57.14,0.0,788473.0,42461.0,1,13352.0,482.0,1,0,,,0
2020-11-18,2,Wednesday,0,0,0,,,1399,8,28,1399-08-28,Aban,0,0,0,15,0,0,0,24,8.745833333333334,3.5,14.8,65.625,0.0,0.0,0.0,29.958333333333332,4.4750000000000005,8.7,15.1,0,0,0,0,0,3.0,0.0,3.0,0.0,2.0,1.0,4.0,0.0,1.0,1.0,1.0,1.0,2.0,0.0,3.0,3.0,70.83,50.0,57.14,0.0,801894.0,42941.0,1,13421.0,480.0,1,0,,,0
2020-11-19,3,Thursday,0,1,0,,,1399,8,29,1399-08-29,Aban,0,0,0,16,0,0,0,24,8.3125,3.0,14.7,62.708333333333336,0.0,0.0,0.0,30.958333333333332,5.3374999999999995,8.2,21.2,0,0,0,0,0,3.0,0.0,3.0,0.0,2.0,1.0,4.0,0.0,1.0,1.0,1.0,1.0,2.0,0.0,3.0,3.0,70.83,50.0,57.14,0.0,815117.0,43417.0,1,13223.0,476.0,1,0,,,0
2020-11-20,4,Friday,1,0,0,,,1399,8,30,1399-08-30,Aban,0,0,0,17,0,0,1,24,7.6125,1.1,13.7,58.166666666666664,0.0,0.0,0.0,58.25,3.8208333333333333,6.9,19.8,0,0,0,0,0,3.0,0.0,3.0,0.0,2.0,1.0,4.0,0.0,1.0,1.0,1.0,1.0,2.0,0.0,3.0,3.0,70.83,50.0,57.14,0.0,828377.0,43896.0,1,13260.0,479.0,1,0,,,0
2020-11-21,5,Saturday,0,0,0,,,1399,9,1,1399-09-01,Azar,0,0,0,18,0,0,0,24,10.362499999999999,6.0,16.7,58.083333333333336,1.2000000000000002,1.2000000000000002,0.0,77.66666666666667,4.766666666666667,11.3,22.0,6,0,1,0,0,3.0,0.0,3.0,0.0,2.0,1.0,4.0,0.0,1.0,1.0,2.0,0.0,2.0,0.0,3.0,3.0,72.69,57.55,60.42,37.5,841308.0,44327.0,1,12931.0,431.0,1,1,policy_change,Smart management of COVID-19 restrictions begins,3
2020-11-22,6,Sunday,0,0,0,,,1399,9,2,1399-09-02,Azar,0,0,0,19,0,0,0,24,9.237499999999999,5.9,14.7,75.58333333333333,2.5,2.5,0.0,31.875,6.733333333333333,12.2,24.8,4,0,1,0,0,3.0,0.0,3.0,0.0,2.0,1.0,4.0,0.0,1.0,1.0,2.0,0.0,2.0,0.0,3.0,3.0,72.69,57.55,60.42,37.5,854361.0,44802.0,1,13053.0,475.0,1,0,,,0
2020-11-23,0,Monday,0,0,0,,,1399,9,3,1399-09-03,Azar,0,0,0,20,0,0,0,24,7.45,3.4,11.8,80.41666666666667,0.0,0.0,0.0,60.625,3.5083333333333333,6.4,15.8,0,0,0,0,0,3.0,0.0,3.0,0.0,2.0,1.0,4.0,0.0,1.0,1.0,2.0,0.0,2.0,0.0,3.0,3.0,72.69,57.55,60.42,37.5,866821.0,45255.0,1,12460.0,453.0,1,0,,,0
2020-11-24,1,Tuesday,0,0,0,,,1399,9,4,1399-09-04,Azar,0,0,0,21,0,0,0,24,6.7875000000000005,3.2,12.5,76.91666666666667,0.0,0.0,0.0,36.041666666666664,3.2291666666666665,5.4,12.2,0,0,0,0,0,3.0,0.0,3.0,0.0,2.0,1.0,4.0,0.0,1.0,1.0,2.0,0.0,2.0,0.0,3.0,3.0,72.69,57.55,60.42,37.5,880542.0,45738.0,1,13721.0,483.0,1,0,,,0
2020-11-25,2,Wednesday,0,0,0,,,1399,9,5,1399-09-05,Azar,0,0,0,22,0,0,0,24,6.741666666666667,0.8,13.0,68.45833333333333,0.0,0.0,0.0,43.166666666666664,4.0375000000000005,7.1,17.3,0,0,0,0,0,3.0,0.0,3.0,0.0,2.0,1.0,4.0,0.0,1.0,1.0,2.0,0.0,2.0,0.0,3.0,3.0,72.69,57.55,60.42,37.5,894385.0,46207.0,1,13843.0,469.0,1,0,,,0
2020-11-26,3,Thursday,0,1,0,,,1399,9,6,1399-09-06,Azar,0,0,0,23,0,0,0,24,9.200000000000001,1.6,17.6,51.5,0.0,0.0,0.0,4.25,5.945833333333333,11.1,24.8,0,0,0,0,0,3.0,0.0,3.0,0.0,2.0,1.0,4.0,0.0,1.0,1.0,2.0,0.0,2.0,0.0,3.0,3.0,72.69,57.55,60.42,37.5,908346.0,46689.0,1,13961.0,482.0,1,0,,,0
2020-11-27,4,Friday,1,0,0,,,1399,9,7,1399-09-07,Azar,0,0,0,24,0,0,1,24,11.329166666666666,4.0,17.0,52.125,0.0,0.0,0.0,37.166666666666664,5.125,7.3,22.7,0,0,0,0,0,3.0,0.0,3.0,0.0,2.0,1.0,4.0,0.0,1.0,1.0,2.0,0.0,2.0,0.0,3.0,3.0,72.69,57.55,60.42,37.5,922397.0,47095.0,1,14051.0,406.0,1,0,,,0
2020-11-28,5,Saturday,0,0,0,,,1399,9,8,1399-09-08,Azar,0,0,0,25,0,0,0,24,8.525,7.8,11.1,81.875,9.7,9.7,0.0,99.91666666666667,5.420833333333333,9.5,15.5,17,0,1,0,0,3.0,0.0,3.0,0.0,2.0,1.0,4.0,0.0,1.0,1.0,2.0,0.0,2.0,0.0,3.0,3.0,72.69,57.55,60.42,37.5,935799.0,47486.0,1,13402.0,391.0,1,0,,,0
2020-11-29,6,Sunday,0,0,0,,,1399,9,9,1399-09-09,Azar,0,0,0,26,0,0,0,24,8.450000000000001,6.1,10.6,88.79166666666667,5.6,5.6,0.0,89.04166666666667,6.045833333333333,10.2,22.3,14,0,1,0,0,3.0,0.0,3.0,0.0,2.0,1.0,4.0,0.0,1.0,1.0,2.0,0.0,2.0,0.0,3.0,3.0,72.69,57.55,60.42,37.5,948749.0,47874.0,1,12950.0,388.0,1,0,,,0
2020-11-30,0,Monday,0,0,0,,,1399,9,10,1399-09-10,Azar,0,0,0,27,0,0,0,24,7.545833333333333,2.3,13.4,82.45833333333333,1.1,1.1,0.0,37.375,4.6875,7.0,19.8,2,0,1,0,0,3.0,0.0,3.0,0.0,2.0,1.0,4.0,0.0,1.0,1.0,2.0,0.0,2.0,0.0,3.0,3.0,72.69,57.55,60.42,37.5,962070.0,48246.0,1,13321.0,372.0,1,0,,,0
2020-12-01,1,Tuesday,0,0,0,,,1399,9,11,1399-09-11,Azar,0,0,0,28,0,0,0,24,7.05,0.9,13.1,79.54166666666667,2.3,2.3,0.0,51.208333333333336,4.170833333333333,8.5,18.4,4,0,1,0,0,3.0,0.0,3.0,0.0,2.0,1.0,4.0,0.0,1.0,1.0,2.0,0.0,2.0,0.0,3.0,3.0,72.69,57.55,60.42,37.5,975951.0,48628.0,1,13881.0,382.0,1,0,,,0
2020-12-02,2,Wednesday,0,0,0,,,1399,9,12,1399-09-12,Azar,0,0,0,29,0,0,0,24,9.308333333333334,5.1,13.0,82.79166666666667,0.5,0.5,0.0,44.083333333333336,3.7083333333333335,7.1,15.1,2,0,1,0,0,3.0,0.0,3.0,0.0,2.0,1.0,4.0,0.0,1.0,1.0,2.0,0.0,2.0,0.0,3.0,3.0,72.69,57.55,60.42,37.5,989572.0,48990.0,1,13621.0,362.0,1,0,,,0
2020-12-03,3,Thursday,0,1,0,,,1399,9,13,1399-09-13,Azar,0,0,0,30,0,0,0,24,9.4125,5.9,14.7,83.125,0.0,0.0,0.0,44.0,3.4333333333333336,6.6,14.4,0,0,0,0,0,3.0,0.0,3.0,0.0,2.0,1.0,4.0,0.0,1.0,1.0,2.0,0.0,2.0,0.0,3.0,3.0,72.69,57.55,60.42,37.5,1003494.0,49348.0,1,13922.0,358.0,1,0,,,0
2020-12-04,4,Friday,1,0,0,,,1399,9,14,1399-09-14,Azar,0,0,0,31,0,0,1,24,7.6375,4.8,12.2,85.16666666666667,0.2,0.2,0.0,67.16666666666667,4.754166666666666,8.4,18.0,2,0,1,0,0,3.0,0.0,3.0,0.0,2.0,1.0,4.0,0.0,1.0,1.0,2.0,0.0,2.0,0.0,3.0,3.0,72.69,57.55,60.42,37.5,1016835.0,49695.0,1,13341.0,347.0,1,0,,,0
2020-12-05,5,Saturday,0,0,0,,,1399,9,15,1399-09-15,Azar,0,0,0,32,0,0,0,24,7.420833333333333,3.7,11.7,83.625,0.0,0.0,0.0,88.70833333333333,3.4625,6.2,14.4,0,0,0,0,0,3.0,0.0,3.0,0.0,2.0,1.0,4.0,0.0,1.0,1.0,2.0,0.0,2.0,0.0,3.0,3.0,72.69,57.55,60.42,37.5,1028986.0,50016.0,1,12151.0,321.0,1,0,,,0
2020-12-06,6,Sunday,0,0,0,,,1399,9,16,1399-09-16,Azar,0,0,0,33,0,0,0,24,6.425,4.5,7.8,89.20833333333333,5.5,5.5,0.0,88.125,10.058333333333334,20.1,38.9,12,0,1,0,0,3.0,0.0,3.0,0.0,2.0,1.0,4.0,0.0,1.0,1.0,2.0,0.0,2.0,0.0,3.0,3.0,72.69,57.55,60.42,37.5,1040547.0,50310.0,1,11561.0,294.0,1,0,,,0
2020-12-07,0,Monday,0,0,0,,,1399,9,17,1399-09-17,Azar,0,0,0,34,0,0,0,24,6.5,4.5,9.7,76.625,0.0,0.0,0.0,78.5,4.779166666666667,7.0,15.5,0,0,0,0,0,3.0,0.0,3.0,0.0,2.0,1.0,4.0,0.0,1.0,1.0,2.0,0.0,2.0,0.0,3.0,3.0,72.69,57.55,60.42,37.5,1051374.0,50594.0,1,10827.0,284.0,1,0,,,0
2020-12-08,1,Tuesday,0,0,0,,,1399,9,18,1399-09-18,Azar,0,0,0,35,0,0,0,24,5.3125,2.4,8.1,83.04166666666667,0.0,0.0,0.0,53.208333333333336,6.179166666666667,9.9,22.0,0,0,0,0,0,3.0,0.0,3.0,0.0,2.0,1.0,4.0,0.0,1.0,1.0,2.0,0.0,2.0,0.0,3.0,3.0,72.69,57.55,60.42,37.5,1062397.0,50917.0,1,11023.0,323.0,1,0,,,0
2020-12-09,2,Wednesday,0,0,0,,,1399,9,19,1399-09-19,Azar,0,0,0,36,0,0,0,24,3.9958333333333336,0.2,9.3,81.83333333333333,0.0,0.0,0.0,1.5,3.1875,5.4,13.3,0,0,0,0,0,3.0,0.0,3.0,0.0,2.0,1.0,4.0,0.0,1.0,1.0,2.0,0.0,2.0,0.0,3.0,3.0,72.69,57.55,60.42,37.5,1072620.0,51212.0,1,10223.0,295.0,1,0,,,0
2020-12-10,3,Thursday,0,1,0,,,1399,9,20,1399-09-20,Azar,0,0,0,37,0,0,0,24,3.404166666666667,-1.5,9.2,83.95833333333333,0.0,0.0,0.0,21.625,3.5541666666666667,7.1,17.3,0,0,0,0,1,3.0,0.0,3.0,0.0,2.0,1.0,4.0,0.0,1.0,1.0,2.0,0.0,2.0,0.0,3.0,3.0,72.69,57.55,60.42,37.5,1083023.0,51496.0,1,10403.0,284.0,1,0,,,0
2020-12-11,4,Friday,1,0,0,,,1399,9,21,1399-09-21,Azar,0,0,0,36,0,0,1,24,3.6875,-0.2,8.6,83.16666666666667,0.0,0.0,0.0,50.791666666666664,4.254166666666666,8.2,15.1,0,0,0,0,1,3.0,0.0,3.0,0.0,2.0,1.0,4.0,0.0,1.0,1.0,2.0,0.0,2.0,0.0,3.0,3.0,72.69,57.55,60.42,37.5,1092407.0,51727.0,1,9384.0,231.0,1,0,,,0
2020-12-12,5,Saturday,0,0,0,,,1399,9,22,1399-09-22,Azar,0,0,0,35,0,0,0,24,3.8541666666666665,-0.9,10.3,74.45833333333333,0.0,0.0,0.0,2.5416666666666665,4.133333333333334,8.7,13.7,0,0,0,0,1,3.0,0.0,3.0,0.0,2.0,1.0,4.0,0.0,1.0,1.0,2.0,0.0,2.0,0.0,3.0,3.0,72.69,57.55,60.42,37.5,1100818.0,51949.0,1,8411.0,222.0,1,0,,,0
2020-12-13,6,Sunday,0,0,0,,,1399,9,23,1399-09-23,Azar,0,0,0,34,0,0,0,24,2.891666666666667,-2.2,9.8,77.79166666666667,0.0,0.0,0.0,0.8333333333333334,3.204166666666667,6.4,14.0,0,0,0,0,1,3.0,0.0,3.0,0.0,2.0,1.0,4.0,0.0,1.0,1.0,2.0,0.0,2.0,0.0,3.0,3.0,72.69,57.55,60.42,37.5,1108269.0,52196.0,1,7451.0,247.0,1,0,,,0
2020-12-14,0,Monday,0,0,0,,,1399,9,24,1399-09-24,Azar,0,0,0,33,0,0,0,24,3.6750000000000003,-1.7,10.8,75.16666666666667,0.0,0.0,0.0,0.0,3.1833333333333336,7.4,13.3,0,0,0,0,1,3.0,0.0,3.0,0.0,2.0,1.0,4.0,0.0,1.0,1.0,2.0,0.0,2.0,0.0,3.0,3.0,72.69,57.55,60.42,37.5,1115770.0,52447.0,1,7501.0,251.0,1,0,,,0
2020-12-15,1,Tuesday,0,0,0,,,1399,9,25,1399-09-25,Azar,0,0,0,32,0,0,0,24,5.1,-0.2,13.0,73.66666666666667,0.0,0.0,0.0,1.8333333333333333,4.1875,9.4,16.2,0,0,0,0,1,3.0,0.0,3.0,0.0,2.0,1.0,4.0,0.0,1.0,1.0,2.0,0.0,2.0,0.0,3.0,3.0,72.69,57.55,60.42,37.5,1123474.0,52670.0,1,7704.0,223.0,1,0,,,0
2020-12-16,2,Wednesday,0,0,0,,,1399,9,26,1399-09-26,Azar,0,0,0,31,0,0,0,24,5.941666666666666,-0.4,11.2,67.875,0.0,0.0,0.0,48.083333333333336,5.008333333333334,8.4,19.4,0,0,0,0,1,3.0,0.0,3.0,0.0,2.0,1.0,4.0,0.0,1.0,1.0,2.0,0.0,2.0,0.0,3.0,3.0,72.69,57.55,60.42,37.5,1131077.0,52883.0,1,7603.0,213.0,1,0,,,0
2020-12-17,3,Thursday,0,1,0,,,1399,9,27,1399-09-27,Azar,0,0,0,30,0,0,0,24,5.229166666666667,1.6,8.7,78.125,4.2,4.2,0.0,55.583333333333336,5.1125,8.4,20.5,9,0,1,0,0,3.0,0.0,3.0,0.0,2.0,1.0,4.0,0.0,1.0,1.0,2.0,0.0,2.0,0.0,3.0,3.0,72.69,57.55,60.42,37.5,1138530.0,53095.0,1,7453.0,212.0,1,0,,,0
2020-12-18,4,Friday,1,0,0,,,1399,9,28,1399-09-28,Azar,0,0,0,29,0,0,1,24,5.383333333333333,2.1,9.6,88.20833333333333,0.30000000000000004,0.30000000000000004,0.0,68.375,4.370833333333334,7.4,14.8,2,0,1,0,0,3.0,0.0,3.0,0.0,2.0,1.0,4.0,0.0,1.0,1.0,2.0,0.0,2.0,0.0,3.0,3.0,72.69,57.55,60.42,37.5,1145651.0,53273.0,1,7121.0,178.0,1,0,,,0
2020-12-19,5,Saturday,0,0,0,,,1399,9,29,1399-09-29,Azar,0,0,0,28,0,0,0,24,4.704166666666667,1.2,8.3,84.75,0.1,0.1,0.0,42.5,4.604166666666667,6.8,17.3,1,0,1,0,0,3.0,0.0,3.0,0.0,2.0,1.0,4.0,0.0,1.0,1.0,2.0,0.0,2.0,0.0,3.0,3.0,72.69,57.55,60.42,37.5,1152072.0,53448.0,1,6421.0,175.0,1,0,,,0
2020-12-20,6,Sunday,0,0,0,,,1399,9,30,1399-09-30,Azar,0,0,0,27,0,0,0,24,4.566666666666667,1.8,9.1,76.95833333333333,0.0,0.0,0.0,50.625,4.929166666666666,8.0,16.2,0,0,0,0,0,3.0,0.0,3.0,0.0,2.0,1.0,4.0,0.0,1.0,1.0,2.0,0.0,2.0,0.0,3.0,3.0,72.69,57.55,60.42,37.5,1158384.0,53625.0,1,6312.0,177.0,1,0,,,0
2020-12-21,0,Monday,0,0,0,,,1399,10,1,1399-10-01,Dey,0,0,0,26,0,0,0,24,3.029166666666667,-1.3,9.0,77.04166666666667,0.0,0.0,0.0,0.0,2.625,5.2,11.5,0,0,0,0,1,3.0,0.0,3.0,0.0,2.0,1.0,4.0,0.0,1.0,1.0,2.0,0.0,2.0,0.0,3.0,3.0,72.69,57.55,60.42,37.5,1164535.0,53816.0,1,6151.0,191.0,1,0,,,0
2020-12-22,1,Tuesday,0,0,0,,,1399,10,2,1399-10-02,Dey,0,0,0,25,0,0,0,24,2.783333333333333,-1.9,9.5,76.5,0.0,0.0,0.0,1.5416666666666667,2.5625,4.5,14.0,0,0,0,0,1,3.0,0.0,3.0,0.0,2.0,1.0,4.0,0.0,1.0,1.0,2.0,0.0,2.0,0.0,3.0,3.0,72.69,57.55,60.42,37.5,1170743.0,54003.0,1,6208.0,187.0,1,0,,,0
2020-12-23,2,Wednesday,0,0,0,,,1399,10,3,1399-10-03,Dey,0,0,0,24,0,0,0,24,3.954166666666667,-1.9,10.1,70.83333333333333,0.2,0.2,0.0,44.166666666666664,3.7291666666666665,8.1,24.5,1,0,1,0,1,3.0,0.0,3.0,0.0,2.0,1.0,4.0,0.0,1.0,1.0,2.0,0.0,2.0,0.0,3.0,3.0,72.69,57.55,60.42,37.5,1177004.0,54156.0,1,6261.0,153.0,1,0,,,0
2020-12-24,3,Thursday,0,1,0,,,1399,10,4,1399-10-04,Dey,0,0,0,23,0,0,0,24,6.445833333333333,3.2,11.8,64.45833333333333,0.1,0.1,0.0,34.041666666666664,6.791666666666667,15.0,38.9,1,0,1,0,0,3.0,0.0,3.0,0.0,2.0,1.0,4.0,0.0,1.0,1.0,2.0,0.0,2.0,0.0,3.0,3.0,72.69,57.55,60.42,37.5,1183182.0,54308.0,1,6178.0,152.0,1,0,,,0
2020-12-25,4,Friday,1,0,0,,,1399,10,5,1399-10-05,Dey,0,0,0,22,0,0,1,24,2.2958333333333334,-2.2,6.2,49.458333333333336,0.0,0.0,0.0,3.0,10.658333333333333,24.9,45.7,0,0,0,0,1,3.0,0.0,3.0,0.0,2.0,1.0,4.0,0.0,1.0,1.0,2.0,0.0,2.0,0.0,3.0,3.0,72.69,57.55,60.42,37.5,1189203.0,54440.0,1,6021.0,132.0,1,0,,,0
2020-12-26,5,Saturday,0,0,0,,,1399,10,6,1399-10-06,Dey,0,0,0,21,0,0,0,24,-0.5625,-5.2,5.3,44.708333333333336,0.0,0.0,0.0,0.0,5.483333333333333,9.4,18.7,0,0,0,0,1,3.0,0.0,3.0,0.0,2.0,1.0,4.0,0.0,1.0,1.0,2.0,0.0,2.0,0.0,3.0,3.0,72.69,57.55,60.42,37.5,1194963.0,54574.0,1,5760.0,134.0,1,0,,,0
2020-12-27,6,Sunday,0,0,0,,,1399,10,7,1399-10-07,Dey,0,0,0,20,0,0,0,24,-0.7541666666666668,-6.1,5.9,46.791666666666664,0.0,0.0,0.0,44.041666666666664,2.4625,6.1,11.9,0,0,0,0,1,3.0,0.0,3.0,0.0,2.0,1.0,4.0,0.0,1.0,1.0,2.0,0.0,2.0,0.0,3.0,3.0,72.69,57.55,60.42,37.5,1200465.0,54693.0,1,5502.0,119.0,1,0,,,0
2020-12-28,0,Monday,0,0,0,,,1399,10,8,1399-10-08,Dey,0,0,0,19,0,0,0,24,2.2291666666666665,-1.1,7.0,58.291666666666664,0.0,0.0,0.0,74.91666666666667,2.3874999999999997,4.7,10.1,0,0,0,0,1,3.0,0.0,3.0,0.0,2.0,1.0,4.0,0.0,1.0,1.0,2.0,0.0,2.0,0.0,3.0,3.0,72.69,57.55,60.42,37.5,1206373.0,54814.0,1,5908.0,121.0,1,0,,,0
2020-12-29,1,Tuesday,0,0,0,,,1399,10,9,1399-10-09,Dey,0,0,0,18,0,0,0,24,2.9166666666666665,-3.5,10.2,68.75,0.0,0.0,0.0,46.583333333333336,3.2458333333333336,7.8,13.0,0,0,0,0,1,3.0,0.0,3.0,0.0,2.0,1.0,4.0,0.0,1.0,1.0,2.0,0.0,2.0,0.0,3.0,3.0,72.69,57.55,60.42,37.5,1212481.0,54946.0,1,6108.0,132.0,1,0,,,0
2020-12-30,2,Wednesday,0,0,0,,,1399,10,10,1399-10-10,Dey,0,0,0,17,0,0,0,24,3.8041666666666667,-2.5,11.6,65.16666666666667,0.0,0.0,0.0,1.5416666666666667,3.154166666666667,6.8,11.9,0,0,0,0,1,3.0,0.0,3.0,0.0,2.0,1.0,4.0,0.0,1.0,1.0,2.0,0.0,2.0,0.0,3.0,3.0,72.69,57.55,60.42,37.5,1218753.0,55095.0,1,6272.0,149.0,1,0,,,0
2020-12-31,3,Thursday,0,1,0,,,1399,10,11,1399-10-11,Dey,0,0,0,16,0,0,0,24,3.6333333333333333,-2.9,11.6,67.20833333333333,0.0,0.0,0.0,7.833333333333333,2.533333333333333,4.4,13.0,0,0,0,0,1,3.0,0.0,3.0,0.0,2.0,1.0,4.0,0.0,1.0,1.0,2.0,0.0,2.0,0.0,3.0,3.0,72.69,57.55,60.42,37.5,1225142.0,55223.0,1,6389.0,128.0,1,0,,,0
2021-01-01,4,Friday,1,0,0,,,1399,10,12,1399-10-12,Dey,0,0,0,15,0,0,1,24,2.8249999999999997,-4.1,10.9,64.375,0.0,0.0,0.0,3.125,3.15,6.8,15.1,0,0,0,0,1,3.0,0.0,3.0,0.0,2.0,1.0,4.0,0.0,1.0,1.0,2.0,0.0,2.0,0.0,3.0,3.0,72.69,57.55,60.42,37.5,1231429.0,55337.0,1,6287.0,114.0,1,0,,,0
2021-01-02,5,Saturday,0,0,0,,,1399,10,13,1399-10-13,Dey,0,0,0,14,0,0,0,24,2.5208333333333335,-3.4,11.4,61.041666666666664,0.0,0.0,0.0,0.0,2.9583333333333335,4.8,13.7,0,0,0,0,1,3.0,0.0,3.0,0.0,2.0,1.0,4.0,0.0,1.0,1.0,2.0,0.0,2.0,0.0,3.0,3.0,72.69,57.55,60.42,37.5,1237474.0,55438.0,1,6045.0,101.0,1,0,,,0
2021-01-03,6,Sunday,0,0,0,,,1399,10,14,1399-10-14,Dey,0,0,0,13,0,0,0,24,2.4,-4.4,11.4,57.416666666666664,0.0,0.0,0.0,0.3333333333333333,2.829166666666667,5.1,12.6,0,0,0,0,1,3.0,0.0,3.0,0.0,2.0,1.0,4.0,0.0,1.0,1.0,2.0,0.0,2.0,0.0,3.0,3.0,72.69,57.55,60.42,37.5,1243434.0,55540.0,1,5960.0,102.0,1,0,,,0
2021-01-04,0,Monday,0,0,0,,,1399,10,15,1399-10-15,Dey,0,0,0,12,0,0,0,24,1.2666666666666668,-5.8,9.9,58.208333333333336,0.0,0.0,0.0,62.458333333333336,4.166666666666667,9.7,14.4,0,0,0,0,1,3.0,0.0,3.0,0.0,2.0,1.0,4.0,0.0,1.0,1.0,2.0,0.0,2.0,0.0,3.0,3.0,72.69,57.55,60.42,37.5,1249507.0,55650.0,1,6073.0,110.0,1,0,,,0
2021-01-05,1,Tuesday,0,0,0,,,1399,10,16,1399-10-16,Dey,0,0,0,11,0,0,0,24,0.5416666666666666,-5.8,8.0,62.833333333333336,0.0,0.0,0.0,0.25,2.9458333333333333,4.4,14.0,0,0,0,0,1,3.0,0.0,3.0,0.0,2.0,1.0,4.0,0.0,1.0,1.0,2.0,0.0,2.0,0.0,3.0,3.0,72.69,57.55,60.42,37.5,1255620.0,55748.0,1,6113.0,98.0,1,0,,,0
2021-01-06,2,Wednesday,0,0,0,,,1399,10,17,1399-10-17,Dey,0,0,0,10,0,0,0,24,0.18333333333333335,-6.3,8.1,61.583333333333336,0.0,0.0,0.0,1.2083333333333333,2.4125,4.7,14.0,0,0,0,0,1,3.0,0.0,3.0,0.0,2.0,1.0,4.0,0.0,1.0,1.0,2.0,0.0,2.0,0.0,3.0,3.0,72.69,57.55,60.42,37.5,1261903.0,55830.0,1,6283.0,82.0,1,0,,,0
2021-01-07,3,Thursday,0,1,0,,,1399,10,18,1399-10-18,Dey,0,0,0,9,0,0,0,24,0.08750000000000002,-6.0,8.3,49.583333333333336,0.0,0.0,0.0,17.75,2.7875,4.5,14.0,0,0,0,0,1,3.0,0.0,3.0,0.0,2.0,1.0,4.0,0.0,1.0,1.0,2.0,0.0,2.0,0.0,3.0,3.0,72.69,57.55,60.42,37.5,1268263.0,55933.0,1,6360.0,103.0,1,0,,,0
2021-01-08,4,Friday,1,0,0,,,1399,10,19,1399-10-19,Dey,0,0,0,8,0,0,1,24,-0.09166666666666663,-6.0,8.5,40.166666666666664,0.0,0.0,0.0,19.333333333333332,3.125,6.1,11.9,0,0,0,0,1,3.0,0.0,3.0,0.0,2.0,1.0,4.0,0.0,1.0,1.0,2.0,0.0,2.0,0.0,3.0,3.0,72.69,57.55,60.42,37.5,1274514.0,56018.0,1,6251.0,85.0,1,0,,,0
2021-01-09,5,Saturday,0,0,0,,,1399,10,20,1399-10-20,Dey,0,0,0,7,0,0,0,24,-0.49166666666666653,-7.3,8.9,37.25,0.0,0.0,0.0,0.0,3.454166666666667,6.6,12.6,0,0,0,0,1,3.0,0.0,3.0,0.0,2.0,1.0,4.0,0.0,1.0,1.0,2.0,0.0,2.0,0.0,3.0,3.0,72.69,57.55,60.42,37.5,1280438.0,56100.0,1,5924.0,82.0,1,0,,,0
2021-01-10,6,Sunday,0,0,0,,,1399,10,21,1399-10-21,Dey,0,0,0,6,0,0,0,24,0.03750000000000001,-7.8,9.6,34.583333333333336,0.0,0.0,0.0,0.0,3.3666666666666667,4.9,12.2,0,0,0,0,1,3.0,0.0,3.0,0.0,2.0,1.0,4.0,0.0,1.0,1.0,2.0,0.0,2.0,0.0,3.0,3.0,72.69,57.55,60.42,37.5,1286406.0,56171.0,1,5968.0,71.0,1,0,,,0
2021-01-11,0,Monday,0,0,0,,,1399,10,22,1399-10-22,Dey,0,0,0,5,0,0,0,24,0.8458333333333333,-8.0,11.1,31.5,0.0,0.0,0.0,0.0,2.783333333333333,5.4,12.6,0,0,0,0,1,3.0,0.0,3.0,0.0,2.0,1.0,4.0,0.0,1.0,1.0,2.0,0.0,2.0,0.0,3.0,3.0,72.69,57.55,60.42,37.5,1292614.0,56262.0,1,6208.0,91.0,1,0,,,0
2021-01-12,1,Tuesday,0,0,0,,,1399,10,23,1399-10-23,Dey,0,0,0,4,0,0,0,24,1.9208333333333334,-6.7,12.7,25.708333333333332,0.0,0.0,0.0,0.0,3.345833333333333,6.6,11.2,0,0,0,0,1,3.0,0.0,3.0,0.0,2.0,1.0,4.0,0.0,1.0,1.0,2.0,0.0,2.0,0.0,3.0,3.0,78.24,60.68,63.99,37.5,1299022.0,56360.0,1,6408.0,98.0,1,0,,,0
2021-01-13,2,Wednesday,0,0,0,,,1399,10,24,1399-10-24,Dey,0,0,0,3,0,0,0,24,2.8375,-6.2,13.1,22.625,0.0,0.0,0.0,0.0,3.25,6.0,11.9,0,0,0,0,1,3.0,0.0,3.0,0.0,2.0,1.0,4.0,0.0,1.0,1.0,2.0,0.0,2.0,0.0,3.0,3.0,78.24,60.68,63.99,37.5,1305339.0,56457.0,1,6317.0,97.0,1,0,,,0
2021-01-14,3,Thursday,0,1,0,,,1399,10,25,1399-10-25,Dey,0,0,0,2,0,0,0,24,3.3208333333333333,-5.9,12.1,20.416666666666668,0.0,0.0,0.0,34.75,3.841666666666667,7.9,16.6,0,0,0,0,1,3.0,0.0,3.0,0.0,2.0,1.0,4.0,0.0,1.0,1.0,2.0,0.0,2.0,0.0,3.0,3.0,78.24,60.68,63.99,37.5,1311810.0,56538.0,1,6471.0,81.0,1,0,,,0
2021-01-15,4,Friday,1,0,0,,,1399,10,26,1399-10-26,Dey,0,0,0,1,1,0,1,24,6.8125,-1.8,15.8,18.291666666666668,0.0,0.0,0.0,14.0,4.958333333333333,9.9,21.6,0,0,0,0,1,3.0,0.0,3.0,0.0,2.0,1.0,4.0,0.0,1.0,1.0,2.0,0.0,2.0,0.0,3.0,3.0,78.24,60.68,63.99,37.5,1318295.0,56621.0,1,6485.0,83.0,1,0,,,0
2021-01-16,5,Saturday,0,0,1,Martyrdom of Fatima (estimated),(تخمین زده) کشته‌شدن فاطمه زهرا,1399,10,27,1399-10-27,Dey,0,0,0,0,0,0,1,24,6.533333333333334,-2.1,15.4,34.083333333333336,0.0,0.0,0.0,1.2083333333333333,4.154166666666667,10.5,16.2,0,0,0,0,1,3.0,0.0,3.0,0.0,2.0,1.0,4.0,0.0,1.0,1.0,2.0,0.0,2.0,0.0,3.0,3.0,78.24,60.68,63.99,37.5,1324395.0,56717.0,1,6100.0,96.0,1,0,,,0
2021-01-17,6,Sunday,0,0,0,,,1399,10,28,1399-10-28,Dey,0,0,0,1,0,1,0,24,6.483333333333333,-0.3,13.7,49.708333333333336,0.0,0.0,0.0,40.5,6.170833333333333,10.1,27.0,0,0,0,0,1,3.0,0.0,3.0,0.0,2.0,1.0,4.0,0.0,1.0,1.0,2.0,0.0,2.0,0.0,3.0,3.0,78.24,60.68,63.99,37.5,1330411.0,56803.0,1,6016.0,86.0,1,0,,,0
2021-01-18,0,Monday,0,0,0,,,1399,10,29,1399-10-29,Dey,0,0,0,2,0,0,0,24,7.7250000000000005,1.7,15.8,42.666666666666664,0.0,0.0,0.0,34.666666666666664,8.308333333333334,23.2,43.2,0,0,0,0,0,3.0,0.0,3.0,0.0,2.0,1.0,4.0,0.0,1.0,1.0,2.0,0.0,2.0,0.0,3.0,3.0,78.24,60.68,63.99,37.5,1336217.0,56886.0,1,5806.0,83.0,1,0,,,0
2021-01-19,1,Tuesday,0,0,0,,,1399,10,30,1399-10-30,Dey,0,0,0,3,0,0,0,24,5.175,-2.6,13.5,41.875,0.0,0.0,0.0,20.208333333333332,6.7,10.0,20.5,0,0,0,0,1,3.0,0.0,3.0,0.0,2.0,1.0,4.0,0.0,1.0,1.0,2.0,0.0,2.0,0.0,3.0,3.0,78.24,60.68,63.99,37.5,1342134.0,56973.0,1,5917.0,87.0,1,0,,,0
2021-01-20,2,Wednesday,0,0,0,,,1399,11,1,1399-11-01,Bahman,0,0,0,4,0,0,0,24,6.8500000000000005,-1.5,15.7,26.583333333333332,0.0,0.0,0.0,46.875,6.645833333333333,13.0,33.5,0,0,0,0,1,3.0,0.0,3.0,0.0,2.0,1.0,4.0,0.0,1.0,1.0,2.0,0.0,2.0,0.0,3.0,3.0,78.24,60.68,63.99,37.5,1348316.0,57057.0,1,6182.0,84.0,1,0,,,0
2021-01-21,3,Thursday,0,1,0,,,1399,11,2,1399-11-02,Bahman,0,0,0,5,0,0,0,24,6.3125,-1.6,10.1,30.458333333333332,0.0,0.0,0.0,4.791666666666667,15.666666666666666,24.6,47.5,0,0,0,0,1,3.0,0.0,3.0,0.0,2.0,1.0,4.0,0.0,1.0,1.0,2.0,0.0,2.0,0.0,3.0,3.0,78.24,60.68,63.99,37.5,1354520.0,57150.0,1,6204.0,93.0,1,0,,,0
2021-01-22,4,Friday,1,0,0,,,1399,11,3,1399-11-03,Bahman,0,0,0,6,0,0,1,24,-0.2791666666666666,-5.5,5.9,39.041666666666664,0.0,0.0,0.0,1.0833333333333333,6.175,8.8,20.9,0,0,0,0,1,3.0,0.0,3.0,0.0,2.0,1.0,4.0,0.0,1.0,1.0,2.0,0.0,2.0,0.0,3.0,3.0,78.24,60.68,63.99,37.5,1360852.0,57225.0,1,6332.0,75.0,1,0,,,0
2021-01-23,5,Saturday,0,0,0,,,1399,11,4,1399-11-04,Bahman,0,0,0,7,0,0,0,24,-0.4750000000000001,-6.1,6.7,35.333333333333336,0.0,0.0,0.0,0.0,3.8625000000000003,8.0,20.5,0,0,0,0,1,3.0,0.0,3.0,0.0,2.0,1.0,4.0,0.0,1.0,1.0,2.0,0.0,2.0,0.0,3.0,3.0,78.24,60.68,63.99,37.5,1367032.0,57294.0,1,6180.0,69.0,1,0,,,0
2021-01-24,6,Sunday,0,0,0,,,1399,11,5,1399-11-05,Bahman,0,0,0,8,0,0,0,24,1.6541666666666668,-5.6,10.5,30.0,0.0,0.0,0.0,0.0,2.5833333333333335,6.4,13.0,0,0,0,0,1,3.0,0.0,3.0,0.0,2.0,1.0,4.0,0.0,1.0,1.0,2.0,0.0,2.0,0.0,3.0,3.0,78.24,60.68,63.99,37.5,1372977.0,57383.0,1,5945.0,89.0,1,0,,,0
2021-01-25,0,Monday,0,0,0,,,1399,11,6,1399-11-06,Bahman,0,0,0,9,0,0,0,24,3.279166666666667,-4.9,12.5,24.583333333333332,0.0,0.0,0.0,0.0,2.7708333333333335,4.7,14.4,0,0,0,0,1,3.0,0.0,3.0,0.0,2.0,1.0,4.0,0.0,1.0,1.0,2.0,0.0,2.0,0.0,3.0,3.0,78.24,60.68,63.99,37.5,1379286.0,57481.0,1,6309.0,98.0,1,0,,,0
2021-01-26,1,Tuesday,0,0,0,,,1399,11,7,1399-11-07,Bahman,0,0,0,10,0,0,0,24,3.983333333333333,-5.4,14.6,15.375,0.0,0.0,0.0,0.0,4.733333333333333,10.0,15.1,0,0,0,0,1,3.0,1.0,3.0,0.0,2.0,1.0,4.0,0.0,1.0,1.0,2.0,0.0,2.0,0.0,3.0,3.0,80.09,61.72,65.18,37.5,1385706.0,57560.0,1,6420.0,79.0,1,0,,,0
2021-01-27,2,Wednesday,0,0,0,,,1399,11,8,1399-11-08,Bahman,0,0,0,11,0,0,0,24,3.941666666666667,-4.5,14.6,19.458333333333332,0.0,0.0,0.0,4.833333333333333,5.916666666666667,9.9,16.2,0,0,0,0,1,3.0,1.0,3.0,0.0,2.0,1.0,4.0,0.0,1.0,1.0,2.0,0.0,2.0,0.0,3.0,3.0,80.09,61.72,65.18,37.5,1392314.0,57651.0,1,6608.0,91.0,1,0,,,0
2021-01-28,3,Thursday,0,1,0,,,1399,11,9,1399-11-09,Bahman,0,0,0,12,0,0,0,24,5.8625,-3.2,15.8,16.208333333333332,0.0,0.0,0.0,63.291666666666664,5.033333333333333,8.4,19.1,0,0,0,0,1,3.0,1.0,3.0,0.0,2.0,1.0,4.0,0.0,1.0,1.0,2.0,0.0,2.0,0.0,3.0,3.0,80.09,61.72,65.18,37.5,1398841.0,57736.0,1,6527.0,85.0,1,0,,,0
2021-01-29,4,Friday,1,0,0,,,1399,11,10,1399-11-10,Bahman,0,0,0,13,0,0,1,24,8.720833333333333,1.5,16.8,27.791666666666668,0.0,0.0,0.0,15.916666666666666,5.854166666666667,12.7,31.7,0,0,0,0,0,3.0,1.0,3.0,0.0,2.0,1.0,4.0,0.0,1.0,1.0,2.0,0.0,2.0,0.0,3.0,3.0,80.09,61.72,65.18,37.5,1405414.0,57807.0,1,6573.0,71.0,1,0,,,0
2021-01-30,5,Saturday,0,0,0,,,1399,11,11,1399-11-11,Bahman,0,0,0,14,0,0,0,24,9.1625,3.7,15.2,40.416666666666664,0.0,0.0,0.0,12.291666666666666,15.7875,32.0,63.0,0,0,0,0,0,3.0,1.0,3.0,0.0,2.0,1.0,4.0,0.0,1.0,1.0,2.0,0.0,2.0,0.0,3.0,3.0,80.09,61.72,65.18,37.5,1411731.0,57889.0,1,6317.0,82.0,1,0,,,0
2021-01-31,6,Sunday,0,0,0,,,1399,11,12,1399-11-12,Bahman,0,0,0,15,0,0,0,24,5.820833333333333,-1.9,15.5,35.041666666666664,0.0,0.0,0.0,3.5833333333333335,6.2875000000000005,11.7,18.0,0,0,0,0,1,3.0,1.0,3.0,0.0,2.0,1.0,4.0,0.0,1.0,1.0,2.0,0.0,2.0,0.0,3.0,3.0,80.09,61.72,65.18,37.5,1417999.0,57959.0,1,6268.0,70.0,1,0,,,0
